transaction_id,user_id,amount,transaction_type_ATM,transaction_type_Online,transaction_type_POS,transaction_type_QR,merchant_category_Clothing,merchant_category_Electronics,merchant_category_Food,merchant_category_Grocery,merchant_category_Travel,country_DE,country_FR,country_NG,country_TR,country_UK,country_US,hour,device_risk_score,ip_risk_score,is_fraud
9608,363,4922,1,0,0,0,0,0,0,0,1,0,0,0,1,0,0,12,99,94,1
456,692,48,0,0,0,1,0,0,1,0,0,0,0,0,0,0,1,21,16,22,0
4747,587,136,0,1,0,0,0,0,0,0,1,0,0,0,1,0,0,14,29,12,0
6934,445,80,0,0,1,0,1,0,0,0,0,0,0,0,1,0,0,23,12,15,0
1646,729,120,0,1,0,0,0,0,0,1,0,0,1,0,0,0,0,16,9,2,0
2183,944,97,0,0,1,0,1,0,0,0,0,1,0,0,0,0,0,17,23,10,0
1919,829,166,0,1,0,0,0,0,0,0,1,0,0,0,0,1,0,12,11,22,0
3479,845,96,0,1,0,0,0,0,0,1,0,0,0,0,0,0,1,7,8,3,0
6796,129,83,0,0,0,1,0,0,1,0,0,1,0,0,0,0,0,16,2,27,0
5129,249,89,0,0,0,1,0,0,0,1,0,0,0,0,0,1,0,6,9,13,0
7402,701,101,0,0,0,1,0,0,0,0,1,0,1,0,0,0,0,7,16,29,0
6188,116,106,0,0,0,1,0,0,1,0,0,1,0,0,0,0,0,23,13,13,0
8538,679,55,0,1,0,0,0,0,1,0,0,0,0,0,0,0,1,10,7,12,0
8410,559,99,0,1,0,0,0,0,1,0,0,1,0,0,0,0,0,10,8,1,0
8201,564,94,1,0,0,0,1,0,0,0,0,0,0,0,1,0,0,20,13,16,0
2187,336,133,0,0,1,0,0,0,1,0,0,0,0,0,0,1,0,19,8,28,0
5666,166,157,0,0,0,1,0,1,0,0,0,0,1,0,0,0,0,19,20,1,0
1419,288,202,0,0,0,1,0,0,0,1,0,0,0,0,1,0,0,23,15,8,0
6484,984,88,0,0,0,1,0,0,0,0,1,0,0,0,0,1,0,19,14,20,0
2480,137,115,0,1,0,0,0,0,1,0,0,0,1,0,0,0,0,14,20,6,0
2818,893,63,0,0,0,1,0,0,0,0,1,0,1,0,0,0,0,12,4,22,0
8826,620,113,1,0,0,0,1,0,0,0,0,0,0,0,1,0,0,9,14,3,0
8257,600,131,0,1,0,0,1,0,0,0,0,0,1,0,0,0,0,18,3,4,0
9933,121,4284,1,0,0,0,0,0,1,0,0,0,0,0,1,0,0,12,73,73,1
9035,358,76,0,0,1,0,0,0,0,1,0,0,0,0,1,0,0,7,9,18,0
7468,688,138,0,0,1,0,0,1,0,0,0,0,0,0,1,0,0,17,10,20,0
464,832,133,0,1,0,0,0,0,0,0,1,1,0,0,0,0,0,15,5,9,0
599,155,17,0,0,1,0,0,1,0,0,0,0,1,0,0,0,0,7,1,17,0
3094,200,1,0,0,1,0,0,0,1,0,0,0,0,0,0,0,1,9,10,18,0
8745,865,154,0,1,0,0,0,0,0,1,0,0,1,0,0,0,0,9,16,3,0
2730,375,103,1,0,0,0,0,0,0,1,0,0,0,0,0,0,1,17,20,14,0
4155,826,54,1,0,0,0,0,0,0,1,0,0,0,0,1,0,0,22,9,1,0
4298,847,91,0,0,0,1,0,0,1,0,0,0,0,0,1,0,0,18,26,13,0
9139,769,135,0,0,1,0,0,0,0,1,0,0,1,0,0,0,0,16,7,8,0
3983,271,64,0,0,1,0,0,0,0,1,0,0,0,0,1,0,0,16,1,24,0
8777,568,117,0,0,1,0,0,0,1,0,0,1,0,0,0,0,0,10,12,29,0
2140,719,174,0,1,0,0,1,0,0,0,0,0,1,0,0,0,0,6,16,21,0
3084,161,98,1,0,0,0,0,0,1,0,0,0,0,0,1,0,0,19,19,5,0
7706,557,101,0,0,1,0,0,0,1,0,0,0,0,0,1,0,0,15,7,16,0
7574,421,138,0,0,1,0,0,1,0,0,0,0,1,0,0,0,0,8,26,15,0
4233,561,118,1,0,0,0,0,0,0,0,1,0,1,0,0,0,0,15,1,5,0
3826,920,109,1,0,0,0,0,1,0,0,0,0,0,0,1,0,0,8,5,2,0
8966,430,140,0,0,1,0,0,0,0,1,0,0,0,0,0,0,1,9,1,10,0
5329,968,120,0,0,1,0,1,0,0,0,0,0,1,0,0,0,0,19,8,22,0
6819,927,50,0,0,1,0,0,0,0,0,1,0,0,0,1,0,0,12,28,21,0
1711,813,173,1,0,0,0,0,1,0,0,0,0,0,0,1,0,0,9,0,9,0
8484,879,53,0,0,1,0,0,1,0,0,0,0,1,0,0,0,0,19,26,9,0
7710,984,26,0,1,0,0,0,1,0,0,0,0,0,0,0,0,1,17,25,10,0
4048,798,79,1,0,0,0,0,0,1,0,0,0,0,0,0,0,1,8,1,14,0
4570,566,3,0,0,1,0,0,0,1,0,0,0,0,0,0,0,1,20,21,23,0
5474,94,123,0,1,0,0,0,0,1,0,0,0,0,0,0,1,0,12,21,5,0
4669,656,90,0,1,0,0,1,0,0,0,0,0,0,0,0,0,1,19,15,25,0
2459,900,49,0,0,0,1,0,1,0,0,0,1,0,0,0,0,0,10,26,6,0
8065,822,91,0,1,0,0,1,0,0,0,0,0,1,0,0,0,0,16,13,27,0
2577,71,127,0,0,0,1,1,0,0,0,0,0,0,0,0,1,0,15,21,12,0
3055,29,115,0,1,0,0,1,0,0,0,0,0,0,0,0,0,1,12,22,24,0
7148,370,159,0,1,0,0,0,1,0,0,0,1,0,0,0,0,0,15,18,27,0
7100,122,5,1,0,0,0,0,0,0,1,0,0,1,0,0,0,0,15,4,10,0
9046,904,139,0,1,0,0,0,0,0,0,1,1,0,0,0,0,0,18,3,16,0
6599,550,122,0,1,0,0,1,0,0,0,0,0,0,0,0,0,1,13,0,12,0
7821,289,165,0,1,0,0,0,1,0,0,0,0,0,0,0,1,0,18,7,22,0
4263,81,132,0,0,1,0,0,1,0,0,0,0,1,0,0,0,0,10,9,16,0
2421,851,47,0,0,1,0,0,1,0,0,0,0,1,0,0,0,0,22,16,5,0
9424,180,101,1,0,0,0,0,0,1,0,0,1,0,0,0,0,0,23,24,7,0
858,422,107,1,0,0,0,0,0,0,1,0,0,1,0,0,0,0,23,17,7,0
2617,886,91,0,0,0,1,0,0,0,1,0,0,0,0,1,0,0,16,23,26,0
6602,687,138,0,1,0,0,0,1,0,0,0,0,0,0,0,1,0,7,6,7,0
7364,864,103,0,0,1,0,0,0,0,1,0,1,0,0,0,0,0,14,11,20,0
8924,383,115,1,0,0,0,0,0,0,0,1,0,0,0,0,1,0,9,24,4,0
5516,236,108,1,0,0,0,1,0,0,0,0,0,0,0,1,0,0,17,0,6,0
430,644,101,1,0,0,0,0,0,0,0,1,0,1,0,0,0,0,6,2,16,0
780,963,124,0,1,0,0,0,0,0,0,1,0,1,0,0,0,0,10,5,5,0
3134,313,136,1,0,0,0,1,0,0,0,0,0,1,0,0,0,0,6,11,1,0
6656,225,96,0,0,1,0,0,0,0,1,0,0,0,0,1,0,0,21,1,1,0
1619,469,11,0,0,1,0,0,0,0,0,1,0,0,0,0,1,0,15,1,14,0
6718,671,76,0,0,1,0,0,0,0,1,0,0,0,0,1,0,0,6,13,21,0
4444,573,46,0,0,0,1,0,0,1,0,0,0,0,0,0,1,0,19,18,10,0
4224,49,55,1,0,0,0,0,0,1,0,0,0,1,0,0,0,0,6,8,13,0
4045,196,169,0,0,1,0,0,0,1,0,0,0,0,0,1,0,0,15,7,24,0
8807,399,136,0,1,0,0,0,0,1,0,0,0,0,0,0,1,0,21,26,15,0
5198,935,91,0,1,0,0,0,0,0,0,1,0,0,0,0,1,0,20,16,10,0
4094,466,209,0,0,0,1,0,0,1,0,0,1,0,0,0,0,0,19,13,11,0
9468,739,50,0,0,1,0,1,0,0,0,0,0,0,0,0,0,1,12,11,20,0
8627,507,101,1,0,0,0,0,0,1,0,0,1,0,0,0,0,0,7,12,5,0
9637,560,1148,0,0,1,0,0,0,0,0,1,1,0,0,0,0,0,19,94,83,1
4098,541,123,0,1,0,0,1,0,0,0,0,0,0,0,0,0,1,7,21,22,0
4554,390,184,0,0,1,0,0,0,1,0,0,0,0,0,0,0,1,13,2,20,0
9711,935,952,0,0,0,1,0,0,0,0,1,0,0,0,0,1,0,20,78,98,1
5481,532,104,0,1,0,0,0,0,1,0,0,0,1,0,0,0,0,6,19,10,0
9939,291,2865,1,0,0,0,0,0,1,0,0,0,0,0,1,0,0,13,83,90,1
2670,770,94,0,0,0,1,0,0,0,0,1,1,0,0,0,0,0,8,6,5,0
6904,310,1,0,0,1,0,0,0,1,0,0,1,0,0,0,0,0,14,11,20,0
5261,594,32,0,0,1,0,0,0,1,0,0,0,0,0,0,1,0,17,14,6,0
5119,413,78,1,0,0,0,1,0,0,0,0,0,0,0,0,1,0,17,23,12,0
1286,384,87,0,0,1,0,0,0,0,0,1,0,0,0,1,0,0,17,17,0,0
3477,282,122,0,1,0,0,0,1,0,0,0,0,1,0,0,0,0,13,24,18,0
7000,992,74,0,0,1,0,0,0,0,1,0,0,0,0,0,1,0,6,24,4,0
4910,471,200,0,0,0,1,0,0,1,0,0,0,0,0,0,0,1,20,17,1,0
7867,362,97,0,0,1,0,1,0,0,0,0,0,1,0,0,0,0,9,0,25,0
2909,26,111,0,0,0,1,0,0,0,1,0,0,0,0,0,1,0,11,5,2,0
3556,116,84,0,1,0,0,0,0,0,1,0,1,0,0,0,0,0,6,10,19,0
1062,438,104,0,0,1,0,0,1,0,0,0,1,0,0,0,0,0,16,18,18,0
7850,966,96,0,0,0,1,0,0,0,0,1,1,0,0,0,0,0,6,29,3,0
3658,332,75,1,0,0,0,0,0,0,1,0,1,0,0,0,0,0,20,10,27,0
5505,192,36,1,0,0,0,0,0,1,0,0,0,0,0,0,0,1,7,8,5,0
8275,596,102,0,1,0,0,0,0,0,0,1,0,0,0,0,0,1,23,0,11,0
7595,666,90,0,0,1,0,0,1,0,0,0,0,0,0,0,0,1,7,24,11,0
9723,631,2830,0,0,1,0,1,0,0,0,0,0,0,0,0,0,1,4,92,74,1
5772,258,95,1,0,0,0,0,0,0,0,1,0,0,0,0,0,1,10,16,12,0
5378,707,146,0,1,0,0,0,0,1,0,0,1,0,0,0,0,0,6,29,19,0
6053,258,65,0,0,1,0,0,1,0,0,0,0,1,0,0,0,0,11,14,29,0
7396,309,103,0,0,1,0,0,0,1,0,0,0,0,0,0,1,0,13,28,16,0
20,733,133,0,0,1,0,1,0,0,0,0,0,0,0,0,0,1,16,18,27,0
170,590,58,0,0,0,1,1,0,0,0,0,0,1,0,0,0,0,12,3,6,0
641,605,82,0,0,1,0,0,0,0,0,1,0,0,0,0,0,1,20,15,18,0
3354,920,82,0,1,0,0,0,0,1,0,0,0,0,0,0,1,0,23,29,20,0
1423,194,99,0,0,0,1,0,0,1,0,0,1,0,0,0,0,0,22,15,13,0
2254,824,190,0,0,0,1,0,0,0,0,1,0,0,0,1,0,0,18,23,6,0
1640,649,128,1,0,0,0,0,0,1,0,0,1,0,0,0,0,0,18,2,23,0
7264,52,184,1,0,0,0,0,0,1,0,0,1,0,0,0,0,0,16,28,15,0
9223,554,116,0,0,1,0,0,0,1,0,0,1,0,0,0,0,0,7,19,13,0
9507,706,2705,0,0,0,1,0,1,0,0,0,0,1,0,0,0,0,10,76,80,1
6208,457,91,1,0,0,0,0,0,0,1,0,0,0,0,0,1,0,11,5,18,0
9248,355,95,0,0,1,0,0,0,1,0,0,0,0,0,0,0,1,15,3,18,0
1004,140,28,0,1,0,0,0,0,0,0,1,0,0,0,1,0,0,8,13,14,0
4876,773,80,1,0,0,0,0,0,1,0,0,0,1,0,0,0,0,13,28,17,0
1049,777,147,0,0,1,0,1,0,0,0,0,1,0,0,0,0,0,12,12,26,0
7330,393,11,0,0,1,0,1,0,0,0,0,0,0,0,0,1,0,16,17,8,0
5266,3,168,0,1,0,0,0,0,1,0,0,0,0,0,1,0,0,11,2,20,0
6209,546,135,0,0,1,0,0,0,1,0,0,1,0,0,0,0,0,6,14,16,0
1515,193,124,1,0,0,0,0,0,0,0,1,0,0,0,1,0,0,8,2,14,0
4154,221,141,0,0,0,1,0,0,0,0,1,0,0,0,1,0,0,19,28,15,0
1078,833,56,0,0,1,0,0,0,1,0,0,0,0,0,0,1,0,16,15,15,0
4650,511,141,0,0,1,0,1,0,0,0,0,1,0,0,0,0,0,21,2,11,0
4181,730,170,1,0,0,0,1,0,0,0,0,0,1,0,0,0,0,12,19,21,0
8490,752,186,0,0,1,0,1,0,0,0,0,0,0,0,0,0,1,8,3,20,0
4305,481,88,0,0,1,0,0,0,0,0,1,0,0,0,1,0,0,17,1,26,0
2148,184,166,0,0,1,0,0,0,0,0,1,0,0,0,0,1,0,18,2,10,0
6610,49,120,0,0,1,0,0,0,0,0,1,1,0,0,0,0,0,15,20,11,0
4346,131,99,1,0,0,0,0,0,0,0,1,0,0,0,0,0,1,9,19,6,0
2021,375,149,0,1,0,0,0,0,1,0,0,0,0,0,0,1,0,16,12,13,0
6992,603,96,1,0,0,0,0,0,0,0,1,0,0,0,1,0,0,19,22,17,0
7122,951,126,0,0,0,1,0,0,1,0,0,0,0,0,0,0,1,11,15,2,0
8520,667,152,0,1,0,0,0,0,0,0,1,0,0,0,1,0,0,10,5,14,0
7995,854,96,1,0,0,0,0,0,0,0,1,0,1,0,0,0,0,6,2,5,0
4436,966,202,0,1,0,0,0,0,1,0,0,1,0,0,0,0,0,20,14,11,0
5807,366,22,0,0,1,0,0,0,0,0,1,0,1,0,0,0,0,11,29,7,0
2714,92,147,0,1,0,0,0,0,0,1,0,0,0,0,1,0,0,6,20,10,0
9984,63,2995,1,0,0,0,0,0,0,1,0,0,0,1,0,0,0,11,86,88,1
7375,234,167,0,1,0,0,1,0,0,0,0,0,0,0,0,0,1,10,8,10,0
251,809,141,0,1,0,0,0,0,1,0,0,0,0,0,0,1,0,22,10,5,0
9820,840,10,0,1,0,0,0,0,0,0,1,1,0,0,0,0,0,18,74,90,1
9929,735,2400,0,0,0,1,0,0,1,0,0,0,0,1,0,0,0,15,98,98,1
3481,657,80,1,0,0,0,0,1,0,0,0,0,0,0,0,1,0,11,15,29,0
9701,64,1489,0,1,0,0,0,0,1,0,0,0,0,0,0,0,1,14,78,70,1
3952,44,92,0,0,1,0,0,0,0,0,1,0,0,0,0,1,0,8,3,26,0
7112,904,41,0,1,0,0,1,0,0,0,0,0,1,0,0,0,0,7,28,13,0
3741,708,103,0,0,1,0,0,1,0,0,0,1,0,0,0,0,0,20,0,19,0
5296,433,151,0,0,0,1,0,0,1,0,0,0,0,0,1,0,0,19,4,15,0
9795,537,22,1,0,0,0,1,0,0,0,0,0,0,0,0,0,1,4,99,92,1
1956,267,93,1,0,0,0,0,0,0,1,0,0,0,0,0,0,1,6,2,4,0
8908,282,10,0,0,1,0,0,1,0,0,0,0,0,0,0,0,1,13,24,6,0
5878,69,167,0,1,0,0,0,0,1,0,0,0,1,0,0,0,0,22,27,17,0
6637,662,70,0,0,1,0,0,0,1,0,0,0,0,0,0,0,1,7,21,22,0
2984,414,64,0,0,0,1,1,0,0,0,0,0,1,0,0,0,0,10,7,8,0
5182,709,90,1,0,0,0,0,0,1,0,0,0,0,0,1,0,0,20,3,16,0
6129,215,74,0,1,0,0,0,0,0,1,0,0,0,0,1,0,0,18,17,17,0
4067,593,102,1,0,0,0,0,0,0,1,0,0,0,0,0,1,0,19,9,13,0
4006,66,177,1,0,0,0,0,1,0,0,0,0,0,0,0,0,1,18,22,20,0
5227,311,27,0,0,1,0,0,0,0,0,1,0,1,0,0,0,0,10,16,16,0
4087,216,1,0,1,0,0,0,0,0,1,0,1,0,0,0,0,0,7,23,1,0
5935,791,88,0,1,0,0,1,0,0,0,0,0,0,0,1,0,0,12,11,24,0
1051,344,56,0,0,0,1,0,0,0,1,0,0,0,0,1,0,0,9,22,22,0
4121,547,137,0,0,1,0,0,0,0,0,1,0,0,0,1,0,0,19,22,14,0
2322,667,111,0,1,0,0,1,0,0,0,0,0,0,0,1,0,0,22,28,16,0
1278,206,3,1,0,0,0,1,0,0,0,0,0,1,0,0,0,0,10,22,23,0
2009,35,125,0,0,0,1,0,0,1,0,0,0,0,0,0,0,1,17,18,10,0
2262,842,171,1,0,0,0,0,0,0,1,0,1,0,0,0,0,0,6,20,16,0
239,784,65,0,1,0,0,0,1,0,0,0,0,1,0,0,0,0,7,23,6,0
3199,846,1,1,0,0,0,0,1,0,0,0,0,0,0,0,0,1,21,5,7,0
5197,486,36,0,0,0,1,0,0,0,1,0,0,0,0,1,0,0,13,13,5,0
2889,781,128,0,1,0,0,0,1,0,0,0,0,0,0,0,0,1,14,28,9,0
5434,690,64,1,0,0,0,0,0,0,0,1,0,0,0,1,0,0,7,6,9,0
2581,508,19,0,1,0,0,0,1,0,0,0,1,0,0,0,0,0,8,21,16,0
8204,891,25,0,1,0,0,0,1,0,0,0,0,0,0,0,0,1,11,9,0,0
5352,473,176,0,1,0,0,0,0,1,0,0,0,0,0,0,0,1,15,0,12,0
5148,203,184,0,1,0,0,0,1,0,0,0,0,0,0,0,1,0,15,16,5,0
2879,803,107,0,0,1,0,0,0,1,0,0,1,0,0,0,0,0,12,19,25,0
6626,973,158,0,0,1,0,1,0,0,0,0,1,0,0,0,0,0,18,27,21,0
9728,572,10,1,0,0,0,1,0,0,0,0,0,0,0,0,0,1,16,84,79,1
814,660,64,0,0,0,1,0,0,0,1,0,0,0,0,1,0,0,11,13,12,0
8226,896,102,0,0,1,0,0,0,1,0,0,1,0,0,0,0,0,15,6,26,0
8156,540,134,0,0,1,0,0,0,0,0,1,0,0,0,0,1,0,6,28,4,0
4812,139,109,0,0,1,0,0,0,1,0,0,0,1,0,0,0,0,11,2,29,0
7788,627,148,0,0,1,0,0,1,0,0,0,0,0,0,0,1,0,14,5,3,0
7343,773,111,0,0,0,1,1,0,0,0,0,0,0,0,0,0,1,8,18,3,0
4026,507,91,0,0,0,1,0,1,0,0,0,0,0,0,0,1,0,23,8,16,0
316,117,101,1,0,0,0,0,0,0,1,0,0,0,0,1,0,0,23,16,2,0
5012,241,92,0,0,1,0,1,0,0,0,0,0,0,0,0,0,1,17,21,18,0
8314,441,65,0,0,0,1,0,0,0,1,0,0,0,0,0,1,0,12,4,29,0
1635,954,14,0,0,0,1,1,0,0,0,0,0,1,0,0,0,0,22,10,24,0
2906,20,105,0,0,1,0,0,0,1,0,0,0,1,0,0,0,0,22,1,16,0
7826,127,77,0,1,0,0,0,1,0,0,0,0,0,0,0,1,0,10,4,23,0
1848,510,110,0,0,0,1,0,0,0,0,1,0,0,0,0,1,0,17,2,10,0
6186,762,65,0,1,0,0,1,0,0,0,0,0,0,0,0,0,1,21,17,7,0
4474,886,98,1,0,0,0,0,1,0,0,0,0,0,0,1,0,0,18,16,16,0
560,570,162,0,0,1,0,1,0,0,0,0,0,1,0,0,0,0,7,0,22,0
4685,93,48,0,0,0,1,0,0,1,0,0,0,0,0,0,1,0,19,25,4,0
9500,438,1927,0,0,1,0,0,0,0,1,0,0,0,1,0,0,0,21,99,79,1
2985,338,102,0,1,0,0,1,0,0,0,0,0,0,0,0,1,0,23,4,10,0
4996,128,77,0,1,0,0,0,1,0,0,0,0,0,0,1,0,0,17,6,20,0
4499,679,23,0,1,0,0,0,0,0,1,0,0,0,0,1,0,0,12,7,18,0
383,518,148,0,0,0,1,0,0,0,1,0,0,0,0,1,0,0,10,1,6,0
7817,343,135,1,0,0,0,0,0,0,0,1,0,0,0,0,0,1,23,13,17,0
9345,600,128,1,0,0,0,0,0,0,0,1,0,0,0,0,0,1,18,0,17,0
9211,601,86,0,1,0,0,1,0,0,0,0,0,0,0,1,0,0,10,9,8,0
1041,467,84,0,0,0,1,1,0,0,0,0,0,0,0,0,0,1,11,25,10,0
8650,76,51,0,0,0,1,0,1,0,0,0,0,1,0,0,0,0,14,8,18,0
3464,177,40,0,0,1,0,0,0,0,0,1,0,0,0,0,1,0,10,25,23,0
6571,537,107,0,0,1,0,0,0,1,0,0,1,0,0,0,0,0,10,9,19,0
3567,682,71,0,0,1,0,0,0,1,0,0,0,0,0,0,0,1,10,25,14,0
2597,25,33,0,0,1,0,1,0,0,0,0,1,0,0,0,0,0,7,2,8,0
2858,878,163,0,0,0,1,0,0,1,0,0,0,1,0,0,0,0,8,21,18,0
4107,721,36,0,1,0,0,0,0,1,0,0,0,0,0,1,0,0,13,13,2,0
4195,483,161,0,0,0,1,0,1,0,0,0,0,0,0,0,1,0,23,26,0,0
4821,747,31,0,1,0,0,0,1,0,0,0,0,0,0,1,0,0,19,6,6,0
6518,947,73,0,0,1,0,0,1,0,0,0,0,0,0,0,0,1,20,29,8,0
4603,179,38,0,0,1,0,0,0,0,0,1,0,1,0,0,0,0,13,27,10,0
5156,782,177,0,1,0,0,0,1,0,0,0,0,0,0,1,0,0,22,8,3,0
7602,880,96,1,0,0,0,0,0,0,1,0,1,0,0,0,0,0,7,5,23,0
9307,63,143,0,1,0,0,1,0,0,0,0,0,1,0,0,0,0,12,18,29,0
9575,622,1110,1,0,0,0,0,1,0,0,0,0,0,0,0,0,1,4,97,83,1
2344,569,101,0,0,0,1,0,1,0,0,0,0,0,0,1,0,0,10,29,16,0
2379,183,103,1,0,0,0,0,1,0,0,0,0,0,0,0,1,0,11,5,18,0
3176,598,123,0,1,0,0,0,0,0,0,1,0,0,0,0,0,1,20,28,1,0
7796,604,23,0,1,0,0,0,0,0,1,0,0,0,0,1,0,0,13,21,14,0
9138,110,111,0,1,0,0,1,0,0,0,0,0,1,0,0,0,0,17,28,4,0
3299,210,99,1,0,0,0,0,0,1,0,0,0,1,0,0,0,0,23,17,24,0
5656,199,182,0,0,0,1,1,0,0,0,0,1,0,0,0,0,0,11,23,22,0
1781,767,81,1,0,0,0,1,0,0,0,0,0,1,0,0,0,0,10,3,27,0
8105,809,149,0,0,0,1,0,0,0,1,0,1,0,0,0,0,0,12,19,28,0
688,660,129,1,0,0,0,0,0,0,0,1,0,0,0,1,0,0,23,0,28,0
9119,684,104,0,0,0,1,0,0,1,0,0,0,0,0,1,0,0,15,15,1,0
2963,953,56,0,0,1,0,1,0,0,0,0,1,0,0,0,0,0,7,16,29,0
4977,873,95,0,0,0,1,0,1,0,0,0,1,0,0,0,0,0,19,7,27,0
842,868,111,0,0,1,0,1,0,0,0,0,0,0,0,1,0,0,21,15,8,0
5231,877,186,0,1,0,0,0,0,1,0,0,0,0,0,0,0,1,22,4,5,0
71,684,88,0,0,1,0,1,0,0,0,0,0,0,0,0,0,1,9,18,25,0
4538,339,1,1,0,0,0,1,0,0,0,0,0,0,0,1,0,0,10,21,0,0
6903,59,29,0,0,0,1,0,1,0,0,0,0,1,0,0,0,0,16,16,17,0
6091,301,81,0,0,0,1,0,1,0,0,0,0,0,0,0,1,0,10,6,18,0
1077,366,72,0,0,1,0,1,0,0,0,0,0,0,0,0,1,0,10,24,27,0
9754,616,1094,1,0,0,0,0,1,0,0,0,0,0,0,1,0,0,9,99,89,1
8773,486,93,1,0,0,0,0,0,1,0,0,0,0,0,0,1,0,23,12,2,0
3702,24,118,0,0,1,0,1,0,0,0,0,1,0,0,0,0,0,17,6,15,0
5176,354,91,0,1,0,0,0,0,0,1,0,1,0,0,0,0,0,22,5,24,0
8888,256,115,0,0,1,0,0,0,0,0,1,0,1,0,0,0,0,18,5,25,0
6462,641,49,0,1,0,0,0,0,0,1,0,1,0,0,0,0,0,6,4,21,0
3102,59,26,1,0,0,0,0,0,1,0,0,0,1,0,0,0,0,10,9,9,0
7899,960,7,0,0,1,0,0,0,0,0,1,1,0,0,0,0,0,22,2,9,0
2052,824,75,0,0,0,1,0,0,1,0,0,1,0,0,0,0,0,14,8,9,0
6723,214,101,0,0,1,0,0,1,0,0,0,0,0,0,0,0,1,8,7,22,0
7907,438,89,0,0,0,1,1,0,0,0,0,1,0,0,0,0,0,19,13,23,0
434,433,1,0,1,0,0,0,0,0,1,0,0,0,0,1,0,0,20,20,3,0
3457,426,137,0,0,0,1,0,0,1,0,0,0,0,0,1,0,0,15,25,2,0
987,887,65,0,1,0,0,0,1,0,0,0,0,0,0,0,0,1,16,29,16,0
5612,364,97,0,0,0,1,0,0,1,0,0,0,1,0,0,0,0,9,16,27,0
8510,680,64,0,1,0,0,0,0,1,0,0,1,0,0,0,0,0,6,2,20,0
4819,893,6,0,0,1,0,1,0,0,0,0,1,0,0,0,0,0,18,29,14,0
1122,880,75,0,1,0,0,0,0,1,0,0,0,0,0,0,1,0,6,18,26,0
4955,636,95,0,0,1,0,0,1,0,0,0,0,0,0,1,0,0,14,13,28,0
6092,30,59,0,1,0,0,1,0,0,0,0,0,0,0,1,0,0,15,2,17,0
9200,243,47,1,0,0,0,0,1,0,0,0,0,0,0,1,0,0,6,22,15,0
4352,58,106,0,0,1,0,0,1,0,0,0,0,0,0,1,0,0,14,6,1,0
5596,610,97,0,1,0,0,1,0,0,0,0,0,0,0,0,1,0,20,28,3,0
2422,139,129,0,0,0,1,0,0,1,0,0,1,0,0,0,0,0,15,22,5,0
29,326,82,1,0,0,0,0,0,0,0,1,0,1,0,0,0,0,6,17,19,0
804,378,54,0,0,0,1,0,0,1,0,0,0,0,0,1,0,0,18,13,1,0
4614,125,64,0,1,0,0,1,0,0,0,0,0,0,0,0,0,1,13,14,14,0
2965,988,131,0,0,1,0,0,0,0,1,0,0,0,0,1,0,0,9,6,16,0
5276,419,44,1,0,0,0,0,1,0,0,0,0,0,0,0,1,0,17,11,9,0
9036,918,164,0,0,0,1,0,0,1,0,0,0,0,0,0,0,1,10,1,10,0
5723,313,21,1,0,0,0,1,0,0,0,0,0,1,0,0,0,0,17,15,28,0
5247,567,131,0,1,0,0,0,0,0,1,0,0,0,0,1,0,0,12,8,21,0
5774,868,167,0,1,0,0,1,0,0,0,0,0,0,0,1,0,0,17,26,25,0
5491,693,55,0,1,0,0,0,1,0,0,0,0,0,0,0,0,1,19,23,16,0
3343,327,93,0,1,0,0,1,0,0,0,0,0,0,0,0,1,0,7,11,26,0
9478,503,143,0,0,0,1,0,0,1,0,0,0,0,0,0,1,0,12,14,14,0
1433,757,114,0,1,0,0,0,0,0,1,0,0,1,0,0,0,0,6,14,1,0
2698,732,50,0,0,0,1,0,1,0,0,0,0,0,0,0,0,1,12,16,25,0
5858,808,55,0,0,1,0,0,0,0,0,1,1,0,0,0,0,0,23,13,16,0
9347,792,128,0,1,0,0,0,0,0,0,1,1,0,0,0,0,0,9,28,13,0
7584,391,141,1,0,0,0,0,0,1,0,0,0,1,0,0,0,0,18,20,10,0
7243,304,110,0,1,0,0,1,0,0,0,0,0,0,0,0,1,0,10,0,12,0
6405,721,121,1,0,0,0,1,0,0,0,0,0,0,0,0,1,0,20,4,27,0
5642,821,38,0,0,1,0,0,0,0,1,0,1,0,0,0,0,0,7,18,21,0
7209,312,58,0,0,0,1,0,1,0,0,0,0,0,0,1,0,0,8,11,9,0
8989,294,67,1,0,0,0,0,0,1,0,0,1,0,0,0,0,0,15,3,8,0
7730,218,122,1,0,0,0,0,0,0,1,0,0,0,0,0,0,1,21,15,14,0
9566,461,3444,1,0,0,0,1,0,0,0,0,0,1,0,0,0,0,4,78,92,1
9369,443,109,0,1,0,0,0,0,0,0,1,0,0,0,0,0,1,17,13,17,0
912,700,170,0,1,0,0,0,0,1,0,0,0,0,0,1,0,0,18,21,13,0
4443,610,158,0,0,0,1,0,1,0,0,0,0,0,0,1,0,0,11,14,2,0
6745,598,87,0,0,1,0,0,0,0,1,0,1,0,0,0,0,0,6,21,28,0
8249,504,172,0,1,0,0,0,0,0,1,0,0,0,0,1,0,0,9,14,11,0
1844,644,100,0,0,0,1,1,0,0,0,0,1,0,0,0,0,0,19,20,29,0
6080,485,126,0,0,1,0,0,0,0,0,1,0,0,0,0,0,1,9,11,20,0
3461,512,80,0,0,1,0,1,0,0,0,0,0,0,0,0,1,0,23,15,13,0
4284,339,84,0,0,0,1,0,0,0,1,0,0,0,0,0,1,0,19,29,8,0
2738,95,65,1,0,0,0,0,0,1,0,0,0,0,0,1,0,0,22,9,22,0
5162,819,88,0,0,1,0,0,0,1,0,0,0,1,0,0,0,0,14,28,25,0
6042,235,141,0,0,1,0,0,1,0,0,0,1,0,0,0,0,0,17,1,0,0
5953,737,242,1,0,0,0,0,0,1,0,0,0,1,0,0,0,0,6,9,27,0
7395,436,160,0,1,0,0,1,0,0,0,0,0,1,0,0,0,0,16,28,23,0
3183,555,105,1,0,0,0,0,0,0,0,1,0,0,0,0,1,0,11,7,5,0
9091,537,59,1,0,0,0,0,0,0,0,1,1,0,0,0,0,0,10,27,6,0
8126,640,129,0,1,0,0,0,0,0,1,0,0,0,0,1,0,0,12,12,25,0
1068,19,60,0,0,0,1,0,0,1,0,0,0,1,0,0,0,0,17,25,25,0
909,800,129,0,1,0,0,0,0,1,0,0,0,0,0,0,1,0,14,22,17,0
6124,504,21,0,0,0,1,0,0,0,1,0,0,0,0,0,0,1,8,2,12,0
5408,364,173,1,0,0,0,0,0,0,1,0,0,0,0,0,0,1,21,17,15,0
3921,428,238,0,1,0,0,0,0,0,1,0,0,0,0,0,0,1,10,22,28,0
3198,205,60,1,0,0,0,0,0,1,0,0,0,0,0,1,0,0,19,4,18,0
3558,769,98,0,0,1,0,1,0,0,0,0,0,0,0,0,0,1,12,17,29,0
6786,605,99,1,0,0,0,0,1,0,0,0,0,0,0,1,0,0,21,28,18,0
3989,246,150,1,0,0,0,0,0,0,0,1,0,0,0,0,0,1,6,13,18,0
9982,802,10,1,0,0,0,0,0,1,0,0,0,1,0,0,0,0,4,99,89,1
582,38,117,0,0,1,0,0,1,0,0,0,0,0,0,0,1,0,21,20,3,0
6897,304,137,1,0,0,0,1,0,0,0,0,0,1,0,0,0,0,18,23,27,0
8947,14,121,0,1,0,0,0,0,0,0,1,0,0,0,1,0,0,18,23,9,0
1773,919,1,1,0,0,0,0,0,1,0,0,1,0,0,0,0,0,8,1,18,0
7516,239,54,1,0,0,0,1,0,0,0,0,1,0,0,0,0,0,9,0,25,0
3896,901,121,0,1,0,0,0,1,0,0,0,0,0,0,0,0,1,10,22,5,0
473,558,149,1,0,0,0,0,0,0,1,0,0,0,0,1,0,0,21,12,10,0
6488,70,105,0,0,0,1,0,0,0,1,0,0,0,0,0,0,1,20,19,26,0
9050,802,90,0,0,1,0,0,1,0,0,0,0,0,0,1,0,0,17,19,28,0
9441,949,94,1,0,0,0,0,0,1,0,0,1,0,0,0,0,0,19,5,18,0
6341,296,101,0,1,0,0,0,0,1,0,0,0,0,0,0,0,1,22,17,3,0
8398,519,17,1,0,0,0,0,1,0,0,0,0,0,0,0,1,0,18,21,1,0
6248,6,155,0,0,0,1,0,0,1,0,0,1,0,0,0,0,0,16,7,13,0
6105,83,118,0,0,1,0,0,0,0,1,0,0,0,0,0,0,1,18,15,3,0
1521,750,44,0,0,0,1,0,0,0,0,1,0,0,0,0,0,1,15,12,8,0
4697,912,114,0,1,0,0,1,0,0,0,0,0,0,0,0,1,0,15,8,6,0
2250,383,121,0,0,0,1,0,0,0,0,1,0,1,0,0,0,0,12,9,3,0
9434,758,64,0,1,0,0,0,0,0,0,1,0,1,0,0,0,0,11,17,15,0
1469,764,108,0,0,1,0,1,0,0,0,0,0,0,0,0,0,1,16,3,16,0
2441,725,143,1,0,0,0,0,1,0,0,0,0,0,0,0,0,1,20,1,24,0
6471,351,138,1,0,0,0,0,0,0,1,0,0,0,0,0,0,1,17,14,25,0
6368,928,65,0,1,0,0,0,1,0,0,0,0,0,0,1,0,0,13,16,6,0
9101,698,79,0,0,1,0,1,0,0,0,0,1,0,0,0,0,0,23,3,10,0
9060,782,92,0,0,0,1,0,1,0,0,0,0,0,0,0,1,0,12,12,16,0
7524,374,109,0,1,0,0,0,1,0,0,0,1,0,0,0,0,0,8,26,6,0
4328,341,127,0,0,0,1,1,0,0,0,0,0,0,0,1,0,0,19,3,22,0
2990,186,118,0,1,0,0,0,1,0,0,0,0,1,0,0,0,0,14,13,18,0
9932,473,2186,0,0,0,1,0,0,1,0,0,0,0,1,0,0,0,0,85,80,1
6048,122,52,0,0,0,1,0,1,0,0,0,0,0,0,0,1,0,21,26,13,0
5569,423,1,1,0,0,0,0,0,0,0,1,0,0,0,0,1,0,6,12,8,0
1382,661,62,1,0,0,0,0,1,0,0,0,0,0,0,1,0,0,8,5,23,0
3775,562,220,0,0,0,1,0,0,0,0,1,1,0,0,0,0,0,13,28,28,0
2989,833,104,1,0,0,0,0,0,0,0,1,0,0,0,0,0,1,11,7,17,0
6193,494,13,0,0,0,1,0,0,0,1,0,0,0,0,1,0,0,11,17,22,0
7931,665,1,0,0,1,0,1,0,0,0,0,0,0,0,0,1,0,19,3,17,0
2992,137,206,1,0,0,0,1,0,0,0,0,1,0,0,0,0,0,22,16,4,0
5959,350,130,0,0,0,1,0,0,0,1,0,0,1,0,0,0,0,9,5,6,0
7269,977,113,0,0,1,0,1,0,0,0,0,0,0,0,1,0,0,10,3,12,0
1729,263,55,0,0,1,0,1,0,0,0,0,0,1,0,0,0,0,12,1,12,0
3262,325,121,0,1,0,0,0,0,0,0,1,0,0,0,0,0,1,15,28,20,0
9612,854,1220,0,1,0,0,0,0,0,0,1,0,0,0,1,0,0,18,78,83,1
4640,638,32,0,0,1,0,0,0,0,0,1,0,1,0,0,0,0,21,17,12,0
2036,423,104,0,1,0,0,1,0,0,0,0,0,0,0,1,0,0,7,8,14,0
8100,42,1,0,1,0,0,0,0,0,1,0,0,0,0,0,0,1,10,16,12,0
3327,522,79,0,0,1,0,0,0,0,0,1,1,0,0,0,0,0,17,22,13,0
9636,451,22,0,0,0,1,0,0,1,0,0,0,0,0,0,1,0,4,89,89,1
7580,548,119,0,0,0,1,0,0,1,0,0,0,0,0,0,0,1,17,1,8,0
2471,987,81,0,0,0,1,0,0,0,0,1,0,0,0,0,0,1,10,24,22,0
8899,220,149,0,1,0,0,0,1,0,0,0,0,1,0,0,0,0,21,7,0,0
1316,318,154,0,0,0,1,0,0,0,0,1,0,0,0,1,0,0,20,23,25,0
8452,324,88,0,1,0,0,1,0,0,0,0,0,0,0,1,0,0,15,25,8,0
3557,270,89,0,1,0,0,1,0,0,0,0,0,0,0,0,1,0,6,5,10,0
7947,412,109,0,0,0,1,0,0,1,0,0,0,1,0,0,0,0,23,14,28,0
4818,727,81,0,1,0,0,0,0,0,0,1,0,1,0,0,0,0,22,5,16,0
5892,288,72,1,0,0,0,0,1,0,0,0,1,0,0,0,0,0,12,17,0,0
7946,339,116,0,0,0,1,0,0,0,1,0,0,0,0,0,0,1,13,4,10,0
5493,155,63,0,1,0,0,0,1,0,0,0,0,0,0,0,0,1,19,27,5,0
1299,302,109,1,0,0,0,0,0,0,1,0,0,0,0,0,0,1,7,4,11,0
2149,5,11,0,1,0,0,1,0,0,0,0,0,1,0,0,0,0,15,22,18,0
806,885,45,0,0,0,1,1,0,0,0,0,0,0,0,0,0,1,16,18,23,0
8048,169,190,1,0,0,0,0,0,0,0,1,0,0,0,0,0,1,21,7,5,0
2843,75,132,0,1,0,0,0,1,0,0,0,0,0,0,0,1,0,17,12,24,0
6755,355,123,0,0,1,0,0,0,0,0,1,1,0,0,0,0,0,11,5,17,0
1427,448,90,0,1,0,0,0,0,0,1,0,0,0,0,0,0,1,16,0,10,0
4965,761,28,0,1,0,0,0,0,0,0,1,0,0,0,0,0,1,6,22,24,0
2753,979,106,0,0,1,0,0,0,0,0,1,0,0,0,1,0,0,8,12,27,0
5448,68,140,0,0,0,1,0,0,0,1,0,0,0,0,1,0,0,11,17,5,0
94,183,94,0,0,0,1,1,0,0,0,0,1,0,0,0,0,0,10,6,12,0
8130,791,139,0,0,1,0,0,0,0,1,0,0,0,0,1,0,0,11,0,7,0
973,564,34,0,0,0,1,0,0,1,0,0,0,0,0,1,0,0,7,19,11,0
5940,492,171,1,0,0,0,0,0,0,1,0,0,0,0,0,0,1,10,17,26,0
5259,772,117,0,1,0,0,0,0,0,1,0,0,0,0,0,1,0,15,20,13,0
6716,944,101,1,0,0,0,0,0,1,0,0,0,0,0,1,0,0,17,5,21,0
3636,34,97,0,0,1,0,0,1,0,0,0,0,1,0,0,0,0,9,10,27,0
2579,654,141,1,0,0,0,1,0,0,0,0,0,0,0,0,0,1,21,6,9,0
5471,377,122,0,0,0,1,1,0,0,0,0,0,1,0,0,0,0,21,26,24,0
3570,421,55,0,0,1,0,0,0,0,1,0,0,0,0,0,0,1,23,19,19,0
3075,236,119,0,1,0,0,0,1,0,0,0,0,0,0,0,1,0,6,9,5,0
5318,757,28,0,0,1,0,0,0,0,0,1,0,0,0,0,1,0,8,4,1,0
8418,889,127,1,0,0,0,0,0,0,0,1,0,0,0,0,0,1,20,15,17,0
4215,316,96,0,1,0,0,0,0,0,1,0,0,0,0,0,0,1,18,29,16,0
8675,957,165,1,0,0,0,0,0,1,0,0,0,0,0,0,1,0,22,11,22,0
6983,287,84,0,0,0,1,1,0,0,0,0,0,0,0,1,0,0,11,4,15,0
6991,648,78,0,0,1,0,1,0,0,0,0,0,1,0,0,0,0,18,12,24,0
951,882,95,0,0,1,0,0,0,0,0,1,0,1,0,0,0,0,17,18,15,0
3315,751,168,0,0,1,0,0,0,0,0,1,0,0,0,0,1,0,15,4,18,0
8733,949,25,0,1,0,0,0,1,0,0,0,0,0,0,0,0,1,20,10,16,0
9232,542,123,0,1,0,0,0,0,0,0,1,0,1,0,0,0,0,13,17,15,0
9544,833,378,0,0,0,1,0,1,0,0,0,1,0,0,0,0,0,10,88,97,1
3612,661,118,1,0,0,0,0,0,0,0,1,0,0,0,0,0,1,10,29,26,0
92,473,105,0,1,0,0,1,0,0,0,0,1,0,0,0,0,0,12,12,27,0
1866,720,71,0,0,0,1,1,0,0,0,0,0,0,0,0,1,0,15,21,15,0
6287,108,73,0,0,0,1,0,1,0,0,0,0,1,0,0,0,0,9,23,3,0
331,848,28,0,1,0,0,0,0,0,0,1,0,0,0,0,1,0,19,9,1,0
5662,397,163,0,0,0,1,0,0,0,1,0,0,1,0,0,0,0,16,20,7,0
1960,809,51,1,0,0,0,0,1,0,0,0,0,0,0,0,0,1,21,7,0,0
5728,782,112,0,0,1,0,0,0,0,1,0,0,0,0,0,1,0,16,29,11,0
6879,497,52,0,0,1,0,0,0,0,1,0,0,0,0,1,0,0,20,18,17,0
225,631,148,1,0,0,0,0,1,0,0,0,0,1,0,0,0,0,11,17,7,0
2349,246,116,1,0,0,0,1,0,0,0,0,1,0,0,0,0,0,7,13,25,0
7138,817,178,1,0,0,0,1,0,0,0,0,1,0,0,0,0,0,20,2,12,0
7968,729,59,0,0,0,1,0,0,0,0,1,0,0,0,0,0,1,7,17,9,0
296,803,56,0,0,0,1,0,0,0,1,0,0,0,0,1,0,0,10,25,20,0
6684,128,143,0,1,0,0,0,1,0,0,0,0,0,0,0,1,0,14,10,7,0
437,799,113,0,0,1,0,0,0,0,1,0,0,0,0,0,0,1,13,20,15,0
7623,926,143,0,0,0,1,1,0,0,0,0,0,0,0,1,0,0,8,15,16,0
772,84,125,0,1,0,0,0,0,0,0,1,1,0,0,0,0,0,6,29,9,0
9158,676,80,0,1,0,0,0,0,1,0,0,0,0,0,1,0,0,8,6,21,0
7724,866,86,1,0,0,0,0,0,1,0,0,1,0,0,0,0,0,16,22,22,0
5002,555,56,0,0,1,0,0,0,0,0,1,0,0,0,0,1,0,8,7,6,0
4739,692,114,1,0,0,0,0,1,0,0,0,0,0,0,1,0,0,15,8,5,0
8537,949,152,1,0,0,0,0,0,0,1,0,0,1,0,0,0,0,23,24,1,0
7368,126,112,1,0,0,0,1,0,0,0,0,0,0,0,0,1,0,7,19,21,0
6631,934,53,1,0,0,0,1,0,0,0,0,0,1,0,0,0,0,23,14,18,0
4544,197,15,1,0,0,0,0,0,1,0,0,0,0,0,0,0,1,12,10,23,0
8072,770,86,0,0,1,0,1,0,0,0,0,0,0,0,0,0,1,21,25,5,0
7397,595,158,0,0,1,0,0,0,0,0,1,1,0,0,0,0,0,12,0,7,0
9848,216,10,1,0,0,0,0,1,0,0,0,0,0,0,0,0,1,4,75,96,1
4131,438,80,0,0,1,0,0,0,0,1,0,0,1,0,0,0,0,16,2,17,0
3406,347,123,1,0,0,0,0,0,0,1,0,0,1,0,0,0,0,17,26,9,0
3975,190,72,0,0,0,1,0,1,0,0,0,0,0,0,0,1,0,20,7,18,0
562,353,36,0,0,0,1,0,0,1,0,0,0,0,0,1,0,0,19,26,12,0
9521,369,2920,1,0,0,0,0,0,0,1,0,0,0,0,1,0,0,15,90,85,1
4755,665,110,1,0,0,0,0,0,0,1,0,1,0,0,0,0,0,22,2,22,0
2850,473,152,1,0,0,0,0,0,0,1,0,0,1,0,0,0,0,13,24,22,0
3742,536,77,0,0,0,1,0,0,1,0,0,1,0,0,0,0,0,22,2,15,0
7197,289,163,1,0,0,0,1,0,0,0,0,0,0,0,0,1,0,6,9,27,0
2733,834,139,1,0,0,0,0,0,0,0,1,0,0,0,0,1,0,12,26,7,0
8085,421,111,0,1,0,0,0,0,0,1,0,0,0,0,0,0,1,20,17,3,0
2102,707,80,0,0,1,0,1,0,0,0,0,0,0,0,1,0,0,8,7,26,0
2536,563,36,0,0,0,1,0,1,0,0,0,0,0,0,1,0,0,15,29,17,0
6659,33,83,0,0,0,1,1,0,0,0,0,0,0,0,1,0,0,19,0,0,0
3364,45,88,0,0,0,1,0,0,0,0,1,1,0,0,0,0,0,9,2,19,0
5229,196,47,0,0,1,0,0,0,0,0,1,0,0,0,0,0,1,22,21,19,0
1387,637,104,0,0,0,1,0,0,0,1,0,0,0,0,0,0,1,17,27,15,0
6485,161,51,0,0,0,1,0,0,1,0,0,0,0,0,0,1,0,10,23,13,0
6399,61,80,0,0,1,0,0,0,1,0,0,0,0,0,0,1,0,14,18,15,0
3499,38,36,0,0,1,0,0,0,0,1,0,0,0,0,1,0,0,15,15,17,0
4357,104,107,0,0,1,0,1,0,0,0,0,0,0,0,1,0,0,7,7,10,0
1578,931,199,1,0,0,0,0,0,0,0,1,1,0,0,0,0,0,17,5,1,0
5979,410,144,1,0,0,0,0,0,0,0,1,0,0,0,0,0,1,21,0,27,0
6288,371,138,1,0,0,0,0,0,0,1,0,1,0,0,0,0,0,15,10,17,0
7759,593,18,0,1,0,0,0,0,0,0,1,0,0,0,1,0,0,23,1,10,0
5851,711,33,0,1,0,0,0,0,0,0,1,0,1,0,0,0,0,7,29,25,0
4980,525,82,0,0,1,0,0,0,0,0,1,1,0,0,0,0,0,21,29,25,0
4392,707,78,0,0,1,0,0,0,1,0,0,0,1,0,0,0,0,13,3,5,0
1443,831,168,0,0,0,1,1,0,0,0,0,0,0,0,0,0,1,19,12,17,0
1187,298,185,0,0,0,1,0,0,0,1,0,0,1,0,0,0,0,13,12,8,0
75,572,80,0,0,0,1,1,0,0,0,0,0,1,0,0,0,0,23,10,20,0
4200,738,73,1,0,0,0,0,1,0,0,0,0,0,0,1,0,0,20,28,8,0
9690,877,10,0,0,0,1,0,0,1,0,0,0,0,1,0,0,0,12,83,94,1
4383,78,87,0,0,0,1,1,0,0,0,0,0,0,0,0,1,0,15,12,8,0
299,27,122,0,0,1,0,0,0,1,0,0,0,0,0,1,0,0,14,7,25,0
9219,624,91,0,0,1,0,0,0,0,1,0,0,0,0,1,0,0,9,27,23,0
4266,476,20,0,0,0,1,1,0,0,0,0,0,1,0,0,0,0,10,21,29,0
1310,311,37,0,0,1,0,0,0,0,1,0,0,0,0,0,1,0,17,14,7,0
5464,845,139,0,0,1,0,0,1,0,0,0,0,0,0,0,0,1,10,14,13,0
3787,859,115,1,0,0,0,0,0,1,0,0,0,1,0,0,0,0,17,2,17,0
9299,639,121,0,0,0,1,0,1,0,0,0,0,1,0,0,0,0,10,25,15,0
9153,870,134,0,0,1,0,1,0,0,0,0,0,0,0,0,1,0,14,3,28,0
529,667,20,1,0,0,0,1,0,0,0,0,0,0,0,0,1,0,21,21,2,0
6742,913,117,0,0,1,0,0,0,1,0,0,0,1,0,0,0,0,18,3,9,0
2191,896,87,0,0,0,1,0,0,0,1,0,0,0,0,1,0,0,7,0,10,0
208,82,72,0,1,0,0,0,1,0,0,0,0,0,0,0,1,0,10,26,24,0
2011,793,81,1,0,0,0,0,0,0,1,0,1,0,0,0,0,0,6,17,20,0
851,488,13,0,0,0,1,0,0,1,0,0,0,0,0,1,0,0,12,20,28,0
9495,463,198,1,0,0,0,0,1,0,0,0,1,0,0,0,0,0,19,29,0,0
8264,544,169,0,1,0,0,1,0,0,0,0,0,0,0,0,0,1,17,0,24,0
2071,974,1,1,0,0,0,1,0,0,0,0,0,1,0,0,0,0,12,13,2,0
1586,829,126,0,0,1,0,1,0,0,0,0,0,0,0,1,0,0,11,20,20,0
506,589,159,1,0,0,0,0,0,0,1,0,0,0,0,0,0,1,20,9,5,0
581,426,64,1,0,0,0,0,0,1,0,0,0,1,0,0,0,0,9,18,5,0
9660,598,2011,1,0,0,0,0,1,0,0,0,0,0,1,0,0,0,8,80,98,1
1963,914,54,0,1,0,0,0,1,0,0,0,0,0,0,1,0,0,12,20,11,0
206,818,94,0,0,0,1,0,1,0,0,0,0,0,0,1,0,0,13,10,25,0
5694,619,110,1,0,0,0,0,0,0,1,0,0,1,0,0,0,0,8,1,26,0
4291,783,111,0,0,1,0,0,0,1,0,0,0,0,0,0,1,0,15,1,3,0
9005,392,70,0,0,1,0,0,1,0,0,0,1,0,0,0,0,0,7,12,18,0
5916,15,122,1,0,0,0,0,0,1,0,0,0,0,0,0,1,0,11,4,27,0
4228,334,168,0,1,0,0,0,0,0,1,0,0,0,0,1,0,0,23,19,9,0
9252,164,137,0,0,1,0,0,0,1,0,0,0,0,0,0,1,0,11,8,3,0
4969,739,57,0,0,0,1,0,0,0,1,0,0,0,0,0,0,1,22,12,15,0
3192,794,5,0,1,0,0,0,0,0,0,1,0,0,0,0,1,0,22,4,12,0
5187,25,117,0,1,0,0,0,0,1,0,0,0,0,0,0,0,1,8,11,0,0
8101,665,71,0,0,0,1,0,0,1,0,0,0,1,0,0,0,0,9,19,14,0
4407,51,90,0,1,0,0,0,1,0,0,0,0,0,0,0,0,1,7,29,4,0
81,935,115,0,0,0,1,0,1,0,0,0,0,0,0,1,0,0,20,18,14,0
7374,256,136,0,1,0,0,0,0,1,0,0,0,0,0,0,1,0,16,19,10,0
875,581,51,0,0,1,0,0,1,0,0,0,0,0,0,1,0,0,10,21,6,0
5103,953,137,0,0,0,1,0,0,0,1,0,0,1,0,0,0,0,11,24,4,0
1634,236,110,0,1,0,0,0,0,0,1,0,0,1,0,0,0,0,21,9,11,0
5137,588,50,0,0,0,1,0,0,0,0,1,0,1,0,0,0,0,18,11,6,0
3577,377,14,0,0,0,1,0,0,0,0,1,1,0,0,0,0,0,19,26,22,0
6293,67,166,0,1,0,0,1,0,0,0,0,0,0,0,0,0,1,10,13,15,0
9190,295,49,0,0,1,0,0,0,0,0,1,0,0,0,1,0,0,16,25,20,0
6276,728,145,0,0,0,1,0,0,0,0,1,0,0,0,0,0,1,17,28,26,0
8020,389,97,0,0,0,1,1,0,0,0,0,0,1,0,0,0,0,20,24,23,0
2705,662,74,1,0,0,0,0,0,1,0,0,0,0,0,1,0,0,10,2,16,0
6187,896,99,1,0,0,0,0,0,1,0,0,1,0,0,0,0,0,6,15,5,0
9176,260,138,0,1,0,0,1,0,0,0,0,1,0,0,0,0,0,21,17,13,0
9257,958,26,0,0,1,0,0,0,0,1,0,0,0,0,1,0,0,14,16,26,0
1950,365,165,0,0,1,0,0,0,1,0,0,0,1,0,0,0,0,8,10,1,0
8031,727,122,0,1,0,0,1,0,0,0,0,0,0,0,1,0,0,6,9,19,0
486,247,106,0,0,1,0,0,0,0,1,0,1,0,0,0,0,0,11,25,3,0
3309,76,128,1,0,0,0,0,1,0,0,0,0,1,0,0,0,0,7,4,7,0
666,627,126,0,1,0,0,0,1,0,0,0,0,0,0,0,0,1,13,15,4,0
1898,437,90,1,0,0,0,0,0,0,1,0,0,0,0,1,0,0,12,15,23,0
510,222,73,1,0,0,0,0,0,1,0,0,0,1,0,0,0,0,16,6,0,0
9008,380,7,0,1,0,0,1,0,0,0,0,0,0,0,0,1,0,19,20,12,0
4791,665,61,0,1,0,0,0,0,1,0,0,0,1,0,0,0,0,17,13,27,0
9228,123,104,0,1,0,0,1,0,0,0,0,0,1,0,0,0,0,10,7,17,0
3034,530,55,0,0,0,1,0,1,0,0,0,0,0,0,0,0,1,9,8,2,0
9294,804,70,0,0,1,0,0,1,0,0,0,0,0,0,0,0,1,14,26,17,0
6084,958,60,0,1,0,0,0,0,0,1,0,0,1,0,0,0,0,15,0,7,0
6094,248,157,0,1,0,0,0,1,0,0,0,0,0,0,0,0,1,20,3,6,0
1954,308,98,0,0,0,1,0,0,0,1,0,1,0,0,0,0,0,14,24,9,0
9867,189,4120,0,0,0,1,0,0,0,0,1,0,0,1,0,0,0,4,81,99,1
3761,714,30,0,1,0,0,0,0,1,0,0,0,0,0,0,0,1,7,6,29,0
6195,45,77,1,0,0,0,0,1,0,0,0,0,0,0,1,0,0,7,2,22,0
8387,809,101,0,0,1,0,0,1,0,0,0,0,0,0,0,0,1,17,7,14,0
6339,513,191,1,0,0,0,0,0,0,0,1,0,0,0,0,1,0,9,29,14,0
6675,371,77,0,1,0,0,0,1,0,0,0,0,0,0,1,0,0,10,8,20,0
1587,806,122,1,0,0,0,0,0,0,0,1,0,0,0,0,1,0,23,13,0,0
7097,923,43,0,0,0,1,1,0,0,0,0,0,1,0,0,0,0,19,13,8,0
7974,151,1,0,0,1,0,0,1,0,0,0,0,0,0,0,1,0,13,2,4,0
4715,887,171,0,0,0,1,0,1,0,0,0,0,1,0,0,0,0,10,1,14,0
7056,466,163,0,1,0,0,0,0,0,1,0,0,1,0,0,0,0,16,1,28,0
9462,643,56,1,0,0,0,1,0,0,0,0,0,0,0,0,0,1,8,21,22,0
9704,990,2460,0,1,0,0,0,0,1,0,0,0,0,1,0,0,0,20,80,79,1
8610,714,187,0,0,1,0,0,1,0,0,0,0,0,0,0,0,1,10,1,5,0
4449,211,101,0,0,0,1,0,0,0,0,1,0,0,0,1,0,0,12,28,19,0
872,476,63,0,0,0,1,0,0,0,0,1,0,0,0,0,1,0,15,5,2,0
6661,741,64,1,0,0,0,0,0,0,1,0,0,0,0,0,1,0,22,19,11,0
3222,510,120,0,0,1,0,1,0,0,0,0,0,0,0,0,0,1,12,19,23,0
7879,572,33,1,0,0,0,0,0,0,0,1,0,1,0,0,0,0,22,7,29,0
2752,192,127,0,1,0,0,0,0,0,1,0,0,1,0,0,0,0,13,14,18,0
2563,528,46,0,1,0,0,0,0,0,0,1,0,0,0,0,1,0,17,21,25,0
4114,702,135,0,1,0,0,0,0,1,0,0,0,0,0,0,1,0,9,6,12,0
9116,210,52,0,0,0,1,0,0,0,0,1,0,0,0,0,0,1,16,14,21,0
3233,246,47,0,0,1,0,0,0,1,0,0,0,0,0,0,0,1,19,16,19,0
1832,906,56,0,0,0,1,0,0,1,0,0,0,0,0,0,0,1,7,6,15,0
9890,109,3980,0,0,0,1,1,0,0,0,0,0,0,1,0,0,0,16,75,90,1
240,451,149,0,0,1,0,0,0,0,1,0,0,0,0,0,1,0,22,23,9,0
5354,696,77,0,0,1,0,0,1,0,0,0,0,0,0,1,0,0,10,9,21,0
5191,220,83,0,1,0,0,0,0,1,0,0,1,0,0,0,0,0,20,5,9,0
7461,368,66,0,0,0,1,0,0,0,0,1,0,0,0,1,0,0,16,23,2,0
2184,275,182,0,0,1,0,0,0,0,1,0,0,1,0,0,0,0,12,2,6,0
3755,494,40,1,0,0,0,1,0,0,0,0,0,0,0,0,1,0,7,18,12,0
6393,230,89,0,0,1,0,0,1,0,0,0,1,0,0,0,0,0,15,6,27,0
9058,888,45,0,0,0,1,0,0,0,1,0,0,0,0,1,0,0,13,4,26,0
1728,257,201,0,0,0,1,1,0,0,0,0,0,0,0,1,0,0,16,14,8,0
118,780,244,0,0,1,0,0,0,0,0,1,0,0,0,0,1,0,14,28,17,0
8552,269,76,1,0,0,0,0,0,1,0,0,1,0,0,0,0,0,10,0,22,0
7866,325,115,0,0,0,1,0,0,0,1,0,0,0,0,0,0,1,21,0,25,0
1011,214,79,1,0,0,0,0,1,0,0,0,0,0,0,0,0,1,19,23,7,0
191,156,72,1,0,0,0,0,1,0,0,0,1,0,0,0,0,0,18,10,17,0
957,951,99,0,1,0,0,1,0,0,0,0,0,1,0,0,0,0,14,21,6,0
4338,608,112,0,1,0,0,0,1,0,0,0,0,0,0,0,1,0,16,1,27,0
7149,418,30,0,0,0,1,0,0,0,0,1,0,0,0,0,1,0,20,5,29,0
6152,72,1,0,0,0,1,0,0,0,1,0,0,0,0,0,1,0,12,8,0,0
4234,803,168,0,0,0,1,0,1,0,0,0,1,0,0,0,0,0,22,18,22,0
4868,733,138,0,0,1,0,0,0,0,0,1,0,0,0,0,0,1,6,23,23,0
350,187,81,1,0,0,0,0,1,0,0,0,0,0,0,0,1,0,8,26,9,0
183,817,127,0,0,1,0,0,0,0,0,1,0,1,0,0,0,0,21,19,29,0
1756,880,162,1,0,0,0,0,0,0,1,0,0,0,0,0,0,1,19,15,25,0
1947,606,181,1,0,0,0,1,0,0,0,0,0,0,0,0,0,1,21,28,5,0
8803,22,75,1,0,0,0,1,0,0,0,0,0,0,0,0,0,1,8,20,3,0
863,377,108,0,0,1,0,0,1,0,0,0,0,0,0,0,0,1,20,18,13,0
856,782,165,0,1,0,0,0,0,0,0,1,0,1,0,0,0,0,7,6,24,0
1198,330,75,0,1,0,0,0,0,0,0,1,0,0,0,1,0,0,23,12,12,0
7892,91,116,0,0,0,1,0,1,0,0,0,0,0,0,0,1,0,23,15,23,0
2507,818,6,1,0,0,0,0,1,0,0,0,0,0,0,0,1,0,23,17,17,0
1369,623,199,0,1,0,0,0,1,0,0,0,0,0,0,0,1,0,22,11,3,0
612,602,125,0,1,0,0,0,1,0,0,0,1,0,0,0,0,0,17,21,18,0
677,277,189,0,1,0,0,0,0,0,1,0,0,0,0,0,1,0,17,11,14,0
8756,627,58,0,0,1,0,0,0,0,1,0,1,0,0,0,0,0,6,24,6,0
7721,784,56,0,0,1,0,0,0,0,1,0,0,1,0,0,0,0,8,19,13,0
1222,775,143,0,0,1,0,0,0,0,0,1,0,0,0,1,0,0,13,29,20,0
3470,919,17,1,0,0,0,0,0,0,1,0,0,0,0,0,0,1,18,27,4,0
8078,830,9,0,0,1,0,0,0,1,0,0,0,0,0,0,0,1,10,4,12,0
7670,915,188,0,1,0,0,0,0,0,1,0,1,0,0,0,0,0,22,23,29,0
6644,724,162,0,0,0,1,0,0,1,0,0,0,0,0,1,0,0,18,29,17,0
6150,833,66,1,0,0,0,0,1,0,0,0,0,0,0,0,0,1,23,29,15,0
9387,147,160,0,1,0,0,0,0,0,1,0,1,0,0,0,0,0,11,27,15,0
3651,690,38,0,1,0,0,0,0,1,0,0,0,0,0,0,1,0,7,11,7,0
507,713,82,0,0,1,0,0,1,0,0,0,0,0,0,0,1,0,23,29,13,0
5356,460,96,0,0,1,0,0,0,0,0,1,0,0,0,0,1,0,6,12,8,0
8747,342,198,0,0,1,0,0,0,0,1,0,0,1,0,0,0,0,18,14,6,0
56,801,124,0,0,1,0,0,0,1,0,0,0,1,0,0,0,0,14,25,2,0
9835,870,1223,0,1,0,0,1,0,0,0,0,1,0,0,0,0,0,4,94,87,1
5970,2,109,0,0,1,0,0,0,0,1,0,1,0,0,0,0,0,11,8,14,0
792,305,136,0,1,0,0,0,1,0,0,0,0,0,0,0,1,0,8,11,10,0
1556,842,166,0,0,0,1,1,0,0,0,0,0,1,0,0,0,0,17,7,14,0
6921,976,107,1,0,0,0,0,0,0,1,0,0,0,0,0,0,1,17,11,18,0
9791,637,22,0,0,1,0,0,0,0,0,1,0,0,0,1,0,0,4,95,72,1
956,205,99,1,0,0,0,1,0,0,0,0,0,0,0,1,0,0,20,19,12,0
8954,639,99,0,1,0,0,1,0,0,0,0,1,0,0,0,0,0,9,2,25,0
9241,216,116,0,0,1,0,0,0,1,0,0,1,0,0,0,0,0,11,21,6,0
9336,327,100,0,0,1,0,0,1,0,0,0,0,0,0,0,0,1,18,18,7,0
4381,425,3,0,0,1,0,0,0,0,0,1,0,1,0,0,0,0,17,12,22,0
5630,879,59,1,0,0,0,0,0,0,0,1,1,0,0,0,0,0,13,24,29,0
7923,675,184,0,0,1,0,0,1,0,0,0,0,1,0,0,0,0,6,8,22,0
1827,677,104,1,0,0,0,0,1,0,0,0,0,0,0,0,0,1,17,4,19,0
2760,514,70,0,0,0,1,0,0,0,1,0,1,0,0,0,0,0,17,29,12,0
1684,206,141,0,1,0,0,0,0,1,0,0,0,0,0,0,0,1,18,19,28,0
1029,201,123,0,0,1,0,1,0,0,0,0,1,0,0,0,0,0,21,18,22,0
4962,840,90,1,0,0,0,0,0,0,1,0,0,0,0,1,0,0,15,21,21,0
6621,758,64,0,0,0,1,0,0,0,1,0,0,1,0,0,0,0,8,11,15,0
1503,782,135,0,0,1,0,0,0,0,1,0,0,1,0,0,0,0,23,10,8,0
22,162,14,0,0,0,1,0,0,1,0,0,0,0,0,0,0,1,19,22,20,0
6695,172,157,0,1,0,0,0,0,0,0,1,0,0,0,0,0,1,15,5,27,0
1215,386,126,0,0,0,1,0,1,0,0,0,0,0,0,0,0,1,17,19,12,0
3846,312,98,0,0,0,1,0,0,1,0,0,0,0,0,0,0,1,16,20,24,0
5104,278,75,1,0,0,0,1,0,0,0,0,0,0,0,0,0,1,7,28,5,0
967,839,121,0,0,1,0,1,0,0,0,0,0,0,0,1,0,0,13,7,23,0
2448,142,99,0,0,1,0,0,0,1,0,0,0,0,0,0,1,0,22,28,9,0
1313,664,154,0,1,0,0,0,0,1,0,0,0,0,0,1,0,0,6,27,6,0
8139,460,133,1,0,0,0,0,0,0,1,0,1,0,0,0,0,0,8,26,0,0
6526,490,122,0,0,0,1,0,0,0,1,0,0,0,0,1,0,0,6,6,2,0
3410,749,117,0,0,0,1,0,0,1,0,0,0,1,0,0,0,0,12,10,8,0
3889,57,203,0,0,0,1,0,1,0,0,0,0,1,0,0,0,0,16,21,16,0
6402,101,70,1,0,0,0,0,0,0,0,1,0,1,0,0,0,0,13,23,13,0
8032,175,84,1,0,0,0,0,0,1,0,0,0,0,0,0,1,0,19,5,14,0
5351,379,75,1,0,0,0,1,0,0,0,0,0,0,0,0,1,0,15,18,2,0
2018,382,15,0,1,0,0,0,0,0,1,0,0,0,0,1,0,0,16,17,3,0
8119,87,48,0,1,0,0,0,0,1,0,0,1,0,0,0,0,0,17,24,7,0
6011,491,75,0,0,0,1,0,0,1,0,0,0,0,0,0,1,0,8,17,7,0
5316,685,139,0,0,1,0,0,0,0,0,1,1,0,0,0,0,0,23,18,26,0
5118,409,128,1,0,0,0,0,1,0,0,0,0,0,0,0,0,1,18,25,20,0
8515,728,75,0,0,0,1,0,0,0,0,1,0,0,0,0,0,1,22,18,16,0
3137,453,93,0,0,0,1,0,0,0,0,1,1,0,0,0,0,0,14,14,13,0
4931,734,84,0,0,1,0,0,0,0,0,1,0,0,0,1,0,0,19,29,19,0
3898,74,129,1,0,0,0,0,1,0,0,0,0,0,0,0,0,1,22,13,1,0
9363,365,98,0,0,0,1,1,0,0,0,0,0,0,0,0,1,0,11,21,9,0
2325,146,25,0,0,1,0,1,0,0,0,0,1,0,0,0,0,0,19,21,0,0
3713,440,99,1,0,0,0,0,0,0,1,0,0,0,0,0,0,1,21,5,9,0
759,824,102,1,0,0,0,0,0,1,0,0,0,1,0,0,0,0,23,16,17,0
6205,448,135,0,0,1,0,0,0,1,0,0,0,0,0,1,0,0,6,22,29,0
7857,509,202,1,0,0,0,1,0,0,0,0,0,0,0,1,0,0,8,14,9,0
6056,862,101,0,0,0,1,0,0,0,0,1,0,1,0,0,0,0,11,24,13,0
9974,456,665,0,0,1,0,0,1,0,0,0,0,0,1,0,0,0,4,74,92,1
5581,195,17,0,0,1,0,0,0,0,0,1,1,0,0,0,0,0,16,14,18,0
2271,973,25,0,0,1,0,0,0,0,1,0,0,0,0,1,0,0,22,14,23,0
9741,413,2601,0,1,0,0,0,1,0,0,0,0,0,0,0,0,1,21,87,94,1
3017,606,83,0,1,0,0,0,0,1,0,0,1,0,0,0,0,0,15,2,11,0
39,548,1,0,0,0,1,0,0,0,1,0,0,0,0,0,0,1,22,26,22,0
1796,382,91,0,0,0,1,0,0,1,0,0,0,0,0,0,0,1,7,28,27,0
1390,937,1,0,0,1,0,0,0,0,1,0,0,0,0,0,0,1,8,21,20,0
2559,7,19,0,1,0,0,0,0,1,0,0,0,0,0,1,0,0,23,27,17,0
9699,357,3036,0,1,0,0,0,1,0,0,0,0,0,1,0,0,0,4,80,77,1
3828,64,79,0,0,1,0,0,0,1,0,0,1,0,0,0,0,0,18,15,20,0
2060,908,96,0,0,0,1,0,0,0,0,1,1,0,0,0,0,0,19,26,19,0
5813,441,67,1,0,0,0,0,0,0,0,1,0,0,0,1,0,0,21,29,25,0
4017,508,1,0,0,0,1,1,0,0,0,0,1,0,0,0,0,0,15,2,24,0
1496,717,98,1,0,0,0,0,0,0,1,0,1,0,0,0,0,0,10,6,25,0
1549,58,101,1,0,0,0,1,0,0,0,0,0,0,0,0,0,1,21,3,2,0
1006,693,8,0,1,0,0,0,0,1,0,0,0,0,0,0,1,0,7,20,2,0
6013,959,48,0,0,1,0,1,0,0,0,0,0,0,0,1,0,0,14,23,29,0
5257,677,120,1,0,0,0,0,1,0,0,0,1,0,0,0,0,0,10,3,23,0
8945,186,136,0,0,0,1,0,1,0,0,0,0,0,0,1,0,0,7,15,25,0
8137,862,83,1,0,0,0,0,1,0,0,0,0,1,0,0,0,0,13,14,6,0
6425,235,186,0,1,0,0,1,0,0,0,0,0,0,0,0,0,1,7,22,12,0
3065,807,77,0,0,1,0,1,0,0,0,0,0,1,0,0,0,0,8,0,7,0
3744,117,43,0,0,1,0,0,1,0,0,0,0,0,0,1,0,0,7,5,20,0
2082,730,162,0,0,0,1,0,0,0,1,0,0,0,0,0,0,1,22,21,10,0
6224,993,110,0,0,0,1,1,0,0,0,0,0,0,0,0,0,1,13,29,14,0
4220,23,79,0,0,1,0,0,0,0,1,0,0,0,0,1,0,0,21,23,15,0
4658,175,105,0,1,0,0,0,1,0,0,0,0,0,0,0,1,0,12,22,1,0
5794,240,63,0,1,0,0,0,0,1,0,0,0,1,0,0,0,0,9,10,20,0
5700,870,126,0,0,0,1,0,0,1,0,0,0,0,0,0,0,1,23,23,2,0
6385,334,77,0,1,0,0,0,0,0,0,1,1,0,0,0,0,0,12,1,21,0
5648,401,144,1,0,0,0,0,0,0,1,0,0,1,0,0,0,0,10,6,5,0
770,614,1,1,0,0,0,0,0,1,0,0,1,0,0,0,0,0,13,2,22,0
2988,287,109,0,0,1,0,1,0,0,0,0,0,1,0,0,0,0,9,12,1,0
9013,316,109,0,0,0,1,0,0,0,1,0,0,0,0,1,0,0,20,3,5,0
8693,58,91,0,0,0,1,0,1,0,0,0,0,0,0,0,0,1,12,20,12,0
1025,391,78,0,1,0,0,1,0,0,0,0,0,0,0,0,1,0,19,26,13,0
1045,688,223,0,0,0,1,0,0,0,1,0,0,0,0,1,0,0,10,26,29,0
4867,245,61,0,0,1,0,0,1,0,0,0,0,1,0,0,0,0,17,3,24,0
3764,998,82,0,1,0,0,0,0,0,1,0,0,1,0,0,0,0,13,29,26,0
8735,312,51,1,0,0,0,0,0,1,0,0,0,0,0,1,0,0,9,18,20,0
9024,277,88,1,0,0,0,1,0,0,0,0,1,0,0,0,0,0,6,7,26,0
2973,134,84,0,0,1,0,0,0,1,0,0,0,0,0,0,0,1,16,12,6,0
7259,189,88,0,0,1,0,0,0,1,0,0,0,1,0,0,0,0,11,16,20,0
7275,667,25,0,0,0,1,0,0,1,0,0,0,0,0,0,1,0,10,12,20,0
3804,167,104,0,1,0,0,0,0,0,0,1,0,0,0,1,0,0,7,16,17,0
7260,870,178,0,0,1,0,0,0,0,0,1,0,0,0,0,0,1,6,12,9,0
4939,865,91,0,0,0,1,0,0,0,0,1,1,0,0,0,0,0,12,0,24,0
4321,708,38,0,0,0,1,1,0,0,0,0,0,1,0,0,0,0,16,22,8,0
5573,920,46,0,1,0,0,0,0,0,1,0,0,0,0,0,0,1,6,27,27,0
4117,6,163,1,0,0,0,0,0,1,0,0,0,0,0,1,0,0,23,6,9,0
4201,431,63,0,0,0,1,1,0,0,0,0,0,1,0,0,0,0,16,7,21,0
5539,274,71,0,0,1,0,0,0,0,1,0,0,0,0,0,0,1,9,1,18,0
7659,857,92,0,0,0,1,0,0,0,0,1,0,0,0,0,0,1,22,18,11,0
570,246,148,0,1,0,0,0,0,0,0,1,1,0,0,0,0,0,11,27,25,0
3686,11,122,1,0,0,0,0,0,1,0,0,0,1,0,0,0,0,11,14,14,0
561,124,116,0,0,1,0,0,0,0,1,0,0,0,0,0,0,1,9,23,5,0
1326,863,123,0,0,1,0,1,0,0,0,0,0,1,0,0,0,0,23,17,0,0
4237,590,120,0,0,0,1,0,0,0,0,1,0,0,0,1,0,0,16,17,18,0
9858,1,4912,0,0,1,0,0,0,0,0,1,0,0,0,0,0,1,13,74,95,1
7851,613,111,1,0,0,0,1,0,0,0,0,0,1,0,0,0,0,14,2,18,0
4974,7,68,0,0,0,1,0,1,0,0,0,0,0,0,0,0,1,6,25,24,0
4746,928,60,0,0,0,1,1,0,0,0,0,0,1,0,0,0,0,12,0,3,0
7664,695,116,0,0,1,0,1,0,0,0,0,0,0,0,1,0,0,18,21,9,0
6764,898,75,0,0,0,1,0,0,0,0,1,0,0,0,0,1,0,20,9,27,0
3875,812,119,0,0,1,0,0,0,0,0,1,0,0,0,0,1,0,22,27,15,0
6025,75,77,1,0,0,0,0,0,1,0,0,0,1,0,0,0,0,9,8,25,0
4481,892,79,0,0,1,0,0,0,0,1,0,1,0,0,0,0,0,17,27,5,0
6987,282,150,0,0,0,1,1,0,0,0,0,0,0,0,1,0,0,21,12,26,0
805,46,1,0,0,1,0,0,0,0,0,1,1,0,0,0,0,0,22,17,22,0
3603,411,78,0,0,1,0,0,1,0,0,0,0,0,0,1,0,0,13,15,23,0
5411,760,119,0,0,1,0,0,1,0,0,0,0,0,0,0,1,0,17,0,10,0
3020,970,78,1,0,0,0,0,1,0,0,0,0,1,0,0,0,0,15,21,25,0
2679,556,1,1,0,0,0,0,0,0,0,1,0,0,0,0,0,1,13,9,1,0
4388,797,67,0,0,0,1,0,0,0,1,0,1,0,0,0,0,0,18,19,14,0
166,74,150,0,0,0,1,1,0,0,0,0,0,0,0,0,0,1,11,20,12,0
1343,38,65,0,0,0,1,0,0,0,0,1,0,0,0,0,0,1,13,15,22,0
6863,883,131,0,0,1,0,0,0,1,0,0,0,1,0,0,0,0,9,1,2,0
5900,373,55,0,1,0,0,0,0,0,1,0,0,0,0,0,0,1,9,9,29,0
9070,82,109,0,0,0,1,0,0,0,1,0,0,0,0,0,1,0,18,0,24,0
7920,853,234,0,0,0,1,0,0,0,0,1,0,0,0,1,0,0,21,18,20,0
2710,633,76,1,0,0,0,0,1,0,0,0,0,0,0,0,0,1,21,9,23,0
7896,332,116,0,0,0,1,0,0,0,1,0,0,0,0,0,1,0,11,7,6,0
4329,831,199,0,0,0,1,0,0,0,1,0,0,0,0,0,1,0,23,10,16,0
1166,784,104,0,0,1,0,0,0,1,0,0,0,0,0,0,0,1,13,13,8,0
7530,129,114,0,1,0,0,0,0,0,0,1,1,0,0,0,0,0,6,16,16,0
9729,135,941,0,0,1,0,0,0,1,0,0,0,0,0,0,0,1,19,95,98,1
1597,540,127,0,0,0,1,0,0,1,0,0,0,0,0,0,1,0,9,16,22,0
4706,72,123,0,1,0,0,1,0,0,0,0,1,0,0,0,0,0,20,13,20,0
2568,848,27,0,0,1,0,0,0,0,1,0,1,0,0,0,0,0,15,1,23,0
255,303,126,0,1,0,0,0,1,0,0,0,0,1,0,0,0,0,22,8,4,0
6688,28,1,1,0,0,0,0,0,0,1,0,0,0,0,0,1,0,22,26,27,0
125,725,135,0,0,1,0,0,0,0,1,0,0,0,0,1,0,0,14,24,13,0
2980,162,146,1,0,0,0,0,1,0,0,0,0,0,0,0,0,1,22,0,11,0
882,574,44,0,0,0,1,0,0,0,1,0,0,1,0,0,0,0,23,27,21,0
4303,596,104,1,0,0,0,0,0,1,0,0,1,0,0,0,0,0,7,19,9,0
7065,432,113,0,0,1,0,0,0,0,0,1,1,0,0,0,0,0,10,14,19,0
4545,210,66,0,0,0,1,0,0,0,0,1,0,1,0,0,0,0,22,15,24,0
6156,598,183,0,0,1,0,0,0,1,0,0,0,0,0,0,0,1,9,23,5,0
2997,784,143,1,0,0,0,0,0,0,1,0,0,0,0,1,0,0,13,16,2,0
8790,868,53,0,1,0,0,0,0,0,0,1,1,0,0,0,0,0,19,20,5,0
5483,126,122,0,0,1,0,0,0,1,0,0,0,0,0,1,0,0,21,11,10,0
4415,762,146,0,0,1,0,0,0,0,1,0,0,0,0,0,0,1,15,23,0,0
2435,377,101,0,0,0,1,0,0,1,0,0,0,0,0,0,1,0,16,6,20,0
5537,508,81,0,0,0,1,0,0,0,0,1,0,0,0,0,1,0,15,19,20,0
9215,220,10,0,0,0,1,0,1,0,0,0,0,0,0,0,0,1,22,19,11,0
2039,919,1,0,0,0,1,0,0,0,0,1,1,0,0,0,0,0,7,6,28,0
6101,796,30,1,0,0,0,0,0,1,0,0,0,1,0,0,0,0,7,6,9,0
3862,339,102,0,1,0,0,0,1,0,0,0,1,0,0,0,0,0,13,11,17,0
2308,232,78,0,1,0,0,0,0,0,0,1,0,0,0,1,0,0,14,25,17,0
5635,529,193,0,0,1,0,0,0,0,1,0,0,0,0,0,0,1,13,25,18,0
4136,537,66,1,0,0,0,0,0,0,1,0,1,0,0,0,0,0,17,15,23,0
9026,573,168,0,0,1,0,0,0,0,0,1,1,0,0,0,0,0,14,6,29,0
2437,984,5,0,1,0,0,1,0,0,0,0,1,0,0,0,0,0,21,2,5,0
8466,841,121,1,0,0,0,0,0,0,1,0,0,0,0,0,0,1,19,24,4,0
6296,180,110,0,0,1,0,0,0,0,0,1,0,0,0,0,0,1,11,16,9,0
2846,899,31,0,1,0,0,0,0,1,0,0,1,0,0,0,0,0,23,11,19,0
157,11,190,0,1,0,0,0,1,0,0,0,0,1,0,0,0,0,12,12,27,0
3133,127,180,0,0,1,0,0,0,0,0,1,0,0,0,1,0,0,9,21,22,0
7506,92,131,1,0,0,0,0,0,0,1,0,0,0,0,0,1,0,7,14,21,0
4251,883,53,0,0,0,1,1,0,0,0,0,0,0,0,0,1,0,10,11,18,0
1340,5,136,1,0,0,0,1,0,0,0,0,0,0,0,0,0,1,10,5,14,0
3766,537,84,1,0,0,0,0,0,0,0,1,0,0,0,0,0,1,17,24,26,0
4038,486,131,0,0,1,0,0,0,0,1,0,0,0,0,0,1,0,19,27,8,0
4004,616,69,0,0,1,0,0,0,0,1,0,1,0,0,0,0,0,20,24,0,0
5392,916,100,0,0,0,1,0,0,0,1,0,0,0,0,0,1,0,21,20,3,0
4095,869,48,0,0,0,1,1,0,0,0,0,0,0,0,0,1,0,16,15,12,0
7616,165,148,1,0,0,0,0,0,0,0,1,0,0,0,0,0,1,10,15,23,0
6940,72,43,1,0,0,0,0,0,0,0,1,0,0,0,0,1,0,11,11,10,0
9362,955,95,1,0,0,0,1,0,0,0,0,1,0,0,0,0,0,10,2,15,0
3489,186,130,0,0,0,1,0,1,0,0,0,0,1,0,0,0,0,7,24,28,0
7802,791,101,1,0,0,0,0,0,1,0,0,0,0,0,1,0,0,21,8,12,0
1628,527,158,1,0,0,0,0,0,1,0,0,0,1,0,0,0,0,12,27,11,0
2205,473,49,1,0,0,0,1,0,0,0,0,0,1,0,0,0,0,15,3,14,0
2310,226,89,0,0,1,0,0,0,0,1,0,0,0,0,0,0,1,23,10,20,0
7280,366,147,0,1,0,0,0,1,0,0,0,0,0,0,0,1,0,11,3,18,0
7273,6,70,0,0,0,1,0,0,0,0,1,0,0,0,0,0,1,6,19,27,0
1379,619,153,0,1,0,0,0,0,0,0,1,0,0,0,1,0,0,6,7,11,0
8454,146,175,1,0,0,0,0,0,1,0,0,0,0,0,0,1,0,13,18,25,0
869,417,44,0,0,1,0,0,0,0,1,0,0,0,0,0,1,0,10,5,1,0
2674,782,134,0,0,1,0,0,0,1,0,0,1,0,0,0,0,0,6,15,22,0
7262,510,103,0,0,1,0,0,0,0,1,0,0,1,0,0,0,0,17,0,20,0
4862,277,84,0,0,1,0,0,0,0,0,1,0,0,0,0,1,0,12,4,10,0
4182,463,53,0,1,0,0,1,0,0,0,0,1,0,0,0,0,0,17,11,9,0
5039,585,39,0,0,0,1,0,0,1,0,0,0,0,0,0,0,1,14,14,22,0
4805,921,111,0,0,1,0,0,0,1,0,0,0,0,0,0,0,1,14,24,5,0
6616,424,1,0,1,0,0,1,0,0,0,0,0,1,0,0,0,0,20,19,10,0
802,381,103,1,0,0,0,0,1,0,0,0,0,0,0,1,0,0,9,5,27,0
4979,252,144,1,0,0,0,0,0,0,1,0,1,0,0,0,0,0,13,13,18,0
5868,710,74,0,1,0,0,0,1,0,0,0,0,0,0,0,1,0,20,20,23,0
5993,704,137,0,1,0,0,0,1,0,0,0,0,0,0,0,0,1,16,17,0,0
9895,624,2110,1,0,0,0,0,0,1,0,0,0,0,0,0,0,1,1,77,86,1
4770,829,82,1,0,0,0,0,1,0,0,0,1,0,0,0,0,0,12,16,2,0
433,979,154,0,0,1,0,1,0,0,0,0,0,0,0,1,0,0,23,19,24,0
3515,454,177,0,0,0,1,1,0,0,0,0,0,0,0,0,1,0,16,3,16,0
2091,37,87,1,0,0,0,0,0,0,0,1,1,0,0,0,0,0,13,16,24,0
4460,401,180,0,0,0,1,0,0,0,1,0,0,0,0,0,1,0,22,17,0,0
3856,679,128,0,0,1,0,0,0,0,0,1,0,0,0,1,0,0,16,5,6,0
3502,541,130,0,0,0,1,0,0,0,0,1,0,0,0,0,1,0,12,8,29,0
5540,210,1,0,0,1,0,0,0,1,0,0,0,1,0,0,0,0,7,27,7,0
6133,946,103,0,0,1,0,0,0,0,1,0,1,0,0,0,0,0,14,13,5,0
8060,183,62,0,1,0,0,0,1,0,0,0,0,0,0,0,1,0,17,26,19,0
1877,42,99,0,0,0,1,0,0,1,0,0,0,0,0,1,0,0,7,25,28,0
3425,245,81,0,0,1,0,1,0,0,0,0,0,0,0,0,0,1,16,9,10,0
3378,74,125,1,0,0,0,0,1,0,0,0,0,0,0,0,0,1,12,13,1,0
8014,185,1,1,0,0,0,0,0,0,1,0,0,1,0,0,0,0,16,19,3,0
1829,13,42,0,0,1,0,0,0,1,0,0,0,1,0,0,0,0,11,23,18,0
42,647,154,0,0,1,0,0,0,1,0,0,0,0,0,0,0,1,6,2,12,0
8341,105,192,0,0,0,1,0,1,0,0,0,0,1,0,0,0,0,9,2,10,0
8279,782,156,0,0,1,0,1,0,0,0,0,0,0,0,0,0,1,22,27,25,0
4509,888,128,0,1,0,0,0,0,0,1,0,1,0,0,0,0,0,13,23,11,0
4310,984,71,0,0,1,0,0,0,1,0,0,1,0,0,0,0,0,6,14,29,0
9966,339,22,0,1,0,0,0,0,0,0,1,0,0,0,0,0,1,5,87,94,1
2815,502,36,0,1,0,0,0,1,0,0,0,0,0,0,0,0,1,17,7,12,0
9064,509,119,1,0,0,0,0,1,0,0,0,0,1,0,0,0,0,18,21,24,0
7443,404,95,1,0,0,0,1,0,0,0,0,0,0,0,0,1,0,8,21,25,0
5610,794,95,0,1,0,0,1,0,0,0,0,0,0,0,0,0,1,7,4,2,0
7190,282,48,0,0,0,1,0,0,0,0,1,0,0,0,0,0,1,6,25,22,0
2132,52,102,0,1,0,0,0,0,1,0,0,0,0,0,1,0,0,17,7,19,0
1229,389,162,1,0,0,0,1,0,0,0,0,0,0,0,0,1,0,10,29,4,0
5048,790,97,0,0,1,0,0,0,1,0,0,0,0,0,1,0,0,23,14,5,0
5513,322,139,0,0,0,1,0,1,0,0,0,0,0,0,0,1,0,6,12,12,0
5397,402,111,0,1,0,0,0,0,1,0,0,1,0,0,0,0,0,19,29,9,0
655,692,137,1,0,0,0,0,0,0,1,0,0,1,0,0,0,0,22,29,24,0
518,492,79,0,1,0,0,0,0,1,0,0,0,0,0,0,1,0,11,28,15,0
5314,855,137,0,0,1,0,0,0,0,1,0,1,0,0,0,0,0,11,26,22,0
778,341,126,0,0,1,0,1,0,0,0,0,1,0,0,0,0,0,10,6,12,0
9378,177,1,0,1,0,0,1,0,0,0,0,0,0,0,0,1,0,14,15,28,0
5286,62,170,0,0,0,1,0,1,0,0,0,0,0,0,0,1,0,16,28,11,0
5067,225,1,0,0,1,0,0,1,0,0,0,1,0,0,0,0,0,14,7,19,0
3405,797,79,0,0,1,0,0,0,0,0,1,0,0,0,0,1,0,8,4,22,0
3583,880,131,0,0,1,0,0,1,0,0,0,1,0,0,0,0,0,16,15,10,0
8447,52,98,0,1,0,0,0,0,0,1,0,0,0,0,1,0,0,11,4,24,0
5485,823,59,0,1,0,0,0,1,0,0,0,0,0,0,0,0,1,10,27,8,0
6979,689,162,1,0,0,0,0,1,0,0,0,0,0,0,0,1,0,19,18,4,0
6683,964,169,0,1,0,0,0,0,0,1,0,0,1,0,0,0,0,12,8,1,0
9587,740,1343,0,1,0,0,0,0,0,0,1,0,0,0,0,0,1,20,85,70,1
9474,661,119,0,0,1,0,0,0,1,0,0,0,0,0,0,1,0,23,27,4,0
5563,757,26,0,0,0,1,0,0,0,1,0,0,0,0,0,1,0,17,5,23,0
6809,340,103,0,1,0,0,0,0,0,1,0,1,0,0,0,0,0,6,4,24,0
9069,435,35,0,0,0,1,0,0,1,0,0,1,0,0,0,0,0,10,4,28,0
3459,729,78,1,0,0,0,0,1,0,0,0,0,0,0,0,1,0,18,10,28,0
8706,254,186,0,0,0,1,0,0,1,0,0,0,0,0,0,1,0,14,0,28,0
1421,480,99,0,0,1,0,0,0,0,0,1,0,0,0,0,1,0,18,3,10,0
156,465,100,0,0,0,1,0,0,1,0,0,0,0,0,1,0,0,8,20,6,0
1772,461,97,0,0,0,1,1,0,0,0,0,0,0,0,1,0,0,8,11,12,0
7272,408,7,0,0,0,1,1,0,0,0,0,0,0,0,1,0,0,8,9,10,0
3310,923,97,1,0,0,0,0,0,1,0,0,0,0,0,0,0,1,19,0,16,0
1017,403,94,0,0,0,1,1,0,0,0,0,0,1,0,0,0,0,16,16,14,0
3411,413,64,0,0,0,1,0,0,0,0,1,0,0,0,0,1,0,15,1,23,0
7929,484,106,0,1,0,0,1,0,0,0,0,0,0,0,1,0,0,14,27,2,0
1370,918,98,1,0,0,0,0,0,0,0,1,0,0,0,1,0,0,6,3,6,0
1889,93,182,0,1,0,0,1,0,0,0,0,0,0,0,0,0,1,14,6,18,0
9528,702,4603,0,0,0,1,0,0,0,1,0,0,0,0,0,0,1,9,74,74,1
4642,113,100,0,1,0,0,1,0,0,0,0,0,0,0,0,1,0,14,11,29,0
5832,885,49,0,0,1,0,0,0,0,1,0,1,0,0,0,0,0,22,23,21,0
2584,752,122,1,0,0,0,0,0,0,0,1,0,0,0,1,0,0,16,15,28,0
9481,427,115,0,1,0,0,0,0,0,1,0,0,1,0,0,0,0,6,25,11,0
8409,19,52,0,1,0,0,1,0,0,0,0,1,0,0,0,0,0,15,24,28,0
1304,68,96,1,0,0,0,0,1,0,0,0,1,0,0,0,0,0,6,2,26,0
7266,485,95,1,0,0,0,0,0,0,0,1,0,0,0,1,0,0,10,16,11,0
5841,522,82,0,0,0,1,0,0,0,1,0,1,0,0,0,0,0,18,1,16,0
2737,400,95,0,0,1,0,0,0,0,1,0,1,0,0,0,0,0,14,17,7,0
9043,776,141,1,0,0,0,0,0,0,0,1,0,1,0,0,0,0,14,20,2,0
3128,868,176,0,0,0,1,1,0,0,0,0,0,1,0,0,0,0,22,18,1,0
7590,809,46,0,1,0,0,0,0,0,1,0,0,0,0,0,1,0,8,7,7,0
8284,505,123,0,0,1,0,0,0,0,0,1,1,0,0,0,0,0,18,7,10,0
6574,71,19,0,0,0,1,0,0,0,1,0,0,1,0,0,0,0,14,4,17,0
5626,102,120,0,1,0,0,0,1,0,0,0,0,0,0,0,0,1,21,27,24,0
9145,98,66,1,0,0,0,0,0,0,0,1,1,0,0,0,0,0,21,23,27,0
808,550,175,0,0,0,1,0,0,1,0,0,0,1,0,0,0,0,8,27,18,0
1584,367,142,0,0,1,0,0,0,0,0,1,1,0,0,0,0,0,23,20,1,0
3100,787,106,0,0,0,1,0,1,0,0,0,0,0,0,0,1,0,19,11,21,0
2510,987,51,0,0,0,1,0,0,0,0,1,0,1,0,0,0,0,12,1,22,0
9443,630,66,0,0,1,0,0,1,0,0,0,1,0,0,0,0,0,23,29,25,0
6332,98,67,0,0,1,0,0,1,0,0,0,0,0,0,0,0,1,6,10,0,0
2046,144,138,1,0,0,0,1,0,0,0,0,0,0,0,1,0,0,22,11,20,0
2296,406,3,0,0,0,1,0,0,0,1,0,0,1,0,0,0,0,23,4,24,0
7306,233,63,0,0,0,1,1,0,0,0,0,0,0,0,0,1,0,13,0,25,0
205,910,148,1,0,0,0,0,0,1,0,0,0,0,0,0,1,0,11,6,23,0
216,400,107,1,0,0,0,0,0,0,0,1,0,1,0,0,0,0,16,6,10,0
5740,578,26,1,0,0,0,1,0,0,0,0,1,0,0,0,0,0,11,2,3,0
1084,133,184,0,0,0,1,0,0,1,0,0,0,1,0,0,0,0,14,22,2,0
1322,310,91,0,0,0,1,0,0,1,0,0,0,1,0,0,0,0,12,27,2,0
4664,343,55,0,1,0,0,1,0,0,0,0,0,0,0,0,0,1,8,19,15,0
1670,991,118,0,0,1,0,0,1,0,0,0,0,0,0,1,0,0,18,22,8,0
308,355,89,0,0,1,0,0,0,1,0,0,0,0,0,1,0,0,23,18,8,0
5615,320,79,0,0,1,0,0,0,0,0,1,0,1,0,0,0,0,14,16,25,0
493,14,60,1,0,0,0,0,1,0,0,0,0,0,0,1,0,0,22,4,3,0
230,724,164,0,0,1,0,0,1,0,0,0,0,0,0,1,0,0,6,24,29,0
718,614,22,0,1,0,0,1,0,0,0,0,0,0,0,0,0,1,16,11,0,0
2382,471,101,0,0,0,1,0,1,0,0,0,1,0,0,0,0,0,15,12,18,0
6919,278,22,0,0,0,1,0,0,0,0,1,0,0,0,0,1,0,18,12,9,0
7007,942,13,0,0,1,0,0,0,0,1,0,0,1,0,0,0,0,23,26,14,0
8216,712,175,0,1,0,0,0,0,0,0,1,0,0,0,0,1,0,21,5,23,0
5183,576,137,0,1,0,0,0,0,0,0,1,0,0,0,0,0,1,10,16,17,0
1480,667,87,1,0,0,0,1,0,0,0,0,0,0,0,1,0,0,23,3,5,0
9958,894,132,0,1,0,0,1,0,0,0,0,0,0,1,0,0,0,8,94,93,1
540,698,145,1,0,0,0,0,0,0,1,0,0,1,0,0,0,0,16,2,12,0
5105,250,140,0,1,0,0,1,0,0,0,0,1,0,0,0,0,0,7,24,3,0
7938,227,145,0,0,1,0,0,0,0,0,1,1,0,0,0,0,0,6,18,1,0
3476,810,83,0,0,0,1,1,0,0,0,0,0,1,0,0,0,0,18,28,23,0
2181,937,102,0,1,0,0,0,0,0,0,1,0,1,0,0,0,0,13,27,9,0
5783,295,124,1,0,0,0,0,0,0,1,0,1,0,0,0,0,0,22,9,15,0
4615,955,186,0,0,1,0,0,0,1,0,0,0,1,0,0,0,0,19,25,13,0
3522,89,102,1,0,0,0,0,0,0,0,1,1,0,0,0,0,0,20,24,5,0
3059,792,87,0,0,1,0,0,0,0,1,0,1,0,0,0,0,0,15,13,23,0
3677,265,1,0,1,0,0,0,0,0,0,1,0,0,0,0,1,0,7,25,1,0
3374,952,131,0,1,0,0,0,0,0,0,1,1,0,0,0,0,0,6,12,23,0
7894,480,113,0,1,0,0,0,0,0,1,0,0,0,0,0,0,1,21,14,27,0
3052,897,108,0,0,1,0,0,0,0,0,1,0,0,0,1,0,0,7,10,5,0
8408,970,127,0,0,1,0,0,0,1,0,0,0,0,0,1,0,0,13,26,16,0
389,719,6,0,0,1,0,1,0,0,0,0,0,0,0,0,0,1,14,11,16,0
3312,19,122,1,0,0,0,1,0,0,0,0,0,1,0,0,0,0,23,8,16,0
8784,56,79,0,0,1,0,1,0,0,0,0,1,0,0,0,0,0,11,12,3,0
4096,611,84,0,0,1,0,0,0,1,0,0,0,1,0,0,0,0,7,12,21,0
1099,412,67,0,0,0,1,0,0,0,1,0,0,1,0,0,0,0,20,17,19,0
5145,281,1,0,1,0,0,0,1,0,0,0,1,0,0,0,0,0,23,25,4,0
8849,228,140,0,0,0,1,0,0,1,0,0,1,0,0,0,0,0,15,15,20,0
4304,934,149,0,1,0,0,0,0,0,1,0,0,1,0,0,0,0,14,10,7,0
8286,319,31,1,0,0,0,0,0,1,0,0,1,0,0,0,0,0,22,15,23,0
9071,224,26,0,1,0,0,0,1,0,0,0,0,0,0,1,0,0,17,19,10,0
6817,385,107,0,0,0,1,1,0,0,0,0,1,0,0,0,0,0,18,1,17,0
9583,808,10,0,0,1,0,0,0,0,0,1,0,0,0,1,0,0,19,72,74,1
7221,674,81,0,0,1,0,0,0,0,0,1,0,0,0,0,0,1,6,8,16,0
9475,374,187,0,0,0,1,0,1,0,0,0,0,0,0,0,0,1,23,29,10,0
4359,227,100,0,0,0,1,0,0,1,0,0,1,0,0,0,0,0,11,11,19,0
2047,64,158,0,0,0,1,0,1,0,0,0,1,0,0,0,0,0,18,11,29,0
3057,677,133,0,0,0,1,1,0,0,0,0,0,0,0,0,1,0,8,24,4,0
8779,970,132,0,0,0,1,0,0,1,0,0,0,0,0,0,0,1,6,24,0,0
3812,527,91,0,0,1,0,0,0,0,1,0,1,0,0,0,0,0,15,10,3,0
943,659,48,1,0,0,0,0,0,1,0,0,0,1,0,0,0,0,20,27,19,0
8098,83,191,0,1,0,0,1,0,0,0,0,0,0,0,0,0,1,14,13,13,0
822,31,101,0,0,1,0,1,0,0,0,0,0,0,0,0,1,0,19,3,15,0
9231,186,108,0,0,1,0,0,0,0,1,0,1,0,0,0,0,0,23,27,19,0
3064,297,183,0,1,0,0,0,1,0,0,0,0,0,0,0,1,0,17,7,26,0
8984,104,17,1,0,0,0,0,0,1,0,0,0,1,0,0,0,0,21,8,9,0
8734,87,161,0,0,1,0,0,0,0,1,0,0,0,0,0,1,0,21,9,26,0
1776,991,87,0,0,1,0,1,0,0,0,0,0,0,0,0,0,1,18,29,0,0
8025,664,115,0,1,0,0,0,0,1,0,0,0,0,0,1,0,0,22,15,26,0
4552,409,68,0,0,0,1,0,0,1,0,0,0,0,0,0,1,0,21,8,25,0
7913,820,126,0,0,1,0,0,0,1,0,0,0,0,0,0,0,1,10,26,0,0
5542,902,180,1,0,0,0,0,0,0,0,1,0,0,0,0,1,0,15,13,16,0
6581,281,84,0,1,0,0,0,1,0,0,0,0,0,0,0,1,0,19,4,19,0
162,849,114,1,0,0,0,0,1,0,0,0,0,1,0,0,0,0,9,8,29,0
8442,583,140,0,1,0,0,0,1,0,0,0,0,1,0,0,0,0,12,11,25,0
8847,605,103,0,0,0,1,0,0,1,0,0,1,0,0,0,0,0,9,13,5,0
7986,155,58,1,0,0,0,0,0,0,0,1,1,0,0,0,0,0,8,17,20,0
6645,232,114,0,0,0,1,0,0,0,1,0,0,0,0,0,1,0,19,17,23,0
8128,381,73,1,0,0,0,0,0,0,1,0,0,0,0,0,1,0,16,10,18,0
7720,157,72,0,0,1,0,0,1,0,0,0,1,0,0,0,0,0,13,19,20,0
5530,370,77,0,0,0,1,0,0,0,1,0,0,1,0,0,0,0,17,17,5,0
4667,119,77,0,0,1,0,0,0,1,0,0,1,0,0,0,0,0,21,20,9,0
4495,491,69,0,0,1,0,0,1,0,0,0,0,0,0,0,0,1,20,22,28,0
2762,315,162,1,0,0,0,1,0,0,0,0,0,0,0,0,0,1,23,16,6,0
8332,818,146,1,0,0,0,0,0,0,0,1,0,0,0,0,1,0,6,25,20,0
9666,554,1513,0,0,0,1,0,0,1,0,0,0,0,0,0,1,0,19,96,97,1
7597,135,9,0,0,0,1,1,0,0,0,0,0,1,0,0,0,0,21,14,21,0
5679,403,154,1,0,0,0,0,1,0,0,0,0,0,0,1,0,0,13,4,28,0
6444,252,137,0,1,0,0,0,0,0,0,1,0,0,0,1,0,0,18,3,4,0
242,792,188,0,0,0,1,0,1,0,0,0,0,0,0,0,0,1,18,4,7,0
5768,515,136,0,1,0,0,0,0,0,1,0,0,1,0,0,0,0,11,20,20,0
8061,663,146,1,0,0,0,1,0,0,0,0,1,0,0,0,0,0,10,26,25,0
6739,322,75,0,1,0,0,1,0,0,0,0,1,0,0,0,0,0,7,0,17,0
1353,975,176,0,0,1,0,0,0,1,0,0,0,1,0,0,0,0,8,12,7,0
8147,335,78,1,0,0,0,1,0,0,0,0,0,0,0,0,1,0,20,19,23,0
877,339,108,0,1,0,0,0,1,0,0,0,0,1,0,0,0,0,10,20,16,0
5321,560,192,0,1,0,0,0,0,1,0,0,0,0,0,1,0,0,18,25,4,0
9806,374,3842,1,0,0,0,0,1,0,0,0,0,0,0,0,1,0,13,80,75,1
276,897,101,0,0,1,0,0,0,1,0,0,0,0,0,0,1,0,19,7,23,0
3990,260,161,0,0,0,1,1,0,0,0,0,1,0,0,0,0,0,21,22,13,0
9818,215,10,0,0,0,1,0,0,0,0,1,1,0,0,0,0,0,4,90,85,1
6839,993,175,1,0,0,0,0,0,0,0,1,0,0,0,1,0,0,20,10,10,0
3220,796,187,0,0,1,0,0,0,0,0,1,0,0,0,0,1,0,8,19,18,0
9622,596,1034,1,0,0,0,1,0,0,0,0,0,0,0,0,1,0,5,70,94,1
9237,885,115,0,0,1,0,1,0,0,0,0,0,1,0,0,0,0,22,24,22,0
1894,944,43,0,0,0,1,1,0,0,0,0,0,1,0,0,0,0,19,15,4,0
1199,527,96,0,1,0,0,0,0,1,0,0,0,1,0,0,0,0,23,5,0,0
8433,129,142,0,0,0,1,0,1,0,0,0,0,0,0,0,1,0,15,6,20,0
9658,15,1074,0,1,0,0,1,0,0,0,0,0,0,1,0,0,0,7,99,75,1
2932,829,127,0,0,1,0,0,0,0,1,0,1,0,0,0,0,0,15,8,23,0
62,990,17,0,0,0,1,0,0,0,0,1,1,0,0,0,0,0,10,7,18,0
976,282,87,0,0,0,1,0,0,1,0,0,0,0,0,1,0,0,12,16,25,0
4414,520,83,0,0,0,1,0,0,0,1,0,0,0,0,0,0,1,8,12,21,0
4302,131,22,1,0,0,0,1,0,0,0,0,0,0,0,1,0,0,15,21,21,0
5664,157,139,0,0,0,1,0,0,0,1,0,0,1,0,0,0,0,7,25,15,0
7278,875,222,1,0,0,0,1,0,0,0,0,1,0,0,0,0,0,16,2,15,0
5978,202,167,0,1,0,0,1,0,0,0,0,0,1,0,0,0,0,14,17,9,0
2776,174,84,0,0,1,0,0,1,0,0,0,0,0,0,1,0,0,18,29,9,0
8274,41,62,0,0,0,1,0,0,0,1,0,0,1,0,0,0,0,19,29,14,0
9572,57,567,0,0,1,0,0,0,0,1,0,0,0,1,0,0,0,4,77,85,1
7041,627,40,0,0,1,0,0,0,0,1,0,0,0,0,0,0,1,21,15,14,0
4934,779,1,1,0,0,0,1,0,0,0,0,0,0,0,1,0,0,20,4,8,0
9479,667,123,0,0,0,1,0,0,0,1,0,0,1,0,0,0,0,17,8,4,0
534,579,70,0,0,1,0,0,1,0,0,0,0,0,0,0,1,0,17,26,26,0
3282,786,103,0,1,0,0,1,0,0,0,0,0,0,0,1,0,0,21,2,17,0
7429,272,116,0,0,1,0,0,1,0,0,0,0,0,0,0,1,0,12,29,13,0
9287,629,161,1,0,0,0,0,0,0,0,1,0,1,0,0,0,0,9,23,10,0
4906,266,106,0,1,0,0,0,1,0,0,0,0,0,0,0,1,0,9,5,15,0
591,43,81,1,0,0,0,0,0,1,0,0,1,0,0,0,0,0,19,7,6,0
8514,524,72,0,0,1,0,1,0,0,0,0,0,0,0,0,0,1,11,27,13,0
2042,111,65,1,0,0,0,0,0,0,1,0,0,0,0,1,0,0,10,13,5,0
8150,320,27,1,0,0,0,0,0,1,0,0,0,1,0,0,0,0,15,21,7,0
2297,567,25,0,0,0,1,0,0,1,0,0,0,0,0,0,0,1,13,15,0,0
2439,432,72,0,1,0,0,0,0,0,1,0,1,0,0,0,0,0,20,16,29,0
4313,659,43,0,1,0,0,0,0,0,1,0,0,1,0,0,0,0,7,9,20,0
2249,470,163,0,1,0,0,1,0,0,0,0,0,0,0,1,0,0,22,1,4,0
9878,567,3541,0,1,0,0,1,0,0,0,0,0,0,0,1,0,0,17,72,78,1
916,314,112,0,0,0,1,0,0,0,1,0,0,0,0,0,0,1,11,19,28,0
9967,728,3856,0,0,0,1,0,1,0,0,0,0,0,0,0,0,1,4,84,80,1
1559,618,1,0,1,0,0,0,0,1,0,0,0,0,0,0,0,1,11,6,2,0
8700,288,112,0,1,0,0,0,0,0,1,0,0,0,0,0,1,0,23,9,15,0
2131,219,95,0,1,0,0,1,0,0,0,0,0,1,0,0,0,0,22,23,13,0
2110,848,134,0,1,0,0,0,1,0,0,0,0,0,0,0,0,1,10,11,4,0
2981,440,75,0,0,0,1,0,0,1,0,0,0,0,0,1,0,0,19,29,2,0
6670,402,95,0,0,0,1,0,0,0,1,0,1,0,0,0,0,0,20,12,20,0
5037,297,86,1,0,0,0,1,0,0,0,0,0,0,0,1,0,0,16,11,6,0
1804,275,67,0,0,1,0,1,0,0,0,0,0,0,0,0,0,1,17,5,10,0
5564,762,44,0,1,0,0,0,0,1,0,0,0,0,0,0,0,1,10,5,3,0
2337,217,49,0,0,1,0,1,0,0,0,0,1,0,0,0,0,0,23,5,3,0
6590,864,77,0,1,0,0,0,0,0,0,1,0,0,0,1,0,0,8,11,17,0
8608,686,145,0,0,1,0,0,1,0,0,0,0,0,0,1,0,0,16,10,7,0
4256,445,201,0,1,0,0,0,0,0,1,0,0,0,0,0,0,1,20,17,18,0
9611,63,3079,1,0,0,0,0,1,0,0,0,0,0,0,1,0,0,8,85,83,1
9977,112,1665,0,0,1,0,0,0,0,0,1,0,0,0,0,0,1,8,79,98,1
9888,278,1853,0,1,0,0,1,0,0,0,0,1,0,0,0,0,0,11,97,72,1
8380,656,67,0,1,0,0,1,0,0,0,0,0,1,0,0,0,0,23,5,7,0
723,474,121,0,0,0,1,0,0,0,1,0,1,0,0,0,0,0,8,13,29,0
7379,551,159,1,0,0,0,0,0,0,0,1,0,0,0,0,1,0,11,17,13,0
8632,72,89,1,0,0,0,0,0,0,0,1,0,0,0,1,0,0,16,22,15,0
496,121,92,0,1,0,0,0,0,1,0,0,0,1,0,0,0,0,17,8,13,0
807,739,92,0,0,1,0,1,0,0,0,0,0,0,0,0,0,1,8,5,22,0
4464,293,53,0,0,1,0,0,0,0,1,0,1,0,0,0,0,0,13,26,4,0
9330,382,75,1,0,0,0,0,0,1,0,0,0,0,0,0,0,1,22,16,22,0
7712,642,137,0,0,0,1,1,0,0,0,0,0,0,0,0,1,0,17,29,25,0
9724,613,1597,0,0,0,1,0,0,1,0,0,0,0,0,0,0,1,7,99,75,1
2593,816,183,0,1,0,0,0,0,0,0,1,0,0,0,1,0,0,13,22,19,0
5838,887,50,1,0,0,0,1,0,0,0,0,1,0,0,0,0,0,23,7,19,0
4793,333,136,0,0,1,0,0,0,1,0,0,0,0,0,1,0,0,10,13,24,0
6823,322,126,0,0,0,1,0,0,0,0,1,0,1,0,0,0,0,6,1,25,0
2352,82,59,0,1,0,0,0,0,0,0,1,0,0,0,0,0,1,7,14,15,0
8836,639,46,0,0,0,1,0,1,0,0,0,0,0,0,0,1,0,18,26,12,0
9449,738,82,0,0,1,0,0,1,0,0,0,1,0,0,0,0,0,7,22,7,0
5981,20,112,0,1,0,0,0,0,0,0,1,0,0,0,1,0,0,10,12,19,0
2729,623,15,0,0,0,1,0,0,1,0,0,0,0,0,1,0,0,16,24,7,0
3628,122,67,0,0,1,0,0,1,0,0,0,0,0,0,1,0,0,14,5,2,0
5281,308,143,0,1,0,0,0,0,1,0,0,1,0,0,0,0,0,18,28,14,0
4261,348,83,0,0,0,1,1,0,0,0,0,0,1,0,0,0,0,14,21,3,0
4659,426,1,0,0,0,1,0,1,0,0,0,0,0,0,0,0,1,7,14,27,0
5628,853,112,0,1,0,0,0,0,0,1,0,0,0,0,0,0,1,20,8,7,0
934,957,64,0,1,0,0,1,0,0,0,0,1,0,0,0,0,0,8,1,20,0
665,403,121,0,0,0,1,0,0,1,0,0,1,0,0,0,0,0,12,10,6,0
6608,645,102,0,0,0,1,0,0,0,0,1,0,1,0,0,0,0,18,14,27,0
8578,209,1,0,1,0,0,0,1,0,0,0,0,0,0,1,0,0,16,21,29,0
553,977,107,0,0,1,0,0,0,0,1,0,0,1,0,0,0,0,8,25,14,0
3124,916,106,0,0,1,0,0,1,0,0,0,0,1,0,0,0,0,21,23,2,0
4494,527,74,0,1,0,0,0,0,0,1,0,0,0,0,0,0,1,17,12,3,0
3835,874,67,0,0,1,0,0,0,1,0,0,0,0,0,0,1,0,14,17,15,0
4007,495,112,0,0,0,1,0,0,1,0,0,0,0,0,0,1,0,10,26,14,0
1430,353,120,0,0,1,0,0,1,0,0,0,0,0,0,1,0,0,7,16,7,0
1022,713,99,0,0,0,1,0,0,1,0,0,0,0,0,1,0,0,14,19,7,0
9072,411,114,0,1,0,0,1,0,0,0,0,0,0,0,0,0,1,13,11,18,0
5498,942,76,0,1,0,0,1,0,0,0,0,1,0,0,0,0,0,7,9,27,0
9889,767,10,0,1,0,0,0,0,0,1,0,0,0,0,0,0,1,16,77,96,1
9664,427,2983,1,0,0,0,0,0,0,0,1,0,0,1,0,0,0,4,70,78,1
9185,471,111,1,0,0,0,0,1,0,0,0,0,0,0,0,1,0,8,8,29,0
292,904,82,1,0,0,0,0,0,1,0,0,0,0,0,0,0,1,12,15,1,0
6059,207,140,1,0,0,0,0,0,1,0,0,0,1,0,0,0,0,12,3,9,0
6612,105,35,0,1,0,0,0,0,0,0,1,0,1,0,0,0,0,21,3,8,0
1897,803,132,0,1,0,0,1,0,0,0,0,0,0,0,1,0,0,9,18,4,0
9814,854,10,0,0,1,0,1,0,0,0,0,0,0,0,0,0,1,9,99,82,1
9614,200,1535,1,0,0,0,0,0,0,0,1,0,1,0,0,0,0,15,73,84,1
8932,214,132,0,0,1,0,0,0,1,0,0,1,0,0,0,0,0,16,15,0,0
2920,783,173,0,1,0,0,0,0,0,1,0,1,0,0,0,0,0,8,27,12,0
306,437,123,0,0,0,1,0,0,0,1,0,0,0,0,0,0,1,23,18,4,0
5524,980,86,1,0,0,0,0,0,1,0,0,0,0,0,1,0,0,10,10,19,0
5207,615,1,0,1,0,0,0,0,1,0,0,0,0,0,0,0,1,13,14,22,0
1328,547,76,1,0,0,0,1,0,0,0,0,0,0,0,1,0,0,10,21,1,0
5627,891,125,0,1,0,0,1,0,0,0,0,0,0,0,0,1,0,16,6,1,0
231,916,128,0,0,0,1,0,1,0,0,0,0,0,0,0,1,0,7,10,27,0
8534,961,190,0,0,0,1,0,0,0,0,1,0,0,0,1,0,0,19,13,20,0
7207,555,223,0,0,1,0,0,0,0,1,0,0,0,0,1,0,0,20,7,8,0
3385,347,214,0,1,0,0,0,0,1,0,0,0,0,0,1,0,0,17,8,28,0
8162,41,132,1,0,0,0,0,1,0,0,0,0,0,0,0,0,1,21,6,17,0
1135,45,92,1,0,0,0,0,0,0,0,1,1,0,0,0,0,0,23,16,2,0
6828,12,199,0,0,1,0,0,0,1,0,0,0,0,0,0,1,0,12,23,18,0
544,138,9,1,0,0,0,0,0,1,0,0,0,0,0,1,0,0,21,17,18,0
682,579,128,0,1,0,0,1,0,0,0,0,0,0,0,0,1,0,16,29,27,0
9188,559,116,1,0,0,0,0,0,0,1,0,0,0,0,0,0,1,20,22,27,0
6007,50,49,0,0,0,1,1,0,0,0,0,1,0,0,0,0,0,17,18,7,0
9924,168,1772,0,1,0,0,1,0,0,0,0,0,0,1,0,0,0,4,96,89,1
1814,708,83,0,0,0,1,0,0,0,1,0,0,0,0,0,0,1,17,12,28,0
8856,10,126,0,0,0,1,0,0,0,0,1,0,0,0,0,1,0,7,0,17,0
5093,524,41,0,0,0,1,0,0,1,0,0,0,1,0,0,0,0,6,5,4,0
5412,427,102,0,0,0,1,0,0,0,0,1,1,0,0,0,0,0,20,16,0,0
7052,915,144,1,0,0,0,0,0,0,1,0,1,0,0,0,0,0,9,7,25,0
4274,346,41,0,0,0,1,0,0,0,1,0,0,0,0,0,0,1,7,29,24,0
6272,797,78,0,0,0,1,0,1,0,0,0,0,0,0,1,0,0,11,15,17,0
9692,573,10,0,1,0,0,0,0,0,0,1,0,0,0,0,1,0,14,97,85,1
5169,361,118,1,0,0,0,0,0,1,0,0,0,0,0,0,0,1,12,11,26,0
4523,15,143,0,0,1,0,0,1,0,0,0,0,0,0,1,0,0,14,24,3,0
9972,561,1144,0,0,1,0,1,0,0,0,0,0,0,0,0,1,0,19,83,79,1
4105,690,50,1,0,0,0,0,1,0,0,0,1,0,0,0,0,0,6,20,24,0
7238,899,92,0,0,0,1,1,0,0,0,0,0,0,0,1,0,0,16,21,8,0
741,535,45,1,0,0,0,1,0,0,0,0,0,0,0,0,0,1,7,20,26,0
7903,717,203,0,0,1,0,0,0,1,0,0,0,0,0,0,0,1,10,10,22,0
2694,657,151,0,0,0,1,0,1,0,0,0,0,0,0,0,1,0,14,21,28,0
2557,610,120,0,0,0,1,0,0,0,0,1,0,0,0,0,1,0,11,8,18,0
6196,822,24,1,0,0,0,0,0,0,1,0,0,1,0,0,0,0,23,5,14,0
849,803,109,0,0,0,1,0,0,0,1,0,0,1,0,0,0,0,20,0,5,0
7984,461,65,0,0,0,1,0,0,0,1,0,0,0,0,0,0,1,6,11,23,0
107,26,130,0,0,1,0,0,0,0,0,1,1,0,0,0,0,0,18,20,10,0
8403,708,121,0,0,0,1,0,0,0,1,0,0,0,0,1,0,0,10,2,3,0
2750,290,112,1,0,0,0,0,1,0,0,0,0,0,0,1,0,0,17,12,10,0
2697,884,91,0,1,0,0,0,0,1,0,0,0,0,0,0,1,0,6,28,26,0
821,201,20,0,1,0,0,0,0,0,1,0,1,0,0,0,0,0,20,12,12,0
1486,504,95,1,0,0,0,0,0,1,0,0,0,0,0,0,1,0,21,24,16,0
7085,83,77,0,1,0,0,0,1,0,0,0,0,0,0,0,0,1,13,14,20,0
9715,356,802,0,0,0,1,0,0,1,0,0,0,0,0,1,0,0,2,92,74,1
1920,746,178,1,0,0,0,0,0,0,1,0,0,0,0,1,0,0,22,25,11,0
5057,575,163,0,1,0,0,0,0,0,1,0,1,0,0,0,0,0,21,26,6,0
7255,638,70,1,0,0,0,0,0,0,1,0,0,1,0,0,0,0,20,25,19,0
7204,23,65,0,0,1,0,0,0,0,0,1,0,1,0,0,0,0,9,6,1,0
4851,77,97,0,1,0,0,1,0,0,0,0,1,0,0,0,0,0,16,28,14,0
2814,902,43,0,0,1,0,0,1,0,0,0,0,0,0,1,0,0,20,23,4,0
3662,827,140,0,1,0,0,0,0,0,0,1,0,0,0,0,1,0,19,29,16,0
5186,619,89,0,1,0,0,0,0,0,1,0,0,0,0,0,1,0,6,1,3,0
6700,405,119,1,0,0,0,1,0,0,0,0,0,1,0,0,0,0,9,18,10,0
3371,380,106,0,0,1,0,0,0,0,1,0,0,1,0,0,0,0,8,27,3,0
3408,962,152,0,1,0,0,0,1,0,0,0,0,1,0,0,0,0,9,21,15,0
7915,597,91,1,0,0,0,0,0,1,0,0,0,0,0,1,0,0,23,12,26,0
1700,574,90,0,0,0,1,0,0,0,1,0,0,0,0,0,0,1,11,16,20,0
784,510,122,1,0,0,0,0,0,0,0,1,0,0,0,0,0,1,12,16,20,0
6181,367,121,0,0,0,1,0,0,0,1,0,0,0,0,0,1,0,20,0,1,0
7786,788,63,0,0,1,0,0,0,0,1,0,0,1,0,0,0,0,23,24,28,0
6604,752,78,1,0,0,0,0,0,0,1,0,0,0,0,0,0,1,14,10,2,0
2302,932,111,1,0,0,0,0,1,0,0,0,0,0,0,0,1,0,22,20,10,0
6390,440,54,0,0,1,0,0,0,0,0,1,0,0,0,0,1,0,9,28,29,0
2165,307,111,0,0,1,0,0,0,1,0,0,0,1,0,0,0,0,21,3,25,0
9586,456,889,1,0,0,0,0,0,1,0,0,0,0,0,1,0,0,14,96,77,1
8391,122,77,0,0,1,0,0,0,0,0,1,0,0,0,0,0,1,6,1,26,0
7593,237,136,0,1,0,0,0,1,0,0,0,1,0,0,0,0,0,14,6,10,0
6790,219,119,0,0,1,0,0,0,0,1,0,0,1,0,0,0,0,17,17,21,0
3021,347,21,1,0,0,0,1,0,0,0,0,0,1,0,0,0,0,7,24,15,0
4930,957,128,0,0,0,1,0,1,0,0,0,1,0,0,0,0,0,19,29,7,0
9899,551,2894,0,0,1,0,0,1,0,0,0,0,0,0,0,1,0,6,88,72,1
2412,104,111,0,0,1,0,0,0,0,1,0,1,0,0,0,0,0,9,22,22,0
5986,65,96,0,0,0,1,0,1,0,0,0,0,1,0,0,0,0,14,4,16,0
9077,191,168,1,0,0,0,0,0,0,1,0,1,0,0,0,0,0,16,9,16,0
1115,789,63,0,1,0,0,0,0,1,0,0,0,1,0,0,0,0,11,23,25,0
4297,272,212,0,0,0,1,0,0,0,0,1,0,0,0,0,0,1,6,13,29,0
8125,81,170,1,0,0,0,0,1,0,0,0,0,0,0,1,0,0,6,5,16,0
4036,807,52,0,0,0,1,0,0,0,1,0,0,0,0,1,0,0,11,17,16,0
6337,946,82,1,0,0,0,0,0,0,1,0,0,0,0,0,0,1,19,14,29,0
8121,894,154,0,0,1,0,0,0,1,0,0,0,0,0,0,1,0,16,25,7,0
1908,28,128,0,0,1,0,0,1,0,0,0,1,0,0,0,0,0,18,8,11,0
3630,386,82,0,1,0,0,1,0,0,0,0,0,0,0,0,1,0,17,2,14,0
3171,717,87,0,0,0,1,0,1,0,0,0,0,1,0,0,0,0,13,0,11,0
3357,869,98,0,0,0,1,1,0,0,0,0,0,1,0,0,0,0,21,1,12,0
445,198,67,1,0,0,0,0,0,0,1,0,0,1,0,0,0,0,16,17,7,0
1249,187,3,0,0,1,0,1,0,0,0,0,0,0,0,1,0,0,18,0,6,0
580,832,136,0,0,0,1,1,0,0,0,0,1,0,0,0,0,0,7,12,18,0
8758,782,51,0,0,1,0,0,1,0,0,0,0,0,0,0,1,0,10,20,20,0
5058,454,70,1,0,0,0,0,1,0,0,0,0,0,0,0,0,1,8,12,26,0
2937,691,60,0,0,1,0,0,0,0,0,1,1,0,0,0,0,0,20,5,4,0
521,160,190,0,1,0,0,0,0,0,1,0,0,0,0,1,0,0,20,16,21,0
6396,269,60,0,0,1,0,0,0,1,0,0,1,0,0,0,0,0,18,8,1,0
1274,821,22,0,1,0,0,1,0,0,0,0,0,0,0,0,1,0,22,26,24,0
7887,192,1,0,0,1,0,0,0,0,1,0,0,0,0,1,0,0,18,21,21,0
8917,909,23,0,0,0,1,0,0,0,1,0,0,0,0,1,0,0,15,26,9,0
4870,50,94,1,0,0,0,0,1,0,0,0,0,0,0,0,1,0,15,17,8,0
8295,616,35,0,0,0,1,1,0,0,0,0,0,1,0,0,0,0,15,1,20,0
5862,440,46,0,0,1,0,0,0,1,0,0,0,1,0,0,0,0,9,19,28,0
8822,392,205,0,0,1,0,1,0,0,0,0,0,0,0,1,0,0,14,8,22,0
3513,692,148,0,0,1,0,0,1,0,0,0,0,0,0,0,0,1,18,12,13,0
6100,393,97,1,0,0,0,0,1,0,0,0,0,1,0,0,0,0,21,22,1,0
4141,283,199,0,0,1,0,1,0,0,0,0,0,1,0,0,0,0,9,3,19,0
4322,425,162,0,0,1,0,0,0,0,0,1,0,0,0,1,0,0,16,16,17,0
7356,713,28,0,0,0,1,0,0,0,0,1,0,0,0,1,0,0,12,7,19,0
9366,784,148,0,1,0,0,0,0,0,1,0,0,0,0,0,1,0,17,21,26,0
9753,188,3578,0,0,1,0,1,0,0,0,0,0,0,0,0,1,0,3,85,90,1
6824,736,109,1,0,0,0,0,1,0,0,0,1,0,0,0,0,0,19,21,4,0
4594,31,52,0,1,0,0,0,0,0,0,1,0,0,0,0,0,1,23,23,22,0
6057,524,25,0,0,0,1,0,0,0,1,0,1,0,0,0,0,0,12,15,3,0
3756,972,150,0,0,0,1,0,0,0,1,0,0,1,0,0,0,0,11,4,21,0
7654,655,73,0,1,0,0,1,0,0,0,0,0,1,0,0,0,0,16,23,12,0
7791,536,82,0,0,1,0,0,0,0,1,0,1,0,0,0,0,0,6,17,29,0
9172,688,54,0,1,0,0,0,0,0,1,0,0,1,0,0,0,0,6,14,28,0
1446,294,53,0,0,1,0,0,0,0,1,0,0,0,0,0,0,1,13,21,20,0
355,118,80,0,0,0,1,0,1,0,0,0,0,0,0,1,0,0,7,7,2,0
9807,405,1495,0,1,0,0,0,0,0,0,1,0,0,0,1,0,0,4,72,82,1
4472,962,149,0,1,0,0,0,1,0,0,0,0,0,0,0,1,0,19,25,25,0
525,332,131,0,1,0,0,0,1,0,0,0,0,0,0,0,0,1,21,15,25,0
8883,433,102,0,0,1,0,0,0,0,0,1,0,1,0,0,0,0,6,13,18,0
1002,451,69,0,0,1,0,0,0,0,0,1,1,0,0,0,0,0,14,15,7,0
1609,726,1,0,1,0,0,0,0,0,1,0,0,1,0,0,0,0,10,4,14,0
2731,890,123,0,0,0,1,0,0,0,1,0,0,0,0,0,0,1,19,27,5,0
1739,651,165,0,0,0,1,0,0,0,1,0,1,0,0,0,0,0,16,14,7,0
7470,216,150,0,0,1,0,1,0,0,0,0,0,1,0,0,0,0,17,12,17,0
1571,123,147,0,0,1,0,0,0,1,0,0,0,0,0,1,0,0,20,7,11,0
5962,575,85,1,0,0,0,1,0,0,0,0,0,0,0,1,0,0,6,21,24,0
1312,534,97,1,0,0,0,0,0,0,1,0,0,1,0,0,0,0,19,15,29,0
1458,313,131,1,0,0,0,0,0,0,1,0,0,1,0,0,0,0,13,2,29,0
6749,404,110,0,0,1,0,0,0,1,0,0,0,0,0,0,1,0,19,14,16,0
8716,198,172,1,0,0,0,0,0,1,0,0,0,0,0,0,1,0,15,9,28,0
1731,992,118,0,1,0,0,1,0,0,0,0,1,0,0,0,0,0,18,24,29,0
1566,255,36,0,0,0,1,1,0,0,0,0,0,0,0,1,0,0,21,27,27,0
1784,354,27,0,1,0,0,0,1,0,0,0,0,0,0,0,0,1,9,17,8,0
3682,951,89,0,0,1,0,0,1,0,0,0,0,0,0,1,0,0,17,27,19,0
215,420,74,0,0,0,1,0,0,0,0,1,0,0,0,0,0,1,22,0,7,0
7534,625,77,0,0,1,0,0,0,1,0,0,0,0,0,0,1,0,9,2,8,0
8566,19,94,0,1,0,0,0,0,1,0,0,0,1,0,0,0,0,22,7,1,0
8796,642,153,0,0,1,0,0,0,0,1,0,0,1,0,0,0,0,11,13,6,0
1692,868,78,0,0,1,0,0,0,1,0,0,0,0,0,0,0,1,17,1,20,0
5026,983,124,0,0,1,0,0,0,0,1,0,1,0,0,0,0,0,9,16,29,0
5293,424,150,0,0,1,0,0,0,0,0,1,0,0,0,0,1,0,11,24,5,0
5752,230,102,0,0,1,0,0,0,0,0,1,1,0,0,0,0,0,7,8,1,0
7754,203,79,0,1,0,0,0,0,1,0,0,0,0,0,1,0,0,18,0,27,0
7075,938,136,0,0,1,0,1,0,0,0,0,0,1,0,0,0,0,14,5,6,0
6912,781,76,0,0,1,0,0,1,0,0,0,0,0,0,0,1,0,23,15,1,0
7387,609,54,0,0,0,1,0,1,0,0,0,0,0,0,0,1,0,17,14,14,0
7194,887,105,0,1,0,0,0,0,0,1,0,0,0,0,0,1,0,6,22,11,0
9896,277,7801,1,0,0,0,0,0,0,0,1,0,0,0,1,0,0,15,92,74,1
2139,737,139,1,0,0,0,0,0,1,0,0,0,0,0,0,0,1,6,14,17,0
8412,129,98,0,1,0,0,0,0,0,0,1,0,0,0,0,1,0,7,23,13,0
8203,355,53,0,0,1,0,0,1,0,0,0,0,0,0,0,1,0,7,7,28,0
3626,966,79,0,0,0,1,0,1,0,0,0,0,0,0,0,0,1,19,22,27,0
3498,943,51,1,0,0,0,1,0,0,0,0,0,0,0,0,1,0,18,6,21,0
8307,581,117,0,1,0,0,0,0,1,0,0,0,0,0,0,0,1,8,9,5,0
4202,388,21,0,0,1,0,1,0,0,0,0,0,0,0,0,1,0,11,4,14,0
2666,863,45,0,1,0,0,1,0,0,0,0,0,0,0,1,0,0,16,9,25,0
4146,77,108,1,0,0,0,0,0,1,0,0,0,0,0,1,0,0,8,23,7,0
4160,735,110,0,0,0,1,0,0,1,0,0,0,1,0,0,0,0,17,14,27,0
3674,996,7,1,0,0,0,0,0,0,1,0,0,0,0,0,0,1,19,20,3,0
3918,0,85,0,0,1,0,0,0,0,0,1,0,0,0,0,0,1,17,6,3,0
1003,288,70,1,0,0,0,0,0,0,0,1,0,0,0,0,1,0,19,4,0,0
1965,522,114,1,0,0,0,1,0,0,0,0,1,0,0,0,0,0,9,2,1,0
9438,111,160,1,0,0,0,0,0,1,0,0,0,0,0,1,0,0,23,3,10,0
9677,741,2035,0,0,1,0,0,0,0,0,1,0,0,0,0,0,1,4,86,93,1
5370,753,38,0,0,1,0,0,1,0,0,0,0,1,0,0,0,0,18,21,9,0
7513,230,67,0,0,0,1,0,0,1,0,0,0,0,0,1,0,0,20,17,22,0
5827,119,156,1,0,0,0,0,0,1,0,0,0,0,0,0,1,0,21,20,23,0
983,923,135,0,0,1,0,1,0,0,0,0,0,0,0,0,0,1,21,21,26,0
6726,542,67,0,0,0,1,0,0,1,0,0,1,0,0,0,0,0,19,3,20,0
354,851,32,0,1,0,0,0,0,0,0,1,1,0,0,0,0,0,9,27,16,0
5780,55,81,1,0,0,0,0,0,1,0,0,0,1,0,0,0,0,19,25,6,0
187,324,48,0,1,0,0,0,1,0,0,0,1,0,0,0,0,0,18,14,20,0
2551,425,42,1,0,0,0,1,0,0,0,0,0,0,0,0,1,0,9,23,21,0
8019,320,98,0,0,0,1,0,0,0,1,0,0,0,0,0,0,1,21,24,4,0
4353,543,148,0,0,0,1,1,0,0,0,0,0,0,0,0,0,1,9,5,29,0
3545,154,132,0,1,0,0,0,0,0,1,0,1,0,0,0,0,0,23,21,19,0
2503,513,136,0,0,1,0,0,0,1,0,0,1,0,0,0,0,0,10,23,29,0
9590,118,913,0,1,0,0,0,1,0,0,0,0,0,0,0,1,0,0,82,82,1
1533,332,108,0,0,0,1,0,1,0,0,0,0,0,0,1,0,0,15,0,27,0
8310,993,146,0,1,0,0,0,0,0,0,1,0,0,0,0,1,0,19,24,24,0
7783,128,132,1,0,0,0,1,0,0,0,0,0,0,0,1,0,0,15,16,2,0
1189,801,142,0,0,1,0,0,0,0,0,1,0,0,0,0,0,1,10,16,6,0
4699,553,106,1,0,0,0,0,1,0,0,0,0,0,0,1,0,0,23,27,9,0
8927,736,139,1,0,0,0,0,0,0,1,0,0,0,0,1,0,0,20,13,14,0
7235,236,170,0,0,1,0,0,1,0,0,0,0,1,0,0,0,0,8,28,12,0
344,535,16,0,0,1,0,0,0,0,0,1,0,0,0,1,0,0,9,20,13,0
8633,515,219,1,0,0,0,1,0,0,0,0,0,0,0,0,0,1,9,11,6,0
5087,193,31,0,0,1,0,0,0,1,0,0,0,0,0,0,0,1,20,18,2,0
809,527,120,0,0,0,1,0,0,1,0,0,0,0,0,0,1,0,17,24,0,0
4109,591,140,0,0,0,1,0,0,0,0,1,0,1,0,0,0,0,6,11,25,0
6799,538,41,0,0,0,1,1,0,0,0,0,0,0,0,0,0,1,15,23,8,0
5834,639,155,0,0,0,1,0,0,1,0,0,1,0,0,0,0,0,15,16,6,0
687,946,164,0,1,0,0,0,0,0,0,1,0,1,0,0,0,0,13,8,25,0
656,90,111,1,0,0,0,0,0,0,1,0,0,0,0,0,0,1,23,16,1,0
5726,417,115,1,0,0,0,0,1,0,0,0,0,0,0,0,1,0,7,8,18,0
7,809,14,1,0,0,0,0,0,0,0,1,1,0,0,0,0,0,9,11,10,0
4442,827,87,1,0,0,0,0,0,0,0,1,0,0,0,0,0,1,18,29,0,0
4150,20,58,0,0,0,1,0,0,0,1,0,0,1,0,0,0,0,8,29,29,0
3752,174,139,0,1,0,0,0,0,1,0,0,0,0,0,0,1,0,10,2,26,0
1262,661,116,0,1,0,0,1,0,0,0,0,0,0,0,0,0,1,8,10,1,0
5818,614,101,0,1,0,0,0,1,0,0,0,0,0,0,1,0,0,17,22,21,0
2226,497,117,0,1,0,0,1,0,0,0,0,0,0,0,0,0,1,7,18,16,0
4643,198,213,0,0,0,1,0,1,0,0,0,0,0,0,0,0,1,9,3,3,0
2466,470,23,0,0,1,0,0,0,0,1,0,0,0,0,0,1,0,14,22,12,0
4110,499,96,0,0,1,0,0,1,0,0,0,0,0,0,0,1,0,16,26,3,0
7362,757,209,0,0,1,0,0,1,0,0,0,0,0,0,0,0,1,22,16,19,0
390,554,74,0,0,1,0,1,0,0,0,0,0,0,0,0,1,0,6,0,16,0
8990,667,71,0,0,0,1,0,0,1,0,0,0,0,0,0,1,0,21,1,25,0
7924,5,80,0,1,0,0,0,0,1,0,0,0,0,0,0,0,1,16,19,15,0
7341,715,126,0,0,0,1,1,0,0,0,0,0,0,0,0,1,0,21,1,7,0
7875,325,92,0,1,0,0,0,0,1,0,0,0,1,0,0,0,0,21,9,20,0
6169,577,36,0,0,0,1,0,0,0,0,1,0,0,0,0,1,0,13,1,6,0
2081,217,220,0,1,0,0,0,0,1,0,0,0,0,0,1,0,0,14,14,9,0
5789,666,27,0,1,0,0,1,0,0,0,0,0,1,0,0,0,0,6,26,15,0
4167,668,186,0,0,1,0,1,0,0,0,0,0,0,0,0,0,1,19,29,6,0
9267,305,48,1,0,0,0,0,0,0,0,1,1,0,0,0,0,0,23,24,25,0
5845,183,137,0,1,0,0,1,0,0,0,0,0,1,0,0,0,0,21,14,1,0
9642,516,395,1,0,0,0,0,0,0,0,1,0,0,1,0,0,0,4,78,88,1
1946,206,139,0,1,0,0,0,0,0,1,0,1,0,0,0,0,0,8,26,8,0
2074,678,93,0,0,1,0,1,0,0,0,0,0,0,0,0,1,0,15,22,17,0
9740,257,2727,0,0,1,0,1,0,0,0,0,0,1,0,0,0,0,13,80,75,1
6023,9,133,1,0,0,0,0,1,0,0,0,1,0,0,0,0,0,18,0,25,0
5601,287,118,0,0,0,1,0,0,0,1,0,0,0,0,0,0,1,12,2,23,0
222,827,129,0,0,0,1,1,0,0,0,0,0,0,0,0,0,1,11,11,18,0
8239,956,92,0,0,1,0,0,0,0,1,0,0,0,0,0,1,0,18,9,5,0
9227,614,1,0,1,0,0,0,1,0,0,0,0,0,0,0,1,0,9,2,12,0
4855,555,189,1,0,0,0,0,0,0,0,1,0,0,0,0,0,1,6,7,2,0
6638,943,82,1,0,0,0,0,0,0,1,0,0,0,0,1,0,0,23,3,6,0
9400,725,100,0,0,0,1,0,0,1,0,0,0,1,0,0,0,0,16,18,23,0
46,200,31,0,0,0,1,0,0,1,0,0,1,0,0,0,0,0,18,12,16,0
4670,727,133,1,0,0,0,0,0,0,0,1,1,0,0,0,0,0,21,24,12,0
678,353,79,0,1,0,0,0,0,1,0,0,1,0,0,0,0,0,23,26,18,0
6320,72,108,0,1,0,0,1,0,0,0,0,0,0,0,1,0,0,17,8,21,0
8643,550,134,1,0,0,0,1,0,0,0,0,0,1,0,0,0,0,23,29,28,0
7371,914,103,0,0,1,0,0,0,0,0,1,0,0,0,1,0,0,21,10,6,0
5006,374,114,0,0,0,1,1,0,0,0,0,0,0,0,0,1,0,21,10,10,0
5736,213,163,0,0,1,0,0,0,1,0,0,1,0,0,0,0,0,7,13,14,0
7872,786,133,0,1,0,0,0,0,1,0,0,0,0,0,1,0,0,16,10,9,0
3665,326,102,0,1,0,0,0,0,0,1,0,0,0,0,0,1,0,8,13,20,0
9110,75,109,1,0,0,0,1,0,0,0,0,0,0,0,1,0,0,9,4,23,0
9870,307,1157,0,0,0,1,1,0,0,0,0,0,0,0,0,0,1,11,96,91,1
6699,98,51,0,0,0,1,1,0,0,0,0,1,0,0,0,0,0,15,12,2,0
7698,939,138,0,0,0,1,0,0,1,0,0,1,0,0,0,0,0,16,11,18,0
5918,357,87,1,0,0,0,0,0,1,0,0,0,0,0,1,0,0,20,29,26,0
4194,574,113,0,1,0,0,0,0,0,1,0,0,1,0,0,0,0,18,21,15,0
532,680,99,0,0,0,1,0,0,0,1,0,0,0,0,0,1,0,12,21,3,0
9028,465,1,0,0,1,0,0,0,0,0,1,1,0,0,0,0,0,21,10,2,0
6256,894,48,1,0,0,0,0,1,0,0,0,0,0,0,0,0,1,16,14,5,0
1582,313,118,1,0,0,0,0,0,0,0,1,0,0,0,0,0,1,15,28,28,0
6624,185,108,1,0,0,0,1,0,0,0,0,0,0,0,0,1,0,11,3,22,0
8223,463,118,0,0,1,0,0,0,1,0,0,0,0,0,1,0,0,21,18,8,0
2199,108,161,0,1,0,0,0,0,0,1,0,1,0,0,0,0,0,22,16,20,0
6400,873,123,0,0,0,1,0,0,1,0,0,0,1,0,0,0,0,16,29,6,0
6607,368,99,0,1,0,0,0,0,0,0,1,0,0,0,0,1,0,13,24,0,0
670,714,12,0,1,0,0,0,1,0,0,0,0,0,0,1,0,0,23,9,11,0
5922,513,54,0,0,0,1,0,1,0,0,0,0,0,0,0,0,1,17,5,14,0
8938,193,53,0,0,0,1,0,0,0,0,1,0,1,0,0,0,0,18,20,5,0
1589,313,89,0,0,0,1,1,0,0,0,0,0,0,0,0,0,1,18,29,28,0
9012,108,52,0,0,1,0,1,0,0,0,0,0,1,0,0,0,0,7,8,2,0
6466,171,139,1,0,0,0,0,0,0,1,0,0,0,0,0,0,1,13,15,1,0
1970,569,160,0,1,0,0,0,0,0,0,1,0,0,0,1,0,0,14,17,24,0
8751,856,159,0,1,0,0,1,0,0,0,0,0,1,0,0,0,0,17,0,25,0
7312,402,139,0,1,0,0,0,0,0,0,1,1,0,0,0,0,0,13,21,17,0
6352,758,89,0,0,0,1,0,0,0,1,0,0,1,0,0,0,0,8,24,10,0
8787,270,35,0,0,1,0,0,0,0,1,0,1,0,0,0,0,0,10,25,23,0
3531,100,158,0,0,1,0,0,1,0,0,0,0,1,0,0,0,0,19,12,1,0
1193,945,58,0,0,1,0,0,1,0,0,0,0,0,0,1,0,0,20,8,16,0
1723,454,95,0,1,0,0,1,0,0,0,0,1,0,0,0,0,0,22,11,5,0
3978,620,58,0,1,0,0,1,0,0,0,0,0,0,0,1,0,0,13,10,20,0
1536,531,81,0,0,1,0,0,0,0,0,1,0,0,0,1,0,0,17,13,3,0
4283,92,88,0,1,0,0,1,0,0,0,0,0,1,0,0,0,0,22,20,8,0
482,595,115,0,0,1,0,0,0,0,0,1,1,0,0,0,0,0,20,5,5,0
9306,225,145,0,0,1,0,0,0,0,1,0,1,0,0,0,0,0,21,12,2,0
862,406,86,1,0,0,0,0,0,0,1,0,1,0,0,0,0,0,9,13,13,0
4634,831,119,1,0,0,0,0,0,0,0,1,0,0,0,0,0,1,19,16,22,0
2816,720,79,0,0,1,0,1,0,0,0,0,1,0,0,0,0,0,11,12,11,0
7261,475,125,1,0,0,0,0,0,0,1,0,0,0,0,1,0,0,6,0,6,0
3916,34,111,0,0,0,1,0,0,0,0,1,0,1,0,0,0,0,13,15,10,0
5730,325,138,0,0,0,1,1,0,0,0,0,0,0,0,0,1,0,12,4,2,0
9696,720,22,0,0,0,1,0,0,1,0,0,0,1,0,0,0,0,20,78,91,1
2571,428,159,0,0,0,1,0,1,0,0,0,0,0,0,0,1,0,13,24,9,0
3868,108,156,0,1,0,0,0,0,1,0,0,0,1,0,0,0,0,10,2,2,0
4466,470,87,0,0,1,0,0,1,0,0,0,0,0,0,0,0,1,12,19,13,0
674,889,139,0,0,1,0,1,0,0,0,0,0,0,0,1,0,0,11,2,13,0
3555,701,117,1,0,0,0,0,0,1,0,0,0,1,0,0,0,0,16,23,24,0
8703,331,60,0,0,1,0,1,0,0,0,0,1,0,0,0,0,0,16,3,7,0
9838,758,2063,0,0,0,1,0,0,0,0,1,0,0,0,0,0,1,7,95,77,1
5302,627,2,0,1,0,0,0,1,0,0,0,1,0,0,0,0,0,15,13,19,0
8772,48,44,1,0,0,0,0,0,0,1,0,0,0,0,0,1,0,13,28,20,0
9731,608,5450,0,0,1,0,0,0,0,1,0,0,0,0,1,0,0,21,89,77,1
3608,432,20,1,0,0,0,0,0,0,1,0,0,0,0,0,1,0,23,6,18,0
8016,748,66,0,0,0,1,0,0,0,1,0,0,1,0,0,0,0,18,11,17,0
476,685,63,0,0,0,1,0,0,1,0,0,0,0,0,0,0,1,21,0,6,0
9310,559,10,0,1,0,0,0,1,0,0,0,0,0,0,0,0,1,18,2,0,0
8731,984,105,0,0,1,0,0,0,1,0,0,0,0,0,0,0,1,13,14,26,0
3529,597,48,0,1,0,0,0,0,1,0,0,0,0,0,1,0,0,15,29,27,0
1028,668,75,0,0,1,0,0,0,1,0,0,0,0,0,0,1,0,8,14,11,0
6306,383,117,1,0,0,0,0,0,0,1,0,0,0,0,0,0,1,19,13,3,0
2472,738,4,0,0,1,0,0,1,0,0,0,0,0,0,0,1,0,11,1,28,0
9680,871,1691,0,1,0,0,0,0,0,0,1,0,0,0,0,1,0,4,99,84,1
9852,788,1919,1,0,0,0,0,1,0,0,0,0,1,0,0,0,0,23,79,87,1
9446,492,152,0,1,0,0,0,0,1,0,0,0,0,0,0,1,0,14,25,23,0
454,266,96,0,0,0,1,0,0,0,0,1,0,1,0,0,0,0,21,0,14,0
435,330,79,0,1,0,0,0,1,0,0,0,0,0,0,0,0,1,14,17,6,0
9901,766,1254,0,0,0,1,0,0,0,0,1,0,0,0,0,1,0,4,84,88,1
6729,793,87,1,0,0,0,0,0,1,0,0,1,0,0,0,0,0,16,22,19,0
2280,231,112,0,1,0,0,1,0,0,0,0,0,0,0,1,0,0,16,5,16,0
112,806,71,0,0,0,1,0,1,0,0,0,1,0,0,0,0,0,19,28,7,0
8317,419,118,0,0,1,0,1,0,0,0,0,0,0,0,1,0,0,11,28,15,0
5219,731,160,0,0,1,0,0,0,1,0,0,0,1,0,0,0,0,6,16,0,0
6469,46,72,0,1,0,0,0,0,1,0,0,1,0,0,0,0,0,8,5,1,0
7581,118,150,0,1,0,0,1,0,0,0,0,0,0,0,0,1,0,6,14,3,0
4737,337,122,1,0,0,0,0,0,1,0,0,0,0,0,0,1,0,8,25,14,0
4142,898,150,0,0,1,0,0,1,0,0,0,0,0,0,1,0,0,17,21,8,0
7274,741,171,0,0,0,1,0,0,0,0,1,0,0,0,0,1,0,18,15,1,0
4573,847,123,0,0,0,1,0,0,0,0,1,0,0,0,1,0,0,18,6,14,0
7775,688,65,0,1,0,0,1,0,0,0,0,1,0,0,0,0,0,18,13,5,0
5402,61,73,0,1,0,0,1,0,0,0,0,0,1,0,0,0,0,18,20,20,0
868,592,95,0,0,1,0,0,0,0,1,0,0,0,0,0,0,1,12,7,8,0
798,410,106,1,0,0,0,0,0,0,1,0,0,0,0,0,1,0,8,2,6,0
416,609,188,0,0,1,0,1,0,0,0,0,0,1,0,0,0,0,7,14,4,0
5398,413,94,0,0,1,0,0,0,0,1,0,0,0,0,1,0,0,22,24,20,0
7173,398,155,1,0,0,0,0,0,1,0,0,0,0,0,0,1,0,8,6,2,0
6980,938,1,0,1,0,0,1,0,0,0,0,0,0,0,0,0,1,9,3,6,0
4399,295,107,0,1,0,0,0,1,0,0,0,0,0,0,0,1,0,11,3,23,0
1899,537,127,0,0,0,1,0,1,0,0,0,1,0,0,0,0,0,10,25,17,0
3694,936,14,0,1,0,0,0,0,0,1,0,0,0,0,1,0,0,15,25,8,0
6956,841,63,0,1,0,0,0,0,0,0,1,0,0,0,0,1,0,9,21,1,0
8326,707,103,0,0,1,0,0,0,0,0,1,0,0,0,1,0,0,12,14,22,0
7340,769,143,0,0,1,0,0,0,0,0,1,1,0,0,0,0,0,10,27,16,0
2475,662,60,0,1,0,0,0,0,0,0,1,0,1,0,0,0,0,14,2,25,0
1473,628,1,0,0,0,1,0,0,1,0,0,0,0,0,1,0,0,21,9,13,0
5706,107,37,0,0,1,0,1,0,0,0,0,0,0,0,0,1,0,17,20,10,0
280,165,135,0,0,1,0,0,0,0,0,1,0,0,0,1,0,0,12,26,20,0
4212,446,64,1,0,0,0,0,0,0,1,0,0,0,0,0,1,0,20,19,0,0
5917,821,115,0,0,1,0,0,0,1,0,0,0,0,0,1,0,0,20,1,26,0
9062,95,78,1,0,0,0,0,1,0,0,0,1,0,0,0,0,0,13,25,24,0
3500,488,97,0,0,0,1,0,0,1,0,0,0,0,0,1,0,0,22,20,17,0
3606,178,87,0,0,0,1,0,0,1,0,0,0,1,0,0,0,0,12,16,21,0
5304,865,93,0,0,1,0,0,0,0,0,1,0,0,0,1,0,0,10,20,23,0
9100,695,184,0,0,1,0,0,0,0,1,0,0,0,0,0,1,0,20,23,4,0
8385,650,1,1,0,0,0,0,1,0,0,0,0,1,0,0,0,0,10,14,9,0
3582,195,100,0,1,0,0,1,0,0,0,0,1,0,0,0,0,0,11,25,17,0
4103,110,138,0,0,0,1,1,0,0,0,0,0,0,0,0,0,1,20,15,2,0
7737,982,19,0,1,0,0,1,0,0,0,0,0,0,0,0,0,1,17,0,18,0
6643,652,70,1,0,0,0,0,0,1,0,0,0,1,0,0,0,0,15,11,24,0
4368,471,88,0,0,0,1,0,0,0,0,1,0,0,0,0,1,0,12,16,2,0
8245,531,140,1,0,0,0,1,0,0,0,0,0,1,0,0,0,0,19,3,2,0
9682,174,22,0,0,0,1,1,0,0,0,0,1,0,0,0,0,0,15,78,85,1
1580,200,160,0,0,1,0,0,1,0,0,0,0,0,0,0,0,1,9,20,1,0
4204,223,137,0,1,0,0,1,0,0,0,0,0,1,0,0,0,0,21,22,1,0
1056,791,142,0,1,0,0,0,0,0,1,0,0,0,0,0,1,0,8,23,28,0
5107,719,137,0,0,0,1,1,0,0,0,0,0,1,0,0,0,0,11,10,9,0
3586,983,110,0,1,0,0,0,0,1,0,0,0,1,0,0,0,0,14,14,6,0
4561,547,165,0,0,1,0,0,0,0,1,0,0,0,0,0,1,0,22,1,15,0
1795,540,33,1,0,0,0,0,0,0,1,0,1,0,0,0,0,0,15,14,4,0
8835,754,101,0,0,1,0,1,0,0,0,0,0,0,0,1,0,0,16,27,23,0
6342,210,133,1,0,0,0,0,1,0,0,0,0,0,0,0,0,1,6,15,15,0
9074,980,140,0,0,1,0,1,0,0,0,0,0,0,0,1,0,0,8,8,6,0
4034,790,190,0,0,0,1,1,0,0,0,0,0,1,0,0,0,0,17,25,7,0
7004,197,77,0,1,0,0,0,0,0,1,0,0,0,0,0,1,0,13,27,5,0
3462,70,156,0,0,1,0,0,0,0,0,1,0,1,0,0,0,0,10,29,11,0
9450,872,21,1,0,0,0,0,0,1,0,0,0,0,0,1,0,0,16,3,24,0
7372,479,114,0,0,0,1,1,0,0,0,0,0,1,0,0,0,0,13,20,17,0
4652,985,199,0,0,0,1,0,0,0,1,0,1,0,0,0,0,0,13,25,21,0
6037,700,197,0,0,0,1,0,0,1,0,0,0,0,0,0,1,0,15,5,18,0
7321,323,39,0,1,0,0,0,0,0,1,0,0,0,0,0,1,0,15,12,17,0
1396,931,88,0,1,0,0,0,0,0,0,1,0,0,0,0,0,1,19,27,20,0
3695,419,118,0,0,1,0,0,0,0,1,0,0,0,0,0,1,0,17,7,10,0
5465,608,102,0,0,1,0,1,0,0,0,0,0,0,0,0,0,1,21,12,28,0
9202,986,69,1,0,0,0,0,1,0,0,0,0,0,0,0,0,1,17,15,21,0
3981,387,149,0,0,0,1,0,0,0,1,0,0,1,0,0,0,0,18,0,16,0
1289,340,174,0,0,1,0,0,0,0,0,1,0,1,0,0,0,0,6,23,13,0
6902,452,109,0,0,0,1,1,0,0,0,0,0,0,0,0,0,1,8,19,11,0
3924,125,132,0,1,0,0,0,0,0,0,1,0,0,0,0,1,0,21,20,10,0
1583,868,145,0,1,0,0,0,0,0,1,0,0,0,0,1,0,0,19,3,3,0
4704,81,144,0,0,1,0,0,0,0,1,0,1,0,0,0,0,0,14,11,11,0
1236,864,181,0,1,0,0,0,0,0,0,1,0,0,0,1,0,0,6,27,19,0
979,901,33,0,0,1,0,0,0,0,0,1,0,1,0,0,0,0,18,6,1,0
2446,293,12,0,0,0,1,0,0,0,0,1,0,0,0,1,0,0,10,10,18,0
5177,254,105,0,1,0,0,0,1,0,0,0,0,0,0,0,1,0,23,16,19,0
4924,168,131,1,0,0,0,1,0,0,0,0,0,0,0,1,0,0,21,5,14,0
4895,8,76,0,1,0,0,1,0,0,0,0,0,0,0,1,0,0,14,20,27,0
2946,115,181,0,0,1,0,0,1,0,0,0,1,0,0,0,0,0,22,14,15,0
7284,239,162,0,0,0,1,0,0,0,1,0,0,0,0,0,1,0,21,10,0,0
6816,536,125,1,0,0,0,1,0,0,0,0,1,0,0,0,0,0,16,26,12,0
5422,41,104,0,0,0,1,0,0,0,1,0,1,0,0,0,0,0,20,18,7,0
2794,493,43,1,0,0,0,0,1,0,0,0,1,0,0,0,0,0,16,12,8,0
7519,456,6,1,0,0,0,1,0,0,0,0,0,0,0,0,1,0,7,24,6,0
769,390,163,0,0,0,1,0,0,0,1,0,1,0,0,0,0,0,17,16,14,0
7832,526,137,0,1,0,0,0,1,0,0,0,0,0,0,1,0,0,20,24,5,0
2288,272,1,0,0,1,0,0,0,1,0,0,0,0,0,0,0,1,18,12,20,0
6301,913,39,1,0,0,0,1,0,0,0,0,0,0,0,1,0,0,17,16,27,0
4952,865,149,0,0,1,0,0,0,1,0,0,0,1,0,0,0,0,10,14,24,0
5023,56,141,0,1,0,0,0,0,0,1,0,0,0,0,1,0,0,14,2,13,0
8957,16,81,0,0,0,1,1,0,0,0,0,0,1,0,0,0,0,16,17,16,0
2589,5,157,0,0,1,0,1,0,0,0,0,0,1,0,0,0,0,15,15,9,0
5912,299,118,0,1,0,0,0,0,0,1,0,0,1,0,0,0,0,6,8,28,0
6641,945,133,0,0,0,1,0,0,1,0,0,0,0,0,0,1,0,17,9,22,0
3271,708,51,0,0,0,1,1,0,0,0,0,1,0,0,0,0,0,22,24,15,0
6883,588,117,1,0,0,0,0,0,0,0,1,0,1,0,0,0,0,12,4,19,0
7553,858,148,0,0,1,0,1,0,0,0,0,0,0,0,0,0,1,6,12,9,0
2397,959,92,0,0,1,0,0,0,1,0,0,0,1,0,0,0,0,17,8,17,0
274,99,93,0,0,0,1,0,0,1,0,0,0,0,0,0,0,1,10,3,21,0
3932,918,106,0,1,0,0,0,0,1,0,0,1,0,0,0,0,0,17,6,2,0
6363,68,73,0,0,0,1,1,0,0,0,0,0,0,0,0,1,0,7,28,28,0
8393,798,113,0,1,0,0,0,0,0,1,0,0,0,0,0,1,0,10,22,16,0
155,775,116,0,0,1,0,0,0,0,1,0,1,0,0,0,0,0,19,7,22,0
7627,502,40,0,0,1,0,0,0,0,1,0,1,0,0,0,0,0,21,27,0,0
9079,589,142,1,0,0,0,0,0,0,1,0,0,0,0,0,1,0,12,1,4,0
349,377,11,1,0,0,0,0,0,1,0,0,0,0,0,1,0,0,7,22,2,0
7711,700,194,0,1,0,0,0,1,0,0,0,0,0,0,1,0,0,7,0,26,0
4394,70,138,0,0,0,1,0,1,0,0,0,1,0,0,0,0,0,9,25,0,0
6874,879,150,0,0,0,1,1,0,0,0,0,1,0,0,0,0,0,17,20,19,0
6292,675,127,0,0,1,0,1,0,0,0,0,0,0,0,0,1,0,13,4,15,0
7115,702,51,1,0,0,0,0,0,1,0,0,0,0,0,1,0,0,12,20,18,0
1333,806,80,1,0,0,0,0,1,0,0,0,1,0,0,0,0,0,6,3,12,0
7564,388,61,0,1,0,0,1,0,0,0,0,1,0,0,0,0,0,15,19,24,0
4623,959,63,0,0,0,1,1,0,0,0,0,0,0,0,1,0,0,17,4,1,0
3349,262,124,0,1,0,0,0,0,0,0,1,0,0,0,1,0,0,15,0,9,0
6579,964,8,0,0,0,1,0,1,0,0,0,0,0,0,0,0,1,7,5,19,0
3082,552,127,0,1,0,0,0,0,1,0,0,0,1,0,0,0,0,19,0,29,0
7860,965,131,1,0,0,0,0,0,1,0,0,0,1,0,0,0,0,17,9,13,0
4462,121,141,0,0,1,0,1,0,0,0,0,0,1,0,0,0,0,9,12,2,0
5697,357,49,0,0,1,0,0,0,0,1,0,1,0,0,0,0,0,9,13,8,0
9946,556,659,0,1,0,0,0,0,0,1,0,1,0,0,0,0,0,11,72,85,1
2381,286,184,0,1,0,0,0,0,1,0,0,0,1,0,0,0,0,13,3,16,0
1360,284,69,0,1,0,0,0,0,0,0,1,1,0,0,0,0,0,23,12,21,0
2298,389,133,0,1,0,0,0,0,0,0,1,0,0,0,0,0,1,19,15,9,0
8623,858,167,0,1,0,0,0,0,1,0,0,1,0,0,0,0,0,21,16,7,0
2667,236,125,0,0,0,1,0,0,0,1,0,0,0,0,0,1,0,17,10,28,0
1351,75,100,0,0,0,1,0,1,0,0,0,1,0,0,0,0,0,15,4,26,0
2520,444,76,0,1,0,0,0,0,0,1,0,0,1,0,0,0,0,16,25,22,0
3521,598,109,0,0,0,1,0,0,0,1,0,0,0,0,1,0,0,15,23,27,0
2603,709,116,0,0,1,0,0,0,0,1,0,1,0,0,0,0,0,9,25,6,0
3776,938,199,0,0,1,0,1,0,0,0,0,0,1,0,0,0,0,12,13,29,0
5719,709,67,1,0,0,0,0,0,0,0,1,1,0,0,0,0,0,22,15,29,0
634,604,132,0,0,0,1,1,0,0,0,0,0,0,0,1,0,0,14,26,20,0
5303,68,86,0,0,1,0,1,0,0,0,0,0,0,0,1,0,0,22,19,5,0
7807,446,69,1,0,0,0,0,0,1,0,0,0,0,0,1,0,0,12,28,18,0
1869,653,65,1,0,0,0,0,1,0,0,0,1,0,0,0,0,0,18,27,4,0
5235,617,113,0,1,0,0,0,0,1,0,0,0,0,0,1,0,0,23,10,27,0
2518,958,188,1,0,0,0,0,1,0,0,0,0,0,0,0,1,0,13,17,19,0
6846,386,78,0,1,0,0,0,0,0,1,0,0,0,0,0,1,0,13,10,28,0
3043,11,61,0,0,1,0,1,0,0,0,0,1,0,0,0,0,0,8,22,1,0
7950,343,123,0,1,0,0,0,0,0,0,1,1,0,0,0,0,0,9,20,26,0
2826,330,10,0,0,1,0,0,0,1,0,0,0,1,0,0,0,0,18,0,28,0
2766,224,76,1,0,0,0,0,0,0,0,1,0,0,0,0,0,1,23,11,24,0
9616,970,10,1,0,0,0,0,0,0,1,0,0,0,1,0,0,0,3,91,94,1
1636,385,140,1,0,0,0,0,0,1,0,0,0,0,0,1,0,0,9,10,8,0
1495,198,194,0,0,1,0,1,0,0,0,0,0,0,0,0,0,1,22,0,13,0
713,903,75,1,0,0,0,0,0,1,0,0,0,0,0,0,0,1,16,19,17,0
1117,609,79,1,0,0,0,1,0,0,0,0,0,0,0,0,0,1,11,24,6,0
8368,332,159,0,0,1,0,0,0,0,1,0,0,0,0,0,1,0,15,22,25,0
401,775,139,1,0,0,0,0,0,1,0,0,0,0,0,1,0,0,6,7,6,0
1123,300,1,0,0,0,1,0,1,0,0,0,1,0,0,0,0,0,16,2,16,0
2124,844,101,1,0,0,0,0,0,0,1,0,0,0,0,0,0,1,20,23,17,0
4230,581,207,0,0,1,0,0,1,0,0,0,0,0,0,1,0,0,9,25,4,0
5362,477,93,1,0,0,0,1,0,0,0,0,0,0,0,0,1,0,22,5,25,0
5192,852,56,0,0,0,1,0,0,1,0,0,1,0,0,0,0,0,6,16,15,0
5864,945,133,0,0,1,0,0,1,0,0,0,0,0,0,1,0,0,14,19,27,0
9040,746,33,0,0,1,0,0,0,0,0,1,0,0,0,0,0,1,11,11,25,0
261,495,165,1,0,0,0,0,0,0,0,1,1,0,0,0,0,0,16,0,29,0
1267,204,154,0,1,0,0,0,0,1,0,0,1,0,0,0,0,0,12,27,11,0
6255,1,44,0,0,0,1,0,0,0,0,1,0,0,0,0,1,0,14,20,15,0
3814,418,101,0,0,1,0,0,1,0,0,0,1,0,0,0,0,0,12,29,13,0
824,161,21,0,0,1,0,0,0,1,0,0,0,0,0,0,0,1,22,20,25,0
9957,802,10,1,0,0,0,0,0,1,0,0,0,0,0,0,0,1,21,97,72,1
3960,490,49,0,0,0,1,0,0,0,1,0,0,0,0,0,1,0,6,26,26,0
9465,980,85,0,0,0,1,0,0,1,0,0,0,0,0,0,0,1,22,9,22,0
944,94,95,0,0,1,0,0,0,0,0,1,0,0,0,0,0,1,21,23,6,0
1268,771,101,0,1,0,0,0,0,0,1,0,0,0,0,1,0,0,18,5,12,0
1930,214,105,0,1,0,0,0,1,0,0,0,0,0,0,1,0,0,14,25,26,0
7844,804,139,0,0,0,1,0,0,0,1,0,0,1,0,0,0,0,23,23,16,0
9316,59,6,1,0,0,0,0,0,0,0,1,0,0,0,1,0,0,13,18,20,0
9217,745,85,1,0,0,0,0,0,1,0,0,0,0,0,0,1,0,11,14,9,0
4843,557,101,0,0,1,0,1,0,0,0,0,0,0,0,0,0,1,18,9,8,0
6364,812,102,0,1,0,0,0,0,1,0,0,0,0,0,0,1,0,20,5,29,0
2214,700,196,0,1,0,0,0,0,1,0,0,0,0,0,0,0,1,15,23,6,0
7766,783,142,0,0,1,0,0,1,0,0,0,1,0,0,0,0,0,7,6,0,0
6540,274,43,0,0,0,1,0,0,1,0,0,0,0,0,0,0,1,9,24,18,0
5248,104,54,0,0,1,0,0,0,1,0,0,0,1,0,0,0,0,18,22,3,0
7399,280,111,0,0,1,0,0,0,0,1,0,0,0,0,0,1,0,11,1,18,0
8967,293,114,0,0,0,1,1,0,0,0,0,0,0,0,1,0,0,12,12,11,0
1699,676,182,0,1,0,0,0,0,0,0,1,0,0,0,0,0,1,13,24,29,0
9021,221,87,0,0,0,1,0,0,0,0,1,0,0,0,0,1,0,8,26,21,0
1269,213,87,0,0,0,1,0,0,1,0,0,0,0,0,0,1,0,23,15,14,0
1285,120,169,1,0,0,0,1,0,0,0,0,0,1,0,0,0,0,13,21,29,0
996,196,113,0,0,1,0,0,0,1,0,0,0,0,0,0,0,1,11,3,28,0
4754,566,144,0,0,0,1,0,0,1,0,0,1,0,0,0,0,0,17,27,2,0
4286,444,78,1,0,0,0,0,1,0,0,0,0,0,0,0,0,1,15,16,27,0
7213,379,69,0,1,0,0,0,1,0,0,0,0,1,0,0,0,0,8,5,9,0
2387,510,75,0,0,0,1,0,0,0,1,0,0,0,0,1,0,0,17,24,10,0
2800,24,15,1,0,0,0,0,0,1,0,0,0,1,0,0,0,0,16,7,9,0
3592,425,81,1,0,0,0,1,0,0,0,0,1,0,0,0,0,0,19,20,24,0
2013,515,105,0,1,0,0,0,1,0,0,0,0,0,0,1,0,0,18,5,20,0
5598,208,90,0,1,0,0,1,0,0,0,0,0,0,0,1,0,0,17,23,0,0
890,64,160,0,0,0,1,0,0,1,0,0,0,0,0,0,0,1,10,19,27,0
1032,517,13,0,0,0,1,0,0,0,0,1,0,0,0,0,1,0,9,2,0,0
818,570,66,0,0,1,0,0,1,0,0,0,0,0,0,0,0,1,7,29,6,0
6160,664,116,0,0,0,1,0,1,0,0,0,0,0,0,1,0,0,10,21,20,0
3328,805,42,1,0,0,0,0,0,0,0,1,1,0,0,0,0,0,12,8,1,0
9659,125,10,1,0,0,0,0,1,0,0,0,0,0,1,0,0,0,4,96,93,1
5399,44,33,0,1,0,0,0,0,1,0,0,1,0,0,0,0,0,12,8,3,0
5426,452,83,0,0,0,1,0,0,0,1,0,1,0,0,0,0,0,9,24,5,0
338,110,115,0,1,0,0,0,0,0,0,1,0,0,0,0,0,1,19,24,4,0
2185,499,32,0,0,0,1,1,0,0,0,0,0,0,0,0,0,1,11,5,22,0
7160,554,76,0,0,1,0,0,1,0,0,0,0,0,0,0,0,1,6,2,24,0
8894,857,116,0,0,0,1,0,1,0,0,0,0,0,0,0,0,1,16,28,22,0
3302,809,57,0,0,0,1,0,0,0,1,0,0,0,0,0,0,1,18,12,17,0
7835,545,149,1,0,0,0,0,0,0,1,0,1,0,0,0,0,0,9,11,9,0
2572,773,58,1,0,0,0,0,0,1,0,0,1,0,0,0,0,0,16,17,23,0
1647,513,120,0,1,0,0,1,0,0,0,0,1,0,0,0,0,0,22,2,19,0
7893,138,133,1,0,0,0,0,0,1,0,0,0,0,0,1,0,0,15,19,29,0
184,775,25,1,0,0,0,0,1,0,0,0,0,1,0,0,0,0,20,9,23,0
9605,37,2440,0,0,1,0,1,0,0,0,0,0,0,0,0,1,0,9,71,91,1
1525,334,60,1,0,0,0,0,1,0,0,0,0,0,0,0,0,1,23,29,27,0
1929,180,100,0,0,1,0,0,0,0,1,0,0,0,0,0,0,1,21,27,27,0
9373,554,177,0,1,0,0,0,0,1,0,0,0,0,0,0,0,1,22,1,11,0
3830,662,164,0,0,1,0,0,0,1,0,0,0,0,0,1,0,0,23,25,4,0
661,768,88,1,0,0,0,0,0,0,1,0,0,0,0,0,1,0,6,9,1,0
2998,863,38,0,0,1,0,0,0,0,0,1,0,0,0,0,1,0,14,2,18,0
7017,766,39,0,0,0,1,0,0,0,1,0,0,0,0,0,0,1,17,0,15,0
537,559,195,0,0,1,0,0,0,1,0,0,0,0,0,1,0,0,17,16,11,0
4827,935,116,0,1,0,0,0,0,0,1,0,0,1,0,0,0,0,12,2,18,0
5512,551,63,0,0,1,0,0,1,0,0,0,0,0,0,1,0,0,12,25,4,0
5056,798,93,0,1,0,0,1,0,0,0,0,0,0,0,1,0,0,9,22,12,0
4530,124,85,1,0,0,0,0,0,0,0,1,0,0,0,0,1,0,15,26,15,0
3338,937,66,0,0,0,1,0,0,1,0,0,0,0,0,1,0,0,9,20,9,0
9301,889,144,0,1,0,0,0,1,0,0,0,0,0,0,1,0,0,8,14,15,0
6267,0,185,0,0,1,0,0,0,0,0,1,1,0,0,0,0,0,17,2,7,0
8426,801,85,1,0,0,0,0,0,1,0,0,0,0,0,1,0,0,12,13,17,0
4011,520,174,1,0,0,0,0,1,0,0,0,0,1,0,0,0,0,10,5,17,0
8080,782,33,0,0,1,0,0,1,0,0,0,0,0,0,0,1,0,22,6,9,0
3652,596,150,0,0,0,1,0,0,0,1,0,1,0,0,0,0,0,9,1,9,0
4199,208,26,0,0,1,0,0,1,0,0,0,0,0,0,1,0,0,18,0,3,0
8448,939,31,0,1,0,0,0,0,0,0,1,0,0,0,0,0,1,8,19,4,0
4889,386,115,0,0,1,0,0,1,0,0,0,0,0,0,1,0,0,13,2,13,0
4513,939,40,1,0,0,0,0,0,0,1,0,0,1,0,0,0,0,16,17,2,0
5125,89,131,0,1,0,0,0,0,1,0,0,1,0,0,0,0,0,17,0,9,0
1936,178,82,0,1,0,0,1,0,0,0,0,1,0,0,0,0,0,13,14,21,0
8598,701,38,1,0,0,0,0,0,0,0,1,1,0,0,0,0,0,12,13,8,0
8033,869,107,0,1,0,0,0,0,1,0,0,0,0,0,0,1,0,10,15,23,0
5042,937,208,0,1,0,0,0,0,0,0,1,0,0,0,0,1,0,8,11,7,0
7276,196,139,0,0,0,1,0,1,0,0,0,0,0,0,1,0,0,16,15,21,0
5747,268,173,1,0,0,0,0,0,0,1,0,0,0,0,0,1,0,14,16,16,0
3191,108,92,1,0,0,0,0,0,1,0,0,0,0,0,0,1,0,9,5,26,0
4363,463,133,0,0,1,0,0,0,0,1,0,0,0,0,0,1,0,7,22,2,0
4091,182,1,0,1,0,0,0,0,1,0,0,0,0,0,0,1,0,16,27,11,0
9414,697,1,0,0,0,1,0,0,1,0,0,0,1,0,0,0,0,10,14,5,0
9980,529,3512,0,0,0,1,0,0,0,1,0,0,0,1,0,0,0,3,81,97,1
8143,663,64,0,0,0,1,0,0,0,1,0,1,0,0,0,0,0,7,5,0,0
4316,818,126,1,0,0,0,0,0,0,1,0,0,0,0,0,0,1,15,16,7,0
3794,691,77,0,0,0,1,0,0,1,0,0,0,0,0,1,0,0,18,12,5,0
2807,98,72,0,1,0,0,1,0,0,0,0,1,0,0,0,0,0,13,8,24,0
8764,781,40,0,0,1,0,0,1,0,0,0,0,1,0,0,0,0,6,12,17,0
6279,594,100,0,0,1,0,0,0,0,0,1,0,0,0,0,1,0,6,25,2,0
1478,24,91,0,0,1,0,1,0,0,0,0,0,0,0,0,0,1,8,7,13,0
4816,780,16,0,0,1,0,0,0,1,0,0,1,0,0,0,0,0,15,11,4,0
3016,907,49,1,0,0,0,1,0,0,0,0,0,0,0,0,0,1,13,14,19,0
4147,946,57,0,0,0,1,0,1,0,0,0,1,0,0,0,0,0,11,1,22,0
4900,528,162,0,0,0,1,1,0,0,0,0,0,0,0,0,1,0,13,0,29,0
850,80,77,0,0,1,0,1,0,0,0,0,0,1,0,0,0,0,7,27,13,0
9321,800,112,0,0,0,1,0,0,0,1,0,0,0,0,1,0,0,20,21,8,0
7727,913,157,1,0,0,0,0,0,1,0,0,0,1,0,0,0,0,16,11,1,0
5861,531,62,1,0,0,0,0,0,0,1,0,0,1,0,0,0,0,22,25,10,0
495,572,45,0,0,1,0,0,0,0,1,0,0,0,0,0,1,0,22,26,18,0
7823,842,93,0,0,1,0,0,1,0,0,0,0,0,0,1,0,0,20,2,0,0
3854,882,58,0,0,1,0,0,0,1,0,0,0,0,0,0,1,0,10,23,27,0
1846,424,105,0,0,1,0,0,0,0,0,1,0,1,0,0,0,0,23,25,11,0
6680,120,104,1,0,0,0,0,0,0,1,0,0,0,0,1,0,0,21,1,28,0
686,823,48,0,0,1,0,0,1,0,0,0,0,0,0,0,0,1,23,25,6,0
4732,153,63,0,0,1,0,0,1,0,0,0,0,0,0,1,0,0,6,29,0,0
9983,525,10,1,0,0,0,0,0,0,1,0,0,0,1,0,0,0,14,97,96,1
5369,113,3,0,0,0,1,1,0,0,0,0,0,0,0,0,1,0,18,13,1,0
2163,836,99,0,0,1,0,1,0,0,0,0,0,0,0,0,0,1,6,5,15,0
8113,897,89,0,0,0,1,0,0,1,0,0,1,0,0,0,0,0,7,3,19,0
5185,10,228,1,0,0,0,0,0,0,0,1,0,1,0,0,0,0,15,25,15,0
8607,52,150,0,0,1,0,0,1,0,0,0,0,0,0,1,0,0,9,28,14,0
9244,535,123,0,1,0,0,0,0,0,0,1,0,0,0,1,0,0,21,7,1,0
5906,831,120,0,0,0,1,0,1,0,0,0,0,0,0,0,1,0,12,21,7,0
5545,553,101,0,0,0,1,1,0,0,0,0,0,0,0,0,0,1,23,16,25,0
3769,373,148,0,0,1,0,0,0,0,0,1,1,0,0,0,0,0,17,18,15,0
6289,356,113,0,0,1,0,0,1,0,0,0,0,0,0,0,1,0,8,16,16,0
2778,46,142,0,1,0,0,0,0,0,1,0,0,0,0,1,0,0,19,12,3,0
2383,374,210,0,0,0,1,0,0,0,1,0,0,1,0,0,0,0,9,0,27,0
7991,807,91,1,0,0,0,0,0,0,1,0,0,0,0,0,0,1,16,22,29,0
5386,83,118,0,0,0,1,0,0,0,1,0,0,1,0,0,0,0,19,21,4,0
5327,432,224,0,0,0,1,0,0,0,1,0,0,0,0,1,0,0,6,3,15,0
8058,424,122,0,0,1,0,0,1,0,0,0,0,0,0,0,1,0,9,17,6,0
7246,327,59,1,0,0,0,0,0,1,0,0,0,0,0,1,0,0,19,3,11,0
6780,346,96,1,0,0,0,0,0,1,0,0,0,0,0,0,1,0,18,27,25,0
3346,885,136,0,0,1,0,0,1,0,0,0,0,1,0,0,0,0,21,0,9,0
9056,801,124,0,1,0,0,0,0,1,0,0,0,0,0,0,0,1,6,10,28,0
5246,70,115,0,0,1,0,0,1,0,0,0,0,0,0,1,0,0,17,7,15,0
947,150,114,1,0,0,0,0,0,1,0,0,0,0,0,1,0,0,11,0,6,0
5895,238,152,1,0,0,0,0,0,0,0,1,0,0,0,1,0,0,11,26,22,0
7224,41,240,0,0,1,0,0,0,0,1,0,0,0,0,0,0,1,13,13,3,0
8190,966,61,1,0,0,0,0,0,0,0,1,0,0,0,0,1,0,15,4,20,0
3855,302,110,0,0,0,1,0,0,0,1,0,0,1,0,0,0,0,15,1,24,0
1801,572,15,0,1,0,0,0,1,0,0,0,0,0,0,1,0,0,16,8,2,0
7877,824,83,0,1,0,0,1,0,0,0,0,0,0,0,0,1,0,20,18,18,0
1557,121,52,0,0,0,1,1,0,0,0,0,0,1,0,0,0,0,15,10,24,0
6640,103,138,0,0,1,0,0,0,0,1,0,0,0,0,0,1,0,10,24,19,0
7652,964,78,0,1,0,0,0,0,1,0,0,0,0,0,0,0,1,19,11,13,0
716,146,1,1,0,0,0,0,0,0,0,1,0,0,0,0,1,0,20,6,15,0
6747,760,146,0,0,1,0,0,0,0,0,1,0,0,0,0,0,1,13,1,12,0
2918,917,46,0,0,0,1,1,0,0,0,0,0,0,0,0,0,1,19,4,18,0
9447,330,116,0,1,0,0,0,0,0,1,0,0,0,0,1,0,0,10,9,4,0
736,188,170,1,0,0,0,0,0,0,1,0,0,0,0,0,1,0,12,11,6,0
1416,508,18,0,0,0,1,1,0,0,0,0,0,0,0,0,0,1,15,3,14,0
2903,786,15,0,0,1,0,0,1,0,0,0,1,0,0,0,0,0,17,14,3,0
4244,983,200,0,0,1,0,0,0,1,0,0,0,0,0,0,1,0,23,9,17,0
3897,940,1,1,0,0,0,0,0,0,1,0,0,0,0,0,1,0,21,8,8,0
7032,495,165,0,0,0,1,1,0,0,0,0,0,1,0,0,0,0,16,2,4,0
7289,470,104,1,0,0,0,1,0,0,0,0,0,0,0,0,1,0,13,1,20,0
3934,24,160,1,0,0,0,1,0,0,0,0,0,1,0,0,0,0,13,9,0,0
6314,596,14,0,0,0,1,0,0,1,0,0,0,0,0,0,1,0,6,11,18,0
7943,749,158,1,0,0,0,1,0,0,0,0,0,0,0,0,1,0,6,22,7,0
7474,163,139,0,0,1,0,0,0,0,0,1,0,1,0,0,0,0,22,13,19,0
5998,411,49,1,0,0,0,0,0,0,0,1,0,0,0,0,0,1,10,8,8,0
2324,5,75,0,0,1,0,0,0,0,1,0,0,0,0,0,1,0,18,4,4,0
106,566,94,1,0,0,0,0,0,0,1,0,1,0,0,0,0,0,7,6,29,0
6483,382,98,0,1,0,0,0,0,0,1,0,0,1,0,0,0,0,19,20,14,0
1867,92,155,1,0,0,0,0,0,0,1,0,0,0,0,0,0,1,23,3,16,0
8473,670,93,1,0,0,0,0,0,0,1,0,0,1,0,0,0,0,13,26,26,0
7633,687,75,0,0,0,1,0,0,1,0,0,1,0,0,0,0,0,7,25,29,0
4577,719,146,0,1,0,0,0,1,0,0,0,0,0,0,0,1,0,17,5,13,0
776,383,120,1,0,0,0,1,0,0,0,0,0,1,0,0,0,0,23,8,10,0
9859,926,10,0,1,0,0,0,0,0,1,0,1,0,0,0,0,0,20,93,81,1
7018,633,1,0,0,0,1,0,0,0,0,1,0,0,0,1,0,0,21,6,25,0
1146,53,133,1,0,0,0,0,0,1,0,0,0,0,0,0,0,1,15,0,14,0
5889,676,90,0,1,0,0,0,0,0,0,1,0,0,0,1,0,0,13,3,10,0
1864,753,134,0,1,0,0,0,0,1,0,0,0,0,0,0,0,1,22,6,6,0
5139,981,175,0,0,0,1,0,0,0,1,0,0,0,0,0,0,1,10,18,24,0
7219,469,1,0,0,1,0,0,0,1,0,0,0,0,0,1,0,0,7,22,23,0
1545,693,76,0,1,0,0,0,1,0,0,0,0,1,0,0,0,0,6,15,24,0
8287,552,2,0,0,1,0,0,1,0,0,0,0,1,0,0,0,0,14,15,8,0
813,309,62,0,1,0,0,0,0,0,0,1,0,0,0,1,0,0,19,18,2,0
725,889,99,0,1,0,0,0,0,0,0,1,0,0,0,0,1,0,7,16,18,0
9251,666,112,1,0,0,0,0,1,0,0,0,0,0,0,1,0,0,23,25,5,0
5441,77,156,0,1,0,0,0,0,1,0,0,0,0,0,0,1,0,9,24,4,0
6353,11,95,0,1,0,0,0,1,0,0,0,0,0,0,0,1,0,23,13,28,0
4515,326,49,0,0,1,0,0,0,0,1,0,0,0,0,0,1,0,19,10,19,0
5324,918,139,0,1,0,0,1,0,0,0,0,0,1,0,0,0,0,20,6,26,0
1599,582,129,0,0,1,0,0,0,0,1,0,0,1,0,0,0,0,15,12,27,0
9284,458,87,0,0,1,0,1,0,0,0,0,0,0,0,0,0,1,12,8,25,0
3156,194,141,1,0,0,0,0,0,0,1,0,0,0,0,0,0,1,16,6,12,0
1046,203,137,0,0,1,0,0,0,1,0,0,0,0,0,0,0,1,23,9,1,0
3837,351,148,0,0,1,0,0,0,0,1,0,0,0,0,0,1,0,17,7,9,0
2059,789,65,1,0,0,0,0,0,0,0,1,1,0,0,0,0,0,9,20,7,0
4435,430,199,1,0,0,0,0,1,0,0,0,0,0,0,0,0,1,8,22,19,0
6838,260,180,1,0,0,0,0,0,0,0,1,0,0,0,1,0,0,22,4,8,0
1475,793,221,0,0,1,0,0,0,0,1,0,0,0,0,1,0,0,10,10,3,0
2177,387,97,1,0,0,0,1,0,0,0,0,0,1,0,0,0,0,20,24,25,0
2370,719,134,1,0,0,0,0,0,1,0,0,0,0,0,0,1,0,9,6,14,0
4405,493,130,0,0,1,0,1,0,0,0,0,0,0,0,0,1,0,11,1,6,0
5999,614,116,0,1,0,0,0,1,0,0,0,0,1,0,0,0,0,21,0,22,0
9210,364,83,0,0,0,1,1,0,0,0,0,1,0,0,0,0,0,20,18,23,0
3693,845,158,1,0,0,0,0,0,0,1,0,0,0,0,0,0,1,10,8,7,0
1324,543,71,1,0,0,0,0,0,0,0,1,1,0,0,0,0,0,21,17,1,0
8091,913,42,1,0,0,0,0,0,1,0,0,0,0,0,1,0,0,17,16,26,0
7049,226,205,0,0,0,1,0,0,0,1,0,0,0,0,0,0,1,14,6,8,0
980,96,23,0,0,1,0,0,1,0,0,0,0,0,0,0,1,0,21,13,7,0
7040,287,165,0,0,1,0,0,0,0,0,1,0,1,0,0,0,0,19,14,7,0
2964,835,114,0,0,0,1,0,0,1,0,0,0,1,0,0,0,0,18,18,0,0
5143,996,62,1,0,0,0,0,0,0,0,1,0,0,0,0,1,0,17,8,10,0
9220,45,133,0,0,1,0,0,0,1,0,0,1,0,0,0,0,0,18,7,27,0
7541,462,46,0,0,0,1,0,0,1,0,0,0,0,0,0,1,0,13,6,22,0
2660,911,97,0,0,1,0,0,0,0,0,1,1,0,0,0,0,0,22,7,15,0
262,657,136,0,1,0,0,0,0,1,0,0,0,0,0,0,1,0,14,10,1,0
5501,604,88,1,0,0,0,0,0,0,1,0,0,0,0,0,1,0,15,16,21,0
361,603,152,0,1,0,0,0,0,1,0,0,0,0,0,1,0,0,17,12,22,0
9906,937,2879,0,1,0,0,0,0,1,0,0,0,0,0,0,0,1,17,87,91,1
3701,426,77,1,0,0,0,0,0,0,1,0,0,0,0,1,0,0,19,3,15,0
6421,804,14,0,0,0,1,0,1,0,0,0,1,0,0,0,0,0,23,9,2,0
2796,605,223,1,0,0,0,0,0,1,0,0,0,0,0,1,0,0,21,1,7,0
3046,794,35,0,0,0,1,0,0,0,1,0,0,0,0,1,0,0,8,2,24,0
5287,632,160,0,0,0,1,0,0,0,0,1,0,1,0,0,0,0,19,6,27,0
7653,209,32,0,1,0,0,0,0,1,0,0,0,1,0,0,0,0,13,7,1,0
8042,547,83,1,0,0,0,0,0,1,0,0,0,0,0,0,1,0,22,29,1,0
6969,591,136,1,0,0,0,0,0,0,1,0,0,0,0,0,1,0,9,12,9,0
217,697,198,1,0,0,0,0,1,0,0,0,0,0,0,0,0,1,21,0,16,0
5206,67,132,0,0,1,0,0,0,0,0,1,0,0,0,0,1,0,22,2,1,0
5756,645,70,0,1,0,0,0,0,0,1,0,0,0,0,0,0,1,21,6,19,0
6300,680,120,0,1,0,0,0,0,1,0,0,0,0,0,0,1,0,17,11,26,0
5009,389,133,1,0,0,0,0,0,0,0,1,0,0,0,1,0,0,22,25,1,0
8160,565,151,1,0,0,0,0,0,0,1,0,0,1,0,0,0,0,23,11,8,0
3613,415,91,0,1,0,0,0,0,1,0,0,0,1,0,0,0,0,20,19,20,0
6720,754,46,0,0,0,1,0,0,0,0,1,0,1,0,0,0,0,11,6,18,0
1941,750,141,0,1,0,0,0,1,0,0,0,0,0,0,1,0,0,13,8,18,0
3997,524,125,0,0,0,1,0,1,0,0,0,0,0,0,0,0,1,9,10,5,0
7695,798,58,0,0,0,1,0,1,0,0,0,0,1,0,0,0,0,12,26,15,0
7555,332,149,0,0,1,0,0,1,0,0,0,0,0,0,1,0,0,14,3,6,0
1153,408,33,0,1,0,0,1,0,0,0,0,0,0,0,0,1,0,8,28,7,0
8962,228,115,0,0,0,1,0,0,0,0,1,0,1,0,0,0,0,8,5,19,0
142,177,112,0,0,0,1,0,0,0,1,0,0,1,0,0,0,0,18,6,17,0
1275,87,133,0,1,0,0,0,0,0,0,1,1,0,0,0,0,0,15,16,14,0
7277,834,143,0,0,1,0,0,0,0,0,1,0,0,0,0,0,1,17,28,18,0
5926,463,183,0,0,1,0,0,0,0,1,0,1,0,0,0,0,0,22,3,22,0
6690,523,130,0,1,0,0,0,0,0,1,0,1,0,0,0,0,0,7,0,15,0
1178,150,85,0,1,0,0,0,0,1,0,0,0,0,0,0,1,0,7,4,17,0
4912,546,174,0,1,0,0,1,0,0,0,0,1,0,0,0,0,0,12,21,27,0
1113,890,94,0,0,0,1,0,0,0,1,0,0,1,0,0,0,0,7,6,0,0
6854,757,107,0,0,0,1,0,0,0,1,0,0,0,0,0,1,0,22,5,22,0
2402,151,33,0,0,1,0,1,0,0,0,0,0,1,0,0,0,0,21,28,29,0
5668,959,26,0,1,0,0,1,0,0,0,0,0,0,0,0,0,1,11,15,9,0
523,751,71,0,0,1,0,0,0,1,0,0,0,0,0,0,0,1,9,8,2,0
5880,641,185,1,0,0,0,0,1,0,0,0,0,0,0,0,1,0,21,27,21,0
1945,263,135,0,0,1,0,0,1,0,0,0,1,0,0,0,0,0,13,12,27,0
4349,81,194,0,0,1,0,1,0,0,0,0,0,0,0,1,0,0,13,11,27,0
1442,244,114,0,1,0,0,0,0,0,1,0,0,1,0,0,0,0,8,24,8,0
9714,568,860,0,0,1,0,0,0,0,1,0,0,0,0,0,0,1,10,79,99,1
1266,184,1,1,0,0,0,1,0,0,0,0,0,0,0,1,0,0,10,5,26,0
6404,873,104,0,0,1,0,0,0,0,0,1,0,1,0,0,0,0,17,24,4,0
343,883,81,0,0,0,1,0,0,0,0,1,0,1,0,0,0,0,14,11,17,0
8724,248,95,1,0,0,0,0,0,0,1,0,0,0,0,0,0,1,15,19,28,0
8612,647,74,1,0,0,0,0,0,1,0,0,1,0,0,0,0,0,14,9,26,0
3428,421,115,0,1,0,0,0,0,0,1,0,0,0,0,0,0,1,8,1,23,0
3809,342,26,0,1,0,0,0,0,1,0,0,0,0,0,0,0,1,16,8,8,0
8944,10,186,0,0,0,1,0,0,0,1,0,0,0,0,1,0,0,7,10,24,0
2755,879,84,0,0,0,1,1,0,0,0,0,0,0,0,0,0,1,23,19,6,0
2356,749,158,0,0,0,1,0,1,0,0,0,0,0,0,0,0,1,8,28,9,0
1472,540,121,1,0,0,0,0,0,0,1,0,0,0,0,1,0,0,9,24,7,0
9066,980,119,1,0,0,0,0,0,1,0,0,1,0,0,0,0,0,22,27,15,0
3552,540,35,0,0,1,0,0,1,0,0,0,0,0,0,0,1,0,15,9,18,0
2022,470,132,0,0,1,0,0,0,1,0,0,0,0,0,1,0,0,23,29,9,0
5735,514,85,0,0,1,0,0,0,0,0,1,1,0,0,0,0,0,6,5,18,0
7556,84,135,1,0,0,0,0,0,0,0,1,0,0,0,0,1,0,20,11,6,0
5602,251,37,0,0,1,0,0,1,0,0,0,0,0,0,1,0,0,11,11,27,0
1020,337,72,1,0,0,0,0,0,0,1,0,0,1,0,0,0,0,18,5,1,0
7206,273,87,0,0,1,0,0,1,0,0,0,0,0,0,0,0,1,7,1,28,0
9535,988,2185,0,1,0,0,0,0,1,0,0,0,1,0,0,0,0,11,99,71,1
4765,867,129,1,0,0,0,0,0,1,0,0,0,0,0,0,1,0,18,1,13,0
1570,670,129,0,1,0,0,0,1,0,0,0,1,0,0,0,0,0,11,18,2,0
3450,747,197,0,0,1,0,1,0,0,0,0,0,0,0,0,1,0,6,5,6,0
264,973,77,0,0,1,0,0,0,1,0,0,0,0,0,1,0,0,19,16,3,0
3255,436,114,0,0,0,1,0,0,1,0,0,0,1,0,0,0,0,11,15,6,0
4211,269,89,0,0,1,0,0,1,0,0,0,1,0,0,0,0,0,7,7,16,0
4226,717,38,0,0,0,1,0,0,0,1,0,0,0,0,1,0,0,16,9,17,0
2708,901,185,0,1,0,0,0,1,0,0,0,0,0,0,0,0,1,8,9,27,0
5223,949,91,0,0,0,1,0,0,1,0,0,0,1,0,0,0,0,20,20,4,0
3512,89,71,1,0,0,0,0,1,0,0,0,0,1,0,0,0,0,20,24,29,0
7846,404,133,0,0,0,1,1,0,0,0,0,0,0,0,0,1,0,16,18,13,0
1890,12,135,0,0,0,1,0,1,0,0,0,0,0,0,0,0,1,17,12,3,0
2504,448,88,0,0,0,1,0,0,1,0,0,0,0,0,0,1,0,6,11,12,0
8732,563,88,0,0,0,1,1,0,0,0,0,0,0,0,1,0,0,13,2,26,0
6708,495,134,0,0,0,1,0,0,0,1,0,0,0,0,1,0,0,7,11,3,0
1978,927,4,0,1,0,0,0,1,0,0,0,0,0,0,1,0,0,11,5,18,0
6358,105,98,0,0,0,1,0,0,0,1,0,1,0,0,0,0,0,6,6,20,0
2215,271,44,0,0,0,1,0,1,0,0,0,1,0,0,0,0,0,21,17,8,0
8755,175,142,0,1,0,0,0,0,0,0,1,0,0,0,0,0,1,8,8,18,0
623,739,136,0,1,0,0,0,1,0,0,0,0,0,0,0,1,0,9,26,22,0
8283,616,1,1,0,0,0,0,0,0,1,0,0,0,0,0,1,0,23,22,20,0
5592,528,98,0,1,0,0,0,0,0,0,1,0,0,0,1,0,0,14,6,9,0
4264,501,89,1,0,0,0,0,0,1,0,0,0,1,0,0,0,0,19,17,24,0
9604,812,10,1,0,0,0,0,1,0,0,0,0,0,0,0,1,0,11,95,89,1
2015,337,82,0,0,1,0,1,0,0,0,0,0,0,0,1,0,0,21,11,14,0
3424,575,35,1,0,0,0,0,0,0,0,1,0,1,0,0,0,0,8,5,14,0
4451,412,104,0,0,0,1,0,0,0,1,0,1,0,0,0,0,0,9,23,1,0
6313,601,32,0,1,0,0,0,1,0,0,0,0,0,0,0,0,1,7,7,18,0
975,900,149,0,1,0,0,0,0,1,0,0,0,1,0,0,0,0,7,11,17,0
6370,99,104,0,0,1,0,0,0,1,0,0,0,0,0,1,0,0,20,8,10,0
93,12,123,0,0,1,0,0,0,0,0,1,0,1,0,0,0,0,18,1,13,0
2050,990,69,1,0,0,0,0,0,0,1,0,0,0,0,0,1,0,12,12,20,0
9905,553,22,0,1,0,0,0,0,0,0,1,1,0,0,0,0,0,0,70,85,1
3209,949,55,1,0,0,0,0,0,0,0,1,0,1,0,0,0,0,13,0,13,0
8636,76,126,1,0,0,0,0,1,0,0,0,1,0,0,0,0,0,21,24,4,0
4345,215,110,0,0,0,1,1,0,0,0,0,0,0,0,1,0,0,19,19,6,0
35,24,131,0,0,1,0,0,0,1,0,0,1,0,0,0,0,0,7,21,24,0
6019,187,16,0,0,1,0,0,1,0,0,0,0,0,0,0,1,0,13,19,3,0
3384,522,133,0,1,0,0,1,0,0,0,0,0,0,0,1,0,0,9,0,14,0
9394,605,65,0,0,1,0,0,1,0,0,0,0,0,0,0,0,1,6,9,16,0
9832,86,2355,1,0,0,0,0,0,0,1,0,1,0,0,0,0,0,4,97,76,1
4344,512,97,1,0,0,0,0,0,1,0,0,0,1,0,0,0,0,14,6,0,0
1855,63,40,0,1,0,0,0,0,0,1,0,0,0,0,0,1,0,14,0,12,0
6102,501,165,1,0,0,0,1,0,0,0,0,0,1,0,0,0,0,14,16,9,0
3687,344,173,0,0,1,0,1,0,0,0,0,0,0,0,0,0,1,15,2,13,0
6235,393,170,0,0,0,1,0,0,0,0,1,1,0,0,0,0,0,17,3,8,0
575,477,113,1,0,0,0,0,1,0,0,0,1,0,0,0,0,0,12,3,21,0
1512,434,198,1,0,0,0,1,0,0,0,0,0,0,0,0,1,0,21,24,12,0
7646,162,153,0,0,1,0,0,0,0,0,1,1,0,0,0,0,0,8,8,20,0
8504,789,142,0,1,0,0,0,1,0,0,0,1,0,0,0,0,0,18,22,16,0
3127,845,123,0,0,0,1,0,1,0,0,0,0,1,0,0,0,0,6,1,24,0
3184,400,60,0,0,1,0,0,0,0,1,0,1,0,0,0,0,0,15,4,28,0
6717,191,64,0,1,0,0,1,0,0,0,0,0,0,0,1,0,0,12,22,2,0
3083,335,5,1,0,0,0,0,0,0,1,0,0,0,0,0,0,1,10,16,16,0
5877,749,81,0,0,1,0,0,0,1,0,0,0,1,0,0,0,0,16,21,27,0
2900,430,118,0,0,0,1,0,0,1,0,0,0,0,0,0,1,0,9,28,3,0
1211,318,58,1,0,0,0,0,0,1,0,0,0,0,0,0,0,1,21,13,25,0
5709,195,85,0,1,0,0,0,0,0,1,0,0,0,0,1,0,0,16,13,12,0
927,282,136,0,1,0,0,0,0,1,0,0,0,1,0,0,0,0,20,24,7,0
8853,267,111,0,0,1,0,0,0,0,1,0,0,1,0,0,0,0,20,4,5,0
2902,435,154,0,0,0,1,0,0,1,0,0,1,0,0,0,0,0,11,1,26,0
2028,987,96,0,0,0,1,0,0,1,0,0,0,1,0,0,0,0,10,19,26,0
3575,954,149,0,0,0,1,0,0,0,1,0,0,1,0,0,0,0,16,16,15,0
9792,882,22,0,0,1,0,0,0,0,1,0,0,0,0,1,0,0,4,70,87,1
3501,643,71,0,0,1,0,1,0,0,0,0,1,0,0,0,0,0,18,29,15,0
2841,303,184,0,0,1,0,1,0,0,0,0,0,0,0,0,1,0,14,13,8,0
298,2,52,0,1,0,0,0,0,0,1,0,0,0,0,0,0,1,13,2,28,0
757,829,51,0,0,1,0,0,0,0,0,1,1,0,0,0,0,0,6,13,28,0
1082,917,97,1,0,0,0,0,0,1,0,0,0,1,0,0,0,0,9,5,2,0
3716,55,97,0,0,0,1,0,0,0,0,1,0,0,0,0,1,0,7,27,13,0
4488,320,52,0,0,0,1,0,0,1,0,0,1,0,0,0,0,0,17,29,17,0
3689,699,107,1,0,0,0,1,0,0,0,0,0,0,0,0,1,0,23,4,20,0
4268,703,18,0,0,1,0,0,1,0,0,0,0,0,0,0,0,1,9,3,18,0
9298,973,104,0,0,0,1,0,0,0,0,1,0,0,0,1,0,0,8,19,11,0
2293,724,81,0,0,0,1,0,0,0,1,0,1,0,0,0,0,0,19,9,16,0
9624,693,986,0,1,0,0,0,0,1,0,0,0,0,1,0,0,0,4,95,74,1
6963,217,111,0,1,0,0,0,0,0,0,1,1,0,0,0,0,0,14,15,18,0
8517,705,75,0,0,0,1,0,0,0,1,0,0,0,0,0,1,0,13,14,2,0
8926,735,134,1,0,0,0,0,0,1,0,0,1,0,0,0,0,0,22,15,8,0
9337,432,124,0,1,0,0,0,0,0,1,0,0,1,0,0,0,0,13,24,25,0
7141,68,131,1,0,0,0,0,0,1,0,0,0,0,0,0,0,1,8,3,13,0
789,908,60,0,1,0,0,0,0,0,1,0,0,0,0,0,1,0,19,3,5,0
3719,110,130,1,0,0,0,0,1,0,0,0,0,0,0,0,1,0,16,29,15,0
3306,25,120,1,0,0,0,0,0,1,0,0,0,0,0,0,1,0,9,27,11,0
6109,341,65,0,1,0,0,0,0,0,0,1,0,0,0,0,1,0,12,19,5,0
3653,450,79,0,0,1,0,1,0,0,0,0,1,0,0,0,0,0,18,8,11,0
7884,152,162,0,0,0,1,1,0,0,0,0,1,0,0,0,0,0,19,21,5,0
4492,788,34,0,1,0,0,0,0,0,0,1,0,0,0,0,0,1,16,17,25,0
9471,80,50,1,0,0,0,1,0,0,0,0,0,0,0,0,0,1,13,16,4,0
1569,347,44,0,1,0,0,0,0,0,0,1,0,1,0,0,0,0,14,15,0,0
7926,660,185,0,0,0,1,0,0,1,0,0,1,0,0,0,0,0,9,20,18,0
9800,595,1783,0,0,0,1,0,0,0,0,1,1,0,0,0,0,0,12,99,97,1
5535,200,135,0,0,1,0,0,0,0,1,0,0,1,0,0,0,0,8,1,14,0
8711,605,104,0,1,0,0,0,0,1,0,0,0,0,0,0,1,0,14,9,7,0
2774,82,117,0,0,1,0,0,1,0,0,0,1,0,0,0,0,0,15,6,8,0
4947,18,172,0,0,0,1,0,1,0,0,0,0,0,0,1,0,0,18,21,7,0
1061,938,91,0,0,0,1,0,0,0,1,0,0,0,0,0,0,1,23,14,3,0
4373,17,36,0,1,0,0,0,0,0,0,1,0,0,0,0,1,0,14,25,8,0
1708,516,59,0,0,0,1,0,0,0,0,1,0,0,0,0,0,1,18,14,17,0
5734,962,140,1,0,0,0,0,0,0,0,1,0,1,0,0,0,0,10,24,21,0
3130,727,33,0,0,0,1,0,0,1,0,0,0,0,0,1,0,0,16,7,7,0
6999,102,68,0,0,1,0,0,0,1,0,0,0,1,0,0,0,0,12,7,24,0
6812,254,180,0,1,0,0,0,1,0,0,0,0,1,0,0,0,0,6,6,20,0
4777,143,90,0,0,0,1,0,0,0,1,0,0,0,0,0,1,0,11,22,23,0
2970,648,20,1,0,0,0,0,0,1,0,0,0,0,0,0,1,0,9,11,17,0
50,546,62,0,1,0,0,1,0,0,0,0,0,1,0,0,0,0,12,10,3,0
1453,324,120,1,0,0,0,0,0,1,0,0,0,0,0,0,1,0,9,8,9,0
7287,871,244,0,0,1,0,0,0,1,0,0,0,0,0,0,0,1,21,6,27,0
9418,813,87,0,1,0,0,0,0,1,0,0,0,1,0,0,0,0,17,6,25,0
4455,609,67,0,0,1,0,0,0,0,0,1,0,0,0,0,1,0,23,27,27,0
3103,577,121,0,0,1,0,1,0,0,0,0,1,0,0,0,0,0,22,1,11,0
4396,145,101,1,0,0,0,1,0,0,0,0,1,0,0,0,0,0,21,25,28,0
5588,56,117,0,0,1,0,0,0,0,1,0,0,0,0,1,0,0,17,25,20,0
2662,387,156,0,1,0,0,0,0,0,0,1,0,0,0,0,0,1,9,26,18,0
1501,936,96,0,0,0,1,0,0,1,0,0,0,0,0,0,0,1,9,27,1,0
2599,4,49,0,0,0,1,0,0,0,0,1,0,0,0,0,1,0,12,27,22,0
6180,535,169,1,0,0,0,0,0,0,0,1,0,0,0,0,0,1,14,28,9,0
6882,689,55,1,0,0,0,0,0,0,0,1,0,0,0,1,0,0,17,4,3,0
2,725,52,0,0,0,1,0,0,0,0,1,0,0,0,0,0,1,7,8,13,0
5063,529,40,0,0,1,0,0,0,1,0,0,0,0,0,0,1,0,6,22,25,0
571,519,53,0,0,0,1,0,0,0,0,1,0,1,0,0,0,0,13,7,6,0
6837,605,30,0,0,1,0,0,1,0,0,0,0,1,0,0,0,0,16,23,25,0
8336,100,93,1,0,0,0,1,0,0,0,0,1,0,0,0,0,0,7,12,11,0
66,583,30,0,1,0,0,0,0,0,0,1,0,0,0,0,1,0,8,7,21,0
5401,205,120,0,0,1,0,0,1,0,0,0,0,0,0,0,1,0,18,2,4,0
6693,129,105,0,0,1,0,0,1,0,0,0,1,0,0,0,0,0,9,8,10,0
8604,138,42,1,0,0,0,0,1,0,0,0,0,0,0,1,0,0,16,19,15,0
6005,962,88,0,0,1,0,0,0,0,1,0,0,1,0,0,0,0,15,21,7,0
8913,327,65,0,0,0,1,0,0,1,0,0,0,0,0,1,0,0,18,0,14,0
3735,791,153,1,0,0,0,0,0,0,1,0,0,1,0,0,0,0,15,4,26,0
4716,558,13,0,0,1,0,1,0,0,0,0,0,0,0,1,0,0,14,22,0,0
4599,616,95,0,1,0,0,0,0,0,0,1,0,0,0,0,0,1,13,8,18,0
514,517,108,0,0,0,1,1,0,0,0,0,0,0,0,1,0,0,19,15,19,0
1653,657,52,1,0,0,0,1,0,0,0,0,0,0,0,1,0,0,14,7,19,0
1638,733,210,0,1,0,0,0,0,1,0,0,0,1,0,0,0,0,11,5,14,0
846,190,79,0,1,0,0,1,0,0,0,0,0,0,0,0,1,0,20,14,21,0
5854,236,92,0,0,1,0,0,1,0,0,0,0,0,0,0,1,0,18,8,21,0
9429,79,62,1,0,0,0,0,1,0,0,0,0,0,0,0,0,1,19,12,16,0
4758,307,75,0,0,0,1,0,0,1,0,0,1,0,0,0,0,0,20,29,27,0
8728,156,104,0,1,0,0,0,1,0,0,0,0,0,0,0,1,0,7,19,1,0
5929,374,50,0,0,1,0,1,0,0,0,0,1,0,0,0,0,0,23,17,21,0
5528,982,75,0,1,0,0,1,0,0,0,0,0,1,0,0,0,0,7,24,26,0
7009,236,221,1,0,0,0,0,0,0,1,0,1,0,0,0,0,0,15,16,15,0
8371,591,154,1,0,0,0,0,1,0,0,0,1,0,0,0,0,0,12,28,7,0
6000,896,127,0,0,1,0,0,0,0,1,0,0,0,0,0,1,0,22,2,8,0
4610,225,178,0,1,0,0,0,0,0,1,0,0,0,0,1,0,0,18,17,22,0
8134,714,7,1,0,0,0,1,0,0,0,0,0,0,0,0,0,1,23,1,16,0
7071,402,105,0,0,1,0,1,0,0,0,0,1,0,0,0,0,0,8,14,18,0
8074,414,78,0,1,0,0,0,1,0,0,0,0,0,0,0,0,1,12,1,4,0
1347,260,1,0,1,0,0,0,0,0,1,0,1,0,0,0,0,0,15,3,22,0
8063,127,86,1,0,0,0,0,0,0,1,0,0,0,0,0,0,1,11,20,18,0
684,255,165,1,0,0,0,0,1,0,0,0,1,0,0,0,0,0,14,19,27,0
4258,235,188,1,0,0,0,0,1,0,0,0,1,0,0,0,0,0,12,7,11,0
3261,851,62,0,0,1,0,0,1,0,0,0,0,0,0,0,1,0,21,28,25,0
7417,37,142,0,0,1,0,0,1,0,0,0,0,0,0,0,0,1,6,0,7,0
7121,77,118,1,0,0,0,0,1,0,0,0,0,0,0,0,0,1,13,26,2,0
2957,915,126,0,1,0,0,0,1,0,0,0,0,0,0,0,1,0,7,3,18,0
7667,500,180,0,1,0,0,0,0,0,0,1,0,0,0,0,1,0,17,23,8,0
4403,192,101,0,0,1,0,0,0,1,0,0,1,0,0,0,0,0,15,24,4,0
4998,421,84,1,0,0,0,0,0,0,0,1,0,0,0,1,0,0,7,8,28,0
7774,511,143,0,0,0,1,0,0,0,1,0,0,0,0,0,0,1,20,16,28,0
2582,794,96,1,0,0,0,1,0,0,0,0,1,0,0,0,0,0,12,6,7,0
1590,499,110,1,0,0,0,1,0,0,0,0,0,0,0,0,0,1,15,24,2,0
662,57,57,0,0,1,0,0,0,0,0,1,0,0,0,0,1,0,13,27,19,0
5364,419,94,1,0,0,0,1,0,0,0,0,0,0,0,1,0,0,22,23,29,0
6913,78,185,0,0,0,1,0,0,0,1,0,0,0,0,1,0,0,9,18,4,0
8291,918,185,0,1,0,0,1,0,0,0,0,1,0,0,0,0,0,16,27,3,0
1529,48,101,0,0,0,1,1,0,0,0,0,1,0,0,0,0,0,8,1,4,0
5166,365,68,0,0,0,1,0,0,0,1,0,1,0,0,0,0,0,10,17,10,0
9234,59,131,0,0,1,0,0,0,0,0,1,0,0,0,1,0,0,20,1,1,0
7466,905,110,1,0,0,0,0,0,1,0,0,1,0,0,0,0,0,17,25,4,0
645,358,149,0,0,0,1,0,0,0,0,1,0,0,0,1,0,0,8,1,16,0
1074,402,69,0,1,0,0,0,1,0,0,0,0,0,0,0,1,0,20,5,5,0
1694,203,127,0,0,0,1,1,0,0,0,0,1,0,0,0,0,0,7,24,14,0
3858,681,12,1,0,0,0,0,0,1,0,0,0,1,0,0,0,0,12,15,24,0
2947,238,109,0,0,1,0,1,0,0,0,0,0,1,0,0,0,0,9,9,18,0
421,123,77,0,0,1,0,0,0,0,0,1,0,1,0,0,0,0,18,25,23,0
9594,773,10,1,0,0,0,0,1,0,0,0,1,0,0,0,0,0,3,70,93,1
2240,466,130,0,0,0,1,0,0,0,0,1,0,0,0,0,0,1,7,22,16,0
5547,314,95,0,0,1,0,1,0,0,0,0,1,0,0,0,0,0,13,19,13,0
5433,127,83,0,0,1,0,0,0,0,0,1,0,0,0,1,0,0,22,23,6,0
2688,312,142,0,0,1,0,0,0,1,0,0,0,1,0,0,0,0,14,16,16,0
6827,772,167,1,0,0,0,0,0,1,0,0,0,1,0,0,0,0,9,11,16,0
6078,198,110,0,0,0,1,0,0,0,0,1,1,0,0,0,0,0,22,21,14,0
1027,573,191,1,0,0,0,0,0,1,0,0,1,0,0,0,0,0,15,8,23,0
6767,715,90,0,0,1,0,0,0,0,0,1,0,1,0,0,0,0,18,2,6,0
6555,895,47,0,1,0,0,1,0,0,0,0,0,0,0,0,1,0,23,11,17,0
7126,792,53,1,0,0,0,0,0,0,1,0,0,0,0,0,0,1,19,2,17,0
7814,594,140,0,1,0,0,0,0,1,0,0,0,1,0,0,0,0,17,25,25,0
7383,893,103,0,0,0,1,0,0,0,0,1,0,0,0,0,1,0,19,3,29,0
5634,731,117,0,0,1,0,0,0,1,0,0,0,0,0,0,0,1,8,0,29,0
1173,492,197,0,0,1,0,0,0,0,1,0,1,0,0,0,0,0,20,25,9,0
2048,246,123,0,0,1,0,0,0,0,0,1,0,0,0,0,1,0,13,21,24,0
9364,419,58,1,0,0,0,0,0,0,0,1,0,1,0,0,0,0,18,7,6,0
4788,232,132,1,0,0,0,0,1,0,0,0,0,0,0,0,0,1,11,10,13,0
6988,403,79,0,0,1,0,0,0,0,0,1,0,0,0,0,0,1,8,14,2,0
9472,684,21,0,0,0,1,1,0,0,0,0,0,0,0,1,0,0,19,4,11,0
1608,399,131,0,0,1,0,1,0,0,0,0,1,0,0,0,0,0,11,4,11,0
2888,399,106,0,0,0,1,0,1,0,0,0,0,1,0,0,0,0,8,16,26,0
1245,444,112,1,0,0,0,1,0,0,0,0,1,0,0,0,0,0,16,10,9,0
4395,247,170,0,1,0,0,1,0,0,0,0,0,0,0,0,0,1,23,27,13,0
6178,403,137,0,0,1,0,0,0,0,0,1,1,0,0,0,0,0,20,9,18,0
7526,344,1,1,0,0,0,0,0,0,0,1,0,1,0,0,0,0,13,20,4,0
6163,66,143,1,0,0,0,0,0,0,1,0,0,0,0,0,1,0,8,8,12,0
9111,50,144,0,0,1,0,0,1,0,0,0,0,0,0,0,1,0,16,27,11,0
8487,274,124,1,0,0,0,0,0,1,0,0,0,0,0,0,0,1,20,17,23,0
1383,757,77,0,1,0,0,1,0,0,0,0,0,0,0,1,0,0,14,5,9,0
2587,674,115,0,1,0,0,1,0,0,0,0,1,0,0,0,0,0,9,25,8,0
4551,534,129,0,0,0,1,1,0,0,0,0,0,0,0,0,0,1,9,26,5,0
2072,830,90,0,0,0,1,0,1,0,0,0,0,0,0,0,0,1,21,7,15,0
1014,821,76,0,0,1,0,0,0,1,0,0,0,1,0,0,0,0,20,5,1,0
6433,31,184,1,0,0,0,1,0,0,0,0,0,1,0,0,0,0,18,2,26,0
2542,551,60,0,1,0,0,0,0,1,0,0,0,1,0,0,0,0,16,22,16,0
5717,118,69,0,0,1,0,0,1,0,0,0,0,1,0,0,0,0,8,11,27,0
9417,11,108,0,0,0,1,1,0,0,0,0,0,1,0,0,0,0,21,6,5,0
4518,161,104,0,0,0,1,1,0,0,0,0,0,0,0,0,1,0,17,23,15,0
9410,538,99,0,0,0,1,0,1,0,0,0,0,0,0,0,1,0,9,15,21,0
5644,765,95,0,0,0,1,0,0,0,1,0,0,1,0,0,0,0,13,15,13,0
6157,841,1,0,0,1,0,0,0,1,0,0,0,0,0,0,0,1,16,20,1,0
878,307,56,1,0,0,0,0,0,1,0,0,1,0,0,0,0,0,11,7,9,0
168,715,104,0,0,0,1,0,0,1,0,0,1,0,0,0,0,0,18,28,3,0
6551,25,118,1,0,0,0,0,0,0,0,1,0,0,0,0,1,0,21,16,26,0
4904,148,207,0,1,0,0,0,0,1,0,0,0,0,0,0,0,1,19,10,10,0
4490,896,137,1,0,0,0,0,0,0,0,1,0,0,0,0,1,0,11,21,9,0
9780,46,2273,0,0,0,1,0,1,0,0,0,0,0,0,0,1,0,10,92,90,1
1949,733,68,0,0,0,1,1,0,0,0,0,1,0,0,0,0,0,15,14,8,0
7483,55,130,1,0,0,0,0,0,0,0,1,0,0,0,1,0,0,8,23,3,0
9584,818,22,0,0,0,1,0,0,1,0,0,0,0,1,0,0,0,9,94,87,1
7538,654,102,1,0,0,0,0,1,0,0,0,0,0,0,0,1,0,8,4,25,0
8499,74,84,0,0,1,0,0,1,0,0,0,0,0,0,0,1,0,7,2,3,0
1725,76,129,0,0,0,1,0,0,0,0,1,1,0,0,0,0,0,15,16,13,0
3238,607,66,1,0,0,0,0,0,0,1,0,0,1,0,0,0,0,15,18,4,0
9218,771,67,0,1,0,0,0,1,0,0,0,0,1,0,0,0,0,13,10,9,0
7437,8,151,0,1,0,0,0,0,0,0,1,0,0,0,0,0,1,14,5,26,0
3627,924,124,0,0,1,0,0,0,1,0,0,0,0,0,0,1,0,10,0,5,0
5215,601,122,0,0,1,0,1,0,0,0,0,1,0,0,0,0,0,6,13,1,0
2566,656,149,0,1,0,0,0,0,0,0,1,1,0,0,0,0,0,13,4,20,0
2975,146,92,0,0,1,0,0,0,0,1,0,0,0,0,1,0,0,18,25,0,0
102,214,125,1,0,0,0,0,0,0,1,0,1,0,0,0,0,0,16,18,2,0
9547,275,787,0,0,0,1,0,1,0,0,0,0,1,0,0,0,0,5,78,73,1
1444,316,99,0,1,0,0,0,1,0,0,0,0,1,0,0,0,0,22,14,12,0
3650,899,126,0,0,1,0,0,1,0,0,0,0,0,0,0,1,0,17,7,24,0
8006,453,99,1,0,0,0,0,0,1,0,0,0,0,0,1,0,0,21,28,9,0
9451,485,19,0,0,1,0,0,0,1,0,0,1,0,0,0,0,0,21,15,15,0
468,101,133,1,0,0,0,0,0,0,1,0,0,1,0,0,0,0,20,18,18,0
4858,133,125,0,1,0,0,0,1,0,0,0,0,0,0,0,1,0,7,28,17,0
4369,55,169,0,0,0,1,0,0,0,1,0,0,1,0,0,0,0,19,22,20,0
4677,983,100,1,0,0,0,0,0,1,0,0,1,0,0,0,0,0,23,18,10,0
9674,739,22,0,0,1,0,0,0,1,0,0,1,0,0,0,0,0,6,98,97,1
5400,401,53,0,1,0,0,1,0,0,0,0,1,0,0,0,0,0,7,26,3,0
5751,137,136,1,0,0,0,0,0,1,0,0,0,0,0,0,1,0,23,3,21,0
5500,56,144,0,0,1,0,0,0,0,1,0,0,0,0,0,1,0,20,6,14,0
3850,812,16,0,0,0,1,0,0,1,0,0,1,0,0,0,0,0,8,10,14,0
3174,911,90,0,0,1,0,0,0,0,0,1,0,0,0,0,0,1,16,1,2,0
3474,755,93,0,1,0,0,0,0,0,0,1,0,0,0,0,1,0,11,3,25,0
4676,317,146,0,0,0,1,0,1,0,0,0,0,1,0,0,0,0,16,17,0,0
8525,798,88,0,1,0,0,1,0,0,0,0,0,0,0,0,1,0,8,20,24,0
256,870,133,0,1,0,0,1,0,0,0,0,0,0,0,0,1,0,6,28,7,0
4647,214,97,0,0,1,0,0,0,0,1,0,0,0,0,0,0,1,10,20,23,0
9506,621,2883,0,1,0,0,0,0,0,0,1,0,0,0,0,1,0,13,79,97,1
7722,826,4,0,1,0,0,0,1,0,0,0,1,0,0,0,0,0,18,4,10,0
922,944,170,0,1,0,0,1,0,0,0,0,0,0,0,0,0,1,20,8,0,0
1695,160,95,1,0,0,0,0,0,0,0,1,1,0,0,0,0,0,12,20,12,0
3493,528,88,0,1,0,0,1,0,0,0,0,0,0,0,1,0,0,7,15,3,0
3566,134,126,1,0,0,0,0,0,0,0,1,1,0,0,0,0,0,8,16,28,0
4242,360,102,0,1,0,0,0,1,0,0,0,1,0,0,0,0,0,13,10,23,0
7499,646,84,0,0,1,0,0,0,0,0,1,1,0,0,0,0,0,16,22,10,0
9794,67,643,0,0,0,1,0,0,0,1,0,0,1,0,0,0,0,4,72,91,1
5151,935,56,0,0,1,0,0,0,1,0,0,1,0,0,0,0,0,17,18,9,0
556,259,101,1,0,0,0,0,0,0,1,0,0,0,0,0,0,1,11,9,25,0
8372,782,71,1,0,0,0,1,0,0,0,0,0,0,0,0,1,0,9,5,23,0
5394,144,59,0,1,0,0,0,0,0,0,1,0,0,0,0,0,1,6,25,26,0
8672,157,83,1,0,0,0,0,0,0,1,0,0,0,0,1,0,0,13,23,10,0
7247,102,48,0,0,1,0,0,1,0,0,0,0,1,0,0,0,0,12,5,29,0
9047,268,147,0,1,0,0,0,0,0,0,1,0,0,0,0,1,0,6,4,29,0
9809,507,554,0,0,0,1,0,0,0,0,1,0,0,0,0,0,1,21,85,72,1
150,702,262,0,1,0,0,0,0,0,1,0,0,0,0,0,1,0,15,12,16,0
2223,870,99,1,0,0,0,1,0,0,0,0,0,0,0,0,1,0,14,18,5,0
2232,170,64,1,0,0,0,0,1,0,0,0,0,0,0,0,1,0,17,15,6,0
21,302,188,0,0,0,1,0,1,0,0,0,0,0,0,0,0,1,14,27,17,0
9900,541,3476,0,0,0,1,0,0,0,0,1,0,1,0,0,0,0,22,91,97,1
9201,326,108,0,0,1,0,0,0,1,0,0,0,0,0,1,0,0,13,11,21,0
7452,652,187,0,1,0,0,0,0,1,0,0,0,1,0,0,0,0,20,0,16,0
6619,841,101,0,0,0,1,0,1,0,0,0,0,0,0,0,0,1,18,23,26,0
4502,987,128,1,0,0,0,1,0,0,0,0,0,0,0,0,0,1,15,18,9,0
6503,187,1,1,0,0,0,0,1,0,0,0,0,0,0,0,0,1,20,26,7,0
520,619,78,1,0,0,0,0,0,1,0,0,1,0,0,0,0,0,11,2,19,0
6782,727,182,0,1,0,0,1,0,0,0,0,0,1,0,0,0,0,9,15,1,0
6257,454,134,0,0,1,0,0,0,1,0,0,1,0,0,0,0,0,16,3,10,0
8785,375,81,0,1,0,0,1,0,0,0,0,0,0,0,0,1,0,22,3,3,0
8576,185,153,1,0,0,0,0,0,0,0,1,0,0,0,1,0,0,22,22,8,0
7996,851,164,0,0,0,1,0,0,0,1,0,0,1,0,0,0,0,18,1,10,0
7161,94,114,0,1,0,0,0,0,1,0,0,0,1,0,0,0,0,22,18,11,0
4840,595,84,1,0,0,0,0,0,0,1,0,0,1,0,0,0,0,13,20,29,0
2420,433,165,0,0,1,0,0,0,0,0,1,1,0,0,0,0,0,23,26,2,0
4727,530,119,0,0,0,1,0,0,0,1,0,0,0,0,1,0,0,23,1,9,0
1175,38,98,1,0,0,0,0,0,1,0,0,0,0,0,0,1,0,22,14,24,0
2712,619,125,0,0,1,0,0,0,0,1,0,0,0,0,0,0,1,21,22,26,0
2220,510,174,0,0,0,1,0,0,0,0,1,0,0,0,1,0,0,19,21,0,0
3287,652,180,0,0,0,1,0,0,1,0,0,0,0,0,0,1,0,16,19,26,0
4549,96,31,0,0,0,1,0,0,1,0,0,0,0,0,0,0,1,23,13,20,0
3971,328,81,0,0,1,0,0,0,1,0,0,0,0,0,0,0,1,22,8,0,0
1616,489,55,0,0,0,1,0,0,0,0,1,0,0,0,1,0,0,7,6,11,0
5319,934,1,0,0,0,1,1,0,0,0,0,0,0,0,1,0,0,11,19,19,0
3871,532,30,0,0,0,1,1,0,0,0,0,0,1,0,0,0,0,7,22,21,0
4227,497,192,0,0,0,1,0,1,0,0,0,0,1,0,0,0,0,20,22,28,0
9482,867,60,0,0,0,1,0,0,0,1,0,0,0,0,0,1,0,16,3,21,0
3053,315,157,0,0,1,0,1,0,0,0,0,0,0,0,0,1,0,22,8,25,0
9606,412,2389,0,1,0,0,1,0,0,0,0,0,1,0,0,0,0,19,99,78,1
3242,343,67,1,0,0,0,0,0,0,1,0,0,0,0,0,0,1,21,15,0,0
2284,138,98,0,0,0,1,0,1,0,0,0,0,0,0,0,1,0,23,21,11,0
5509,276,75,0,0,0,1,0,0,1,0,0,0,1,0,0,0,0,17,4,28,0
1912,720,49,0,0,0,1,0,0,0,0,1,0,0,0,1,0,0,8,12,3,0
7307,792,100,0,1,0,0,0,0,1,0,0,0,0,0,0,0,1,10,0,8,0
6002,42,70,0,0,1,0,1,0,0,0,0,1,0,0,0,0,0,12,5,2,0
5204,188,61,1,0,0,0,0,0,0,1,0,1,0,0,0,0,0,16,21,20,0
4991,19,58,0,0,1,0,0,0,0,0,1,0,1,0,0,0,0,13,18,9,0
4259,333,2,1,0,0,0,1,0,0,0,0,0,1,0,0,0,0,19,14,0,0
2951,8,39,0,0,0,1,0,0,1,0,0,0,0,0,1,0,0,7,0,25,0
8086,814,52,1,0,0,0,0,0,1,0,0,0,1,0,0,0,0,17,2,27,0
88,357,1,0,0,0,1,0,0,0,1,0,0,0,0,0,1,0,11,7,4,0
6321,478,124,0,1,0,0,0,0,0,0,1,0,0,0,0,0,1,21,19,23,0
5914,86,103,0,1,0,0,0,0,0,1,0,1,0,0,0,0,0,9,18,19,0
5190,662,115,1,0,0,0,1,0,0,0,0,0,1,0,0,0,0,6,4,6,0
8808,8,125,1,0,0,0,0,0,0,1,0,0,1,0,0,0,0,19,28,19,0
6085,852,190,0,0,0,1,1,0,0,0,0,0,0,0,0,0,1,12,1,19,0
5450,696,117,0,0,0,1,0,0,1,0,0,0,1,0,0,0,0,19,23,26,0
5253,585,11,1,0,0,0,0,0,0,1,0,0,0,0,0,0,1,6,4,29,0
2333,370,125,1,0,0,0,0,0,1,0,0,0,0,0,1,0,0,22,24,8,0
4742,992,1,0,0,0,1,0,0,0,0,1,1,0,0,0,0,0,11,8,17,0
9773,865,22,0,0,0,1,0,1,0,0,0,0,0,0,0,0,1,2,80,85,1
7650,248,48,1,0,0,0,0,1,0,0,0,0,0,0,0,0,1,14,10,11,0
2067,912,131,0,1,0,0,0,0,1,0,0,0,0,0,1,0,0,6,19,7,0
4795,160,123,0,1,0,0,0,0,1,0,0,1,0,0,0,0,0,22,19,15,0
7046,793,43,0,0,1,0,0,1,0,0,0,0,0,0,0,0,1,8,0,11,0
6727,882,116,0,0,0,1,0,1,0,0,0,0,0,0,1,0,0,19,3,0,0
1133,72,100,1,0,0,0,0,0,1,0,0,1,0,0,0,0,0,18,2,8,0
1335,96,104,0,0,1,0,0,1,0,0,0,0,0,0,0,0,1,12,16,4,0
5682,310,42,1,0,0,0,1,0,0,0,0,0,0,0,0,1,0,9,8,10,0
2769,250,105,0,0,0,1,0,1,0,0,0,0,0,0,0,0,1,7,16,9,0
1406,757,199,0,0,0,1,0,0,1,0,0,0,1,0,0,0,0,16,6,7,0
2229,93,118,0,1,0,0,1,0,0,0,0,0,0,0,0,0,1,7,28,9,0
5973,371,160,0,0,0,1,0,0,1,0,0,0,0,0,1,0,0,18,7,12,0
1997,92,148,1,0,0,0,1,0,0,0,0,0,0,0,0,1,0,14,22,4,0
4361,581,29,0,0,1,0,1,0,0,0,0,0,0,0,0,1,0,8,2,14,0
3786,731,80,1,0,0,0,0,0,1,0,0,0,0,0,0,0,1,12,6,6,0
9973,980,22,0,0,0,1,0,0,0,1,0,0,0,0,0,0,1,4,96,88,1
8292,235,109,0,1,0,0,1,0,0,0,0,0,1,0,0,0,0,20,2,15,0
2375,922,87,1,0,0,0,0,1,0,0,0,0,0,0,1,0,0,17,25,8,0
3340,576,108,0,0,0,1,0,0,1,0,0,0,0,0,0,0,1,21,3,22,0
5307,166,67,1,0,0,0,1,0,0,0,0,0,0,0,0,1,0,17,7,15,0
7983,702,128,0,0,0,1,0,0,1,0,0,0,1,0,0,0,0,14,19,12,0
2570,589,232,0,0,1,0,0,0,1,0,0,0,1,0,0,0,0,21,26,25,0
3138,35,181,0,0,0,1,0,0,0,1,0,0,0,0,0,0,1,19,3,6,0
5381,414,151,0,0,1,0,0,1,0,0,0,0,1,0,0,0,0,16,6,24,0
9580,248,1659,0,0,0,1,0,0,1,0,0,1,0,0,0,0,0,16,86,99,1
7529,656,160,0,0,0,1,0,0,0,0,1,0,0,0,0,0,1,19,28,11,0
955,518,122,0,0,1,0,1,0,0,0,0,1,0,0,0,0,0,21,9,25,0
6833,824,72,0,0,1,0,1,0,0,0,0,1,0,0,0,0,0,18,20,18,0
4049,433,64,0,0,1,0,0,0,0,0,1,0,0,0,1,0,0,7,4,8,0
7981,994,73,1,0,0,0,0,0,0,0,1,0,1,0,0,0,0,10,22,23,0
7863,582,72,0,0,1,0,0,0,0,1,0,1,0,0,0,0,0,17,15,15,0
8797,328,121,1,0,0,0,0,1,0,0,0,1,0,0,0,0,0,15,28,16,0
9952,958,733,0,1,0,0,0,0,0,1,0,0,0,0,1,0,0,17,92,89,1
3789,698,150,0,0,0,1,0,0,0,1,0,1,0,0,0,0,0,10,2,13,0
5996,290,81,0,1,0,0,0,1,0,0,0,0,1,0,0,0,0,17,22,29,0
6931,588,127,0,0,1,0,1,0,0,0,0,0,0,0,0,1,0,21,18,18,0
803,495,18,0,0,0,1,0,0,0,0,1,0,0,0,0,0,1,9,18,17,0
1052,802,184,0,0,1,0,0,1,0,0,0,0,0,0,1,0,0,10,3,23,0
5251,767,65,1,0,0,0,0,0,1,0,0,0,1,0,0,0,0,20,7,28,0
2878,719,103,0,0,0,1,0,1,0,0,0,0,0,0,0,1,0,9,18,19,0
4053,208,116,0,1,0,0,0,1,0,0,0,0,0,0,0,0,1,9,6,24,0
8172,553,39,0,0,0,1,0,0,1,0,0,1,0,0,0,0,0,17,27,20,0
997,890,14,0,1,0,0,0,1,0,0,0,0,0,0,0,0,1,16,26,18,0
449,24,113,0,1,0,0,0,0,1,0,0,1,0,0,0,0,0,9,10,18,0
2646,140,132,1,0,0,0,0,0,0,1,0,0,1,0,0,0,0,22,3,15,0
3490,30,135,1,0,0,0,0,0,0,0,1,0,0,0,0,1,0,19,17,0,0
2468,90,192,1,0,0,0,0,0,0,1,0,0,0,0,0,0,1,17,29,0,0
2629,674,93,0,0,0,1,0,0,0,0,1,0,0,0,0,0,1,17,28,16,0
7406,993,150,0,1,0,0,0,1,0,0,0,1,0,0,0,0,0,11,28,4,0
1860,615,110,0,1,0,0,0,0,1,0,0,0,0,0,0,0,1,22,25,4,0
95,110,104,0,1,0,0,0,0,0,1,0,0,0,0,0,0,1,23,14,6,0
7442,204,91,1,0,0,0,0,1,0,0,0,0,0,0,1,0,0,19,19,5,0
4126,214,90,0,0,0,1,0,0,1,0,0,0,0,0,1,0,0,13,14,11,0
302,148,23,0,1,0,0,1,0,0,0,0,0,0,0,1,0,0,23,5,14,0
9589,773,2016,0,0,1,0,0,0,0,1,0,0,0,0,1,0,0,18,99,70,1
4936,515,94,0,0,1,0,0,0,0,1,0,0,1,0,0,0,0,20,16,20,0
1368,494,40,0,1,0,0,0,0,1,0,0,0,1,0,0,0,0,11,27,3,0
6709,654,105,1,0,0,0,0,0,0,0,1,0,0,0,0,0,1,9,0,26,0
5839,516,88,1,0,0,0,1,0,0,0,0,0,0,0,0,0,1,16,15,8,0
6077,628,160,0,1,0,0,1,0,0,0,0,0,1,0,0,0,0,13,0,16,0
7782,822,149,1,0,0,0,1,0,0,0,0,1,0,0,0,0,0,14,24,23,0
7313,38,60,1,0,0,0,0,1,0,0,0,1,0,0,0,0,0,20,13,21,0
985,68,159,0,0,0,1,0,0,0,0,1,0,0,0,0,1,0,10,3,17,0
7125,294,189,0,0,0,1,0,0,0,0,1,1,0,0,0,0,0,20,28,26,0
8498,103,65,1,0,0,0,0,1,0,0,0,0,0,0,1,0,0,7,7,11,0
2208,780,162,1,0,0,0,0,1,0,0,0,1,0,0,0,0,0,10,18,7,0
319,564,141,1,0,0,0,0,0,1,0,0,0,0,0,1,0,0,17,12,10,0
1418,174,201,1,0,0,0,1,0,0,0,0,0,0,0,0,0,1,22,0,10,0
7543,275,74,0,0,1,0,0,0,1,0,0,0,0,0,1,0,0,13,6,19,0
791,825,134,0,1,0,0,1,0,0,0,0,0,1,0,0,0,0,8,21,15,0
9240,441,101,0,0,1,0,0,0,0,1,0,1,0,0,0,0,0,7,19,14,0
3438,329,49,0,1,0,0,1,0,0,0,0,0,1,0,0,0,0,20,23,10,0
4786,335,187,0,0,1,0,0,0,0,1,0,1,0,0,0,0,0,19,7,18,0
1474,415,143,0,1,0,0,0,0,0,1,0,0,0,0,0,0,1,17,12,20,0
6981,227,117,0,0,1,0,1,0,0,0,0,0,0,0,0,1,0,9,27,16,0
7934,467,116,1,0,0,0,0,0,0,0,1,1,0,0,0,0,0,22,22,16,0
2663,428,204,1,0,0,0,0,1,0,0,0,0,0,0,0,0,1,18,0,8,0
8288,214,71,0,0,0,1,0,0,0,0,1,1,0,0,0,0,0,16,24,4,0
8936,718,125,0,0,0,1,1,0,0,0,0,1,0,0,0,0,0,14,29,20,0
9706,528,913,1,0,0,0,0,0,0,1,0,0,0,0,0,1,0,18,96,76,1
9235,760,128,0,1,0,0,0,0,1,0,0,0,1,0,0,0,0,13,12,5,0
9127,272,73,1,0,0,0,0,1,0,0,0,0,0,0,0,1,0,23,6,16,0
3497,985,126,0,0,1,0,0,1,0,0,0,1,0,0,0,0,0,20,24,10,0
5833,335,110,0,0,0,1,1,0,0,0,0,1,0,0,0,0,0,8,19,22,0
7439,443,63,0,1,0,0,0,0,0,1,0,0,0,0,0,1,0,21,1,11,0
6613,215,41,0,1,0,0,0,0,1,0,0,0,0,0,0,0,1,17,9,2,0
9940,937,1271,0,0,0,1,0,1,0,0,0,0,1,0,0,0,0,7,73,92,1
2427,182,200,1,0,0,0,1,0,0,0,0,1,0,0,0,0,0,19,13,22,0
2155,767,49,0,0,0,1,1,0,0,0,0,0,0,0,0,1,0,16,17,15,0
2114,588,107,0,0,0,1,0,0,0,1,0,0,1,0,0,0,0,7,25,7,0
7058,52,151,0,0,1,0,0,0,0,1,0,0,1,0,0,0,0,11,10,15,0
3992,78,41,0,0,1,0,0,0,0,0,1,0,1,0,0,0,0,12,10,0,0
4012,989,79,0,0,1,0,0,0,0,1,0,0,0,0,1,0,0,15,10,0,0
8824,679,164,0,0,0,1,1,0,0,0,0,0,0,0,0,1,0,21,12,3,0
4002,188,129,0,0,0,1,0,0,0,0,1,0,0,0,1,0,0,11,8,1,0
2704,172,87,0,1,0,0,0,1,0,0,0,0,0,0,0,1,0,15,2,29,0
6382,631,155,0,0,1,0,1,0,0,0,0,0,1,0,0,0,0,7,5,23,0
6411,984,158,0,1,0,0,0,1,0,0,0,0,1,0,0,0,0,10,14,16,0
6147,282,129,1,0,0,0,0,0,1,0,0,0,0,0,1,0,0,8,5,5,0
3931,914,123,1,0,0,0,0,1,0,0,0,0,0,0,0,0,1,22,6,25,0
6155,128,167,0,0,0,1,0,0,0,1,0,0,0,0,0,0,1,18,24,25,0
5226,283,111,0,0,0,1,0,0,1,0,0,1,0,0,0,0,0,18,0,13,0
3961,550,73,0,1,0,0,1,0,0,0,0,0,0,0,0,0,1,21,0,20,0
6338,979,112,0,1,0,0,0,0,0,0,1,1,0,0,0,0,0,16,2,4,0
9030,753,98,0,0,0,1,1,0,0,0,0,0,0,0,1,0,0,19,16,28,0
2034,485,59,0,1,0,0,0,0,1,0,0,0,0,0,1,0,0,11,26,16,0
2795,313,128,0,0,1,0,1,0,0,0,0,0,0,0,0,1,0,7,0,8,0
8561,252,208,0,0,1,0,0,0,1,0,0,0,0,0,1,0,0,11,11,11,0
8197,560,76,0,0,1,0,0,1,0,0,0,0,0,0,0,1,0,6,23,26,0
8939,379,119,0,1,0,0,0,1,0,0,0,0,0,0,1,0,0,13,7,1,0
1758,458,63,0,0,1,0,0,0,0,0,1,0,0,0,0,0,1,10,14,25,0
5579,284,119,0,1,0,0,0,0,0,1,0,0,0,0,0,0,1,9,11,1,0
8875,388,85,0,0,0,1,0,1,0,0,0,0,1,0,0,0,0,7,13,0,0
6968,880,166,0,0,0,1,1,0,0,0,0,0,0,0,1,0,0,10,14,26,0
4687,953,119,0,0,1,0,0,0,0,1,0,0,1,0,0,0,0,14,3,15,0
2313,855,112,1,0,0,0,0,0,0,1,0,1,0,0,0,0,0,6,26,8,0
4019,908,112,0,1,0,0,1,0,0,0,0,0,0,0,0,1,0,19,13,12,0
3386,437,72,0,0,0,1,0,0,0,1,0,0,0,0,0,0,1,13,23,12,0
7763,82,204,1,0,0,0,0,0,0,0,1,1,0,0,0,0,0,22,5,22,0
4691,913,96,0,0,1,0,1,0,0,0,0,1,0,0,0,0,0,12,4,18,0
1230,618,149,0,1,0,0,0,0,0,1,0,0,0,0,1,0,0,21,14,11,0
5590,779,77,0,1,0,0,1,0,0,0,0,0,1,0,0,0,0,9,17,14,0
7527,663,66,0,0,0,1,1,0,0,0,0,0,0,0,1,0,0,16,1,20,0
4674,351,84,0,1,0,0,0,1,0,0,0,1,0,0,0,0,0,10,23,12,0
8583,18,36,0,1,0,0,0,1,0,0,0,0,0,0,0,1,0,17,14,25,0
6741,857,144,0,1,0,0,0,0,0,1,0,0,0,0,0,1,0,21,10,12,0
148,21,32,0,0,0,1,0,1,0,0,0,0,0,0,0,0,1,17,10,13,0
4833,204,62,0,1,0,0,1,0,0,0,0,0,1,0,0,0,0,18,2,14,0
4836,253,131,0,0,0,1,1,0,0,0,0,0,1,0,0,0,0,17,21,22,0
2025,30,56,0,0,0,1,0,0,0,1,0,0,1,0,0,0,0,17,16,3,0
8077,55,120,0,0,1,0,0,0,1,0,0,1,0,0,0,0,0,7,7,22,0
9229,9,91,0,1,0,0,0,0,0,1,0,0,0,0,1,0,0,22,18,20,0
6562,800,106,0,0,1,0,0,0,1,0,0,0,0,0,0,1,0,22,19,19,0
8345,806,69,1,0,0,0,0,0,1,0,0,0,0,0,1,0,0,6,9,20,0
1282,973,158,0,1,0,0,1,0,0,0,0,1,0,0,0,0,0,6,4,11,0
1710,119,146,0,0,0,1,0,1,0,0,0,0,0,0,1,0,0,8,15,25,0
5443,29,98,0,0,1,0,0,0,1,0,0,0,0,0,0,1,0,13,9,12,0
4216,414,89,0,1,0,0,0,1,0,0,0,0,0,0,0,1,0,12,25,5,0
9120,155,38,0,1,0,0,0,1,0,0,0,0,0,0,0,1,0,8,24,26,0
2276,189,101,0,1,0,0,1,0,0,0,0,1,0,0,0,0,0,9,14,5,0
6760,378,97,0,0,0,1,0,0,0,0,1,0,0,0,0,1,0,20,21,29,0
2311,370,108,0,0,1,0,1,0,0,0,0,1,0,0,0,0,0,19,26,10,0
8111,768,14,0,1,0,0,0,0,0,0,1,0,0,0,1,0,0,12,23,3,0
6646,393,116,1,0,0,0,0,1,0,0,0,1,0,0,0,0,0,6,8,2,0
9598,243,2665,0,0,1,0,1,0,0,0,0,0,1,0,0,0,0,4,99,73,1
2952,287,138,0,0,1,0,0,1,0,0,0,0,0,0,0,1,0,22,19,25,0
9735,818,4178,1,0,0,0,0,0,1,0,0,0,0,0,0,1,0,4,90,87,1
2312,138,123,1,0,0,0,0,0,0,1,0,1,0,0,0,0,0,13,3,1,0
658,323,28,0,0,1,0,0,0,1,0,0,0,0,0,0,0,1,15,16,5,0
3732,903,57,0,1,0,0,0,0,1,0,0,0,0,0,0,1,0,16,23,25,0
6398,625,64,0,1,0,0,0,1,0,0,0,1,0,0,0,0,0,7,10,16,0
6245,38,58,0,1,0,0,1,0,0,0,0,0,0,0,0,1,0,20,5,29,0
3524,389,17,1,0,0,0,0,0,0,1,0,0,0,0,0,0,1,8,27,6,0
6722,663,114,0,0,0,1,0,0,0,1,0,0,0,0,0,0,1,20,5,28,0
4992,215,65,0,0,0,1,1,0,0,0,0,0,0,0,0,0,1,18,7,17,0
9458,548,116,1,0,0,0,0,0,0,1,0,0,0,0,1,0,0,12,17,25,0
1887,183,73,0,0,0,1,0,1,0,0,0,0,0,0,1,0,0,15,25,22,0
7177,479,165,0,0,1,0,0,0,0,0,1,0,0,0,1,0,0,6,24,21,0
8620,939,49,0,1,0,0,0,0,0,0,1,0,0,0,0,0,1,11,13,24,0
5600,334,113,1,0,0,0,1,0,0,0,0,0,1,0,0,0,0,21,22,24,0
425,515,79,0,0,1,0,1,0,0,0,0,0,1,0,0,0,0,23,3,6,0
1149,755,6,1,0,0,0,0,1,0,0,0,0,0,0,1,0,0,10,29,19,0
9382,270,80,0,1,0,0,0,0,0,0,1,0,0,0,1,0,0,7,4,13,0
6310,38,99,1,0,0,0,0,0,0,1,0,0,0,0,1,0,0,10,1,10,0
8871,280,157,0,1,0,0,0,0,0,1,0,1,0,0,0,0,0,20,22,17,0
6029,48,15,0,1,0,0,0,1,0,0,0,0,1,0,0,0,0,12,21,11,0
381,54,31,1,0,0,0,0,0,1,0,0,0,1,0,0,0,0,8,18,17,0
1504,898,151,0,0,1,0,0,1,0,0,0,0,1,0,0,0,0,20,3,7,0
6975,523,1,0,1,0,0,0,0,0,0,1,1,0,0,0,0,0,18,20,29,0
4158,787,105,0,1,0,0,1,0,0,0,0,0,0,0,0,0,1,12,0,19,0
8045,933,150,1,0,0,0,0,0,0,0,1,0,0,0,0,1,0,17,6,13,0
2201,685,217,0,0,0,1,1,0,0,0,0,1,0,0,0,0,0,8,17,12,0
7937,55,109,0,0,1,0,0,0,0,0,1,0,0,0,0,0,1,16,2,12,0
555,389,30,0,0,1,0,0,0,0,0,1,0,0,0,0,0,1,7,9,20,0
902,850,58,0,0,1,0,0,1,0,0,0,1,0,0,0,0,0,6,10,5,0
2373,933,142,1,0,0,0,0,1,0,0,0,0,0,0,0,1,0,23,5,1,0
3640,293,101,1,0,0,0,0,0,1,0,0,0,1,0,0,0,0,16,19,4,0
9324,409,99,0,1,0,0,0,0,1,0,0,0,0,0,1,0,0,6,23,1,0
4672,824,173,0,0,0,1,0,0,0,1,0,0,0,0,1,0,0,7,2,6,0
193,650,90,0,0,0,1,0,0,1,0,0,0,0,0,0,0,1,13,13,7,0
5748,375,104,0,0,1,0,0,0,0,0,1,0,0,0,1,0,0,22,6,23,0
7925,499,120,0,1,0,0,0,1,0,0,0,0,0,0,1,0,0,11,18,15,0
1073,107,177,0,0,1,0,1,0,0,0,0,1,0,0,0,0,0,22,6,29,0
9954,266,2557,0,0,0,1,0,0,1,0,0,1,0,0,0,0,0,4,74,79,1
3224,606,53,0,0,0,1,0,0,1,0,0,0,0,0,1,0,0,17,14,15,0
8961,830,14,0,1,0,0,1,0,0,0,0,0,0,0,0,0,1,17,23,20,0
6810,860,138,0,0,1,0,1,0,0,0,0,0,0,0,0,1,0,17,15,28,0
6570,646,59,0,1,0,0,0,0,0,1,0,1,0,0,0,0,0,13,25,3,0
883,560,158,0,0,1,0,0,1,0,0,0,0,0,0,0,0,1,23,23,29,0
5977,441,1,0,0,0,1,1,0,0,0,0,0,1,0,0,0,0,14,22,29,0
5617,432,38,0,1,0,0,0,0,0,0,1,1,0,0,0,0,0,15,26,27,0
6565,978,171,0,0,1,0,0,0,0,1,0,0,0,0,0,0,1,18,17,26,0
9821,743,22,1,0,0,0,0,0,0,0,1,1,0,0,0,0,0,6,98,94,1
9759,952,10,0,1,0,0,0,0,1,0,0,0,0,0,1,0,0,20,81,74,1
9165,567,112,0,0,1,0,0,0,0,1,0,1,0,0,0,0,0,19,0,17,0
7838,842,19,1,0,0,0,1,0,0,0,0,1,0,0,0,0,0,21,11,19,0
3252,192,84,0,1,0,0,0,0,0,1,0,0,0,0,1,0,0,13,19,17,0
7801,889,198,1,0,0,0,0,1,0,0,0,0,0,0,0,1,0,9,4,7,0
9124,491,138,0,1,0,0,0,0,1,0,0,0,1,0,0,0,0,10,3,12,0
3391,539,97,0,0,0,1,0,0,1,0,0,0,0,0,1,0,0,13,18,2,0
6568,527,115,0,0,1,0,0,0,0,1,0,0,0,0,1,0,0,6,17,6,0
271,209,67,0,0,0,1,0,0,0,1,0,1,0,0,0,0,0,7,20,29,0
5114,529,102,0,0,0,1,0,1,0,0,0,1,0,0,0,0,0,20,0,27,0
3221,325,71,0,0,0,1,0,0,0,1,0,0,0,0,0,1,0,15,10,29,0
3532,913,71,0,0,0,1,0,0,0,0,1,0,1,0,0,0,0,19,20,5,0
3079,753,2,0,0,0,1,0,0,1,0,0,1,0,0,0,0,0,9,16,1,0
9239,781,149,0,1,0,0,1,0,0,0,0,0,1,0,0,0,0,21,12,22,0
760,508,118,1,0,0,0,0,0,0,1,0,0,0,0,0,0,1,16,23,9,0
238,522,159,1,0,0,0,0,0,0,1,0,0,0,0,0,0,1,17,13,2,0
6068,697,117,1,0,0,0,0,1,0,0,0,0,0,0,0,0,1,19,13,29,0
2549,489,139,0,0,0,1,0,0,0,1,0,1,0,0,0,0,0,14,13,11,0
5822,824,145,0,1,0,0,0,0,0,0,1,0,1,0,0,0,0,18,3,7,0
9951,336,4555,0,0,0,1,0,0,0,1,0,1,0,0,0,0,0,23,84,82,1
559,796,33,0,0,1,0,0,0,0,1,0,0,0,0,0,1,0,20,21,8,0
5746,518,1,0,0,1,0,0,0,1,0,0,0,0,0,1,0,0,17,7,17,0
4238,386,70,0,0,1,0,1,0,0,0,0,0,1,0,0,0,0,16,6,0,0
3724,731,90,0,0,1,0,0,0,1,0,0,0,1,0,0,0,0,7,13,13,0
1431,498,94,0,0,1,0,1,0,0,0,0,0,0,0,0,1,0,8,11,29,0
2585,414,109,0,1,0,0,1,0,0,0,0,0,0,0,0,0,1,10,5,25,0
6731,194,102,0,0,0,1,1,0,0,0,0,0,0,0,0,0,1,6,12,13,0
322,52,101,0,0,1,0,0,0,1,0,0,0,0,0,1,0,0,10,4,20,0
3414,684,63,0,1,0,0,0,0,1,0,0,0,0,0,0,1,0,23,1,12,0
6970,6,110,0,0,1,0,0,0,1,0,0,0,0,0,1,0,0,10,26,22,0
1251,679,84,0,0,1,0,0,0,0,0,1,0,0,0,0,0,1,12,0,20,0
4153,870,141,1,0,0,0,0,0,0,0,1,0,0,0,1,0,0,19,4,10,0
5611,210,24,0,1,0,0,0,0,0,0,1,0,1,0,0,0,0,15,16,29,0
5050,56,1,1,0,0,0,1,0,0,0,0,0,0,0,1,0,0,17,8,9,0
4953,773,143,0,0,0,1,0,0,0,1,0,0,0,0,1,0,0,16,13,23,0
6985,133,129,0,0,1,0,0,0,0,1,0,0,0,0,1,0,0,7,29,0,0
990,317,212,0,1,0,0,0,0,0,1,0,0,0,0,0,1,0,14,15,4,0
2859,886,223,0,0,1,0,0,0,1,0,0,0,0,0,0,0,1,9,26,25,0
4148,601,92,1,0,0,0,0,1,0,0,0,0,0,0,0,0,1,14,12,21,0
4970,521,59,0,0,1,0,0,0,0,1,0,0,0,0,0,0,1,20,7,13,0
5241,41,102,0,1,0,0,0,1,0,0,0,1,0,0,0,0,0,14,3,4,0
6941,928,62,0,0,1,0,0,0,0,1,0,0,0,0,0,0,1,16,6,27,0
2141,405,75,0,0,0,1,0,1,0,0,0,0,0,0,1,0,0,15,5,13,0
9681,620,1187,0,1,0,0,0,1,0,0,0,0,0,0,0,0,1,4,78,99,1
3886,936,42,0,0,0,1,1,0,0,0,0,0,1,0,0,0,0,21,0,1,0
475,488,54,0,0,1,0,0,1,0,0,0,0,0,0,1,0,0,15,29,6,0
4654,714,99,0,1,0,0,0,0,1,0,0,0,0,0,0,0,1,7,21,5,0
6804,532,44,0,0,1,0,1,0,0,0,0,0,0,0,0,0,1,12,25,22,0
9548,860,5955,0,1,0,0,0,0,0,0,1,0,0,0,0,0,1,8,73,99,1
5260,220,43,0,0,1,0,0,0,0,0,1,0,0,0,0,0,1,14,23,5,0
119,532,113,0,0,0,1,0,0,0,1,0,1,0,0,0,0,0,20,22,28,0
5965,636,134,0,0,0,1,1,0,0,0,0,0,0,0,0,1,0,9,9,1,0
7688,292,119,0,1,0,0,0,0,1,0,0,1,0,0,0,0,0,6,24,19,0
8471,877,157,1,0,0,0,0,1,0,0,0,0,0,0,0,1,0,8,6,19,0
1177,756,197,0,0,1,0,0,0,0,1,0,0,0,0,0,1,0,15,26,19,0
6459,310,81,1,0,0,0,1,0,0,0,0,0,0,0,0,1,0,20,2,25,0
3730,322,161,0,0,0,1,0,1,0,0,0,1,0,0,0,0,0,15,7,20,0
5065,928,63,0,0,0,1,0,0,1,0,0,0,0,0,0,1,0,13,0,16,0
7618,180,105,0,1,0,0,0,0,0,1,0,0,0,0,0,0,1,20,10,24,0
2972,606,159,0,0,0,1,0,1,0,0,0,0,0,0,0,0,1,12,18,27,0
8342,678,173,0,0,0,1,1,0,0,0,0,0,1,0,0,0,0,8,12,5,0
2400,210,92,1,0,0,0,0,0,0,1,0,0,0,0,0,1,0,17,19,11,0
5660,593,137,1,0,0,0,0,0,0,0,1,0,1,0,0,0,0,19,12,11,0
2369,471,102,0,0,1,0,0,0,0,1,0,0,0,0,0,1,0,21,20,22,0
5546,41,150,0,1,0,0,0,0,1,0,0,0,0,0,0,1,0,20,15,14,0
4083,215,178,1,0,0,0,0,1,0,0,0,0,0,0,1,0,0,10,23,1,0
1024,568,56,0,0,1,0,0,1,0,0,0,0,1,0,0,0,0,13,28,27,0
5322,445,99,0,1,0,0,0,0,1,0,0,0,1,0,0,0,0,11,8,14,0
5855,838,148,0,0,1,0,0,1,0,0,0,0,0,0,1,0,0,13,14,27,0
5494,516,36,0,0,0,1,0,0,1,0,0,1,0,0,0,0,0,18,19,6,0
4875,18,29,0,1,0,0,0,0,1,0,0,0,0,0,0,0,1,19,5,0,0
7741,869,101,0,0,0,1,0,1,0,0,0,0,0,0,1,0,0,9,15,17,0
6075,775,94,0,0,0,1,0,0,1,0,0,0,0,0,0,1,0,16,12,29,0
4489,178,68,1,0,0,0,0,1,0,0,0,0,0,0,0,0,1,18,1,0,0
8475,758,9,0,0,1,0,0,0,0,0,1,0,0,0,0,1,0,14,19,6,0
1398,712,95,0,1,0,0,0,1,0,0,0,0,0,0,0,0,1,19,0,21,0
7107,561,175,0,0,0,1,0,0,0,0,1,0,0,0,0,0,1,21,17,6,0
8049,550,134,0,1,0,0,1,0,0,0,0,0,0,0,0,0,1,8,1,24,0
969,992,40,0,1,0,0,0,0,1,0,0,0,0,0,1,0,0,6,16,18,0
4271,549,91,1,0,0,0,0,1,0,0,0,1,0,0,0,0,0,19,28,10,0
8059,313,139,0,0,0,1,0,0,0,0,1,0,0,0,0,1,0,17,27,11,0
3621,329,137,0,0,0,1,0,0,0,1,0,0,0,0,1,0,0,21,13,2,0
5793,743,113,0,1,0,0,0,0,1,0,0,0,0,0,1,0,0,12,5,6,0
6867,550,116,0,0,1,0,0,0,1,0,0,0,0,0,0,0,1,12,13,10,0
3197,890,112,0,1,0,0,0,0,0,0,1,0,0,0,0,0,1,13,23,9,0
5263,306,91,0,1,0,0,1,0,0,0,0,0,1,0,0,0,0,20,7,6,0
5053,893,60,1,0,0,0,0,0,0,1,0,0,0,0,0,1,0,13,8,28,0
5821,808,82,1,0,0,0,0,1,0,0,0,1,0,0,0,0,0,6,18,3,0
9381,169,93,0,0,0,1,0,0,1,0,0,0,0,0,0,1,0,22,15,8,0
4423,127,154,1,0,0,0,0,1,0,0,0,0,0,0,0,1,0,22,8,24,0
5716,998,93,0,0,0,1,0,0,0,0,1,0,0,0,1,0,0,20,25,6,0
1823,757,66,0,0,1,0,1,0,0,0,0,0,1,0,0,0,0,12,0,22,0
2793,489,85,0,0,0,1,0,0,1,0,0,0,0,0,0,0,1,23,13,12,0
6634,909,61,1,0,0,0,0,0,0,0,1,0,1,0,0,0,0,8,5,28,0
9214,791,207,1,0,0,0,0,0,1,0,0,0,1,0,0,0,0,18,5,6,0
9148,145,127,0,0,0,1,0,0,0,0,1,0,1,0,0,0,0,15,20,13,0
4411,916,56,1,0,0,0,0,0,0,0,1,0,0,0,0,0,1,6,23,1,0
6220,206,148,0,0,0,1,0,0,0,0,1,0,1,0,0,0,0,13,12,17,0
4333,438,168,1,0,0,0,0,0,0,0,1,0,0,0,0,1,0,10,28,27,0
6945,16,189,1,0,0,0,0,0,0,1,0,0,0,0,0,1,0,21,1,6,0
2650,397,76,0,1,0,0,0,0,0,1,0,0,1,0,0,0,0,14,5,20,0
5654,712,70,0,0,1,0,0,1,0,0,0,1,0,0,0,0,0,18,13,10,0
4710,734,109,1,0,0,0,0,0,0,1,0,1,0,0,0,0,0,7,28,20,0
4075,826,113,0,0,1,0,0,1,0,0,0,0,0,0,0,1,0,6,26,24,0
3111,670,87,0,1,0,0,1,0,0,0,0,0,0,0,1,0,0,6,23,0,0
4708,432,43,0,1,0,0,0,0,0,0,1,0,0,0,1,0,0,18,23,12,0
179,293,38,1,0,0,0,1,0,0,0,0,0,0,0,0,0,1,13,25,10,0
7577,61,103,0,1,0,0,1,0,0,0,0,0,1,0,0,0,0,20,2,15,0
4542,500,144,0,0,0,1,0,0,0,1,0,0,0,0,0,0,1,12,26,4,0
5967,38,207,0,1,0,0,0,1,0,0,0,0,1,0,0,0,0,16,0,20,0
3948,401,42,1,0,0,0,1,0,0,0,0,0,0,0,0,0,1,22,22,4,0
2089,843,1,0,0,1,0,1,0,0,0,0,0,1,0,0,0,0,11,26,1,0
6031,837,71,0,0,0,1,0,0,0,1,0,0,0,0,1,0,0,18,5,14,0
8798,121,140,1,0,0,0,1,0,0,0,0,0,0,0,0,0,1,11,16,15,0
3527,711,121,0,0,0,1,0,0,0,1,0,0,0,0,0,0,1,12,1,3,0
1572,481,83,0,0,1,0,0,1,0,0,0,0,0,0,0,1,0,14,26,23,0
5452,478,39,0,0,0,1,0,0,0,1,0,0,0,0,0,1,0,19,22,23,0
6174,1,108,1,0,0,0,0,1,0,0,0,0,0,0,1,0,0,10,17,15,0
9051,992,57,1,0,0,0,1,0,0,0,0,0,1,0,0,0,0,11,18,26,0
4752,874,127,0,0,1,0,0,0,1,0,0,1,0,0,0,0,0,10,8,11,0
1878,206,61,0,0,0,1,0,1,0,0,0,0,0,0,1,0,0,19,17,6,0
7435,975,94,0,0,1,0,0,1,0,0,0,0,0,0,1,0,0,10,8,3,0
2085,844,114,1,0,0,0,1,0,0,0,0,0,0,0,0,1,0,9,12,15,0
8407,912,164,0,0,0,1,0,1,0,0,0,1,0,0,0,0,0,21,5,15,0
9609,974,1868,0,1,0,0,0,0,1,0,0,0,0,0,1,0,0,22,94,92,1
317,53,190,0,1,0,0,0,0,0,0,1,0,0,0,0,1,0,19,23,24,0
6422,519,119,0,0,0,1,0,0,1,0,0,1,0,0,0,0,0,19,19,27,0
7366,5,125,0,0,0,1,1,0,0,0,0,0,0,0,0,1,0,9,11,6,0
3231,600,113,0,0,1,0,1,0,0,0,0,1,0,0,0,0,0,16,20,22,0
710,627,143,0,0,1,0,0,1,0,0,0,0,1,0,0,0,0,22,6,23,0
8174,415,1,0,0,1,0,0,0,0,1,0,0,0,0,0,0,1,16,18,6,0
2332,292,56,0,0,1,0,0,0,0,0,1,0,0,0,0,1,0,7,22,0,0
9558,114,22,1,0,0,0,0,0,0,0,1,1,0,0,0,0,0,6,95,88,1
1548,39,183,1,0,0,0,1,0,0,0,0,0,0,0,0,1,0,19,3,26,0
461,411,145,0,0,1,0,1,0,0,0,0,1,0,0,0,0,0,16,28,29,0
1483,823,185,1,0,0,0,0,0,1,0,0,0,0,0,0,1,0,20,25,4,0
8789,110,141,1,0,0,0,0,0,0,0,1,1,0,0,0,0,0,10,1,26,0
7619,860,124,0,0,1,0,0,1,0,0,0,1,0,0,0,0,0,7,17,19,0
1244,769,65,0,0,0,1,0,1,0,0,0,1,0,0,0,0,0,10,27,14,0
2088,446,102,0,0,1,0,0,0,0,1,0,0,0,0,1,0,0,7,14,12,0
6959,852,104,1,0,0,0,0,0,0,0,1,0,1,0,0,0,0,23,28,4,0
4166,896,105,0,0,1,0,0,1,0,0,0,0,1,0,0,0,0,10,9,6,0
8979,275,100,0,0,1,0,1,0,0,0,0,0,0,0,1,0,0,16,26,2,0
8122,395,40,0,0,0,1,1,0,0,0,0,1,0,0,0,0,0,22,28,20,0
1957,944,172,0,1,0,0,0,0,0,0,1,0,0,0,1,0,0,13,9,15,0
7398,753,61,0,0,0,1,1,0,0,0,0,1,0,0,0,0,0,22,16,23,0
8972,203,128,0,0,1,0,0,0,1,0,0,0,0,0,0,1,0,12,27,26,0
2179,556,196,0,0,1,0,0,0,0,0,1,0,1,0,0,0,0,6,1,18,0
6496,25,98,0,0,1,0,0,0,0,1,0,0,1,0,0,0,0,15,7,20,0
5891,51,105,1,0,0,0,0,1,0,0,0,0,0,0,0,0,1,21,24,11,0
9255,90,16,0,0,0,1,0,0,1,0,0,1,0,0,0,0,0,19,5,3,0
63,357,77,0,0,0,1,0,1,0,0,0,0,1,0,0,0,0,9,7,17,0
9395,737,77,1,0,0,0,0,1,0,0,0,1,0,0,0,0,0,20,9,13,0
8136,955,69,1,0,0,0,0,0,0,0,1,0,0,0,0,0,1,17,0,19,0
511,733,156,0,0,1,0,0,0,0,0,1,0,0,0,0,1,0,17,22,11,0
9775,658,10,0,0,0,1,0,0,0,1,0,1,0,0,0,0,0,4,90,76,1
4135,330,88,0,0,1,0,0,0,1,0,0,0,0,0,0,0,1,12,6,2,0
1631,58,50,0,1,0,0,0,0,0,0,1,0,0,0,0,0,1,23,10,8,0
5170,759,147,0,0,0,1,0,0,1,0,0,0,0,0,0,0,1,17,5,2,0
2683,503,188,1,0,0,0,0,1,0,0,0,0,0,0,0,1,0,15,11,17,0
8511,995,114,1,0,0,0,0,0,0,1,0,0,0,0,0,0,1,23,23,15,0
6994,828,180,1,0,0,0,0,1,0,0,0,1,0,0,0,0,0,19,21,27,0
3160,122,42,1,0,0,0,0,1,0,0,0,0,0,0,0,0,1,23,13,4,0
7809,739,144,0,1,0,0,0,0,0,0,1,0,0,0,0,1,0,14,2,27,0
4323,696,148,0,0,0,1,0,1,0,0,0,0,1,0,0,0,0,20,16,6,0
8903,398,1,0,0,1,0,0,0,1,0,0,0,1,0,0,0,0,21,3,6,0
2835,261,38,0,0,1,0,0,0,0,0,1,0,0,0,0,1,0,16,28,13,0
1219,887,170,1,0,0,0,0,0,1,0,0,0,0,0,0,0,1,7,5,11,0
4385,918,58,1,0,0,0,1,0,0,0,0,0,1,0,0,0,0,20,1,7,0
4370,624,107,0,0,1,0,0,0,0,0,1,1,0,0,0,0,0,6,5,24,0
4684,367,26,0,0,0,1,0,0,1,0,0,0,0,0,0,1,0,10,8,12,0
1738,275,169,0,0,1,0,0,0,0,0,1,0,0,0,0,0,1,17,10,6,0
8361,353,116,0,0,1,0,0,0,1,0,0,0,0,0,0,1,0,17,13,26,0
1287,613,101,0,1,0,0,0,0,0,1,0,1,0,0,0,0,0,20,0,13,0
8985,265,73,0,0,0,1,0,0,1,0,0,0,0,0,0,1,0,11,14,3,0
2851,826,117,0,1,0,0,0,1,0,0,0,0,0,0,0,0,1,20,0,27,0
6758,16,65,0,1,0,0,0,0,0,1,0,0,0,0,1,0,0,14,18,2,0
7225,795,124,0,0,0,1,0,0,1,0,0,0,1,0,0,0,0,23,14,7,0
767,649,177,0,0,0,1,0,1,0,0,0,1,0,0,0,0,0,16,23,5,0
3704,189,49,0,0,0,1,1,0,0,0,0,0,1,0,0,0,0,16,17,18,0
632,671,130,0,1,0,0,0,0,1,0,0,0,0,0,0,0,1,11,9,3,0
5150,150,34,0,0,0,1,1,0,0,0,0,0,0,0,0,0,1,12,4,6,0
323,585,101,0,0,0,1,0,0,1,0,0,0,1,0,0,0,0,9,1,17,0
9593,201,9647,0,0,1,0,0,0,0,0,1,0,0,1,0,0,0,23,73,77,1
273,396,95,0,1,0,0,0,1,0,0,0,0,0,0,1,0,0,16,14,1,0
7560,239,169,1,0,0,0,0,0,0,1,0,0,1,0,0,0,0,19,28,5,0
4645,270,96,0,1,0,0,0,1,0,0,0,0,1,0,0,0,0,15,22,15,0
5256,654,38,0,0,1,0,0,1,0,0,0,0,1,0,0,0,0,8,26,12,0
6788,676,69,0,0,0,1,0,1,0,0,0,0,0,0,1,0,0,22,0,26,0
7612,530,104,1,0,0,0,0,0,0,1,0,0,1,0,0,0,0,21,17,3,0
7066,495,155,0,0,1,0,0,0,0,1,0,1,0,0,0,0,0,16,20,24,0
7317,538,138,0,0,1,0,1,0,0,0,0,0,1,0,0,0,0,6,8,19,0
6587,672,146,0,0,1,0,0,1,0,0,0,0,0,0,0,0,1,11,25,1,0
9456,114,81,0,1,0,0,0,0,1,0,0,0,0,0,0,1,0,20,4,4,0
9166,942,129,1,0,0,0,0,0,0,1,0,1,0,0,0,0,0,21,22,12,0
7916,508,198,1,0,0,0,0,1,0,0,0,0,0,0,1,0,0,22,29,5,0
1319,855,54,0,0,0,1,1,0,0,0,0,0,0,0,1,0,0,6,13,26,0
3820,438,16,0,0,1,0,0,0,0,1,0,0,1,0,0,0,0,17,5,9,0
1462,192,137,0,1,0,0,0,0,0,1,0,0,0,0,0,0,1,10,29,14,0
4406,816,99,0,0,0,1,0,1,0,0,0,0,1,0,0,0,0,15,2,19,0
1264,138,77,1,0,0,0,0,1,0,0,0,0,0,0,1,0,0,19,29,16,0
6334,870,105,0,1,0,0,1,0,0,0,0,0,0,0,0,0,1,17,17,21,0
1973,275,102,0,1,0,0,0,0,1,0,0,0,1,0,0,0,0,11,20,8,0
896,543,136,0,0,0,1,0,0,1,0,0,0,0,0,0,0,1,7,29,26,0
346,170,3,1,0,0,0,0,1,0,0,0,0,1,0,0,0,0,10,16,15,0
3157,662,60,0,0,1,0,0,1,0,0,0,0,1,0,0,0,0,15,18,25,0
8817,611,111,1,0,0,0,0,0,0,0,1,1,0,0,0,0,0,19,10,20,0
7696,634,173,0,0,0,1,0,0,0,0,1,1,0,0,0,0,0,10,22,12,0
8029,967,24,0,1,0,0,0,0,0,0,1,0,0,0,0,1,0,22,23,12,0
6576,105,108,0,1,0,0,0,0,0,1,0,0,0,0,1,0,0,7,18,2,0
8702,954,119,0,1,0,0,0,0,0,1,0,0,0,0,1,0,0,9,20,4,0
5271,803,60,0,0,1,0,1,0,0,0,0,0,1,0,0,0,0,12,20,0,0
8334,741,103,1,0,0,0,0,1,0,0,0,0,0,0,1,0,0,22,5,19,0
2982,852,62,0,0,1,0,0,0,1,0,0,0,1,0,0,0,0,21,28,2,0
6052,420,184,1,0,0,0,0,0,0,1,0,0,0,0,0,0,1,12,10,27,0
6611,677,19,1,0,0,0,0,0,0,0,1,1,0,0,0,0,0,22,21,9,0
9189,108,98,0,1,0,0,0,0,0,0,1,0,0,0,0,1,0,20,18,26,0
6204,844,89,0,0,1,0,0,0,0,1,0,0,0,0,1,0,0,6,24,13,0
6730,540,194,0,0,1,0,1,0,0,0,0,0,1,0,0,0,0,17,9,14,0
2212,155,64,1,0,0,0,0,1,0,0,0,0,0,0,0,0,1,6,0,15,0
1367,371,48,0,0,1,0,0,0,0,1,0,0,0,0,0,1,0,15,16,7,0
2787,247,120,0,0,0,1,0,0,0,0,1,1,0,0,0,0,0,16,15,19,0
1243,852,180,0,0,1,0,1,0,0,0,0,0,0,0,1,0,0,10,27,17,0
8556,912,77,0,0,1,0,0,0,0,0,1,1,0,0,0,0,0,14,12,2,0
2635,919,133,0,0,0,1,1,0,0,0,0,0,0,0,1,0,0,18,18,23,0
1911,925,66,0,1,0,0,1,0,0,0,0,0,0,0,0,0,1,18,27,1,0
2195,919,77,0,1,0,0,0,0,0,0,1,0,0,0,0,0,1,9,3,8,0
8480,845,188,1,0,0,0,0,0,1,0,0,0,0,0,0,1,0,13,25,4,0
7999,696,56,1,0,0,0,0,0,0,0,1,1,0,0,0,0,0,20,21,28,0
5963,348,110,0,0,1,0,0,0,1,0,0,0,0,0,1,0,0,11,3,29,0
8046,778,108,0,1,0,0,0,0,1,0,0,0,0,0,0,0,1,8,18,19,0
2690,994,151,1,0,0,0,0,0,1,0,0,0,0,0,0,0,1,16,23,7,0
7251,440,96,0,0,0,1,0,0,1,0,0,0,0,0,0,1,0,10,23,20,0
6172,81,177,1,0,0,0,0,0,0,1,0,0,0,0,0,0,1,23,21,2,0
5332,214,68,0,1,0,0,1,0,0,0,0,0,0,0,0,1,0,11,3,26,0
7128,905,64,0,0,1,0,0,0,0,0,1,0,0,0,0,0,1,13,25,7,0
1136,617,93,0,0,1,0,0,1,0,0,0,1,0,0,0,0,0,10,6,5,0
5022,852,46,0,0,0,1,0,1,0,0,0,0,1,0,0,0,0,16,15,9,0
9552,407,405,0,1,0,0,0,0,0,0,1,0,0,0,1,0,0,2,83,92,1
1106,820,86,1,0,0,0,0,0,0,1,0,1,0,0,0,0,0,17,5,24,0
7370,748,89,0,0,0,1,0,1,0,0,0,0,0,0,0,1,0,13,26,28,0
7381,708,87,0,1,0,0,0,0,0,1,0,1,0,0,0,0,0,23,4,22,0
9981,645,1609,0,0,0,1,1,0,0,0,0,1,0,0,0,0,0,13,93,78,1
8512,22,49,1,0,0,0,0,0,1,0,0,0,0,0,1,0,0,9,19,25,0
2744,978,172,0,0,0,1,0,0,0,0,1,0,0,0,0,0,1,9,15,18,0
5725,893,63,0,0,1,0,0,0,0,1,0,0,0,0,0,1,0,23,24,0,0
8678,623,105,0,0,0,1,0,1,0,0,0,0,0,0,1,0,0,19,21,28,0
6926,157,34,0,0,1,0,0,1,0,0,0,0,0,0,0,1,0,10,23,9,0
2529,697,226,0,1,0,0,0,0,0,1,0,0,0,0,0,0,1,6,12,8,0
5580,968,68,0,0,1,0,0,0,0,1,0,1,0,0,0,0,0,20,23,16,0
2479,241,115,0,1,0,0,0,0,0,0,1,0,0,0,1,0,0,9,16,15,0
7930,600,64,0,1,0,0,1,0,0,0,0,0,0,0,1,0,0,12,28,18,0
477,241,82,0,1,0,0,0,1,0,0,0,0,1,0,0,0,0,20,6,2,0
5038,282,116,1,0,0,0,1,0,0,0,0,0,1,0,0,0,0,21,10,16,0
3480,376,40,0,0,1,0,0,0,0,0,1,0,0,0,1,0,0,11,24,1,0
7998,202,170,0,0,1,0,1,0,0,0,0,0,1,0,0,0,0,13,16,26,0
8064,286,72,1,0,0,0,0,0,1,0,0,0,0,0,0,0,1,16,12,1,0
2372,899,49,0,0,0,1,0,1,0,0,0,0,0,0,0,0,1,21,28,22,0
7183,157,155,0,1,0,0,1,0,0,0,0,0,0,0,0,0,1,18,3,23,0
4983,753,131,0,0,1,0,0,0,0,1,0,0,0,0,1,0,0,23,1,0,0
8674,652,114,0,0,1,0,0,1,0,0,0,0,0,0,1,0,0,17,24,14,0
4764,301,76,1,0,0,0,0,1,0,0,0,1,0,0,0,0,0,13,17,25,0
4280,600,130,0,0,1,0,0,0,1,0,0,0,0,0,0,1,0,19,2,8,0
336,920,64,1,0,0,0,0,0,1,0,0,0,1,0,0,0,0,11,6,27,0
4225,501,77,0,1,0,0,0,0,0,1,0,0,1,0,0,0,0,19,5,28,0
2152,610,109,1,0,0,0,0,1,0,0,0,0,0,0,1,0,0,23,29,16,0
8729,734,30,0,1,0,0,0,0,1,0,0,0,0,0,0,1,0,17,21,27,0
5765,276,81,0,0,1,0,0,0,0,1,0,0,0,0,1,0,0,19,23,18,0
2622,750,188,0,0,1,0,0,0,0,0,1,0,1,0,0,0,0,12,28,2,0
9687,366,3471,0,1,0,0,0,1,0,0,0,0,1,0,0,0,0,4,95,72,1
6226,704,40,0,1,0,0,0,0,1,0,0,0,0,0,0,0,1,21,1,23,0
2315,148,90,1,0,0,0,0,0,1,0,0,0,1,0,0,0,0,11,5,10,0
1410,910,31,0,1,0,0,0,1,0,0,0,1,0,0,0,0,0,10,10,9,0
9113,148,126,1,0,0,0,0,0,1,0,0,0,1,0,0,0,0,10,20,17,0
4689,340,119,1,0,0,0,0,0,1,0,0,1,0,0,0,0,0,22,19,2,0
8185,129,133,0,1,0,0,1,0,0,0,0,0,0,0,0,1,0,7,11,10,0
8395,494,13,1,0,0,0,0,0,0,1,0,1,0,0,0,0,0,15,20,27,0
8322,547,125,1,0,0,0,1,0,0,0,0,0,0,0,0,1,0,17,4,29,0
8519,584,92,0,0,0,1,0,0,0,0,1,1,0,0,0,0,0,9,18,21,0
8738,661,84,1,0,0,0,0,1,0,0,0,0,1,0,0,0,0,23,25,12,0
6083,370,100,0,0,1,0,0,0,1,0,0,0,0,0,0,1,0,23,6,15,0
9184,742,88,1,0,0,0,0,0,0,1,0,0,0,0,0,0,1,13,12,0,0
6348,139,123,0,0,0,1,0,0,1,0,0,0,0,0,1,0,0,23,19,6,0
188,939,28,0,1,0,0,0,0,0,1,0,1,0,0,0,0,0,10,1,3,0
384,755,202,1,0,0,0,0,1,0,0,0,0,0,0,1,0,0,9,2,26,0
5014,919,169,0,0,0,1,0,0,0,0,1,0,0,0,0,1,0,19,20,21,0
1803,664,81,0,0,0,1,0,0,0,0,1,0,0,0,0,0,1,11,14,10,0
4471,277,122,0,0,1,0,0,1,0,0,0,0,0,0,0,1,0,16,29,10,0
711,108,49,0,0,1,0,0,0,0,1,0,1,0,0,0,0,0,17,5,1,0
8686,2,133,0,1,0,0,0,0,1,0,0,0,0,0,1,0,0,11,1,28,0
7908,877,109,0,0,1,0,0,0,0,1,0,1,0,0,0,0,0,16,26,5,0
8874,836,151,0,0,1,0,0,0,0,0,1,0,0,0,0,1,0,8,5,4,0
3751,369,47,0,0,1,0,0,0,1,0,0,1,0,0,0,0,0,20,4,0,0
8719,557,72,0,0,0,1,0,1,0,0,0,0,0,0,1,0,0,8,0,19,0
539,831,71,0,0,1,0,0,0,1,0,0,0,0,0,0,0,1,15,8,11,0
6961,858,140,0,0,0,1,0,0,0,0,1,0,0,0,0,0,1,21,27,0,0
2463,111,136,0,0,1,0,0,0,0,1,0,0,0,0,0,1,0,16,22,22,0
9651,55,612,0,0,1,0,1,0,0,0,0,1,0,0,0,0,0,13,82,79,1
4232,270,91,0,0,0,1,0,1,0,0,0,0,0,0,0,0,1,7,22,22,0
8323,559,49,0,0,1,0,1,0,0,0,0,0,0,0,0,1,0,8,2,27,0
8909,73,123,0,1,0,0,1,0,0,0,0,1,0,0,0,0,0,22,27,4,0
1990,55,122,0,1,0,0,0,0,0,0,1,1,0,0,0,0,0,19,27,6,0
3416,621,46,0,1,0,0,1,0,0,0,0,0,1,0,0,0,0,12,7,23,0
9466,921,92,1,0,0,0,0,0,0,1,0,0,0,0,0,1,0,13,28,17,0
6472,977,84,1,0,0,0,1,0,0,0,0,0,1,0,0,0,0,6,4,3,0
4564,703,89,1,0,0,0,0,1,0,0,0,0,0,0,0,0,1,23,27,11,0
2430,245,92,0,0,0,1,0,0,1,0,0,0,0,0,0,0,1,13,26,8,0
3511,529,111,1,0,0,0,0,0,0,1,0,1,0,0,0,0,0,6,9,0,0
7069,989,140,0,1,0,0,0,0,1,0,0,0,0,0,0,0,1,21,11,29,0
9107,252,172,0,0,1,0,0,0,0,0,1,0,0,0,0,1,0,6,3,15,0
9198,824,148,0,0,0,1,0,0,0,0,1,0,0,0,1,0,0,23,14,12,0
4999,293,98,0,0,0,1,0,1,0,0,0,1,0,0,0,0,0,20,7,13,0
3430,86,66,0,0,1,0,0,0,0,0,1,0,0,0,0,0,1,22,19,15,0
3739,428,34,0,1,0,0,0,1,0,0,0,0,0,0,0,0,1,23,7,17,0
2207,698,1,1,0,0,0,0,0,0,0,1,0,1,0,0,0,0,23,7,13,0
4069,885,51,0,0,1,0,1,0,0,0,0,0,0,0,0,0,1,19,17,13,0
4540,437,77,0,0,1,0,0,0,0,1,0,1,0,0,0,0,0,23,25,3,0
2955,849,1,0,0,0,1,0,0,0,1,0,0,0,0,0,0,1,23,7,17,0
9346,448,43,1,0,0,0,0,0,0,0,1,0,0,0,0,1,0,21,25,8,0
1414,583,11,0,0,1,0,0,0,0,0,1,1,0,0,0,0,0,20,21,24,0
207,140,85,0,0,0,1,0,0,0,0,1,0,0,0,0,1,0,11,29,27,0
1325,566,115,0,0,1,0,0,0,0,0,1,0,0,0,0,0,1,17,1,29,0
6966,221,64,0,0,1,0,0,1,0,0,0,1,0,0,0,0,0,14,22,29,0
6781,961,107,1,0,0,0,0,0,1,0,0,0,1,0,0,0,0,19,13,20,0
6123,224,62,1,0,0,0,1,0,0,0,0,0,0,0,1,0,0,19,26,23,0
8024,599,1,0,0,0,1,0,0,1,0,0,0,1,0,0,0,0,16,15,25,0
8811,922,201,0,0,1,0,0,1,0,0,0,0,1,0,0,0,0,14,11,26,0
8455,165,42,0,1,0,0,0,1,0,0,0,0,0,0,0,1,0,20,17,14,0
2460,69,105,0,0,0,1,0,0,0,0,1,0,0,0,0,1,0,14,14,12,0
5222,836,181,0,0,1,0,0,0,1,0,0,1,0,0,0,0,0,8,16,18,0
8536,95,134,0,0,0,1,0,0,1,0,0,0,1,0,0,0,0,13,15,24,0
7967,900,187,0,0,0,1,1,0,0,0,0,0,0,0,0,0,1,13,5,16,0
6787,173,120,0,1,0,0,0,0,0,0,1,0,1,0,0,0,0,17,8,20,0
3643,146,62,0,0,0,1,1,0,0,0,0,0,0,0,0,1,0,6,19,1,0
3879,659,38,0,1,0,0,0,1,0,0,0,1,0,0,0,0,0,23,25,24,0
6620,784,128,0,1,0,0,0,0,0,0,1,0,0,0,0,0,1,23,8,14,0
635,326,93,1,0,0,0,0,0,0,1,0,0,1,0,0,0,0,20,16,25,0
618,450,51,1,0,0,0,0,0,0,1,0,0,0,0,1,0,0,16,15,2,0
4884,442,83,0,0,0,1,0,1,0,0,0,0,0,0,0,0,1,6,29,24,0
409,58,164,0,0,0,1,1,0,0,0,0,0,1,0,0,0,0,6,27,19,0
2461,624,36,0,1,0,0,0,0,0,1,0,0,0,0,1,0,0,9,6,7,0
6814,37,1,0,0,1,0,0,0,0,1,0,0,0,0,1,0,0,22,25,8,0
257,539,107,0,0,0,1,0,0,1,0,0,0,0,0,0,1,0,8,28,17,0
1682,436,81,0,0,1,0,1,0,0,0,0,0,0,0,0,1,0,16,16,26,0
2643,354,129,0,0,0,1,0,0,0,1,0,1,0,0,0,0,0,7,24,20,0
4887,142,44,1,0,0,0,0,1,0,0,0,0,0,0,0,1,0,17,15,17,0
7080,625,63,0,0,0,1,0,0,0,1,0,1,0,0,0,0,0,6,18,6,0
7421,218,90,1,0,0,0,0,0,0,1,0,0,1,0,0,0,0,6,0,26,0
4010,767,39,0,1,0,0,0,0,0,0,1,0,0,0,0,0,1,10,0,10,0
4619,626,69,0,0,0,1,1,0,0,0,0,0,0,0,1,0,0,7,25,19,0
2904,460,148,1,0,0,0,0,1,0,0,0,0,0,0,0,0,1,10,24,13,0
8389,98,111,0,0,1,0,0,1,0,0,0,0,0,0,0,1,0,21,25,1,0
3032,771,169,1,0,0,0,0,1,0,0,0,0,0,0,0,1,0,10,29,8,0
7825,988,59,1,0,0,0,0,0,0,1,0,0,0,0,0,0,1,7,18,9,0
5135,667,110,0,0,1,0,0,0,0,0,1,0,0,0,0,0,1,19,8,24,0
7200,974,84,0,0,0,1,0,1,0,0,0,0,1,0,0,0,0,11,8,13,0
3235,723,72,0,0,0,1,1,0,0,0,0,0,1,0,0,0,0,12,5,13,0
9126,924,49,0,1,0,0,1,0,0,0,0,0,0,0,1,0,0,17,15,20,0
4365,598,1,0,0,1,0,0,0,0,0,1,0,0,0,1,0,0,14,14,11,0
8914,987,130,0,1,0,0,0,0,0,0,1,0,1,0,0,0,0,9,24,15,0
7940,148,158,0,0,1,0,0,1,0,0,0,1,0,0,0,0,0,16,19,4,0
6639,454,78,1,0,0,0,0,1,0,0,0,0,1,0,0,0,0,19,26,27,0
7639,974,188,1,0,0,0,0,0,0,0,1,0,0,0,0,0,1,13,28,9,0
5155,543,104,0,0,0,1,0,0,0,0,1,0,0,0,1,0,0,10,4,29,0
287,620,44,0,0,0,1,0,0,1,0,0,0,0,0,0,1,0,11,5,29,0
1103,153,202,0,1,0,0,1,0,0,0,0,0,0,0,0,0,1,15,25,26,0
2016,959,50,0,1,0,0,0,1,0,0,0,0,0,0,0,0,1,23,11,21,0
6351,269,187,0,0,1,0,0,0,0,1,0,0,0,0,1,0,0,18,14,20,0
2438,851,158,0,0,0,1,0,0,1,0,0,1,0,0,0,0,0,15,11,2,0
2457,888,60,0,1,0,0,1,0,0,0,0,0,0,0,0,0,1,18,20,28,0
7824,670,138,0,1,0,0,0,0,0,1,0,0,0,0,0,1,0,7,29,27,0
7579,678,42,0,0,1,0,0,0,1,0,0,0,1,0,0,0,0,8,5,2,0
6698,23,122,0,1,0,0,0,1,0,0,0,0,0,0,1,0,0,21,16,26,0
1471,206,96,1,0,0,0,0,0,0,0,1,0,0,0,0,0,1,22,19,22,0
6705,173,134,1,0,0,0,0,0,0,1,0,0,0,0,0,0,1,13,16,11,0
5383,854,198,0,0,1,0,0,0,0,1,0,0,0,0,1,0,0,14,4,20,0
4183,229,76,0,0,1,0,0,0,0,0,1,0,0,0,0,1,0,18,1,13,0
9073,734,1,0,1,0,0,0,0,0,1,0,0,1,0,0,0,0,6,2,7,0
2942,742,162,0,0,1,0,0,0,1,0,0,1,0,0,0,0,0,13,5,17,0
9618,174,22,1,0,0,0,0,0,0,0,1,0,0,0,0,0,1,20,85,82,1
5655,493,59,0,1,0,0,0,0,0,0,1,0,0,0,1,0,0,20,19,7,0
9523,906,10,0,0,1,0,0,0,1,0,0,0,0,1,0,0,0,7,90,92,1
7215,918,153,0,0,0,1,0,0,0,1,0,0,0,0,1,0,0,11,28,7,0
8642,844,47,0,1,0,0,0,0,1,0,0,1,0,0,0,0,0,9,3,7,0
9213,859,37,0,0,0,1,1,0,0,0,0,0,0,0,0,0,1,6,28,5,0
248,722,54,0,0,0,1,0,0,0,1,0,0,1,0,0,0,0,14,17,29,0
8206,556,96,0,0,0,1,0,0,1,0,0,0,0,0,0,1,0,7,28,6,0
7565,652,113,0,0,1,0,1,0,0,0,0,0,0,0,0,1,0,13,29,18,0
6028,84,186,0,0,1,0,0,0,0,1,0,0,0,0,1,0,0,8,27,5,0
4657,100,39,0,0,0,1,0,0,0,0,1,0,0,0,0,0,1,11,23,10,0
4695,585,107,0,0,1,0,0,1,0,0,0,0,0,0,0,1,0,17,28,14,0
1293,859,44,0,0,1,0,0,0,0,0,1,0,0,0,1,0,0,14,16,18,0
2977,477,48,0,0,0,1,0,1,0,0,0,1,0,0,0,0,0,10,17,17,0
8218,722,66,0,0,0,1,0,1,0,0,0,0,0,0,1,0,0,10,9,1,0
1528,824,78,0,1,0,0,0,0,1,0,0,0,0,0,0,1,0,20,28,10,0
83,374,98,0,1,0,0,0,0,0,0,1,0,1,0,0,0,0,22,26,17,0
4037,831,143,0,0,1,0,0,0,0,0,1,0,0,0,1,0,0,9,25,3,0
8748,132,156,0,0,0,1,0,0,0,1,0,0,0,0,0,0,1,7,20,26,0
5645,161,149,0,0,0,1,0,0,0,0,1,0,0,0,0,0,1,18,6,29,0
2064,370,19,1,0,0,0,0,1,0,0,0,1,0,0,0,0,0,13,21,21,0
2856,262,47,0,0,1,0,0,0,1,0,0,0,0,0,1,0,0,11,28,16,0
3940,41,1,0,0,0,1,1,0,0,0,0,0,0,0,0,0,1,13,26,16,0
801,184,194,0,0,0,1,0,0,0,0,1,0,0,0,0,1,0,16,11,10,0
6915,800,119,1,0,0,0,0,0,0,0,1,0,0,0,1,0,0,6,14,26,0
9570,341,179,0,1,0,0,0,0,0,1,0,0,0,1,0,0,0,3,82,85,1
4018,297,98,0,0,1,0,0,0,1,0,0,0,0,0,0,0,1,15,9,24,0
3818,839,171,1,0,0,0,1,0,0,0,0,0,0,0,1,0,0,9,9,12,0
177,95,38,1,0,0,0,0,0,1,0,0,1,0,0,0,0,0,17,22,23,0
5876,90,113,1,0,0,0,1,0,0,0,0,0,0,0,0,1,0,19,24,19,0
9159,818,115,1,0,0,0,0,0,1,0,0,0,1,0,0,0,0,16,9,26,0
2511,107,101,1,0,0,0,0,0,1,0,0,0,0,0,0,1,0,12,8,24,0
3656,854,89,1,0,0,0,0,0,0,1,0,0,0,0,0,1,0,21,15,2,0
100,450,80,0,0,0,1,0,0,0,1,0,0,0,0,1,0,0,21,29,0,0
6264,799,102,1,0,0,0,0,0,1,0,0,0,0,0,1,0,0,14,7,8,0
9828,257,3293,1,0,0,0,0,0,1,0,0,1,0,0,0,0,0,4,92,84,1
7567,298,143,1,0,0,0,0,0,0,1,0,0,1,0,0,0,0,10,2,26,0
4221,627,153,0,0,0,1,0,0,0,0,1,0,1,0,0,0,0,22,23,4,0
7070,598,85,0,0,0,1,0,0,0,0,1,0,0,0,0,0,1,6,23,29,0
8436,543,74,0,1,0,0,0,0,1,0,0,0,0,0,0,0,1,7,28,16,0
6933,662,92,1,0,0,0,1,0,0,0,0,0,0,0,0,1,0,13,23,26,0
6076,608,51,0,0,1,0,0,0,1,0,0,0,1,0,0,0,0,18,2,16,0
4065,697,67,0,0,1,0,0,0,1,0,0,0,0,0,1,0,0,9,3,16,0
5358,538,121,0,0,0,1,1,0,0,0,0,0,0,0,0,0,1,23,1,15,0
332,867,164,0,0,0,1,1,0,0,0,0,0,0,0,1,0,0,22,1,16,0
8676,762,86,1,0,0,0,0,0,0,0,1,0,0,0,0,0,1,15,19,14,0
6857,215,143,0,0,1,0,1,0,0,0,0,1,0,0,0,0,0,10,29,17,0
2169,286,109,1,0,0,0,0,0,0,1,0,0,0,0,0,0,1,10,27,21,0
7315,334,110,0,0,1,0,0,1,0,0,0,0,0,0,0,1,0,12,5,26,0
8661,712,91,0,0,0,1,0,1,0,0,0,1,0,0,0,0,0,10,2,28,0
8309,286,131,0,0,1,0,0,1,0,0,0,0,0,0,0,0,1,11,6,0,0
13,193,86,1,0,0,0,0,0,0,1,0,1,0,0,0,0,0,20,5,12,0
7055,85,47,0,0,0,1,0,0,0,1,0,1,0,0,0,0,0,14,4,22,0
3341,866,44,1,0,0,0,0,1,0,0,0,0,0,0,0,0,1,6,28,6,0
2404,194,208,1,0,0,0,1,0,0,0,0,0,0,0,1,0,0,15,16,28,0
7308,883,170,0,0,1,0,0,0,0,0,1,0,0,0,0,0,1,23,14,12,0
420,78,132,0,0,0,1,0,0,0,1,0,0,0,0,1,0,0,11,22,28,0
9106,855,60,0,0,1,0,1,0,0,0,0,0,0,0,1,0,0,16,6,11,0
9367,560,151,0,0,1,0,0,0,1,0,0,1,0,0,0,0,0,18,26,28,0
2610,248,79,0,0,0,1,0,0,1,0,0,0,0,0,0,0,1,12,2,22,0
9843,462,837,0,1,0,0,0,1,0,0,0,0,1,0,0,0,0,17,95,89,1
7845,592,1,1,0,0,0,0,1,0,0,0,0,0,0,0,0,1,16,4,26,0
8513,46,108,0,0,0,1,1,0,0,0,0,0,0,0,0,1,0,21,16,14,0
5174,923,1,1,0,0,0,0,0,1,0,0,0,0,0,0,0,1,9,12,2,0
5518,54,115,1,0,0,0,0,0,0,0,1,0,0,0,0,1,0,17,22,8,0
8350,187,129,0,1,0,0,0,0,0,0,1,0,1,0,0,0,0,9,6,23,0
3806,293,136,0,1,0,0,0,0,1,0,0,0,0,0,1,0,0,9,1,16,0
2128,190,56,1,0,0,0,0,0,0,0,1,0,1,0,0,0,0,17,13,26,0
4526,658,105,0,1,0,0,0,0,0,0,1,1,0,0,0,0,0,11,16,27,0
9344,901,69,1,0,0,0,0,0,1,0,0,1,0,0,0,0,0,19,4,0,0
4787,70,77,0,0,1,0,1,0,0,0,0,0,0,0,0,0,1,16,4,20,0
1241,567,74,0,0,1,0,0,0,0,1,0,0,0,0,1,0,0,23,24,20,0
341,779,132,0,0,1,0,0,0,0,0,1,1,0,0,0,0,0,14,19,1,0
7600,361,36,0,0,0,1,0,1,0,0,0,0,0,0,0,1,0,17,0,21,0
790,342,145,0,1,0,0,0,0,1,0,0,0,1,0,0,0,0,12,12,24,0
4873,479,1,1,0,0,0,0,0,0,1,0,0,0,0,0,0,1,9,13,17,0
4928,656,92,0,0,0,1,0,0,1,0,0,0,0,0,0,0,1,9,21,26,0
4265,966,1,0,0,1,0,0,0,0,0,1,1,0,0,0,0,0,23,0,15,0
3147,439,148,0,0,0,1,0,0,0,0,1,0,0,0,0,0,1,13,27,9,0
6582,132,144,0,1,0,0,1,0,0,0,0,0,0,0,1,0,0,18,17,24,0
436,142,137,0,0,1,0,1,0,0,0,0,0,0,0,0,1,0,7,25,7,0
5840,729,34,0,0,0,1,0,0,1,0,0,1,0,0,0,0,0,10,4,13,0
9785,350,1208,0,0,1,0,0,0,0,1,0,0,0,0,1,0,0,4,84,82,1
9793,298,3238,0,0,1,0,0,0,0,0,1,0,0,0,0,0,1,4,91,79,1
1234,955,83,0,0,0,1,1,0,0,0,0,1,0,0,0,0,0,14,23,15,0
4062,374,136,1,0,0,0,0,0,1,0,0,0,0,0,1,0,0,20,27,26,0
847,728,20,1,0,0,0,0,1,0,0,0,0,0,0,0,1,0,23,25,26,0
294,775,41,0,0,1,0,1,0,0,0,0,0,0,0,0,0,1,21,7,23,0
4911,892,140,1,0,0,0,0,0,0,1,0,0,0,0,0,0,1,20,14,1,0
4307,389,117,0,0,0,1,0,1,0,0,0,0,0,0,0,1,0,8,9,22,0
2355,354,115,0,0,1,0,0,1,0,0,0,0,0,0,0,0,1,9,13,14,0
3153,147,48,1,0,0,0,0,0,1,0,0,0,0,0,0,1,0,6,12,14,0
6456,742,109,0,0,0,1,0,0,1,0,0,0,0,0,1,0,0,13,27,19,0
633,600,15,0,1,0,0,0,0,0,1,0,0,1,0,0,0,0,15,22,27,0
8209,104,67,1,0,0,0,0,0,0,0,1,0,1,0,0,0,0,19,2,24,0
8635,840,105,1,0,0,0,1,0,0,0,0,0,0,0,0,0,1,14,19,4,0
4123,517,84,0,0,0,1,0,1,0,0,0,1,0,0,0,0,0,13,23,29,0
2576,238,96,1,0,0,0,0,1,0,0,0,0,0,0,0,0,1,6,6,21,0
9385,138,122,0,0,1,0,0,0,0,0,1,0,1,0,0,0,0,7,25,1,0
2797,374,94,1,0,0,0,1,0,0,0,0,1,0,0,0,0,0,21,16,6,0
3679,207,86,0,0,0,1,0,1,0,0,0,1,0,0,0,0,0,7,24,25,0
9866,269,22,0,0,1,0,0,0,1,0,0,1,0,0,0,0,0,12,81,96,1
471,699,88,1,0,0,0,1,0,0,0,0,0,1,0,0,0,0,15,1,2,0
5432,443,14,0,1,0,0,0,1,0,0,0,0,0,0,0,1,0,23,1,1,0
4450,125,73,1,0,0,0,0,1,0,0,0,0,0,0,0,0,1,6,23,13,0
6479,329,103,0,1,0,0,0,0,0,0,1,0,0,0,1,0,0,15,9,20,0
9095,946,28,0,1,0,0,0,1,0,0,0,1,0,0,0,0,0,7,26,29,0
7023,796,168,1,0,0,0,0,0,0,1,0,0,0,0,1,0,0,13,5,16,0
8256,588,234,0,1,0,0,0,0,1,0,0,0,0,0,1,0,0,8,29,28,0
9402,912,128,0,0,0,1,0,0,0,1,0,0,0,0,0,0,1,7,7,14,0
5931,180,143,0,1,0,0,1,0,0,0,0,0,0,0,0,0,1,16,2,25,0
9029,838,93,1,0,0,0,1,0,0,0,0,0,0,0,0,1,0,11,16,2,0
77,122,178,1,0,0,0,0,0,1,0,0,0,0,0,0,0,1,23,24,0,0
4438,981,86,0,0,1,0,0,0,0,0,1,0,0,0,0,0,1,6,15,28,0
4315,527,128,0,0,0,1,0,0,0,1,0,0,0,0,0,1,0,21,3,28,0
4630,573,101,0,1,0,0,0,0,0,1,0,0,0,0,0,0,1,17,19,5,0
2095,760,138,1,0,0,0,0,0,0,1,0,0,0,0,0,0,1,9,26,27,0
3,682,112,0,1,0,0,0,0,1,0,0,0,0,0,1,0,0,12,7,19,0
1981,484,90,0,0,0,1,0,1,0,0,0,0,0,0,1,0,0,6,20,24,0
7771,943,75,0,0,1,0,1,0,0,0,0,1,0,0,0,0,0,11,8,9,0
2943,914,168,0,0,0,1,0,0,0,1,0,1,0,0,0,0,0,10,2,21,0
765,356,1,1,0,0,0,0,0,0,1,0,0,0,0,0,0,1,6,6,23,0
3770,556,63,0,0,1,0,0,0,0,1,0,0,1,0,0,0,0,12,24,21,0
7303,40,195,0,0,1,0,1,0,0,0,0,0,1,0,0,0,0,22,24,14,0
8839,355,133,1,0,0,0,0,0,0,0,1,0,0,0,0,1,0,8,24,6,0
5721,485,4,0,0,1,0,0,0,0,0,1,0,1,0,0,0,0,14,10,4,0
4958,446,80,0,1,0,0,0,1,0,0,0,0,1,0,0,0,0,21,27,10,0
1955,630,28,0,0,0,1,1,0,0,0,0,0,0,0,0,0,1,22,12,16,0
1079,413,142,1,0,0,0,0,1,0,0,0,1,0,0,0,0,0,8,8,0,0
5081,308,130,0,0,0,1,1,0,0,0,0,0,0,0,1,0,0,17,0,25,0
1847,570,1,0,0,1,0,0,1,0,0,0,0,0,0,1,0,0,16,10,6,0
4084,360,62,0,1,0,0,0,0,1,0,0,0,0,0,0,0,1,14,28,2,0
2142,607,64,0,0,1,0,0,1,0,0,0,0,0,0,0,1,0,23,21,25,0
2038,237,129,0,0,0,1,1,0,0,0,0,0,0,0,0,0,1,17,12,22,0
2954,49,44,0,1,0,0,0,0,1,0,0,0,0,0,0,0,1,11,4,8,0
4718,619,163,0,1,0,0,0,1,0,0,0,0,0,0,0,1,0,8,14,13,0
1595,703,55,0,0,0,1,0,0,0,0,1,0,0,0,1,0,0,19,4,7,0
7935,160,172,0,1,0,0,0,1,0,0,0,0,0,0,0,1,0,19,4,13,0
7752,871,119,1,0,0,0,0,0,1,0,0,0,1,0,0,0,0,23,19,25,0
1547,831,99,0,0,1,0,0,0,0,1,0,1,0,0,0,0,0,11,5,12,0
8008,215,207,0,1,0,0,0,1,0,0,0,1,0,0,0,0,0,16,9,25,0
4441,950,106,0,0,0,1,1,0,0,0,0,1,0,0,0,0,0,13,26,21,0
2656,807,149,0,0,0,1,0,0,1,0,0,0,1,0,0,0,0,17,24,6,0
4461,758,174,0,1,0,0,1,0,0,0,0,0,0,0,1,0,0,7,16,22,0
2775,124,225,0,0,1,0,0,0,1,0,0,1,0,0,0,0,0,15,1,21,0
2608,387,78,1,0,0,0,0,0,0,1,0,0,1,0,0,0,0,13,29,24,0
1125,6,111,0,1,0,0,0,0,1,0,0,0,1,0,0,0,0,14,24,26,0
7212,999,89,0,0,1,0,0,0,1,0,0,1,0,0,0,0,0,23,4,25,0
9707,134,2980,0,0,0,1,1,0,0,0,0,0,0,0,0,0,1,2,89,81,1
8949,296,160,0,0,0,1,0,1,0,0,0,1,0,0,0,0,0,11,23,10,0
913,758,103,0,0,0,1,0,1,0,0,0,1,0,0,0,0,0,17,15,11,0
9354,658,84,0,0,1,0,0,1,0,0,0,0,0,0,0,0,1,13,11,20,0
7120,934,109,1,0,0,0,0,1,0,0,0,0,0,0,1,0,0,17,23,24,0
4944,131,114,0,1,0,0,0,0,1,0,0,0,1,0,0,0,0,13,2,12,0
2130,119,66,0,0,0,1,0,1,0,0,0,1,0,0,0,0,0,13,3,29,0
9767,491,123,1,0,0,0,0,0,1,0,0,0,0,1,0,0,0,20,81,84,1
8934,671,94,1,0,0,0,0,0,0,0,1,0,0,0,0,1,0,20,9,24,0
8055,800,149,0,0,0,1,0,0,0,0,1,0,0,0,0,1,0,20,19,13,0
86,379,90,0,0,0,1,1,0,0,0,0,1,0,0,0,0,0,7,5,5,0
4602,269,159,0,0,0,1,0,0,0,0,1,0,0,0,0,1,0,19,3,17,0
2330,549,58,1,0,0,0,0,0,0,0,1,1,0,0,0,0,0,22,19,2,0
4172,34,98,0,1,0,0,0,0,0,1,0,1,0,0,0,0,0,6,29,14,0
7705,22,118,0,0,0,1,0,1,0,0,0,0,0,0,1,0,0,10,5,21,0
7642,633,74,0,0,0,1,0,1,0,0,0,0,0,0,0,0,1,19,28,8,0
4721,78,106,1,0,0,0,0,0,0,1,0,0,0,0,0,0,1,16,15,21,0
1794,572,87,0,0,1,0,0,0,1,0,0,1,0,0,0,0,0,21,27,19,0
1639,715,165,0,0,1,0,0,0,0,0,1,1,0,0,0,0,0,21,13,9,0
3228,836,154,0,0,0,1,0,1,0,0,0,0,0,0,1,0,0,20,14,12,0
8799,40,102,0,1,0,0,0,0,1,0,0,0,1,0,0,0,0,15,11,24,0
9315,916,55,0,0,1,0,0,1,0,0,0,0,0,0,1,0,0,22,17,18,0
6843,696,163,0,0,0,1,0,1,0,0,0,0,0,0,0,1,0,17,1,3,0
4702,100,18,0,0,0,1,0,0,0,1,0,0,0,0,0,1,0,16,26,21,0
1008,590,184,1,0,0,0,0,0,1,0,0,1,0,0,0,0,0,18,21,0,0
3941,914,139,0,0,1,0,0,0,0,0,1,0,0,0,1,0,0,12,2,20,0
1833,188,55,0,1,0,0,0,0,0,1,0,0,0,0,0,0,1,23,14,14,0
2948,334,180,0,1,0,0,0,0,0,1,0,1,0,0,0,0,0,12,26,8,0
307,64,38,1,0,0,0,0,0,1,0,0,0,0,0,0,0,1,15,23,3,0
8958,350,83,0,1,0,0,0,0,0,0,1,0,1,0,0,0,0,12,25,14,0
5334,560,85,0,0,1,0,0,0,0,1,0,0,0,0,1,0,0,10,22,0,0
3573,928,74,0,0,1,0,0,0,0,0,1,0,0,0,1,0,0,12,28,3,0
2522,437,136,0,0,1,0,0,0,0,1,0,0,0,0,0,1,0,20,8,5,0
6112,424,88,0,0,1,0,1,0,0,0,0,0,0,0,0,0,1,14,17,25,0
337,386,82,0,0,0,1,0,1,0,0,0,0,1,0,0,0,0,12,10,14,0
7535,283,111,1,0,0,0,0,0,0,0,1,0,1,0,0,0,0,13,21,22,0
4621,681,23,0,0,0,1,0,0,1,0,0,0,0,0,0,0,1,17,22,11,0
8844,651,93,0,0,1,0,0,1,0,0,0,0,0,0,0,1,0,17,12,25,0
8217,645,107,1,0,0,0,0,0,1,0,0,0,1,0,0,0,0,19,20,11,0
5997,670,88,1,0,0,0,0,1,0,0,0,0,1,0,0,0,0,10,6,16,0
2949,440,80,0,0,0,1,0,0,0,1,0,0,0,0,1,0,0,7,14,1,0
1737,26,74,0,1,0,0,1,0,0,0,0,1,0,0,0,0,0,15,5,17,0
3318,779,84,0,1,0,0,0,0,1,0,0,0,0,0,1,0,0,21,7,5,0
1843,939,105,0,0,0,1,0,0,0,1,0,0,0,0,0,1,0,9,13,14,0
5879,165,61,0,0,0,1,0,1,0,0,0,0,1,0,0,0,0,15,26,10,0
4099,466,87,0,1,0,0,1,0,0,0,0,0,0,0,0,1,0,18,3,25,0
4257,78,88,1,0,0,0,0,0,0,0,1,0,0,0,0,1,0,14,14,6,0
3263,7,141,0,0,0,1,0,0,0,1,0,0,0,0,0,0,1,21,24,20,0
6115,847,86,0,1,0,0,0,0,0,1,0,0,1,0,0,0,0,6,18,16,0
6927,786,106,0,0,0,1,0,0,1,0,0,0,0,0,0,0,1,9,16,6,0
2905,617,141,0,1,0,0,0,0,0,0,1,0,0,0,0,1,0,19,1,3,0
6423,811,121,1,0,0,0,0,1,0,0,0,0,1,0,0,0,0,20,11,22,0
7150,100,167,0,0,1,0,0,0,1,0,0,0,0,0,1,0,0,23,7,0,0
325,524,157,0,0,1,0,0,1,0,0,0,0,0,0,0,1,0,11,8,2,0
3421,506,156,0,0,1,0,0,0,0,1,0,0,0,0,1,0,0,13,28,17,0
7951,386,57,1,0,0,0,0,0,0,1,0,0,0,0,0,0,1,15,24,21,0
7676,220,117,1,0,0,0,0,1,0,0,0,0,1,0,0,0,0,18,5,23,0
7057,925,152,0,1,0,0,1,0,0,0,0,0,0,0,1,0,0,12,14,14,0
6561,168,85,0,0,1,0,0,0,0,0,1,1,0,0,0,0,0,18,8,12,0
594,73,124,1,0,0,0,0,0,0,0,1,0,1,0,0,0,0,17,3,0,0
7855,961,75,0,1,0,0,1,0,0,0,0,0,0,0,1,0,0,17,6,9,0
5086,138,151,1,0,0,0,1,0,0,0,0,1,0,0,0,0,0,17,7,8,0
1482,631,91,0,0,1,0,0,0,0,1,0,0,0,0,1,0,0,20,18,8,0
4463,272,106,0,0,1,0,0,0,1,0,0,0,0,0,1,0,0,20,29,13,0
5937,858,157,0,1,0,0,0,1,0,0,0,0,1,0,0,0,0,21,20,29,0
3834,938,172,1,0,0,0,1,0,0,0,0,1,0,0,0,0,0,21,9,15,0
2113,978,41,0,1,0,0,0,0,1,0,0,0,1,0,0,0,0,16,7,12,0
3293,51,155,0,0,0,1,0,0,1,0,0,1,0,0,0,0,0,6,19,0,0
4340,326,132,0,0,1,0,0,0,0,0,1,0,1,0,0,0,0,16,26,27,0
2556,677,70,1,0,0,0,0,0,0,1,0,0,1,0,0,0,0,6,26,6,0
9283,138,81,1,0,0,0,0,0,0,1,0,1,0,0,0,0,0,16,13,13,0
7036,501,121,1,0,0,0,0,0,0,0,1,0,0,0,0,1,0,17,2,27,0
8146,705,97,0,0,1,0,0,0,1,0,0,0,0,0,0,0,1,19,18,3,0
2384,653,35,0,0,0,1,1,0,0,0,0,0,0,0,0,1,0,15,11,17,0
531,581,141,0,0,1,0,0,0,1,0,0,1,0,0,0,0,0,9,14,20,0
606,763,1,0,1,0,0,0,0,0,0,1,0,0,0,1,0,0,18,16,11,0
5410,6,67,1,0,0,0,0,0,1,0,0,1,0,0,0,0,0,18,22,19,0
6167,325,107,0,0,1,0,1,0,0,0,0,0,0,0,1,0,0,21,13,16,0
5616,724,117,0,0,1,0,0,1,0,0,0,0,1,0,0,0,0,19,1,3,0
7325,212,21,0,0,1,0,0,0,1,0,0,0,0,0,0,0,1,17,21,5,0
8220,637,117,0,0,0,1,0,0,0,1,0,0,0,0,0,1,0,22,6,14,0
5759,991,154,0,0,0,1,0,1,0,0,0,1,0,0,0,0,0,7,2,10,0
6998,965,106,1,0,0,0,0,0,1,0,0,0,1,0,0,0,0,14,7,11,0
3530,18,98,0,1,0,0,0,1,0,0,0,0,1,0,0,0,0,21,13,23,0
1053,207,101,1,0,0,0,0,0,0,1,0,0,1,0,0,0,0,22,10,0,0
4627,552,50,1,0,0,0,0,1,0,0,0,0,0,0,0,1,0,19,19,18,0
3762,146,91,0,1,0,0,0,0,0,0,1,0,0,0,0,0,1,22,25,19,0
3553,160,122,0,1,0,0,0,1,0,0,0,0,0,0,1,0,0,11,9,6,0
7196,869,84,0,1,0,0,0,1,0,0,0,0,1,0,0,0,0,6,7,18,0
2968,588,145,0,0,1,0,0,0,0,0,1,1,0,0,0,0,0,18,22,2,0
3712,318,98,0,0,0,1,0,0,0,0,1,0,0,0,0,0,1,9,26,15,0
2285,614,70,1,0,0,0,0,0,0,0,1,0,0,0,1,0,0,17,19,7,0
745,952,111,0,0,1,0,1,0,0,0,0,0,0,0,0,1,0,23,8,12,0
7864,614,1,0,1,0,0,1,0,0,0,0,0,0,0,0,1,0,16,14,28,0
43,900,37,1,0,0,0,0,1,0,0,0,0,0,0,0,1,0,13,21,8,0
6942,927,100,1,0,0,0,1,0,0,0,0,0,0,0,1,0,0,10,11,15,0
4219,891,77,0,0,0,1,0,0,0,0,1,0,0,0,0,1,0,14,18,1,0
4066,98,97,0,0,0,1,0,0,0,1,0,0,0,0,0,1,0,10,20,29,0
8318,756,56,0,1,0,0,0,0,0,1,0,0,0,0,1,0,0,10,24,11,0
6146,872,32,0,1,0,0,0,0,1,0,0,1,0,0,0,0,0,12,18,0,0
4184,966,124,0,0,0,1,0,0,0,0,1,0,1,0,0,0,0,9,9,7,0
3194,854,65,1,0,0,0,0,0,1,0,0,0,0,0,0,0,1,11,12,17,0
8584,711,210,0,0,1,0,0,0,0,0,1,0,0,0,0,0,1,8,4,21,0
424,217,119,0,1,0,0,0,0,0,1,0,0,0,0,0,0,1,20,28,17,0
3314,210,144,0,1,0,0,1,0,0,0,0,0,0,0,1,0,0,6,20,4,0
8960,649,78,0,0,1,0,0,0,1,0,0,0,1,0,0,0,0,12,20,27,0
109,732,19,0,0,1,0,0,0,1,0,0,0,0,0,1,0,0,10,16,1,0
4480,113,37,1,0,0,0,0,0,0,0,1,0,0,0,0,1,0,22,9,24,0
4796,537,104,0,0,1,0,0,0,1,0,0,0,0,0,0,1,0,8,26,18,0
6330,58,86,0,0,0,1,0,0,1,0,0,0,0,0,0,1,0,14,27,14,0
867,312,75,0,1,0,0,0,0,1,0,0,1,0,0,0,0,0,13,23,15,0
1824,112,105,0,1,0,0,0,0,0,1,0,1,0,0,0,0,0,14,23,5,0
7064,798,70,0,1,0,0,0,0,0,1,0,0,0,0,1,0,0,19,9,27,0
8895,942,149,0,0,1,0,0,0,1,0,0,0,0,0,0,0,1,13,2,22,0
5960,146,44,1,0,0,0,0,0,0,1,0,0,0,0,1,0,0,21,14,14,0
3984,142,107,0,0,1,0,0,0,0,0,1,1,0,0,0,0,0,17,29,1,0
6014,969,41,1,0,0,0,0,0,0,1,0,0,0,0,0,0,1,8,28,5,0
8630,204,77,0,1,0,0,0,1,0,0,0,0,0,0,1,0,0,8,7,0,0
1439,204,82,1,0,0,0,0,0,0,0,1,0,0,0,1,0,0,21,7,2,0
740,535,1,1,0,0,0,0,1,0,0,0,0,0,0,0,1,0,13,8,24,0
4616,208,120,0,0,0,1,0,0,1,0,0,1,0,0,0,0,0,20,6,20,0
4920,363,96,0,0,0,1,0,0,1,0,0,0,0,0,0,1,0,16,9,10,0
6556,945,125,0,0,1,0,0,0,1,0,0,0,0,0,0,1,0,19,14,2,0
4190,297,104,0,0,0,1,0,0,0,1,0,0,0,0,1,0,0,11,28,4,0
7948,731,62,0,1,0,0,0,0,0,0,1,0,0,0,0,1,0,16,19,11,0
4125,913,50,0,1,0,0,0,0,0,1,0,0,0,0,0,0,1,19,11,3,0
6976,802,145,0,0,1,0,1,0,0,0,0,1,0,0,0,0,0,22,16,14,0
5683,67,106,0,0,1,0,0,0,0,1,0,1,0,0,0,0,0,16,16,20,0
7210,362,165,0,1,0,0,0,1,0,0,0,0,0,0,0,0,1,14,28,7,0
941,457,75,0,0,1,0,1,0,0,0,0,0,1,0,0,0,0,23,14,23,0
6431,648,98,0,0,1,0,1,0,0,0,0,0,1,0,0,0,0,15,7,0,0
4159,111,26,0,0,1,0,0,0,0,1,0,0,0,0,1,0,0,14,3,24,0
6650,520,79,0,1,0,0,0,0,0,0,1,1,0,0,0,0,0,16,2,25,0
9530,630,10,0,0,1,0,1,0,0,0,0,0,0,0,0,1,0,18,91,86,1
9017,919,99,1,0,0,0,0,1,0,0,0,0,1,0,0,0,0,15,19,2,0
4607,9,109,0,0,0,1,0,0,1,0,0,1,0,0,0,0,0,18,22,8,0
888,182,42,1,0,0,0,0,0,0,0,1,0,0,0,0,1,0,23,9,8,0
3051,655,30,1,0,0,0,0,1,0,0,0,0,0,0,0,1,0,16,17,9,0
5333,897,205,1,0,0,0,0,1,0,0,0,0,0,0,0,1,0,6,15,16,0
2474,871,200,0,0,0,1,0,0,0,1,0,0,0,0,0,1,0,16,4,7,0
5575,669,81,0,0,1,0,1,0,0,0,0,0,0,0,0,1,0,18,27,14,0
8778,794,125,0,0,1,0,0,1,0,0,0,0,1,0,0,0,0,17,14,8,0
504,445,28,1,0,0,0,0,0,0,1,0,0,0,0,0,1,0,18,17,8,0
9865,543,10,0,1,0,0,0,1,0,0,0,0,0,1,0,0,0,8,85,75,1
1552,643,62,1,0,0,0,1,0,0,0,0,1,0,0,0,0,0,19,0,28,0
6778,68,117,0,0,1,0,0,0,0,0,1,0,0,0,0,0,1,21,27,19,0
9186,481,134,0,1,0,0,0,0,0,0,1,0,0,0,1,0,0,15,14,9,0
5030,951,171,0,0,1,0,1,0,0,0,0,0,0,0,1,0,0,19,16,1,0
1716,55,18,0,1,0,0,0,0,0,1,0,1,0,0,0,0,0,8,15,0,0
1481,72,143,0,0,1,0,0,1,0,0,0,0,0,0,1,0,0,23,0,1,0
115,232,66,1,0,0,0,0,1,0,0,0,0,1,0,0,0,0,10,5,10,0
2496,236,172,0,0,0,1,0,0,0,1,0,0,0,0,0,1,0,18,17,26,0
9162,549,142,1,0,0,0,0,1,0,0,0,0,0,0,0,0,1,7,18,15,0
6694,292,94,0,0,0,1,0,0,0,1,0,1,0,0,0,0,0,23,8,25,0
5496,788,44,0,0,0,1,0,0,0,1,0,0,0,0,0,1,0,23,23,10,0
6231,298,142,0,1,0,0,0,0,0,1,0,0,0,0,1,0,0,8,8,3,0
695,699,12,1,0,0,0,1,0,0,0,0,0,1,0,0,0,0,12,4,1,0
9805,862,2869,1,0,0,0,1,0,0,0,0,0,0,0,0,1,0,21,97,96,1
4763,45,224,0,0,1,0,0,0,0,1,0,0,0,0,1,0,0,22,18,13,0
9641,737,22,0,0,0,1,0,0,0,0,1,1,0,0,0,0,0,4,97,73,1
327,101,92,0,0,0,1,0,0,1,0,0,0,1,0,0,0,0,7,20,5,0
9020,217,164,0,0,1,0,0,0,1,0,0,0,0,0,0,0,1,23,4,3,0
1649,395,54,0,1,0,0,0,0,0,0,1,0,0,0,0,0,1,14,21,12,0
3949,545,89,1,0,0,0,0,1,0,0,0,0,0,0,0,1,0,20,7,9,0
2739,387,80,0,0,1,0,0,0,1,0,0,0,1,0,0,0,0,9,7,18,0
554,153,204,0,1,0,0,0,1,0,0,0,0,1,0,0,0,0,10,21,13,0
7657,95,166,1,0,0,0,0,0,0,1,0,0,1,0,0,0,0,20,3,6,0
5952,987,108,1,0,0,0,0,0,1,0,0,0,1,0,0,0,0,12,7,3,0
8195,801,58,1,0,0,0,1,0,0,0,0,0,0,0,0,0,1,16,8,3,0
1452,268,121,0,1,0,0,0,0,0,0,1,0,1,0,0,0,0,9,5,20,0
3323,778,80,1,0,0,0,0,0,1,0,0,0,0,0,0,0,1,7,22,18,0
2447,764,72,1,0,0,0,1,0,0,0,0,0,0,0,0,0,1,21,21,3,0
4070,851,86,0,0,0,1,0,0,0,1,0,0,1,0,0,0,0,10,29,2,0
10,276,191,0,0,0,1,0,1,0,0,0,1,0,0,0,0,0,7,19,29,0
5946,558,99,0,1,0,0,0,0,0,0,1,0,0,0,1,0,0,15,17,18,0
8581,958,39,0,0,1,0,0,0,0,0,1,0,0,0,1,0,0,21,15,6,0
3914,343,124,1,0,0,0,0,0,0,1,0,1,0,0,0,0,0,8,15,10,0
899,451,82,1,0,0,0,1,0,0,0,0,0,0,0,0,0,1,7,15,6,0
6365,361,144,0,1,0,0,1,0,0,0,0,0,0,0,0,0,1,8,4,17,0
2707,349,70,0,0,0,1,0,0,1,0,0,0,1,0,0,0,0,15,4,28,0
7687,38,103,0,1,0,0,0,0,1,0,0,0,0,0,0,1,0,8,22,17,0
195,576,111,0,1,0,0,0,0,0,1,0,0,0,0,1,0,0,15,8,19,0
3431,216,50,0,1,0,0,1,0,0,0,0,0,0,0,1,0,0,16,28,0,0
5755,51,92,1,0,0,0,0,1,0,0,0,0,1,0,0,0,0,23,3,25,0
8943,599,142,1,0,0,0,0,0,0,0,1,0,0,0,1,0,0,11,13,17,0
8804,278,93,0,1,0,0,0,0,0,1,0,0,0,0,1,0,0,6,21,5,0
8145,537,112,0,0,1,0,1,0,0,0,0,0,0,0,1,0,0,10,23,23,0
6213,975,99,1,0,0,0,0,1,0,0,0,0,0,0,0,0,1,10,12,13,0
9743,219,10,0,0,1,0,0,0,0,0,1,0,0,1,0,0,0,17,79,93,1
6584,974,135,0,0,1,0,0,1,0,0,0,0,1,0,0,0,0,8,8,25,0
871,680,110,0,0,0,1,0,1,0,0,0,0,0,0,0,0,1,10,0,21,0
5160,458,120,0,0,1,0,0,0,0,0,1,1,0,0,0,0,0,21,1,22,0
1450,16,148,0,1,0,0,0,0,1,0,0,0,1,0,0,0,0,11,15,18,0
8854,404,80,0,1,0,0,0,0,1,0,0,0,0,0,1,0,0,16,23,27,0
766,824,84,0,0,0,1,0,1,0,0,0,0,0,0,0,0,1,21,9,20,0
89,187,95,0,1,0,0,0,0,1,0,0,0,1,0,0,0,0,10,25,20,0
1365,671,158,0,0,0,1,0,0,1,0,0,0,0,0,1,0,0,17,19,14,0
3631,338,118,1,0,0,0,0,1,0,0,0,1,0,0,0,0,0,9,19,24,0
1808,919,97,0,1,0,0,1,0,0,0,0,1,0,0,0,0,0,17,3,14,0
4416,430,113,0,1,0,0,0,0,0,0,1,0,0,0,1,0,0,12,27,2,0
377,735,81,0,0,1,0,0,0,0,0,1,0,0,0,1,0,0,22,4,1,0
8834,419,42,0,1,0,0,0,0,0,1,0,0,0,0,0,1,0,16,5,19,0
1701,533,132,0,0,0,1,1,0,0,0,0,0,1,0,0,0,0,8,15,22,0
9653,633,3454,1,0,0,0,0,0,0,1,0,0,0,0,0,0,1,13,98,76,1
1984,804,130,0,1,0,0,0,1,0,0,0,0,0,0,0,0,1,13,1,4,0
5776,687,46,0,0,0,1,1,0,0,0,0,1,0,0,0,0,0,10,12,24,0
2869,62,1,0,0,1,0,0,0,0,0,1,0,0,0,1,0,0,22,0,6,0
8163,923,72,0,0,1,0,1,0,0,0,0,1,0,0,0,0,0,20,2,2,0
269,454,178,0,1,0,0,0,0,1,0,0,1,0,0,0,0,0,6,10,20,0
5074,621,16,0,0,0,1,0,0,0,1,0,0,0,0,0,0,1,22,17,4,0
6304,20,148,0,0,0,1,0,0,0,0,1,0,0,0,1,0,0,19,18,11,0
8873,839,163,0,0,1,0,1,0,0,0,0,0,0,0,0,0,1,12,23,1,0
1457,6,110,0,0,0,1,0,1,0,0,0,0,1,0,0,0,0,8,15,18,0
1851,457,79,0,0,1,0,0,0,1,0,0,0,1,0,0,0,0,16,26,18,0
7772,682,111,0,0,1,0,0,0,0,0,1,0,0,0,1,0,0,14,16,23,0
8052,291,102,0,0,0,1,0,0,0,1,0,0,1,0,0,0,0,20,8,18,0
820,937,84,0,0,1,0,0,0,0,1,0,0,1,0,0,0,0,9,17,29,0
213,971,4,1,0,0,0,0,0,0,1,0,0,0,0,1,0,0,10,25,16,0
4779,199,112,0,0,1,0,0,0,0,0,1,1,0,0,0,0,0,17,23,6,0
4853,338,103,0,0,0,1,1,0,0,0,0,0,0,0,1,0,0,7,19,18,0
7641,517,101,0,0,1,0,0,0,1,0,0,0,0,0,1,0,0,9,26,21,0
4801,962,229,0,1,0,0,1,0,0,0,0,0,0,0,0,1,0,16,7,20,0
2892,179,119,0,0,1,0,0,0,0,1,0,0,0,0,1,0,0,15,2,22,0
9771,584,2182,1,0,0,0,0,0,0,1,0,0,0,1,0,0,0,0,75,90,1
6554,82,99,0,0,0,1,1,0,0,0,0,0,1,0,0,0,0,23,22,25,0
9422,236,84,0,0,0,1,0,0,1,0,0,1,0,0,0,0,0,12,25,22,0
6054,947,117,0,0,0,1,0,0,0,1,0,0,0,0,1,0,0,9,16,12,0
7338,458,104,0,0,0,1,1,0,0,0,0,0,0,0,0,1,0,6,29,22,0
4130,920,9,0,0,0,1,0,0,0,0,1,1,0,0,0,0,0,9,12,19,0
5077,583,45,1,0,0,0,0,1,0,0,0,1,0,0,0,0,0,13,29,9,0
754,862,30,0,0,0,1,0,1,0,0,0,0,0,0,0,1,0,22,5,15,0
2445,883,65,0,0,1,0,1,0,0,0,0,0,0,0,1,0,0,7,14,12,0
6247,715,107,0,1,0,0,1,0,0,0,0,0,1,0,0,0,0,6,23,21,0
1065,668,117,0,1,0,0,1,0,0,0,0,0,0,0,0,0,1,16,29,25,0
3437,168,145,1,0,0,0,0,1,0,0,0,1,0,0,0,0,0,7,0,16,0
2273,903,55,0,0,0,1,1,0,0,0,0,0,1,0,0,0,0,6,28,6,0
7685,690,96,0,0,0,1,0,1,0,0,0,1,0,0,0,0,0,7,7,21,0
6130,972,140,0,1,0,0,1,0,0,0,0,1,0,0,0,0,0,13,1,11,0
7155,967,101,0,0,0,1,1,0,0,0,0,0,0,0,0,0,1,20,14,11,0
1150,506,68,0,0,0,1,0,0,1,0,0,0,0,0,1,0,0,21,21,12,0
8881,629,145,0,0,0,1,0,0,0,0,1,0,0,0,1,0,0,23,15,6,0
4419,434,138,0,0,1,0,0,0,1,0,0,1,0,0,0,0,0,17,7,26,0
7578,108,64,0,0,1,0,0,0,0,0,1,0,0,0,1,0,0,14,4,28,0
1163,914,70,0,0,0,1,0,0,0,1,0,0,0,0,0,1,0,11,27,7,0
4985,853,68,0,1,0,0,0,0,0,0,1,0,0,0,0,0,1,15,12,7,0
8555,556,166,1,0,0,0,0,0,0,1,0,0,0,0,0,1,0,7,4,5,0
1526,731,37,0,0,0,1,0,0,0,1,0,0,0,0,1,0,0,8,20,22,0
527,522,48,0,0,1,0,0,1,0,0,0,1,0,0,0,0,0,16,14,13,0
7568,856,132,0,0,0,1,1,0,0,0,0,0,0,0,0,1,0,19,24,29,0
672,104,44,1,0,0,0,1,0,0,0,0,0,0,0,0,1,0,11,2,17,0
1853,850,24,0,0,0,1,0,0,0,0,1,0,0,0,0,0,1,14,29,6,0
6601,665,114,1,0,0,0,0,0,1,0,0,0,0,0,0,1,0,22,25,29,0
8996,298,187,0,1,0,0,0,0,1,0,0,0,0,0,0,1,0,19,8,22,0
3284,986,141,0,0,0,1,1,0,0,0,0,0,0,0,0,0,1,22,9,18,0
1131,649,86,0,1,0,0,1,0,0,0,0,0,0,0,0,1,0,9,29,1,0
8833,663,96,0,1,0,0,0,1,0,0,0,0,0,0,0,1,0,21,9,3,0
6360,73,68,0,0,1,0,0,0,0,0,1,0,0,0,0,1,0,17,23,13,0
3393,366,159,0,1,0,0,0,0,0,0,1,0,1,0,0,0,0,17,22,23,0
2306,821,90,0,0,0,1,0,1,0,0,0,0,0,0,0,1,0,10,20,2,0
5814,395,167,0,0,0,1,0,0,1,0,0,0,1,0,0,0,0,8,28,18,0
2401,834,60,1,0,0,0,0,0,1,0,0,0,0,0,0,0,1,13,6,5,0
3908,530,114,0,1,0,0,0,1,0,0,0,0,0,0,0,0,1,21,5,19,0
6689,721,87,0,0,1,0,0,1,0,0,0,0,0,0,0,1,0,18,13,0,0
8348,782,152,0,1,0,0,0,0,1,0,0,0,0,0,0,0,1,8,0,14,0
8415,131,26,0,1,0,0,0,0,0,0,1,1,0,0,0,0,0,13,8,26,0
6957,201,69,1,0,0,0,0,0,0,0,1,0,0,0,0,0,1,13,22,10,0
3882,628,173,1,0,0,0,0,0,0,0,1,0,0,0,0,1,0,17,10,19,0
1384,288,71,0,1,0,0,0,1,0,0,0,0,0,0,1,0,0,18,24,5,0
7757,786,103,0,0,0,1,0,0,0,1,0,0,0,0,0,1,0,10,21,18,0
2866,765,118,0,0,0,1,0,0,1,0,0,0,0,0,0,0,1,7,16,12,0
1361,238,44,1,0,0,0,1,0,0,0,0,0,0,0,1,0,0,11,25,0,0
5005,841,126,0,1,0,0,0,1,0,0,0,1,0,0,0,0,0,19,13,22,0
410,643,152,0,0,1,0,1,0,0,0,0,0,0,0,1,0,0,14,18,26,0
5733,415,198,1,0,0,0,0,0,1,0,0,0,0,0,0,1,0,13,18,8,0
8270,998,12,0,0,0,1,0,0,0,1,0,0,1,0,0,0,0,9,6,0,0
2443,445,119,0,1,0,0,0,0,0,0,1,0,1,0,0,0,0,22,3,26,0
7458,391,117,0,0,0,1,0,1,0,0,0,0,0,0,0,1,0,23,26,10,0
8860,305,73,0,1,0,0,0,1,0,0,0,0,0,0,0,0,1,23,2,23,0
3380,304,79,1,0,0,0,0,0,0,0,1,0,1,0,0,0,0,13,11,5,0
7958,635,182,1,0,0,0,0,0,1,0,0,0,0,0,1,0,0,16,16,20,0
6210,535,135,0,1,0,0,1,0,0,0,0,0,0,0,0,1,0,14,10,16,0
320,43,41,0,0,0,1,0,1,0,0,0,0,0,0,0,1,0,20,15,19,0
9263,156,98,1,0,0,0,1,0,0,0,0,0,1,0,0,0,0,22,13,14,0
5529,197,94,0,0,1,0,0,0,0,0,1,0,0,0,0,1,0,15,0,3,0
9001,55,165,0,1,0,0,0,1,0,0,0,0,1,0,0,0,0,21,20,22,0
5587,937,152,0,0,0,1,0,0,0,1,0,0,0,0,1,0,0,18,19,24,0
6329,909,110,1,0,0,0,0,1,0,0,0,1,0,0,0,0,0,16,9,1,0
8247,81,133,0,0,1,0,0,0,0,0,1,0,0,0,0,0,1,22,7,16,0
2171,724,166,0,0,0,1,0,0,0,0,1,0,0,0,1,0,0,7,24,7,0
2343,307,1,0,0,0,1,0,0,1,0,0,0,0,0,0,1,0,8,12,23,0
7413,234,32,0,0,1,0,0,0,1,0,0,0,0,0,1,0,0,9,6,27,0
1873,111,131,0,0,0,1,0,0,0,0,1,0,0,0,0,0,1,16,23,25,0
1942,222,49,0,0,0,1,1,0,0,0,0,0,0,0,0,1,0,7,28,11,0
3715,178,145,0,0,1,0,0,1,0,0,0,0,0,0,0,0,1,23,25,5,0
1892,833,180,0,0,1,0,0,0,0,1,0,0,0,0,0,0,1,11,11,15,0
4792,89,51,0,0,0,1,0,0,0,0,1,0,0,0,1,0,0,18,22,11,0
8202,978,148,0,0,0,1,0,0,0,1,0,0,0,0,1,0,0,9,10,10,0
839,152,52,0,1,0,0,0,0,0,1,0,0,1,0,0,0,0,14,5,28,0
1093,744,58,1,0,0,0,0,0,0,1,0,0,0,0,0,1,0,22,24,7,0
8713,812,1,0,0,1,0,0,0,1,0,0,0,0,0,0,1,0,12,22,19,0
4262,97,73,0,0,0,1,1,0,0,0,0,0,1,0,0,0,0,18,13,22,0
268,891,111,0,1,0,0,0,1,0,0,0,0,0,0,0,0,1,7,24,15,0
7495,854,2,0,0,0,1,0,0,0,1,0,0,0,0,0,1,0,20,24,17,0
8363,316,20,1,0,0,0,0,1,0,0,0,1,0,0,0,0,0,12,29,27,0
171,440,188,0,0,1,0,0,0,0,1,0,0,0,0,1,0,0,6,1,4,0
3688,464,74,0,1,0,0,0,1,0,0,0,1,0,0,0,0,0,6,22,5,0
8980,334,1,0,0,0,1,0,0,1,0,0,1,0,0,0,0,0,20,1,10,0
448,25,86,0,0,0,1,0,1,0,0,0,0,1,0,0,0,0,17,24,8,0
4287,756,44,0,0,1,0,0,0,0,0,1,0,0,0,0,0,1,12,19,3,0
5619,640,79,0,0,1,0,0,1,0,0,0,0,0,0,1,0,0,11,26,17,0
4506,703,52,0,1,0,0,0,1,0,0,0,0,0,0,0,1,0,16,13,15,0
1915,627,81,0,0,1,0,0,0,1,0,0,0,0,0,1,0,0,17,21,16,0
3361,562,146,0,0,1,0,1,0,0,0,0,0,1,0,0,0,0,10,3,4,0
8641,105,61,0,1,0,0,0,0,0,1,0,0,0,0,1,0,0,16,26,19,0
3196,767,24,0,0,0,1,0,0,0,1,0,0,1,0,0,0,0,23,27,16,0
1760,916,42,0,1,0,0,1,0,0,0,0,0,1,0,0,0,0,20,3,27,0
3400,864,77,1,0,0,0,0,1,0,0,0,0,1,0,0,0,0,16,17,21,0
3272,474,228,0,1,0,0,0,0,1,0,0,1,0,0,0,0,0,12,22,12,0
5507,386,114,1,0,0,0,1,0,0,0,0,0,1,0,0,0,0,12,25,9,0
6177,804,125,0,0,0,1,0,0,0,0,1,0,0,0,1,0,0,10,27,19,0
2170,765,98,1,0,0,0,0,0,0,0,1,0,0,0,1,0,0,11,7,19,0
6703,502,58,0,1,0,0,0,0,0,1,0,0,0,0,1,0,0,7,2,23,0
1975,357,110,1,0,0,0,0,0,0,1,0,0,0,0,0,1,0,21,5,26,0
8213,873,126,0,1,0,0,0,0,0,1,0,0,0,0,0,0,1,12,13,27,0
6176,661,57,1,0,0,0,0,0,1,0,0,0,0,0,0,1,0,20,18,3,0
1192,60,119,1,0,0,0,1,0,0,0,0,0,1,0,0,0,0,11,2,18,0
1530,684,92,1,0,0,0,0,1,0,0,0,0,1,0,0,0,0,7,4,20,0
6347,387,126,0,1,0,0,0,0,0,0,1,0,0,0,0,0,1,9,24,15,0
1432,140,115,1,0,0,0,0,0,0,1,0,1,0,0,0,0,0,21,8,6,0
8589,962,179,1,0,0,0,1,0,0,0,0,0,0,0,0,1,0,21,24,13,0
4756,354,85,0,0,1,0,0,1,0,0,0,0,0,0,0,1,0,19,16,27,0
5670,411,1,0,0,1,0,0,0,0,0,1,0,0,0,0,1,0,7,24,7,0
2244,179,61,0,0,1,0,0,0,1,0,0,0,1,0,0,0,0,20,0,0,0
7970,410,55,0,1,0,0,1,0,0,0,0,0,0,0,0,0,1,22,8,19,0
547,273,92,1,0,0,0,0,0,1,0,0,1,0,0,0,0,0,13,10,29,0
5510,226,116,0,1,0,0,1,0,0,0,0,0,0,0,0,1,0,10,9,12,0
2531,695,88,0,0,1,0,0,1,0,0,0,0,1,0,0,0,0,15,24,27,0
3664,332,168,0,0,1,0,1,0,0,0,0,0,0,0,0,0,1,7,29,0,0
3969,755,88,0,1,0,0,1,0,0,0,0,0,0,0,1,0,0,15,22,13,0
8054,798,137,0,0,1,0,0,1,0,0,0,0,1,0,0,0,0,13,4,25,0
9679,80,402,0,1,0,0,0,0,0,0,1,0,0,0,0,1,0,5,88,97,1
8902,182,103,1,0,0,0,0,1,0,0,0,0,0,0,0,0,1,10,11,11,0
4686,167,45,0,0,1,0,0,0,1,0,0,1,0,0,0,0,0,23,11,17,0
3528,663,195,0,0,1,0,0,0,0,0,1,1,0,0,0,0,0,19,11,4,0
7111,994,12,0,1,0,0,1,0,0,0,0,0,0,0,0,0,1,21,1,6,0
5817,83,161,0,0,0,1,0,0,0,1,0,0,0,0,1,0,0,18,12,22,0
9270,394,235,0,1,0,0,0,0,0,0,1,0,0,0,1,0,0,11,19,3,0
2275,666,92,0,0,0,1,0,0,0,0,1,0,0,0,0,0,1,8,14,2,0
2017,165,209,1,0,0,0,0,0,0,0,1,0,0,0,0,1,0,20,3,4,0
1363,598,81,0,0,0,1,1,0,0,0,0,1,0,0,0,0,0,17,23,10,0
221,928,107,0,0,1,0,0,1,0,0,0,0,1,0,0,0,0,22,14,20,0
4356,105,71,0,0,0,1,0,1,0,0,0,1,0,0,0,0,0,9,12,16,0
9635,939,1011,0,1,0,0,0,0,1,0,0,0,0,0,1,0,0,3,75,88,1
8679,655,18,1,0,0,0,0,0,0,0,1,0,0,0,0,1,0,8,7,18,0
9627,98,822,0,0,0,1,0,1,0,0,0,0,0,1,0,0,0,11,94,82,1
405,503,148,0,1,0,0,0,0,1,0,0,0,1,0,0,0,0,16,21,4,0
9135,408,77,0,1,0,0,0,0,1,0,0,0,0,0,0,1,0,9,7,29,0
8516,833,109,0,0,1,0,0,0,1,0,0,0,0,0,0,0,1,21,1,9,0
7314,118,155,0,1,0,0,0,0,0,1,0,0,0,0,1,0,0,14,25,10,0
8988,252,122,0,0,0,1,1,0,0,0,0,0,1,0,0,0,0,7,11,17,0
8083,603,61,0,1,0,0,1,0,0,0,0,0,0,0,1,0,0,14,8,15,0
1766,303,102,1,0,0,0,0,0,1,0,0,0,0,0,1,0,0,23,24,7,0
4467,984,114,0,0,1,0,0,0,1,0,0,0,0,0,0,0,1,14,21,1,0
3745,849,98,0,0,1,0,0,0,1,0,0,0,0,0,0,1,0,18,1,16,0
3113,77,22,0,1,0,0,0,0,1,0,0,1,0,0,0,0,0,15,2,6,0
4008,190,119,0,1,0,0,0,1,0,0,0,1,0,0,0,0,0,11,21,13,0
9097,991,161,0,0,0,1,0,1,0,0,0,0,0,0,0,1,0,7,24,11,0
1159,378,67,0,0,0,1,0,0,1,0,0,0,1,0,0,0,0,13,15,14,0
6771,725,61,0,0,1,0,0,0,1,0,0,0,1,0,0,0,0,12,7,1,0
3098,737,1,0,0,1,0,0,1,0,0,0,0,0,0,0,1,0,14,1,5,0
2426,687,86,0,1,0,0,0,1,0,0,0,1,0,0,0,0,0,7,8,0,0
375,390,20,1,0,0,0,0,0,0,0,1,0,0,0,0,1,0,12,19,21,0
8252,503,93,1,0,0,0,0,1,0,0,0,0,0,0,0,0,1,12,21,3,0
4447,533,102,0,0,1,0,1,0,0,0,0,1,0,0,0,0,0,6,1,7,0
2057,225,76,0,0,1,0,0,0,0,0,1,1,0,0,0,0,0,19,25,10,0
7854,228,1,1,0,0,0,0,0,1,0,0,0,0,0,0,0,1,22,8,24,0
5489,915,72,0,0,0,1,0,0,0,0,1,0,0,0,0,1,0,12,6,19,0
5753,599,80,0,0,0,1,0,1,0,0,0,1,0,0,0,0,0,11,29,7,0
8900,151,121,0,1,0,0,0,0,1,0,0,1,0,0,0,0,0,12,8,19,0
8802,641,169,0,0,1,0,0,1,0,0,0,1,0,0,0,0,0,17,22,20,0
7663,393,103,0,1,0,0,1,0,0,0,0,0,1,0,0,0,0,6,16,6,0
6120,158,52,0,0,1,0,1,0,0,0,0,1,0,0,0,0,0,10,23,23,0
4810,285,109,0,1,0,0,0,1,0,0,0,0,0,0,1,0,0,14,23,15,0
3215,250,65,1,0,0,0,0,0,0,0,1,0,0,0,0,0,1,8,29,14,0
8420,386,85,1,0,0,0,0,0,0,0,1,0,1,0,0,0,0,17,17,9,0
7096,842,82,0,0,0,1,0,0,0,1,0,1,0,0,0,0,0,9,27,16,0
4587,608,162,0,1,0,0,0,0,0,0,1,0,0,0,0,1,0,8,29,2,0
8535,229,40,1,0,0,0,1,0,0,0,0,0,0,0,1,0,0,8,7,29,0
3348,375,112,1,0,0,0,1,0,0,0,0,0,1,0,0,0,0,15,22,16,0
6548,922,29,0,1,0,0,0,0,1,0,0,0,0,0,0,0,1,14,19,20,0
3281,242,1,0,0,0,1,0,0,1,0,0,0,0,0,0,1,0,17,8,5,0
403,982,96,0,0,0,1,1,0,0,0,0,1,0,0,0,0,0,13,24,25,0
5011,50,110,0,0,1,0,0,1,0,0,0,0,1,0,0,0,0,9,8,20,0
1235,795,115,0,1,0,0,0,0,0,0,1,0,0,0,0,1,0,8,28,24,0
4483,819,77,0,0,0,1,0,0,1,0,0,0,0,0,0,0,1,16,26,2,0
8557,463,78,1,0,0,0,0,0,0,1,0,0,0,0,0,1,0,16,5,25,0
6490,453,59,0,0,1,0,0,0,0,0,1,0,0,0,0,1,0,22,2,24,0
6859,211,78,1,0,0,0,1,0,0,0,0,0,0,0,0,1,0,19,19,1,0
929,389,151,1,0,0,0,0,0,1,0,0,0,0,0,0,1,0,10,23,7,0
1376,449,159,1,0,0,0,0,0,0,1,0,0,0,0,0,0,1,13,18,14,0
4332,673,111,0,0,1,0,1,0,0,0,0,0,0,0,0,0,1,19,13,14,0
4511,534,46,0,0,1,0,0,0,1,0,0,0,0,0,0,0,1,6,1,7,0
3165,660,86,1,0,0,0,0,0,0,0,1,0,0,0,0,0,1,15,17,4,0
3675,427,60,0,1,0,0,1,0,0,0,0,0,0,0,1,0,0,8,1,19,0
6441,642,58,0,0,1,0,1,0,0,0,0,0,0,0,0,0,1,13,11,4,0
8904,850,159,1,0,0,0,0,0,0,1,0,0,0,0,1,0,0,21,25,3,0
751,278,74,0,1,0,0,0,1,0,0,0,1,0,0,0,0,0,14,12,0,0
3537,760,10,1,0,0,0,0,0,0,0,1,0,0,0,0,0,1,8,19,2,0
3466,188,186,0,0,1,0,0,0,0,0,1,0,1,0,0,0,0,19,5,11,0
5652,510,142,0,1,0,0,0,0,0,0,1,0,0,0,1,0,0,15,14,29,0
5208,335,118,0,1,0,0,0,0,0,1,0,0,0,0,0,1,0,13,16,28,0
4730,537,62,1,0,0,0,0,0,0,0,1,1,0,0,0,0,0,6,2,23,0
5250,100,150,0,0,0,1,1,0,0,0,0,0,1,0,0,0,0,23,17,8,0
3832,63,49,0,1,0,0,0,1,0,0,0,0,0,0,0,0,1,12,19,5,0
7545,139,57,0,1,0,0,0,0,1,0,0,0,0,0,0,0,1,6,9,9,0
7585,976,146,1,0,0,0,0,0,1,0,0,0,0,0,0,1,0,13,17,25,0
3906,224,106,1,0,0,0,0,0,0,0,1,0,0,0,1,0,0,20,20,22,0
4031,757,107,0,0,0,1,0,0,0,0,1,1,0,0,0,0,0,12,6,18,0
4541,750,127,0,0,1,0,1,0,0,0,0,0,0,0,0,0,1,10,21,19,0
3120,339,85,0,1,0,0,0,1,0,0,0,1,0,0,0,0,0,7,17,5,0
1966,97,68,0,0,0,1,1,0,0,0,0,0,0,0,1,0,0,9,24,23,0
6113,743,82,0,0,0,1,0,0,0,1,0,0,0,0,0,0,1,13,28,5,0
5459,146,120,0,1,0,0,0,1,0,0,0,0,0,0,0,0,1,10,2,25,0
6887,526,44,1,0,0,0,0,0,0,0,1,0,0,0,0,0,1,13,5,6,0
2675,170,68,0,0,0,1,0,1,0,0,0,0,0,0,1,0,0,16,27,24,0
6832,920,10,1,0,0,0,0,0,1,0,0,0,0,0,0,0,1,13,16,23,0
8788,482,133,0,0,0,1,0,0,0,0,1,1,0,0,0,0,0,14,0,11,0
5566,80,153,0,0,1,0,1,0,0,0,0,1,0,0,0,0,0,17,6,10,0
5803,347,104,1,0,0,0,0,1,0,0,0,0,1,0,0,0,0,12,29,13,0
1663,677,4,1,0,0,0,1,0,0,0,0,1,0,0,0,0,0,10,15,8,0
6851,68,16,0,0,0,1,1,0,0,0,0,0,1,0,0,0,0,17,21,16,0
7504,736,90,1,0,0,0,0,1,0,0,0,0,0,0,0,1,0,14,13,17,0
6050,256,128,0,0,0,1,0,0,1,0,0,0,0,0,1,0,0,6,12,28,0
3251,962,51,0,1,0,0,1,0,0,0,0,0,0,0,1,0,0,22,11,5,0
5328,58,113,1,0,0,0,0,1,0,0,0,0,0,0,0,1,0,22,22,20,0
603,980,16,1,0,0,0,0,0,0,0,1,1,0,0,0,0,0,18,15,0,0
2813,684,154,1,0,0,0,0,0,0,1,0,0,0,0,1,0,0,20,20,14,0
3109,922,131,1,0,0,0,0,0,0,0,1,0,0,0,0,0,1,11,10,24,0
4908,839,209,0,1,0,0,0,0,1,0,0,0,0,0,0,0,1,6,10,20,0
1338,828,71,1,0,0,0,0,0,0,0,1,0,1,0,0,0,0,18,19,22,0
1719,503,107,1,0,0,0,0,0,1,0,0,0,0,0,0,0,1,20,2,24,0
2044,445,163,1,0,0,0,0,0,1,0,0,0,0,0,0,0,1,19,9,16,0
5870,656,94,1,0,0,0,0,0,0,0,1,0,0,0,1,0,0,16,27,12,0
7778,748,42,1,0,0,0,0,0,0,0,1,0,0,0,0,0,1,22,5,6,0
6297,465,82,1,0,0,0,0,0,0,1,0,0,0,0,1,0,0,6,19,7,0
9057,479,100,0,1,0,0,0,0,1,0,0,0,0,0,0,0,1,13,14,14,0
6791,955,148,0,0,0,1,1,0,0,0,0,0,0,0,0,1,0,13,1,17,0
2138,757,175,0,1,0,0,1,0,0,0,0,0,0,0,0,0,1,7,14,15,0
2385,748,98,0,1,0,0,0,0,0,1,0,0,0,0,0,0,1,12,18,7,0
5667,467,120,0,0,0,1,0,0,1,0,0,0,1,0,0,0,0,15,12,29,0
7067,998,85,0,1,0,0,1,0,0,0,0,0,1,0,0,0,0,7,8,15,0
2601,531,69,0,1,0,0,1,0,0,0,0,0,1,0,0,0,0,21,22,22,0
4967,635,151,1,0,0,0,1,0,0,0,0,0,0,0,0,0,1,13,23,2,0
3673,112,109,0,1,0,0,0,1,0,0,0,0,0,0,0,1,0,10,3,0,0
3007,128,74,0,0,0,1,0,0,0,1,0,0,0,0,0,0,1,7,28,28,0
4635,493,155,0,0,0,1,1,0,0,0,0,0,0,0,0,0,1,17,17,10,0
1995,191,174,0,0,0,1,0,0,0,0,1,0,0,0,0,1,0,15,17,20,0
9338,430,151,0,0,1,0,0,0,0,1,0,0,1,0,0,0,0,21,28,28,0
6194,770,110,0,0,1,0,1,0,0,0,0,1,0,0,0,0,0,11,0,5,0
5147,87,111,0,1,0,0,1,0,0,0,0,0,0,0,0,1,0,14,12,5,0
1246,569,87,0,1,0,0,1,0,0,0,0,1,0,0,0,0,0,15,9,13,0
6200,959,25,0,0,1,0,0,0,0,1,0,0,1,0,0,0,0,19,24,18,0
2227,732,52,0,0,1,0,0,1,0,0,0,0,1,0,0,0,0,23,15,10,0
1118,413,78,0,1,0,0,0,0,0,0,1,1,0,0,0,0,0,6,18,4,0
1994,109,1,1,0,0,0,0,0,1,0,0,1,0,0,0,0,0,7,4,9,0
4418,297,166,1,0,0,0,0,1,0,0,0,0,1,0,0,0,0,9,9,3,0
7497,819,150,0,0,0,1,0,0,0,1,0,1,0,0,0,0,0,22,15,0,0
9067,352,53,0,1,0,0,0,0,0,0,1,1,0,0,0,0,0,13,19,7,0
2094,326,115,1,0,0,0,0,0,0,1,0,0,0,0,0,0,1,14,25,0,0
8491,837,94,0,0,0,1,1,0,0,0,0,0,1,0,0,0,0,8,2,3,0
3951,892,81,0,0,0,1,0,0,0,1,0,0,0,0,1,0,0,16,9,21,0
4731,728,142,0,0,0,1,0,0,0,1,0,1,0,0,0,0,0,9,15,8,0
3030,617,185,1,0,0,0,0,0,0,1,0,0,0,0,0,0,1,17,2,23,0
3849,858,98,0,1,0,0,0,1,0,0,0,1,0,0,0,0,0,21,21,24,0
122,786,167,0,0,0,1,0,1,0,0,0,0,0,0,0,1,0,8,14,0,0
5025,38,32,0,0,1,0,0,0,1,0,0,0,0,0,0,1,0,17,0,10,0
9936,940,2378,0,1,0,0,0,0,1,0,0,1,0,0,0,0,0,11,97,78,1
6298,433,130,1,0,0,0,0,0,0,1,0,0,0,0,1,0,0,22,8,23,0
1039,81,141,1,0,0,0,0,1,0,0,0,0,0,0,0,0,1,16,11,2,0
5209,670,48,0,0,1,0,0,0,1,0,0,0,0,0,1,0,0,12,23,24,0
7779,137,119,1,0,0,0,1,0,0,0,0,0,0,0,0,0,1,14,24,3,0
7297,402,74,1,0,0,0,0,0,1,0,0,0,1,0,0,0,0,18,16,28,0
9427,340,114,0,0,1,0,0,1,0,0,0,0,0,0,0,0,1,9,16,18,0
9810,241,2758,1,0,0,0,0,0,0,0,1,1,0,0,0,0,0,11,96,86,1
7702,889,169,0,1,0,0,0,0,0,0,1,0,0,0,0,0,1,20,21,6,0
854,193,75,1,0,0,0,0,0,0,1,0,0,0,0,1,0,0,14,6,20,0
6136,987,124,1,0,0,0,0,0,0,1,0,0,0,0,0,1,0,20,15,20,0
5773,323,139,0,1,0,0,0,0,0,1,0,1,0,0,0,0,0,10,25,13,0
1999,567,115,0,0,1,0,0,0,1,0,0,0,0,0,1,0,0,10,11,13,0
6888,803,69,1,0,0,0,0,0,1,0,0,0,0,0,0,0,1,18,20,26,0
3946,871,108,0,0,1,0,0,1,0,0,0,0,0,0,0,0,1,20,2,10,0
4750,830,160,0,0,0,1,0,0,0,1,0,0,1,0,0,0,0,23,1,20,0
8325,27,133,0,0,1,0,0,0,0,1,0,0,0,0,0,0,1,21,7,12,0
8222,6,49,1,0,0,0,0,0,0,1,0,1,0,0,0,0,0,11,19,3,0
8825,822,96,0,0,1,0,0,0,1,0,0,0,0,0,0,0,1,8,6,16,0
7592,879,113,0,0,1,0,1,0,0,0,0,0,0,0,1,0,0,21,13,22,0
5957,153,159,0,1,0,0,1,0,0,0,0,0,0,0,1,0,0,22,20,15,0
9713,761,422,0,0,1,0,0,1,0,0,0,0,0,1,0,0,0,6,75,92,1
8261,855,98,0,0,0,1,0,0,0,1,0,1,0,0,0,0,0,19,5,22,0
3434,277,143,0,1,0,0,1,0,0,0,0,0,0,0,0,0,1,19,13,13,0
6357,505,168,1,0,0,0,0,0,1,0,0,0,0,0,0,0,1,14,0,17,0
4917,777,195,0,1,0,0,0,0,0,0,1,0,0,0,0,1,0,17,8,22,0
5576,203,40,1,0,0,0,0,0,1,0,0,0,0,0,0,0,1,9,9,22,0
9815,663,1552,0,0,0,1,0,0,1,0,0,0,0,1,0,0,0,2,71,92,1
313,524,141,0,1,0,0,1,0,0,0,0,0,0,0,1,0,0,19,8,12,0
6215,15,80,0,0,1,0,0,0,1,0,0,0,0,0,0,1,0,10,0,12,0
2713,3,142,0,0,0,1,0,1,0,0,0,0,0,0,0,0,1,15,4,9,0
5519,979,88,1,0,0,0,0,0,0,0,1,1,0,0,0,0,0,13,21,16,0
1544,2,86,0,0,0,1,0,0,0,0,1,0,0,0,0,1,0,19,15,12,0
3202,244,89,0,1,0,0,0,0,1,0,0,0,0,0,1,0,0,22,0,16,0
1858,192,23,0,0,0,1,0,0,0,1,0,1,0,0,0,0,0,11,10,23,0
4894,292,140,1,0,0,0,1,0,0,0,0,0,1,0,0,0,0,15,17,27,0
7715,417,139,0,0,0,1,0,0,0,1,0,0,0,0,0,1,0,8,1,6,0
3506,65,109,0,1,0,0,0,0,1,0,0,0,1,0,0,0,0,15,25,23,0
1371,44,60,0,0,1,0,0,0,1,0,0,1,0,0,0,0,0,7,21,7,0
6070,357,72,1,0,0,0,1,0,0,0,0,0,1,0,0,0,0,14,23,15,0
149,29,89,0,0,1,0,0,0,0,1,0,0,1,0,0,0,0,12,27,5,0
8801,921,34,0,0,0,1,0,0,0,0,1,0,0,0,0,1,0,8,4,10,0
4252,752,124,0,0,1,0,0,0,1,0,0,1,0,0,0,0,0,13,3,9,0
2399,9,144,0,0,0,1,0,1,0,0,0,0,0,0,1,0,0,15,23,16,0
1763,970,124,1,0,0,0,0,0,0,0,1,1,0,0,0,0,0,13,16,18,0
3330,426,75,0,0,0,1,1,0,0,0,0,1,0,0,0,0,0,11,19,14,0
2624,336,202,1,0,0,0,1,0,0,0,0,0,0,0,0,0,1,8,18,11,0
8050,454,111,1,0,0,0,0,1,0,0,0,1,0,0,0,0,0,15,13,6,0
9917,361,4946,0,0,1,0,0,0,0,1,0,0,0,0,0,1,0,4,81,92,1
4719,264,33,1,0,0,0,1,0,0,0,0,0,0,0,1,0,0,12,29,28,0
6701,355,209,0,0,1,0,0,0,0,1,0,0,1,0,0,0,0,21,12,10,0
2118,606,104,0,0,0,1,0,0,1,0,0,0,0,0,0,0,1,11,2,22,0
2428,367,18,0,0,1,0,0,1,0,0,0,1,0,0,0,0,0,13,5,4,0
7090,817,1,0,1,0,0,0,1,0,0,0,0,0,0,0,0,1,19,19,27,0
1550,950,79,1,0,0,0,0,0,1,0,0,1,0,0,0,0,0,11,3,6,0
4693,924,210,0,0,1,0,0,1,0,0,0,1,0,0,0,0,0,14,1,3,0
6217,976,151,0,1,0,0,0,0,1,0,0,1,0,0,0,0,0,6,0,24,0
5887,860,93,0,0,0,1,0,1,0,0,0,1,0,0,0,0,0,19,9,11,0
5744,687,106,0,1,0,0,0,1,0,0,0,1,0,0,0,0,0,8,9,12,0
7660,755,56,0,0,0,1,0,0,0,1,0,1,0,0,0,0,0,13,5,1,0
9348,256,187,1,0,0,0,0,0,0,0,1,0,1,0,0,0,0,10,0,11,0
2636,316,18,0,0,0,1,0,0,1,0,0,0,1,0,0,0,0,20,17,0,0
6331,864,187,0,0,0,1,0,0,0,1,0,0,1,0,0,0,0,16,8,4,0
3778,725,15,0,1,0,0,0,1,0,0,0,0,0,0,0,0,1,15,6,19,0
3018,720,148,0,0,0,1,1,0,0,0,0,0,0,0,0,1,0,22,4,1,0
9862,958,10,1,0,0,0,1,0,0,0,0,0,0,1,0,0,0,15,79,81,1
8829,299,170,0,0,1,0,0,0,0,1,0,0,1,0,0,0,0,23,27,14,0
676,400,36,1,0,0,0,0,1,0,0,0,0,0,0,0,0,1,19,29,13,0
7686,333,140,0,0,1,0,1,0,0,0,0,0,0,0,0,0,1,16,23,12,0
9358,1,48,1,0,0,0,0,1,0,0,0,0,0,0,0,1,0,16,9,13,0
4632,283,109,0,0,1,0,0,0,0,1,0,0,0,0,1,0,0,6,27,9,0
795,868,92,1,0,0,0,1,0,0,0,0,0,1,0,0,0,0,14,22,16,0
9486,912,132,0,1,0,0,0,0,1,0,0,1,0,0,0,0,0,17,2,17,0
2720,782,119,0,0,0,1,0,0,0,1,0,0,0,0,0,0,1,15,13,12,0
3788,955,8,0,0,0,1,0,0,0,0,1,0,0,0,0,0,1,17,13,7,0
7403,950,15,1,0,0,0,0,0,0,1,0,0,1,0,0,0,0,18,18,16,0
7460,968,111,0,1,0,0,0,0,0,1,0,0,0,0,0,1,0,20,4,24,0
8095,599,118,0,0,0,1,0,1,0,0,0,0,0,0,0,1,0,19,10,5,0
6225,778,91,1,0,0,0,1,0,0,0,0,0,0,0,0,1,0,8,26,16,0
2532,494,103,0,1,0,0,0,0,0,0,1,0,1,0,0,0,0,15,24,25,0
1252,419,90,1,0,0,0,0,1,0,0,0,0,1,0,0,0,0,13,13,3,0
819,798,106,0,0,1,0,0,0,1,0,0,0,0,0,0,1,0,13,12,27,0
7520,232,142,1,0,0,0,1,0,0,0,0,0,0,0,0,0,1,17,14,28,0
6769,247,103,0,0,1,0,1,0,0,0,0,0,0,0,0,0,1,21,23,8,0
5593,797,1,0,0,0,1,0,0,0,0,1,1,0,0,0,0,0,12,18,17,0
3073,245,51,0,1,0,0,0,0,0,0,1,0,1,0,0,0,0,19,29,3,0
1484,832,184,0,0,0,1,0,0,0,0,1,0,0,0,0,0,1,12,27,29,0
3829,645,94,1,0,0,0,1,0,0,0,0,1,0,0,0,0,0,14,6,28,0
9325,460,108,0,0,0,1,0,1,0,0,0,0,1,0,0,0,0,7,25,4,0
5565,966,16,0,0,1,0,0,1,0,0,0,0,1,0,0,0,0,12,6,7,0
2376,136,204,0,1,0,0,0,1,0,0,0,0,1,0,0,0,0,14,29,29,0
7891,9,94,0,0,1,0,0,0,1,0,0,0,0,0,0,0,1,16,22,3,0
1225,489,116,0,0,0,1,0,0,1,0,0,0,0,0,1,0,0,22,18,8,0
964,209,52,0,1,0,0,1,0,0,0,0,0,0,0,1,0,0,12,5,7,0
9499,617,108,0,1,0,0,0,0,0,1,0,0,1,0,0,0,0,20,9,1,0
7973,845,36,1,0,0,0,1,0,0,0,0,0,0,0,0,0,1,22,5,14,0
6116,613,151,0,0,1,0,0,1,0,0,0,0,0,0,0,1,0,20,12,26,0
2335,579,139,0,0,1,0,0,1,0,0,0,1,0,0,0,0,0,8,9,10,0
3536,541,126,0,0,0,1,0,0,0,1,0,0,0,0,0,0,1,6,14,21,0
1272,572,124,1,0,0,0,0,0,0,1,0,0,0,0,0,0,1,13,0,7,0
2528,734,170,0,0,1,0,0,0,0,1,0,0,0,0,0,0,1,21,8,23,0
483,819,72,0,1,0,0,0,0,1,0,0,1,0,0,0,0,0,6,0,17,0
1686,479,101,0,1,0,0,0,0,1,0,0,0,1,0,0,0,0,7,24,25,0
4196,164,49,0,1,0,0,0,1,0,0,0,0,0,0,0,0,1,16,21,14,0
926,452,114,0,0,1,0,0,0,0,1,0,0,1,0,0,0,0,16,18,7,0
7596,751,118,1,0,0,0,0,0,0,0,1,0,0,0,0,1,0,21,29,21,0
9730,926,4694,1,0,0,0,1,0,0,0,0,0,0,0,1,0,0,10,74,73,1
7043,877,59,0,0,1,0,1,0,0,0,0,0,0,0,0,0,1,20,19,2,0
5659,546,209,0,1,0,0,0,0,0,1,0,0,0,0,0,1,0,16,21,8,0
5835,172,145,0,0,1,0,1,0,0,0,0,1,0,0,0,0,0,19,24,12,0
4517,846,26,0,0,1,0,0,0,0,1,0,0,0,0,0,1,0,18,14,28,0
4949,11,45,0,0,1,0,0,1,0,0,0,0,0,0,0,0,1,9,7,28,0
5395,36,124,0,1,0,0,0,0,0,1,0,0,0,0,0,0,1,7,22,24,0
9543,943,1615,0,0,1,0,0,0,1,0,0,1,0,0,0,0,0,8,98,70,1
1612,788,131,1,0,0,0,0,0,1,0,0,1,0,0,0,0,0,20,3,7,0
2995,315,106,0,0,1,0,1,0,0,0,0,0,0,0,1,0,0,14,14,25,0
6434,288,102,1,0,0,0,0,1,0,0,0,1,0,0,0,0,0,21,21,20,0
9801,40,650,0,0,0,1,0,1,0,0,0,0,1,0,0,0,0,4,78,75,1
4046,734,97,0,0,0,1,0,1,0,0,0,0,0,0,0,0,1,15,26,10,0
6818,632,93,0,0,1,0,0,0,0,1,0,0,0,0,0,0,1,14,2,5,0
7912,921,55,0,0,0,1,1,0,0,0,0,0,0,0,1,0,0,11,28,25,0
5385,948,110,0,0,0,1,0,0,0,0,1,0,0,0,0,1,0,9,5,4,0
9987,769,4524,0,0,1,0,0,1,0,0,0,0,0,0,0,1,0,9,79,99,1
2996,983,188,0,1,0,0,0,0,0,1,0,0,1,0,0,0,0,7,10,10,0
1456,450,104,0,0,0,1,0,0,1,0,0,0,0,0,0,0,1,13,28,2,0
2221,912,34,0,1,0,0,1,0,0,0,0,0,0,0,1,0,0,23,17,19,0
4027,72,101,0,0,1,0,0,0,0,1,0,1,0,0,0,0,0,20,23,8,0
5188,956,62,0,1,0,0,0,0,0,1,0,0,0,0,0,1,0,7,22,27,0
9726,538,2227,0,0,1,0,0,1,0,0,0,0,0,0,0,0,1,13,72,77,1
9561,788,1557,0,0,1,0,0,0,0,1,0,0,1,0,0,0,0,12,87,91,1
8591,853,130,0,0,0,1,0,0,0,1,0,1,0,0,0,0,0,7,6,1,0
3274,203,141,0,0,1,0,0,0,0,1,0,0,0,0,1,0,0,20,12,8,0
4948,641,121,0,1,0,0,0,0,0,0,1,1,0,0,0,0,0,13,21,27,0
5388,150,139,0,0,1,0,0,0,0,0,1,0,0,0,0,1,0,16,24,10,0
7422,347,78,0,0,1,0,0,1,0,0,0,0,0,0,1,0,0,13,26,0,0
2053,438,249,0,0,0,1,0,0,0,1,0,1,0,0,0,0,0,19,24,13,0
994,18,17,0,0,0,1,1,0,0,0,0,0,0,0,0,1,0,21,2,24,0
3369,268,107,0,1,0,0,0,0,0,0,1,1,0,0,0,0,0,17,22,11,0
3771,427,92,1,0,0,0,0,0,1,0,0,0,1,0,0,0,0,23,18,22,0
5010,656,113,0,1,0,0,0,0,1,0,0,0,0,0,0,0,1,22,7,3,0
4437,82,57,0,0,1,0,0,0,0,1,0,0,0,0,0,1,0,23,26,29,0
8405,541,110,0,0,1,0,0,1,0,0,0,1,0,0,0,0,0,7,17,19,0
2150,205,52,0,1,0,0,0,0,0,1,0,0,1,0,0,0,0,11,19,22,0
295,262,117,1,0,0,0,0,1,0,0,0,0,1,0,0,0,0,14,29,14,0
852,894,105,0,0,0,1,0,0,1,0,0,1,0,0,0,0,0,17,20,1,0
2206,110,98,0,0,1,0,0,0,0,1,0,0,1,0,0,0,0,8,3,5,0
942,88,75,0,0,0,1,0,0,1,0,0,0,0,0,0,0,1,16,3,13,0
4590,662,188,0,0,0,1,0,0,0,0,1,0,0,0,1,0,0,18,22,27,0
3403,333,99,0,1,0,0,0,0,0,0,1,0,0,0,0,1,0,17,16,9,0
3964,541,137,0,0,0,1,0,0,0,0,1,0,0,0,0,1,0,22,4,28,0
8423,214,137,0,0,0,1,0,1,0,0,0,0,0,0,1,0,0,10,1,8,0
5521,683,150,0,0,0,1,0,1,0,0,0,0,1,0,0,0,0,12,17,9,0
1928,154,82,0,1,0,0,0,0,0,1,0,0,1,0,0,0,0,21,6,16,0
7736,702,37,0,0,1,0,0,0,0,1,0,1,0,0,0,0,0,23,5,27,0
1514,559,157,0,0,0,1,1,0,0,0,0,0,0,0,0,0,1,9,28,17,0
1822,899,75,1,0,0,0,1,0,0,0,0,0,0,0,0,0,1,15,26,17,0
9183,761,35,1,0,0,0,0,0,0,0,1,0,0,0,0,1,0,17,25,17,0
6909,540,81,0,1,0,0,0,0,0,0,1,0,0,0,0,0,1,7,17,16,0
2862,999,83,0,1,0,0,0,1,0,0,0,1,0,0,0,0,0,10,2,28,0
696,198,90,0,1,0,0,1,0,0,0,0,1,0,0,0,0,0,21,0,20,0
7886,126,85,1,0,0,0,0,0,1,0,0,0,0,0,1,0,0,6,27,9,0
2084,81,122,0,0,0,1,0,0,1,0,0,1,0,0,0,0,0,17,7,14,0
4102,143,168,0,0,0,1,1,0,0,0,0,0,0,0,0,0,1,11,17,14,0
5007,445,34,0,0,0,1,0,0,1,0,0,0,0,0,1,0,0,8,13,17,0
9039,233,99,0,0,1,0,0,0,0,1,0,0,0,0,1,0,0,22,14,13,0
5080,683,153,0,1,0,0,0,1,0,0,0,0,0,0,0,0,1,13,18,27,0
8763,309,161,0,1,0,0,1,0,0,0,0,0,1,0,0,0,0,11,23,22,0
3090,423,111,0,0,0,1,0,0,1,0,0,0,1,0,0,0,0,15,4,4,0
9487,679,173,0,0,1,0,0,0,0,0,1,1,0,0,0,0,0,21,17,14,0
5788,140,125,0,0,0,1,0,0,1,0,0,0,0,0,1,0,0,6,26,8,0
7463,194,94,0,0,1,0,0,1,0,0,0,1,0,0,0,0,0,8,20,0,0
1588,479,110,1,0,0,0,0,0,0,1,0,0,0,0,1,0,0,14,11,11,0
8569,417,69,1,0,0,0,0,0,0,0,1,0,0,0,0,0,1,22,2,4,0
7133,85,42,0,0,1,0,0,0,1,0,0,1,0,0,0,0,0,8,6,15,0
3239,586,16,0,0,1,0,0,0,0,1,0,0,1,0,0,0,0,19,28,27,0
1923,44,135,0,0,0,1,0,0,1,0,0,0,0,0,0,1,0,18,15,29,0
3554,746,116,0,0,0,1,0,0,0,0,1,1,0,0,0,0,0,8,8,6,0
3953,645,162,0,0,1,0,0,0,1,0,0,0,0,0,1,0,0,18,15,16,0
6495,514,175,0,1,0,0,0,0,0,1,0,1,0,0,0,0,0,19,4,15,0
7645,115,182,0,0,1,0,1,0,0,0,0,0,0,0,0,1,0,17,11,3,0
5442,84,113,0,1,0,0,0,0,1,0,0,0,1,0,0,0,0,14,2,28,0
6079,831,7,0,0,0,1,0,0,0,1,0,0,1,0,0,0,0,16,2,1,0
5338,381,195,0,0,1,0,0,0,1,0,0,0,0,0,0,1,0,22,18,20,0
8399,916,106,1,0,0,0,0,0,1,0,0,0,1,0,0,0,0,7,10,25,0
4844,898,158,1,0,0,0,0,0,0,1,0,1,0,0,0,0,0,6,4,21,0
2893,123,172,0,1,0,0,0,1,0,0,0,0,0,0,0,1,0,13,1,2,0
154,470,61,0,0,0,1,0,1,0,0,0,0,0,0,1,0,0,6,11,0,0
7109,117,78,1,0,0,0,0,0,1,0,0,1,0,0,0,0,0,15,3,8,0
203,611,182,0,1,0,0,0,0,1,0,0,1,0,0,0,0,0,9,3,24,0
1901,967,51,0,1,0,0,0,0,1,0,0,1,0,0,0,0,0,23,24,13,0
625,437,83,0,0,1,0,1,0,0,0,0,0,1,0,0,0,0,8,23,13,0
7021,314,129,0,1,0,0,0,0,0,0,1,1,0,0,0,0,0,17,3,29,0
3495,303,196,1,0,0,0,1,0,0,0,0,0,1,0,0,0,0,10,22,2,0
5514,152,35,0,0,0,1,0,1,0,0,0,0,1,0,0,0,0,22,19,11,0
7263,461,116,1,0,0,0,0,0,1,0,0,0,0,0,0,1,0,19,23,1,0
7074,414,49,0,0,1,0,0,1,0,0,0,0,0,0,0,1,0,21,3,20,0
1714,901,111,0,0,1,0,0,0,0,1,0,0,1,0,0,0,0,7,27,12,0
8376,534,198,0,0,0,1,0,0,0,0,1,0,1,0,0,0,0,18,3,27,0
14,680,193,0,1,0,0,0,0,1,0,0,0,0,0,1,0,0,12,13,17,0
103,973,199,0,0,1,0,0,0,0,0,1,0,1,0,0,0,0,18,14,11,0
47,126,91,0,1,0,0,0,0,0,0,1,1,0,0,0,0,0,16,26,1,0
1798,682,66,0,0,0,1,0,1,0,0,0,0,0,0,0,1,0,13,12,8,0
151,259,144,0,0,0,1,1,0,0,0,0,0,0,0,1,0,0,19,6,21,0
5020,247,110,1,0,0,0,0,0,1,0,0,0,0,0,1,0,0,10,21,3,0
2812,213,36,0,0,1,0,0,0,0,1,0,0,0,0,1,0,0,6,29,16,0
6061,746,130,0,0,1,0,1,0,0,0,0,0,0,0,0,1,0,15,24,20,0
2613,12,53,0,0,0,1,1,0,0,0,0,0,0,0,0,1,0,13,22,13,0
2010,100,49,1,0,0,0,1,0,0,0,0,0,1,0,0,0,0,18,5,29,0
9883,399,2325,0,0,1,0,0,0,0,1,0,0,0,0,1,0,0,16,91,84,1
7256,935,162,0,1,0,0,0,0,0,1,0,0,0,0,0,0,1,15,9,26,0
707,83,103,0,0,0,1,0,0,0,1,0,0,1,0,0,0,0,14,12,3,0
746,432,125,0,1,0,0,0,0,0,0,1,0,0,0,0,1,0,19,0,26,0
9755,367,2364,0,0,1,0,1,0,0,0,0,0,0,1,0,0,0,4,87,72,1
8474,553,136,0,0,0,1,0,1,0,0,0,0,0,0,1,0,0,11,2,9,0
4248,927,98,0,0,0,1,0,0,0,0,1,0,0,0,0,0,1,20,21,0,0
1466,170,150,0,0,1,0,0,0,0,1,0,0,0,0,0,1,0,22,21,18,0
3433,518,35,0,0,0,1,0,0,1,0,0,0,0,0,1,0,0,11,29,7,0
9640,306,1440,1,0,0,0,0,0,0,1,0,0,0,0,0,0,1,13,96,79,1
4804,764,93,0,0,0,1,0,0,1,0,0,0,0,0,0,1,0,11,25,12,0
5484,79,87,1,0,0,0,0,1,0,0,0,0,0,0,0,0,1,13,14,23,0
7502,842,147,0,1,0,0,1,0,0,0,0,0,0,0,0,0,1,14,16,5,0
8377,495,82,0,0,0,1,0,0,0,1,0,1,0,0,0,0,0,20,5,14,0
3121,124,150,1,0,0,0,0,1,0,0,0,0,0,0,0,0,1,19,24,19,0
9769,575,22,1,0,0,0,0,1,0,0,0,1,0,0,0,0,0,9,81,94,1
3208,109,91,0,0,0,1,1,0,0,0,0,1,0,0,0,0,0,14,11,6,0
962,594,114,1,0,0,0,0,0,0,0,1,0,1,0,0,0,0,13,16,15,0
7790,310,112,0,1,0,0,0,1,0,0,0,0,0,0,1,0,0,8,5,21,0
6765,75,110,0,0,0,1,0,1,0,0,0,0,1,0,0,0,0,10,9,27,0
9747,423,11628,0,0,1,0,0,0,1,0,0,0,0,0,1,0,0,23,95,94,1
7228,205,119,0,0,0,1,0,0,0,0,1,0,0,0,0,1,0,18,14,23,0
8305,818,138,1,0,0,0,0,0,1,0,0,0,0,0,0,0,1,7,2,18,0
2535,542,75,0,0,1,0,0,0,0,1,0,0,0,0,0,1,0,17,3,17,0
9339,55,193,0,0,1,0,0,0,1,0,0,0,1,0,0,0,0,23,13,21,0
6517,615,72,0,0,0,1,0,1,0,0,0,0,0,0,0,0,1,12,10,24,0
9293,981,95,0,1,0,0,0,0,0,1,0,0,1,0,0,0,0,21,1,16,0
953,996,180,0,0,1,0,0,1,0,0,0,0,0,0,1,0,0,12,22,13,0
9233,667,86,1,0,0,0,0,1,0,0,0,0,1,0,0,0,0,13,17,1,0
8192,90,133,0,0,1,0,0,0,1,0,0,0,0,0,0,0,1,23,7,1,0
4709,156,64,0,0,0,1,1,0,0,0,0,1,0,0,0,0,0,23,20,11,0
3919,995,131,0,0,1,0,0,0,1,0,0,0,0,0,1,0,0,21,26,27,0
1837,693,173,0,1,0,0,0,0,0,0,1,0,0,0,0,0,1,20,1,14,0
7455,824,82,0,0,1,0,0,1,0,0,0,0,0,0,1,0,0,7,10,22,0
2821,843,152,1,0,0,0,0,0,0,1,0,1,0,0,0,0,0,12,21,1,0
2908,164,13,1,0,0,0,0,0,0,0,1,0,0,0,0,0,1,20,24,22,0
9752,466,10,1,0,0,0,0,0,0,1,0,0,0,0,1,0,0,17,96,70,1
5810,834,42,0,0,0,1,0,0,0,0,1,1,0,0,0,0,0,18,29,2,0
8392,319,56,0,0,1,0,0,0,0,1,0,1,0,0,0,0,0,18,25,12,0
144,877,186,0,0,1,0,1,0,0,0,0,0,1,0,0,0,0,18,18,25,0
6285,727,156,0,1,0,0,0,0,0,0,1,1,0,0,0,0,0,11,11,15,0
9768,428,1767,0,1,0,0,0,0,0,1,0,0,0,0,0,1,0,12,79,85,1
6066,677,4,0,1,0,0,0,1,0,0,0,1,0,0,0,0,0,7,2,9,0
4698,273,89,1,0,0,0,0,0,0,1,0,1,0,0,0,0,0,19,4,24,0
8177,415,82,0,0,0,1,0,0,0,1,0,1,0,0,0,0,0,19,28,10,0
6930,439,129,0,1,0,0,0,1,0,0,0,0,0,0,0,1,0,20,8,23,0
7932,950,115,0,0,1,0,1,0,0,0,0,0,0,0,0,0,1,10,26,10,0
638,979,71,1,0,0,0,0,0,0,1,0,0,0,0,0,0,1,6,22,16,0
5024,381,135,0,1,0,0,0,1,0,0,0,0,1,0,0,0,0,14,17,18,0
6327,175,55,0,1,0,0,0,0,0,1,0,0,0,0,0,0,1,7,28,0,0
914,899,30,0,1,0,0,0,0,0,1,0,0,1,0,0,0,0,11,4,21,0
18,285,115,0,0,1,0,0,0,0,1,0,0,0,0,1,0,0,9,25,12,0
734,39,160,1,0,0,0,0,0,0,1,0,0,0,0,1,0,0,17,7,29,0
5202,143,122,1,0,0,0,0,0,0,1,0,0,1,0,0,0,0,9,7,5,0
4129,125,57,0,0,0,1,0,0,0,1,0,0,1,0,0,0,0,9,0,14,0
6673,614,61,0,0,0,1,1,0,0,0,0,0,0,0,0,0,1,23,26,15,0
6286,618,142,0,0,0,1,0,0,1,0,0,0,0,0,0,0,1,6,22,25,0
6278,825,29,0,0,1,0,0,0,1,0,0,0,0,0,0,0,1,18,12,12,0
2561,686,101,0,0,1,0,0,0,1,0,0,0,1,0,0,0,0,15,19,13,0
642,674,83,0,0,1,0,0,0,0,0,1,0,0,0,0,1,0,11,27,17,0
2237,566,55,0,0,0,1,0,1,0,0,0,0,0,0,0,0,1,18,0,28,0
6527,254,10,0,0,0,1,0,0,0,1,0,1,0,0,0,0,0,16,29,26,0
6866,876,190,0,0,1,0,0,0,0,1,0,0,1,0,0,0,0,8,19,10,0
4325,264,143,0,0,0,1,0,0,0,1,0,0,0,0,0,1,0,8,0,27,0
9851,430,982,0,0,0,1,0,0,0,1,0,0,0,1,0,0,0,18,78,82,1
5570,428,177,0,0,1,0,1,0,0,0,0,0,0,0,0,0,1,20,12,22,0
6403,428,44,0,1,0,0,0,0,0,1,0,1,0,0,0,0,0,14,20,0,0
8710,717,56,0,0,1,0,1,0,0,0,0,0,1,0,0,0,0,9,10,14,0
9455,879,43,0,1,0,0,1,0,0,0,0,0,0,0,0,1,0,6,21,5,0
1532,833,104,0,0,0,1,0,0,0,0,1,0,0,0,1,0,0,23,26,7,0
5130,254,109,0,0,1,0,0,0,0,0,1,0,1,0,0,0,0,8,20,18,0
5396,332,66,1,0,0,0,0,0,0,0,1,1,0,0,0,0,0,17,11,14,0
5028,442,141,0,0,0,1,0,1,0,0,0,0,0,0,1,0,0,10,17,26,0
2934,220,116,1,0,0,0,0,0,1,0,0,0,1,0,0,0,0,10,9,8,0
4774,265,120,1,0,0,0,0,0,0,0,1,0,0,0,0,1,0,15,23,15,0
6862,497,113,0,1,0,0,0,0,0,1,0,0,0,0,0,1,0,19,6,0,0
2454,24,108,1,0,0,0,0,1,0,0,0,1,0,0,0,0,0,8,26,17,0
1265,697,133,1,0,0,0,0,0,0,0,1,1,0,0,0,0,0,14,10,2,0
1943,630,104,0,1,0,0,0,1,0,0,0,1,0,0,0,0,0,20,28,16,0
5503,383,88,0,0,0,1,0,1,0,0,0,1,0,0,0,0,0,16,7,28,0
2277,267,91,0,0,1,0,0,0,0,1,0,0,0,0,0,0,1,12,11,0,0
3740,268,90,0,1,0,0,1,0,0,0,0,0,0,0,0,1,0,8,5,28,0
4622,818,19,0,0,1,0,0,0,0,1,0,0,0,0,0,0,1,18,0,8,0
330,981,81,0,0,0,1,0,1,0,0,0,0,0,0,0,1,0,7,1,2,0
2126,186,125,0,0,0,1,0,1,0,0,0,0,0,0,0,0,1,21,1,18,0
8921,92,162,0,0,1,0,0,0,0,1,0,0,1,0,0,0,0,6,12,6,0
1083,834,110,1,0,0,0,0,0,1,0,0,0,1,0,0,0,0,20,26,4,0
3275,211,126,0,0,0,1,0,0,1,0,0,0,0,0,1,0,0,19,26,11,0
5405,467,63,0,0,1,0,0,0,0,1,0,0,0,0,1,0,0,21,1,5,0
8369,512,166,0,0,0,1,0,1,0,0,0,0,0,0,0,1,0,6,2,16,0
4759,867,44,1,0,0,0,0,0,1,0,0,0,0,0,0,0,1,9,5,10,0
1054,513,61,0,1,0,0,0,0,0,0,1,0,0,0,0,0,1,11,19,25,0
9511,532,10,0,0,1,0,0,0,1,0,0,0,0,0,0,1,0,6,77,73,1
1030,16,18,0,0,0,1,0,0,1,0,0,0,0,0,0,0,1,20,8,4,0
1968,70,155,0,0,1,0,0,0,1,0,0,0,1,0,0,0,0,15,3,13,0
7367,235,138,1,0,0,0,0,1,0,0,0,0,0,0,1,0,0,7,13,17,0
7270,363,61,0,0,0,1,0,0,0,1,0,1,0,0,0,0,0,18,21,4,0
2899,227,14,0,0,0,1,0,0,0,0,1,1,0,0,0,0,0,6,16,22,0
5823,692,142,1,0,0,0,0,0,1,0,0,0,1,0,0,0,0,20,13,10,0
3009,886,1,1,0,0,0,1,0,0,0,0,1,0,0,0,0,0,14,29,0,0
7322,146,91,1,0,0,0,0,0,0,0,1,0,0,0,0,0,1,14,29,19,0
8194,533,74,0,0,1,0,0,0,1,0,0,0,0,0,0,0,1,15,16,21,0
8707,603,36,0,0,0,1,0,0,0,1,0,0,1,0,0,0,0,9,21,1,0
443,89,107,1,0,0,0,0,1,0,0,0,1,0,0,0,0,0,6,6,6,0
7188,343,104,0,0,1,0,0,0,0,0,1,1,0,0,0,0,0,22,16,28,0
9132,348,18,0,1,0,0,0,0,0,1,0,0,0,0,0,0,1,23,23,13,0
3056,595,85,0,0,0,1,0,0,0,1,0,0,1,0,0,0,0,15,5,8,0
6448,385,69,0,0,0,1,1,0,0,0,0,0,1,0,0,0,0,21,0,26,0
848,562,6,0,0,1,0,0,1,0,0,0,0,1,0,0,0,0,9,23,8,0
5687,0,1,0,1,0,0,0,1,0,0,0,1,0,0,0,0,0,8,14,16,0
2007,12,73,1,0,0,0,1,0,0,0,0,1,0,0,0,0,0,7,17,26,0
9212,341,133,0,1,0,0,1,0,0,0,0,0,0,0,0,0,1,20,26,17,0
787,168,14,0,1,0,0,0,0,0,0,1,1,0,0,0,0,0,16,11,29,0
9541,123,1598,0,1,0,0,1,0,0,0,0,0,1,0,0,0,0,23,80,84,1
3195,615,148,0,1,0,0,0,0,0,0,1,0,1,0,0,0,0,16,17,6,0
9516,260,3391,1,0,0,0,0,1,0,0,0,0,0,1,0,0,0,21,83,72,1
5152,253,135,0,1,0,0,0,1,0,0,0,0,1,0,0,0,0,12,10,1,0
1666,60,117,1,0,0,0,0,0,1,0,0,0,1,0,0,0,0,17,15,9,0
8039,192,45,0,0,0,1,0,0,0,1,0,0,0,0,0,0,1,7,11,12,0
2261,738,79,1,0,0,0,0,0,0,0,1,0,0,0,0,1,0,15,18,5,0
1730,330,37,0,0,0,1,0,0,0,0,1,1,0,0,0,0,0,21,12,10,0
7962,557,101,0,0,1,0,1,0,0,0,0,0,1,0,0,0,0,11,28,27,0
2958,854,50,0,0,1,0,0,0,1,0,0,0,0,0,1,0,0,7,13,28,0
3356,665,108,0,0,0,1,0,0,0,0,1,0,0,0,0,1,0,10,22,29,0
7739,905,152,0,0,0,1,0,0,1,0,0,0,1,0,0,0,0,6,23,5,0
3473,945,124,0,0,1,0,1,0,0,0,0,0,0,0,1,0,0,11,3,1,0
9384,847,167,0,0,1,0,0,0,0,1,0,1,0,0,0,0,0,19,0,7,0
7591,203,195,0,1,0,0,1,0,0,0,0,1,0,0,0,0,0,21,20,21,0
3996,604,79,1,0,0,0,0,1,0,0,0,0,0,0,0,1,0,8,6,4,0
6580,688,112,0,0,1,0,0,0,0,1,0,0,0,0,0,0,1,18,1,20,0
9872,13,2924,0,0,0,1,1,0,0,0,0,0,0,0,0,1,0,4,76,86,1
8486,144,148,1,0,0,0,0,0,0,0,1,0,0,0,1,0,0,17,0,17,0
9342,68,157,0,0,1,0,0,0,0,1,0,1,0,0,0,0,0,15,6,4,0
5299,681,74,1,0,0,0,0,0,1,0,0,0,0,0,0,1,0,14,15,12,0
8244,238,69,0,0,1,0,0,0,0,1,0,0,0,0,0,0,1,23,8,27,0
4555,846,199,0,1,0,0,1,0,0,0,0,0,0,0,0,1,0,22,0,20,0
4408,881,59,0,1,0,0,1,0,0,0,0,0,0,0,0,0,1,6,27,15,0
1359,456,146,0,1,0,0,0,1,0,0,0,0,0,0,0,1,0,11,29,18,0
1859,654,114,0,0,0,1,0,0,1,0,0,0,0,0,1,0,0,16,18,1,0
918,850,14,0,0,1,0,0,0,0,0,1,0,0,0,0,1,0,23,18,0,0
7016,813,83,0,1,0,0,0,1,0,0,0,0,1,0,0,0,0,10,23,11,0
2748,503,188,0,0,1,0,0,1,0,0,0,1,0,0,0,0,0,21,27,5,0
5225,693,69,0,1,0,0,0,0,1,0,0,0,0,0,0,1,0,16,21,29,0
7101,647,60,0,1,0,0,1,0,0,0,0,1,0,0,0,0,0,12,5,11,0
9796,672,3779,0,0,1,0,0,0,1,0,0,0,0,0,0,0,1,4,84,70,1
5625,957,61,1,0,0,0,1,0,0,0,0,0,0,0,1,0,0,23,17,7,0
6263,675,25,0,0,0,1,0,0,1,0,0,0,0,0,1,0,0,10,17,9,0
6522,692,123,1,0,0,0,0,0,1,0,0,0,0,0,0,0,1,17,11,4,0
4986,660,64,1,0,0,0,0,1,0,0,0,0,0,0,0,1,0,11,9,12,0
1648,177,129,0,1,0,0,0,0,0,0,1,0,0,0,0,0,1,12,7,6,0
755,253,111,0,0,0,1,0,0,0,0,1,0,0,0,0,1,0,15,11,4,0
1606,441,133,0,0,1,0,1,0,0,0,0,0,0,0,1,0,0,10,6,25,0
3024,558,64,0,0,0,1,0,0,0,1,0,0,0,0,1,0,0,7,14,16,0
7352,366,101,0,0,1,0,0,0,0,0,1,1,0,0,0,0,0,14,15,26,0
5480,218,117,0,1,0,0,1,0,0,0,0,0,0,0,1,0,0,8,6,1,0
7267,643,1,0,1,0,0,0,0,1,0,0,0,1,0,0,0,0,8,9,3,0
3149,95,98,0,0,1,0,1,0,0,0,0,1,0,0,0,0,0,14,7,12,0
7921,900,52,0,1,0,0,0,1,0,0,0,1,0,0,0,0,0,15,20,5,0
9264,760,60,1,0,0,0,0,0,0,1,0,0,0,0,0,1,0,23,12,22,0
1658,61,76,0,0,0,1,0,0,1,0,0,1,0,0,0,0,0,9,16,12,0
1090,351,40,1,0,0,0,0,0,0,1,0,0,0,0,1,0,0,14,24,19,0
972,125,136,1,0,0,0,0,0,0,1,0,0,0,0,1,0,0,14,14,10,0
3290,440,93,0,1,0,0,0,0,0,1,0,0,0,0,0,0,1,22,25,5,0
3867,244,167,0,0,0,1,0,1,0,0,0,0,0,0,1,0,0,16,0,18,0
6192,104,88,0,0,1,0,0,1,0,0,0,0,0,0,0,0,1,18,15,11,0
8280,994,98,0,0,0,1,0,0,0,1,0,0,1,0,0,0,0,7,26,9,0
1460,102,205,0,1,0,0,0,0,0,1,0,0,0,0,0,1,0,12,12,22,0
6034,969,125,0,0,1,0,1,0,0,0,0,0,0,0,1,0,0,19,2,14,0
9195,794,147,0,0,1,0,1,0,0,0,0,0,1,0,0,0,0,16,27,25,0
6345,593,78,0,0,1,0,0,1,0,0,0,0,0,0,1,0,0,23,10,18,0
9112,786,90,0,0,0,1,0,0,1,0,0,1,0,0,0,0,0,8,22,7,0
5046,24,177,1,0,0,0,0,0,1,0,0,0,0,0,1,0,0,19,16,22,0
7588,288,126,0,1,0,0,0,1,0,0,0,1,0,0,0,0,0,7,21,25,0
8858,712,107,1,0,0,0,0,1,0,0,0,0,0,0,1,0,0,6,3,4,0
8861,701,124,0,0,1,0,0,0,0,1,0,1,0,0,0,0,0,19,29,13,0
9370,915,17,0,1,0,0,0,1,0,0,0,0,0,0,1,0,0,8,24,28,0
8010,554,202,0,0,0,1,0,1,0,0,0,0,0,0,1,0,0,21,21,22,0
5558,528,129,0,0,0,1,0,0,0,1,0,1,0,0,0,0,0,23,12,19,0
5463,652,215,0,0,1,0,0,0,1,0,0,0,0,0,1,0,0,19,13,12,0
965,499,190,0,1,0,0,0,0,1,0,0,0,0,0,1,0,0,22,9,9,0
6043,25,32,0,1,0,0,1,0,0,0,0,0,1,0,0,0,0,18,10,28,0
9531,657,10,0,0,0,1,0,0,0,0,1,1,0,0,0,0,0,23,94,71,1
4081,143,117,0,0,0,1,0,0,0,0,1,0,0,0,0,1,0,21,5,9,0
5555,573,31,0,1,0,0,0,0,0,1,0,0,0,0,0,0,1,6,19,7,0
9379,292,112,0,0,0,1,0,0,0,0,1,0,0,0,0,1,0,7,25,29,0
9484,420,166,0,0,1,0,0,1,0,0,0,0,0,0,0,1,0,6,29,18,0
6617,71,197,0,1,0,0,0,0,1,0,0,0,0,0,0,1,0,21,20,10,0
5446,776,150,0,0,1,0,0,0,1,0,0,0,1,0,0,0,0,16,29,11,0
6509,449,28,0,0,0,1,0,1,0,0,0,0,1,0,0,0,0,13,5,25,0
8929,345,134,0,0,1,0,1,0,0,0,0,0,0,0,0,1,0,19,1,17,0
597,987,127,0,0,1,0,1,0,0,0,0,0,0,0,0,0,1,23,8,0,0
3237,854,98,1,0,0,0,0,0,1,0,0,1,0,0,0,0,0,9,15,17,0
8461,915,124,0,0,1,0,1,0,0,0,0,0,0,0,0,1,0,22,9,3,0
6802,870,131,0,0,0,1,0,1,0,0,0,1,0,0,0,0,0,16,27,6,0
3429,319,70,0,0,1,0,0,0,1,0,0,0,0,0,0,1,0,22,23,10,0
7394,462,161,0,0,0,1,0,1,0,0,0,0,0,0,0,0,1,23,2,8,0
4560,974,100,0,1,0,0,0,1,0,0,0,0,0,0,0,1,0,22,13,12,0
1069,986,135,0,0,0,1,1,0,0,0,0,0,0,0,0,1,0,21,12,13,0
6294,291,100,0,0,1,0,0,0,1,0,0,0,0,0,0,1,0,7,21,27,0
7681,191,84,0,0,0,1,0,0,0,0,1,0,0,0,0,1,0,15,18,20,0
3219,200,133,0,0,0,1,0,0,1,0,0,0,1,0,0,0,0,17,13,20,0
7028,231,99,1,0,0,0,0,0,0,0,1,0,0,0,0,0,1,15,9,18,0
4859,972,99,1,0,0,0,1,0,0,0,0,0,1,0,0,0,0,11,2,10,0
6336,494,114,1,0,0,0,1,0,0,0,0,0,0,0,1,0,0,17,18,1,0
860,197,107,1,0,0,0,0,1,0,0,0,0,0,0,0,0,1,22,7,24,0
8712,736,157,1,0,0,0,1,0,0,0,0,0,0,0,1,0,0,15,22,8,0
924,338,80,1,0,0,0,0,0,1,0,0,0,0,0,1,0,0,10,1,13,0
3085,159,86,0,0,1,0,0,1,0,0,0,0,0,0,0,0,1,13,17,11,0
5003,85,98,0,0,0,1,0,0,1,0,0,1,0,0,0,0,0,6,28,15,0
8526,84,103,0,0,1,0,0,1,0,0,0,1,0,0,0,0,0,16,21,20,0
4137,382,141,0,0,1,0,0,0,0,1,0,0,0,0,0,1,0,10,21,5,0
2257,693,128,0,1,0,0,0,0,0,0,1,0,0,0,0,1,0,10,18,26,0
3250,557,77,0,1,0,0,0,1,0,0,0,0,0,0,1,0,0,20,16,1,0
7139,150,84,0,0,0,1,0,0,1,0,0,0,0,0,0,1,0,17,22,19,0
7808,451,42,0,0,1,0,0,0,1,0,0,0,0,0,0,1,0,11,25,0,0
9945,283,22,0,0,0,1,0,0,0,1,0,0,0,0,0,0,1,4,90,82,1
9591,745,652,1,0,0,0,1,0,0,0,0,0,0,0,0,0,1,4,83,88,1
6230,579,72,0,0,1,0,0,0,0,0,1,0,1,0,0,0,0,12,12,25,0
45,127,148,1,0,0,0,0,0,1,0,0,0,1,0,0,0,0,7,26,21,0
8625,435,76,0,0,0,1,0,0,0,0,1,0,1,0,0,0,0,10,13,6,0
5799,588,172,0,0,1,0,1,0,0,0,0,0,0,0,0,0,1,16,25,27,0
9742,825,187,0,1,0,0,0,0,1,0,0,0,0,0,0,0,1,2,76,80,1
2054,105,185,0,0,1,0,1,0,0,0,0,1,0,0,0,0,0,20,15,19,0
5651,954,128,0,0,1,0,1,0,0,0,0,1,0,0,0,0,0,8,19,18,0
4932,882,92,1,0,0,0,0,0,1,0,0,0,0,0,0,1,0,20,14,19,0
4799,723,154,0,0,1,0,0,0,0,0,1,0,0,0,0,1,0,14,23,2,0
6072,216,114,0,0,0,1,0,0,0,1,0,0,1,0,0,0,0,16,22,21,0
6474,621,116,0,0,1,0,0,0,0,0,1,0,0,0,0,1,0,8,20,3,0
2838,490,135,0,1,0,0,1,0,0,0,0,0,1,0,0,0,0,23,8,19,0
1395,114,78,0,0,0,1,0,0,1,0,0,0,0,0,0,1,0,9,15,23,0
3803,482,90,0,1,0,0,0,0,0,0,1,1,0,0,0,0,0,12,4,0,0
9926,185,2132,0,0,0,1,0,1,0,0,0,1,0,0,0,0,0,9,90,73,1
8637,815,141,0,0,1,0,1,0,0,0,0,0,0,0,0,1,0,12,0,17,0
6725,165,125,0,1,0,0,0,0,1,0,0,0,0,0,1,0,0,18,27,22,0
3780,439,168,0,1,0,0,0,1,0,0,0,0,0,0,0,0,1,18,3,7,0
4536,799,115,0,0,0,1,1,0,0,0,0,0,0,0,1,0,0,22,10,5,0
5438,603,139,0,1,0,0,0,0,0,0,1,0,0,0,0,1,0,13,20,0,0
6995,933,42,0,0,1,0,0,0,0,0,1,0,1,0,0,0,0,11,28,14,0
2019,855,75,0,0,0,1,0,0,0,0,1,0,0,0,0,0,1,10,13,18,0
1191,202,88,1,0,0,0,0,0,0,0,1,0,0,0,1,0,0,22,21,17,0
1780,206,106,0,1,0,0,0,0,0,0,1,0,0,0,0,0,1,11,1,18,0
8722,941,76,1,0,0,0,1,0,0,0,0,1,0,0,0,0,0,17,29,11,0
8434,349,92,0,0,0,1,0,0,0,1,0,0,0,0,0,1,0,23,11,28,0
9280,532,41,0,0,1,0,0,0,0,0,1,0,1,0,0,0,0,16,5,13,0
9588,316,1228,0,0,0,1,0,1,0,0,0,0,0,0,0,0,1,17,91,90,1
4478,481,49,0,0,0,1,0,0,1,0,0,0,0,0,0,1,0,21,27,29,0
9105,185,70,0,0,0,1,0,0,0,0,1,0,1,0,0,0,0,16,19,21,0
9968,658,937,1,0,0,0,0,0,0,1,0,1,0,0,0,0,0,4,76,70,1
6841,870,6,0,0,0,1,0,0,1,0,0,0,0,0,0,0,1,7,4,1,0
7501,476,116,1,0,0,0,1,0,0,0,0,0,0,0,1,0,0,15,21,20,0
223,986,136,0,1,0,0,0,0,0,0,1,0,0,0,0,0,1,20,6,25,0
8439,715,72,0,1,0,0,0,0,0,1,0,0,0,0,1,0,0,11,26,10,0
4057,12,121,0,1,0,0,1,0,0,0,0,0,0,0,1,0,0,9,19,20,0
8708,509,113,0,1,0,0,0,0,0,1,0,0,1,0,0,0,0,16,4,28,0
7480,823,37,1,0,0,0,0,0,1,0,0,0,1,0,0,0,0,12,3,8,0
204,849,18,0,0,1,0,1,0,0,0,0,0,1,0,0,0,0,17,28,23,0
9059,162,143,0,0,1,0,0,1,0,0,0,0,0,0,0,1,0,7,2,15,0
8865,627,72,0,0,0,1,0,0,1,0,0,0,0,0,1,0,0,20,1,1,0
2564,601,141,0,0,0,1,1,0,0,0,0,0,0,0,0,1,0,11,25,16,0
6234,396,106,0,0,1,0,0,0,1,0,0,0,1,0,0,0,0,16,23,12,0
7022,990,83,1,0,0,0,0,0,0,0,1,1,0,0,0,0,0,10,8,19,0
2253,416,69,0,1,0,0,1,0,0,0,0,0,0,0,0,1,0,21,22,27,0
8585,731,143,1,0,0,0,0,1,0,0,0,0,0,0,1,0,0,22,13,12,0
6513,985,202,0,0,0,1,0,0,0,0,1,0,0,0,0,1,0,15,11,19,0
861,0,115,0,0,1,0,0,1,0,0,0,0,1,0,0,0,0,18,23,7,0
9142,709,81,0,1,0,0,0,1,0,0,0,0,1,0,0,0,0,10,25,2,0
1594,210,69,0,1,0,0,0,0,0,0,1,0,0,0,0,0,1,21,19,18,0
3995,769,60,0,1,0,0,0,0,1,0,0,0,0,0,0,0,1,20,16,19,0
5365,706,164,0,0,1,0,0,1,0,0,0,0,0,0,0,0,1,7,7,5,0
683,708,65,1,0,0,0,0,0,1,0,0,1,0,0,0,0,0,21,2,24,0
8877,482,58,0,0,0,1,0,0,0,0,1,0,1,0,0,0,0,8,15,19,0
5819,550,106,0,1,0,0,1,0,0,0,0,0,0,0,0,0,1,8,23,25,0
3169,742,234,1,0,0,0,0,1,0,0,0,0,0,0,0,0,1,15,26,11,0
7014,181,146,0,0,0,1,0,0,1,0,0,0,1,0,0,0,0,9,22,3,0
9197,324,138,0,1,0,0,0,0,1,0,0,0,0,0,0,1,0,10,21,2,0
3211,982,85,1,0,0,0,0,1,0,0,0,0,0,0,0,0,1,16,23,29,0
9419,414,69,0,0,0,1,1,0,0,0,0,0,1,0,0,0,0,19,10,5,0
5982,550,1,0,0,1,0,0,0,0,1,0,0,0,0,0,0,1,15,20,15,0
4597,42,87,0,0,0,1,0,1,0,0,0,0,0,0,0,1,0,20,7,11,0
6925,787,72,0,0,0,1,0,0,0,1,0,0,0,0,0,0,1,21,10,7,0
1644,335,88,1,0,0,0,1,0,0,0,0,1,0,0,0,0,0,10,9,24,0
7819,352,100,1,0,0,0,0,0,1,0,0,0,0,0,0,0,1,20,7,15,0
2236,623,73,0,0,0,1,1,0,0,0,0,0,0,0,0,0,1,19,16,17,0
7342,821,115,0,0,0,1,1,0,0,0,0,1,0,0,0,0,0,6,0,0,0
1294,20,6,1,0,0,0,1,0,0,0,0,0,1,0,0,0,0,9,19,14,0
6907,473,154,0,1,0,0,0,0,0,1,0,0,0,0,0,1,0,14,22,23,0
9574,937,1122,1,0,0,0,0,0,0,0,1,1,0,0,0,0,0,23,82,86,1
3698,170,117,0,0,1,0,0,0,0,1,0,0,0,0,1,0,0,20,10,14,0
3922,944,1,0,1,0,0,0,1,0,0,0,1,0,0,0,0,0,20,16,15,0
9177,886,1,0,1,0,0,0,0,1,0,0,0,0,0,0,1,0,15,1,16,0
2484,502,2,0,0,1,0,1,0,0,0,0,0,1,0,0,0,0,14,6,15,0
5289,104,78,0,0,1,0,1,0,0,0,0,1,0,0,0,0,0,17,17,23,0
1500,961,92,0,0,0,1,0,1,0,0,0,0,0,0,0,0,1,8,0,25,0
5801,65,168,0,0,1,0,1,0,0,0,0,0,0,0,1,0,0,10,22,2,0
4568,828,78,0,0,1,0,0,1,0,0,0,1,0,0,0,0,0,21,23,18,0
8660,569,40,1,0,0,0,0,0,0,1,0,0,0,0,0,0,1,10,6,11,0
7919,502,103,0,0,0,1,0,0,1,0,0,0,0,0,1,0,0,11,3,17,0
9673,487,407,1,0,0,0,0,0,0,1,0,0,0,0,1,0,0,4,97,73,1
2258,366,104,0,0,1,0,0,0,1,0,0,0,0,0,0,1,0,19,26,15,0
2063,529,165,0,0,1,0,0,1,0,0,0,0,0,0,1,0,0,6,10,1,0
1805,47,115,0,0,1,0,0,1,0,0,0,0,1,0,0,0,0,12,0,20,0
3733,517,111,0,0,1,0,1,0,0,0,0,1,0,0,0,0,0,11,18,27,0
6960,522,54,1,0,0,0,1,0,0,0,0,0,0,0,1,0,0,11,6,7,0
1672,916,164,1,0,0,0,0,0,1,0,0,0,0,0,0,1,0,21,8,2,0
650,273,130,0,0,0,1,0,1,0,0,0,1,0,0,0,0,0,11,26,2,0
4585,412,147,0,0,0,1,0,1,0,0,0,0,1,0,0,0,0,17,29,0,0
7517,89,149,0,1,0,0,0,1,0,0,0,0,1,0,0,0,0,15,17,29,0
4593,313,64,0,0,0,1,0,1,0,0,0,1,0,0,0,0,0,20,22,25,0
6973,15,109,0,1,0,0,0,0,0,1,0,0,0,0,1,0,0,14,19,22,0
7288,834,103,1,0,0,0,0,0,0,0,1,0,1,0,0,0,0,6,1,4,0
2172,761,115,0,0,1,0,0,0,0,1,0,0,0,0,0,1,0,15,5,19,0
200,673,145,1,0,0,0,0,0,0,1,0,0,1,0,0,0,0,9,29,16,0
6550,991,79,0,0,1,0,0,0,1,0,0,0,1,0,0,0,0,6,12,1,0
6377,113,109,1,0,0,0,0,1,0,0,0,0,0,0,1,0,0,14,10,26,0
5193,495,34,1,0,0,0,0,0,0,1,0,0,0,0,0,1,0,14,20,28,0
3179,710,67,1,0,0,0,0,0,1,0,0,0,0,0,0,0,1,17,19,23,0
6691,332,117,0,1,0,0,0,0,1,0,0,0,1,0,0,0,0,21,10,0,0
2189,931,103,0,0,0,1,0,0,0,1,0,0,0,0,1,0,0,20,3,6,0
9412,73,88,0,0,1,0,0,0,1,0,0,0,0,0,0,0,1,16,9,11,0
369,174,99,0,0,0,1,0,0,0,1,0,1,0,0,0,0,0,20,11,18,0
4578,333,76,0,1,0,0,0,0,0,0,1,0,0,0,1,0,0,6,19,7,0
2279,106,100,0,0,0,1,1,0,0,0,0,0,0,0,0,1,0,12,21,27,0
8170,715,76,0,0,1,0,0,0,0,0,1,0,0,0,1,0,0,20,5,14,0
2456,983,43,0,0,0,1,0,0,0,0,1,0,0,0,0,1,0,15,21,15,0
7253,737,65,0,0,1,0,1,0,0,0,0,0,0,0,1,0,0,18,26,8,0
2086,719,115,0,1,0,0,0,1,0,0,0,0,0,0,0,0,1,15,17,7,0
2251,691,3,0,0,1,0,0,0,0,0,1,1,0,0,0,0,0,16,10,15,0
8378,620,1,0,0,0,1,1,0,0,0,0,0,0,0,1,0,0,6,5,29,0
6743,392,164,0,1,0,0,1,0,0,0,0,0,0,0,0,1,0,23,26,20,0
7027,909,119,1,0,0,0,0,0,0,0,1,1,0,0,0,0,0,23,23,23,0
5043,543,91,0,1,0,0,0,0,0,0,1,0,1,0,0,0,0,7,20,20,0
3947,438,97,0,0,0,1,0,0,0,0,1,0,0,0,1,0,0,20,8,0,0
1019,791,125,1,0,0,0,0,0,0,0,1,0,0,0,0,1,0,8,15,2,0
5230,481,161,1,0,0,0,0,1,0,0,0,0,1,0,0,0,0,11,25,27,0
7168,611,87,0,0,0,1,0,0,0,1,0,0,0,0,1,0,0,8,25,25,0
572,140,66,0,0,1,0,0,0,0,0,1,1,0,0,0,0,0,8,18,15,0
4823,660,121,0,0,0,1,1,0,0,0,0,0,1,0,0,0,0,19,10,18,0
4,834,102,0,0,1,0,0,0,0,0,1,0,0,0,0,1,0,9,8,3,0
3177,141,89,1,0,0,0,0,1,0,0,0,0,1,0,0,0,0,10,9,11,0
5234,614,34,0,1,0,0,0,1,0,0,0,0,0,0,0,1,0,13,9,7,0
5340,238,98,1,0,0,0,0,0,1,0,0,0,1,0,0,0,0,23,24,14,0
3707,845,148,0,1,0,0,1,0,0,0,0,0,0,0,0,0,1,19,3,19,0
577,995,114,0,1,0,0,0,0,0,1,0,0,0,0,1,0,0,18,29,5,0
2218,757,1,0,0,1,0,0,0,0,0,1,0,0,0,0,1,0,16,4,10,0
4508,272,187,0,1,0,0,0,0,0,0,1,0,1,0,0,0,0,20,21,9,0
564,618,185,0,0,0,1,0,0,1,0,0,0,1,0,0,0,0,8,23,11,0
3911,240,55,0,0,1,0,0,1,0,0,0,0,1,0,0,0,0,19,11,19,0
2030,95,139,0,1,0,0,0,1,0,0,0,0,0,0,0,1,0,13,12,20,0
8470,200,138,0,0,1,0,0,0,1,0,0,0,1,0,0,0,0,15,20,1,0
1350,464,74,0,1,0,0,0,1,0,0,0,0,1,0,0,0,0,11,23,29,0
8004,362,127,0,0,1,0,0,0,1,0,0,0,0,0,0,0,1,6,22,16,0
9236,898,34,0,0,1,0,1,0,0,0,0,0,0,0,1,0,0,15,5,10,0
1248,122,80,0,1,0,0,1,0,0,0,0,0,0,0,0,1,0,11,19,13,0
8669,544,99,1,0,0,0,1,0,0,0,0,0,0,0,0,0,1,9,17,18,0
2689,975,100,0,0,0,1,0,0,0,1,0,0,0,0,0,0,1,15,27,24,0
9683,675,3462,0,0,0,1,0,0,1,0,0,0,1,0,0,0,0,1,90,93,1
6265,27,114,1,0,0,0,0,0,0,0,1,0,1,0,0,0,0,10,12,13,0
505,209,76,0,0,1,0,0,0,0,1,0,0,0,0,0,0,1,10,19,12,0
2839,430,95,1,0,0,0,0,0,0,0,1,0,0,0,1,0,0,11,5,7,0
6179,102,60,0,0,0,1,0,0,0,1,0,0,0,0,1,0,0,11,18,29,0
2248,564,127,0,0,1,0,0,1,0,0,0,0,0,0,1,0,0,11,23,11,0
6506,809,61,0,0,1,0,0,0,0,0,1,0,1,0,0,0,0,11,24,0,0
2319,103,231,0,0,1,0,0,0,1,0,0,0,1,0,0,0,0,17,23,26,0
2467,963,1,0,0,0,1,1,0,0,0,0,0,0,0,1,0,0,11,3,29,0
4583,578,87,1,0,0,0,0,0,1,0,0,0,0,0,0,1,0,22,21,26,0
5181,852,96,0,1,0,0,0,0,0,1,0,0,0,0,0,0,1,10,18,8,0
7385,568,12,0,0,0,1,0,0,1,0,0,0,0,0,0,0,1,15,29,6,0
660,113,170,0,1,0,0,0,0,0,1,0,0,1,0,0,0,0,22,22,6,0
6449,61,27,1,0,0,0,1,0,0,0,0,0,0,0,1,0,0,13,15,19,0
4092,269,158,0,0,0,1,0,0,0,1,0,0,0,0,0,0,1,18,26,29,0
5377,823,97,1,0,0,0,0,0,0,1,0,0,0,0,1,0,0,20,3,14,0
457,455,121,0,1,0,0,0,0,1,0,0,0,0,0,0,0,1,20,2,14,0
6885,506,115,0,0,0,1,0,0,0,0,1,0,1,0,0,0,0,22,10,9,0
1933,510,106,0,1,0,0,0,0,1,0,0,1,0,0,0,0,0,22,12,22,0
9633,783,5446,1,0,0,0,0,0,0,0,1,0,1,0,0,0,0,22,84,92,1
7423,807,135,0,1,0,0,0,0,0,1,0,0,0,0,0,1,0,14,27,2,0
136,565,38,0,0,1,0,0,1,0,0,0,0,1,0,0,0,0,8,11,9,0
6835,290,95,1,0,0,0,0,1,0,0,0,0,0,0,1,0,0,10,6,1,0
573,361,73,1,0,0,0,1,0,0,0,0,1,0,0,0,0,0,8,12,26,0
2883,174,110,0,1,0,0,1,0,0,0,0,0,0,0,0,1,0,23,29,2,0
959,450,120,0,0,1,0,1,0,0,0,0,0,0,0,0,1,0,9,22,10,0
7106,438,139,0,0,1,0,1,0,0,0,0,0,0,0,0,1,0,13,3,9,0
743,834,125,0,0,0,1,0,0,0,0,1,0,0,0,1,0,0,8,6,28,0
4168,190,129,1,0,0,0,0,1,0,0,0,1,0,0,0,0,0,17,0,9,0
4189,842,149,0,1,0,0,0,0,0,1,0,0,0,0,0,1,0,6,19,6,0
3298,42,52,0,0,1,0,0,1,0,0,0,0,0,0,0,0,1,16,21,1,0
5992,122,42,1,0,0,0,0,0,0,0,1,0,0,0,1,0,0,17,7,14,0
5455,295,135,0,0,1,0,0,0,1,0,0,0,0,0,1,0,0,20,18,4,0
1717,365,52,0,1,0,0,0,0,0,0,1,1,0,0,0,0,0,16,10,23,0
2801,333,145,0,1,0,0,1,0,0,0,0,1,0,0,0,0,0,12,11,4,0
7451,120,81,1,0,0,0,1,0,0,0,0,0,0,0,1,0,0,16,6,11,0
1170,169,111,1,0,0,0,0,1,0,0,0,0,0,0,0,0,1,14,14,6,0
7153,657,141,0,0,1,0,0,1,0,0,0,0,0,0,0,0,1,7,9,15,0
2930,652,157,0,0,0,1,0,0,1,0,0,0,0,0,0,0,1,22,14,19,0
5091,160,62,0,1,0,0,1,0,0,0,0,0,1,0,0,0,0,14,28,1,0
3260,924,121,0,0,0,1,0,0,0,1,0,0,0,0,0,1,0,23,29,10,0
4498,53,199,1,0,0,0,1,0,0,0,0,0,0,0,1,0,0,8,16,1,0
2736,810,154,1,0,0,0,0,0,0,1,0,0,0,0,0,0,1,8,18,6,0
646,602,243,0,1,0,0,1,0,0,0,0,1,0,0,0,0,0,19,24,17,0
6457,299,166,0,1,0,0,1,0,0,0,0,0,0,0,1,0,0,13,22,22,0
9902,239,1766,0,0,1,0,0,0,0,0,1,0,0,0,0,1,0,5,74,70,1
8040,315,173,0,1,0,0,0,1,0,0,0,1,0,0,0,0,0,10,27,19,0
4981,751,117,0,0,1,0,0,1,0,0,0,0,0,0,0,1,0,13,20,21,0
8859,125,117,0,0,1,0,1,0,0,0,0,0,0,0,0,0,1,7,22,7,0
8444,305,134,1,0,0,0,0,1,0,0,0,1,0,0,0,0,0,10,9,6,0
5771,482,103,1,0,0,0,0,0,0,0,1,0,0,0,1,0,0,16,13,8,0
3625,782,83,1,0,0,0,0,0,0,0,1,0,0,0,0,1,0,18,11,1,0
7747,289,135,1,0,0,0,0,0,0,1,0,1,0,0,0,0,0,13,13,10,0
4913,630,138,1,0,0,0,0,0,1,0,0,0,0,0,0,1,0,14,2,6,0
6207,510,170,0,1,0,0,0,0,0,0,1,1,0,0,0,0,0,6,9,5,0
8148,421,21,0,0,1,0,0,0,0,1,0,0,0,0,1,0,0,21,9,5,0
5238,569,181,0,0,0,1,0,0,0,0,1,0,0,0,0,1,0,10,18,24,0
977,139,81,0,1,0,0,1,0,0,0,0,0,0,0,1,0,0,8,9,19,0
5335,471,147,0,0,0,1,0,0,0,0,1,0,1,0,0,0,0,21,20,13,0
2913,280,92,1,0,0,0,0,0,0,0,1,0,0,0,0,1,0,11,9,12,0
2417,161,55,0,0,1,0,0,0,0,0,1,0,0,0,0,0,1,13,17,2,0
3050,816,35,0,0,0,1,0,0,0,0,1,0,0,0,1,0,0,11,17,5,0
6588,618,90,0,0,1,0,0,0,1,0,0,0,0,0,0,1,0,17,17,2,0
827,520,43,0,0,1,0,0,0,0,1,0,0,1,0,0,0,0,22,23,13,0
9442,821,86,0,0,0,1,0,0,0,1,0,0,0,0,1,0,0,20,22,6,0
2530,980,73,0,0,0,1,0,1,0,0,0,0,1,0,0,0,0,9,27,29,0
7714,211,140,0,1,0,0,0,1,0,0,0,0,0,0,0,0,1,16,4,9,0
3542,523,81,1,0,0,0,0,0,1,0,0,0,0,0,0,0,1,20,18,23,0
201,427,93,1,0,0,0,0,0,0,1,0,0,0,0,1,0,0,20,0,11,0
5124,258,138,0,0,1,0,0,0,1,0,0,0,0,0,0,0,1,6,13,8,0
7820,395,129,0,0,0,1,0,1,0,0,0,0,0,0,1,0,0,10,16,15,0
6826,818,49,0,1,0,0,1,0,0,0,0,0,0,0,0,1,0,12,24,5,0
2245,713,82,1,0,0,0,1,0,0,0,0,0,1,0,0,0,0,21,25,28,0
8153,946,149,1,0,0,0,0,0,0,1,0,0,1,0,0,0,0,13,22,20,0
126,30,82,0,0,1,0,0,1,0,0,0,0,0,0,0,0,1,21,15,24,0
2482,179,139,0,0,1,0,1,0,0,0,0,0,0,0,0,1,0,12,26,4,0
5915,224,1,1,0,0,0,0,0,0,0,1,1,0,0,0,0,0,20,27,24,0
3507,107,56,1,0,0,0,0,0,0,1,0,0,0,0,0,0,1,14,26,18,0
3599,143,155,0,0,0,1,0,0,0,0,1,0,0,0,0,0,1,23,25,5,0
535,866,1,0,0,0,1,0,0,1,0,0,0,0,0,1,0,0,15,11,6,0
7655,391,73,1,0,0,0,0,0,1,0,0,0,0,0,0,1,0,23,28,28,0
3550,843,1,0,0,1,0,1,0,0,0,0,0,0,0,0,1,0,14,18,26,0
1121,448,195,0,0,1,0,0,1,0,0,0,0,1,0,0,0,0,6,17,7,0
6563,978,71,0,0,1,0,0,0,0,0,1,0,0,0,0,0,1,20,3,0,0
5,565,58,0,1,0,0,0,0,0,0,1,0,1,0,0,0,0,9,28,28,0
4535,149,33,0,0,0,1,0,0,0,1,0,0,0,0,1,0,0,13,19,13,0
2513,934,140,0,0,1,0,1,0,0,0,0,1,0,0,0,0,0,12,7,28,0
4374,693,122,0,1,0,0,0,1,0,0,0,0,0,0,0,0,1,8,23,13,0
7060,866,23,0,0,1,0,0,0,0,1,0,0,0,0,1,0,0,19,8,16,0
3277,275,88,0,1,0,0,0,0,0,0,1,1,0,0,0,0,0,14,20,24,0
1176,368,90,1,0,0,0,0,0,1,0,0,0,0,0,0,1,0,23,1,25,0
8124,403,74,0,0,0,1,0,0,1,0,0,0,1,0,0,0,0,10,9,5,0
5069,802,102,1,0,0,0,0,0,0,0,1,0,1,0,0,0,0,20,15,9,0
1059,21,37,0,1,0,0,1,0,0,0,0,1,0,0,0,0,0,19,21,25,0
3591,133,77,1,0,0,0,0,1,0,0,0,0,0,0,0,1,0,16,28,9,0
4971,468,136,0,0,1,0,0,0,1,0,0,1,0,0,0,0,0,16,11,18,0
1441,432,65,1,0,0,0,0,0,1,0,0,1,0,0,0,0,0,23,11,19,0
8087,56,70,0,1,0,0,1,0,0,0,0,0,0,0,0,0,1,20,29,16,0
5242,421,32,0,0,1,0,1,0,0,0,0,0,1,0,0,0,0,23,9,26,0
6250,537,68,1,0,0,0,1,0,0,0,0,0,0,0,0,0,1,14,20,8,0
419,204,128,0,1,0,0,1,0,0,0,0,0,0,0,0,0,1,8,21,14,0
4398,774,84,0,1,0,0,0,0,0,1,0,0,1,0,0,0,0,15,21,9,0
9371,433,131,0,0,0,1,0,0,0,1,0,1,0,0,0,0,0,21,0,14,0
616,888,147,1,0,0,0,1,0,0,0,0,1,0,0,0,0,0,19,18,20,0
9928,440,151,1,0,0,0,0,0,1,0,0,0,0,0,0,0,1,3,74,97,1
36,548,54,0,1,0,0,0,1,0,0,0,1,0,0,0,0,0,17,20,9,0
3280,771,116,1,0,0,0,0,0,1,0,0,0,1,0,0,0,0,14,16,4,0
9099,308,90,1,0,0,0,0,0,1,0,0,1,0,0,0,0,0,7,22,7,0
358,686,53,0,1,0,0,0,0,1,0,0,0,0,0,0,1,0,8,4,19,0
3119,155,84,0,1,0,0,0,0,1,0,0,0,1,0,0,0,0,15,2,18,0
7699,33,137,0,1,0,0,0,1,0,0,0,0,0,0,0,0,1,15,1,25,0
8813,831,99,1,0,0,0,1,0,0,0,0,0,0,0,0,0,1,14,17,20,0
2112,389,1,0,0,0,1,0,0,1,0,0,0,1,0,0,0,0,22,10,8,0
7610,144,127,0,0,1,0,0,0,1,0,0,0,0,0,0,1,0,8,9,15,0
9626,856,684,0,0,1,0,1,0,0,0,0,0,0,0,0,0,1,14,76,84,1
1256,548,18,1,0,0,0,0,0,0,1,0,0,0,0,0,0,1,13,14,12,0
8666,83,79,0,0,0,1,0,0,1,0,0,0,0,0,1,0,0,7,23,16,0
1318,51,6,0,1,0,0,0,0,0,0,1,0,1,0,0,0,0,23,3,13,0
1659,805,1,0,1,0,0,0,0,1,0,0,0,0,0,0,0,1,8,20,5,0
4412,473,107,0,0,0,1,0,0,0,1,0,0,0,0,1,0,0,20,8,29,0
8118,148,121,0,1,0,0,0,0,0,1,0,0,1,0,0,0,0,19,21,12,0
373,420,5,1,0,0,0,0,0,0,1,0,0,0,0,0,0,1,12,4,26,0
5508,425,40,1,0,0,0,1,0,0,0,0,1,0,0,0,0,0,19,25,1,0
9847,955,3199,0,0,1,0,0,1,0,0,0,0,0,1,0,0,0,12,80,77,1
8,319,92,0,1,0,0,0,1,0,0,0,0,0,0,0,0,1,20,21,0,0
444,491,107,0,0,0,1,0,0,0,1,0,0,0,0,0,0,1,22,6,21,0
4781,486,138,1,0,0,0,1,0,0,0,0,0,1,0,0,0,0,11,21,23,0
1819,660,141,0,1,0,0,0,1,0,0,0,0,0,0,1,0,0,21,4,4,0
5604,270,102,0,1,0,0,0,1,0,0,0,0,0,0,1,0,0,17,24,27,0
8851,851,113,0,0,0,1,0,0,0,0,1,1,0,0,0,0,0,14,13,14,0
1924,954,88,0,0,0,1,0,0,0,1,0,0,0,0,0,0,1,22,7,21,0
5631,941,176,0,1,0,0,0,0,0,0,1,0,0,0,0,1,0,12,19,6,0
8545,438,96,0,0,0,1,0,0,0,1,0,0,0,0,1,0,0,19,4,9,0
6420,51,4,1,0,0,0,0,0,1,0,0,0,0,0,1,0,0,21,26,21,0
1001,678,75,0,0,0,1,0,0,0,1,0,0,0,0,0,0,1,6,10,7,0
3388,428,100,1,0,0,0,0,1,0,0,0,0,0,0,0,1,0,7,11,10,0
2300,945,91,0,0,0,1,1,0,0,0,0,1,0,0,0,0,0,19,22,26,0
6214,999,38,0,1,0,0,0,0,0,0,1,0,0,0,0,0,1,6,23,9,0
9964,271,1421,0,1,0,0,0,1,0,0,0,1,0,0,0,0,0,0,89,95,1
7522,332,128,1,0,0,0,0,1,0,0,0,0,0,0,0,0,1,8,22,8,0
9122,375,179,1,0,0,0,0,0,1,0,0,0,0,0,1,0,0,18,14,13,0
6373,573,77,0,1,0,0,0,0,0,1,0,0,0,0,0,0,1,18,9,27,0
5325,149,146,0,0,1,0,0,0,0,0,1,0,1,0,0,0,0,19,6,2,0
2539,896,79,0,1,0,0,0,0,1,0,0,0,1,0,0,0,0,20,22,15,0
9908,465,4031,0,0,0,1,0,0,0,1,0,0,0,0,0,0,1,4,96,96,1
2241,627,68,0,0,1,0,0,0,1,0,0,0,0,0,0,0,1,21,24,5,0
1407,126,132,0,0,1,0,0,0,1,0,0,0,1,0,0,0,0,21,19,16,0
7165,717,125,1,0,0,0,0,0,0,0,1,1,0,0,0,0,0,15,20,0,0
9536,473,1465,0,1,0,0,0,0,1,0,0,0,1,0,0,0,0,22,99,91,1
1169,40,129,0,0,1,0,0,0,0,0,1,0,0,0,0,0,1,10,11,6,0
1783,441,128,0,0,0,1,1,0,0,0,0,0,1,0,0,0,0,22,2,29,0
6636,562,67,0,1,0,0,0,0,0,0,1,0,0,0,0,1,0,6,19,9,0
11,975,129,1,0,0,0,0,0,0,0,1,1,0,0,0,0,0,14,19,16,0
3067,844,135,0,0,1,0,0,0,0,0,1,0,1,0,0,0,0,15,0,28,0
8685,755,195,0,0,1,0,0,0,1,0,0,0,1,0,0,0,0,23,2,11,0
7949,519,35,1,0,0,0,0,0,0,0,1,0,0,0,0,1,0,7,27,5,0
5930,91,56,0,0,0,1,0,0,1,0,0,1,0,0,0,0,0,8,23,2,0
8795,932,156,0,0,0,1,0,0,1,0,0,0,0,0,0,0,1,23,1,9,0
3905,354,27,0,0,0,1,0,0,1,0,0,1,0,0,0,0,0,14,7,29,0
8597,520,117,0,0,0,1,0,0,1,0,0,1,0,0,0,0,0,16,29,5,0
3563,949,106,0,0,1,0,0,0,1,0,0,0,1,0,0,0,0,6,23,28,0
1288,37,53,0,0,0,1,0,0,1,0,0,1,0,0,0,0,0,19,19,12,0
714,552,54,0,1,0,0,1,0,0,0,0,0,0,0,0,0,1,18,27,2,0
3023,320,192,0,0,1,0,0,0,0,1,0,0,1,0,0,0,0,15,9,12,0
9739,760,10,0,1,0,0,0,1,0,0,0,0,0,0,1,0,0,4,86,71,1
2575,525,31,0,1,0,0,0,0,1,0,0,1,0,0,0,0,0,6,1,5,0
7761,498,123,0,1,0,0,0,0,1,0,0,0,0,0,1,0,0,15,28,15,0
1354,962,1,0,0,0,1,1,0,0,0,0,0,0,0,0,1,0,11,8,9,0
4784,911,73,1,0,0,0,0,0,1,0,0,0,0,0,0,1,0,16,20,2,0
3246,729,117,0,1,0,0,0,0,0,1,0,0,1,0,0,0,0,16,14,22,0
4433,535,7,1,0,0,0,0,0,0,1,0,1,0,0,0,0,0,11,10,17,0
1297,962,102,0,0,0,1,0,0,0,1,0,0,0,0,0,0,1,19,4,4,0
4152,183,139,1,0,0,0,0,0,1,0,0,0,0,0,0,1,0,18,24,11,0
7459,521,94,0,1,0,0,0,0,0,0,1,1,0,0,0,0,0,23,27,14,0
9996,390,22,0,1,0,0,0,1,0,0,0,0,0,0,1,0,0,5,89,99,1
853,87,95,0,1,0,0,1,0,0,0,0,0,0,0,0,1,0,22,21,13,0
3245,53,66,0,1,0,0,1,0,0,0,0,0,0,0,1,0,0,6,7,23,0
3920,152,101,0,0,1,0,0,0,0,1,0,0,0,0,0,1,0,22,24,18,0
1785,514,98,0,0,0,1,0,1,0,0,0,0,0,0,0,1,0,13,4,18,0
1630,615,95,0,1,0,0,0,0,0,0,1,0,0,0,0,0,1,10,27,23,0
1490,498,45,0,1,0,0,1,0,0,0,0,0,1,0,0,0,0,19,9,4,0
3663,333,141,1,0,0,0,0,0,0,0,1,0,0,0,0,1,0,20,9,21,0
1964,493,117,1,0,0,0,0,0,0,0,1,0,0,0,0,0,1,11,7,1,0
4620,190,116,0,0,0,1,0,1,0,0,0,0,0,0,0,1,0,9,12,25,0
8691,333,181,0,0,1,0,0,0,0,0,1,0,0,0,1,0,0,11,10,24,0
1147,689,182,0,0,0,1,1,0,0,0,0,1,0,0,0,0,0,8,5,8,0
7900,51,159,1,0,0,0,0,0,0,0,1,0,1,0,0,0,0,8,3,18,0
613,789,75,0,0,1,0,0,0,0,1,0,0,0,0,1,0,0,17,11,18,0
2734,105,158,0,1,0,0,0,0,0,0,1,0,0,0,0,1,0,9,25,25,0
4618,73,108,0,0,0,1,0,0,1,0,0,0,0,0,0,0,1,12,4,7,0
6302,533,125,0,0,0,1,0,0,0,0,1,0,0,0,0,0,1,20,1,3,0
1624,444,29,0,1,0,0,0,0,1,0,0,0,0,0,0,1,0,9,28,1,0
4306,861,1,0,0,0,1,0,0,0,0,1,1,0,0,0,0,0,17,27,5,0
9149,693,109,0,0,1,0,0,1,0,0,0,1,0,0,0,0,0,8,3,0,0
6901,89,142,0,0,0,1,0,0,0,1,0,0,0,0,1,0,0,23,20,12,0
930,999,141,0,0,0,1,0,0,0,0,1,0,0,0,0,0,1,9,13,0,0
9114,730,47,0,1,0,0,0,0,0,0,1,0,1,0,0,0,0,12,3,9,0
9152,239,63,0,1,0,0,0,0,0,1,0,0,0,0,1,0,0,7,22,10,0
3672,407,129,0,0,0,1,1,0,0,0,0,0,1,0,0,0,0,20,28,14,0
5348,950,103,0,0,0,1,0,0,1,0,0,1,0,0,0,0,0,14,10,2,0
5462,672,103,0,1,0,0,0,0,1,0,0,0,0,0,0,1,0,12,5,13,0
3690,665,143,0,0,1,0,0,0,0,1,0,0,0,0,1,0,0,9,19,22,0
7680,789,51,0,1,0,0,1,0,0,0,0,0,0,0,0,0,1,13,12,24,0
4846,267,1,0,0,0,1,0,0,1,0,0,0,0,0,1,0,0,23,18,26,0
2533,673,104,1,0,0,0,0,0,0,0,1,0,0,0,1,0,0,12,16,0,0
3654,556,186,0,0,1,0,1,0,0,0,0,0,0,0,0,1,0,11,0,6,0
7476,52,6,0,0,1,0,0,0,0,0,1,0,0,0,1,0,0,19,29,25,0
3033,107,85,0,0,0,1,0,0,0,0,1,0,0,0,1,0,0,7,23,16,0
3572,185,82,0,0,1,0,0,0,0,1,0,1,0,0,0,0,0,9,18,20,0
855,103,112,0,0,0,1,0,0,1,0,0,0,1,0,0,0,0,15,0,19,0
1938,804,132,0,0,0,1,0,0,0,0,1,1,0,0,0,0,0,13,12,29,0
1242,186,152,0,0,1,0,0,1,0,0,0,0,0,0,0,0,1,18,20,13,0
8411,968,108,0,0,1,0,0,0,0,1,0,0,1,0,0,0,0,8,13,9,0
4696,876,104,0,0,0,1,0,0,0,0,1,1,0,0,0,0,0,11,4,22,0
6036,217,169,0,1,0,0,0,0,1,0,0,1,0,0,0,0,0,7,6,3,0
1295,241,89,1,0,0,0,0,0,0,0,1,0,0,0,0,0,1,13,24,20,0
1357,894,135,1,0,0,0,0,1,0,0,0,0,0,0,0,1,0,14,21,21,0
2630,927,138,0,0,1,0,0,1,0,0,0,0,0,0,0,1,0,18,24,18,0
2721,423,63,1,0,0,0,0,1,0,0,0,0,0,0,0,0,1,21,15,23,0
7192,855,83,1,0,0,0,0,0,0,0,1,0,0,0,1,0,0,13,3,13,0
3417,216,142,1,0,0,0,0,0,1,0,0,1,0,0,0,0,0,23,11,23,0
5698,379,154,0,1,0,0,0,0,0,0,1,0,0,0,0,0,1,15,25,9,0
5221,523,126,0,0,0,1,0,0,0,1,0,1,0,0,0,0,0,22,17,2,0
6977,752,141,0,0,1,0,0,0,0,0,1,0,0,0,0,1,0,8,5,11,0
6806,388,106,1,0,0,0,0,0,0,1,0,0,0,0,1,0,0,19,20,27,0
5597,278,64,0,0,1,0,0,0,0,1,0,0,0,0,0,1,0,20,3,4,0
9361,144,94,1,0,0,0,0,0,0,1,0,0,0,0,0,1,0,12,25,18,0
1678,902,72,0,0,0,1,0,0,0,0,1,1,0,0,0,0,0,14,23,19,0
6138,839,169,0,1,0,0,0,0,0,0,1,1,0,0,0,0,0,22,22,25,0
380,32,36,0,1,0,0,0,0,0,1,0,0,0,0,0,1,0,20,12,7,0
4317,616,1,0,0,0,1,0,0,0,1,0,0,0,0,1,0,0,14,29,9,0
5274,971,192,0,0,1,0,0,0,1,0,0,0,0,0,0,0,1,12,15,24,0
705,790,153,1,0,0,0,1,0,0,0,0,0,0,0,0,0,1,14,18,29,0
7465,11,91,0,0,0,1,0,0,1,0,0,1,0,0,0,0,0,23,2,28,0
23,18,39,0,1,0,0,0,0,0,0,1,1,0,0,0,0,0,15,10,18,0
4681,272,56,1,0,0,0,1,0,0,0,0,0,0,0,1,0,0,7,16,25,0
1204,649,46,0,0,0,1,1,0,0,0,0,0,0,0,0,1,0,9,6,21,0
6175,203,64,0,1,0,0,0,0,0,1,0,1,0,0,0,0,0,18,20,25,0
9413,60,99,1,0,0,0,0,0,0,0,1,0,0,0,0,0,1,9,29,20,0
9529,318,1024,1,0,0,0,0,0,1,0,0,0,0,0,0,0,1,0,90,82,1
8948,777,86,0,0,0,1,0,0,0,1,0,0,0,0,0,1,0,8,4,26,0
1162,921,100,1,0,0,0,0,0,0,0,1,1,0,0,0,0,0,7,3,17,0
5554,574,72,1,0,0,0,0,1,0,0,0,0,0,0,0,0,1,13,1,18,0
2092,210,62,0,0,1,0,0,0,0,0,1,1,0,0,0,0,0,21,4,13,0
9778,959,1841,0,1,0,0,0,0,0,0,1,0,1,0,0,0,0,5,73,96,1
7059,859,157,0,0,0,1,0,0,0,1,0,1,0,0,0,0,0,16,8,17,0
4957,266,51,0,0,1,0,0,1,0,0,0,1,0,0,0,0,0,7,23,17,0
9518,810,7504,0,0,1,0,1,0,0,0,0,0,0,0,1,0,0,12,93,93,1
2764,598,123,0,1,0,0,1,0,0,0,0,0,1,0,0,0,0,23,2,12,0
9766,159,22,1,0,0,0,1,0,0,0,0,0,0,0,0,1,0,11,72,78,1
3909,145,85,0,1,0,0,0,0,0,1,0,1,0,0,0,0,0,13,12,29,0
65,354,113,1,0,0,0,0,0,1,0,0,1,0,0,0,0,0,6,10,23,0
5435,404,86,0,0,0,1,0,0,1,0,0,0,0,0,1,0,0,18,27,0,0
2341,57,114,0,1,0,0,1,0,0,0,0,0,0,0,0,1,0,17,19,10,0
2204,314,89,0,1,0,0,0,0,0,0,1,0,1,0,0,0,0,15,8,11,0
5741,508,1,0,0,0,1,0,1,0,0,0,0,0,0,0,1,0,14,6,29,0
3342,231,87,0,1,0,0,1,0,0,0,0,0,1,0,0,0,0,12,6,7,0
6162,124,125,0,1,0,0,1,0,0,0,0,0,0,0,1,0,0,10,21,20,0
886,174,91,0,0,0,1,0,0,0,0,1,1,0,0,0,0,0,19,22,16,0
9476,569,185,0,0,0,1,0,0,0,0,1,1,0,0,0,0,0,21,2,20,0
1876,58,25,0,1,0,0,0,1,0,0,0,0,0,0,0,0,1,22,17,7,0
6065,154,173,1,0,0,0,0,0,1,0,0,1,0,0,0,0,0,21,16,13,0
6118,431,136,0,0,0,1,0,0,0,0,1,1,0,0,0,0,0,23,24,18,0
5865,463,54,0,0,0,1,0,0,1,0,0,0,0,0,0,0,1,20,10,10,0
3811,661,135,0,1,0,0,0,0,0,1,0,0,0,0,0,0,1,13,2,7,0
6982,784,101,0,0,1,0,1,0,0,0,0,0,0,0,0,1,0,6,15,16,0
4023,267,149,0,1,0,0,0,0,0,0,1,0,1,0,0,0,0,20,2,15,0
7776,880,146,0,1,0,0,0,0,1,0,0,0,0,0,0,0,1,20,10,12,0
9291,567,30,0,0,1,0,0,0,0,0,1,0,0,0,0,0,1,13,25,16,0
516,519,86,0,0,1,0,0,1,0,0,0,0,0,0,1,0,0,7,26,16,0
6460,470,107,0,0,0,1,0,0,1,0,0,0,0,0,0,1,0,12,16,16,0
1181,435,65,0,1,0,0,0,0,1,0,0,0,0,0,0,0,1,20,13,28,0
378,500,26,0,0,0,1,1,0,0,0,0,0,0,0,1,0,0,14,25,6,0
9720,601,2587,1,0,0,0,0,0,0,1,0,0,0,1,0,0,0,7,84,88,1
6386,860,51,0,0,1,0,0,1,0,0,0,0,0,0,0,0,1,19,14,20,0
2527,614,113,0,0,0,1,0,0,1,0,0,0,1,0,0,0,0,17,15,11,0
5785,323,148,0,0,0,1,0,0,0,0,1,0,0,0,0,0,1,20,1,11,0
3291,85,105,0,0,1,0,0,1,0,0,0,0,0,0,0,1,0,16,3,20,0
8654,244,140,0,0,1,0,0,0,0,0,1,0,1,0,0,0,0,15,27,28,0
8978,53,103,0,0,1,0,0,0,0,0,1,0,0,0,0,1,0,16,0,11,0
5685,87,136,0,1,0,0,0,0,0,0,1,0,1,0,0,0,0,15,12,5,0
5899,165,87,0,0,0,1,0,0,0,0,1,0,1,0,0,0,0,12,23,2,0
9408,605,152,0,1,0,0,1,0,0,0,0,0,0,0,0,1,0,19,27,16,0
3253,894,94,0,0,1,0,0,0,1,0,0,0,1,0,0,0,0,17,7,13,0
304,487,57,1,0,0,0,0,0,0,0,1,0,0,0,1,0,0,6,8,18,0
1231,856,228,0,1,0,0,0,0,0,0,1,1,0,0,0,0,0,7,0,14,0
5632,927,123,0,1,0,0,0,0,1,0,0,1,0,0,0,0,0,6,20,11,0
4335,421,98,0,1,0,0,0,0,1,0,0,0,1,0,0,0,0,9,22,1,0
3301,199,146,0,0,1,0,0,0,0,0,1,0,0,0,1,0,0,19,9,17,0
5711,317,107,0,0,1,0,1,0,0,0,0,0,0,0,1,0,0,10,26,9,0
585,595,48,0,0,0,1,0,0,0,0,1,0,0,0,0,1,0,8,3,16,0
4151,565,150,0,1,0,0,0,0,0,1,0,0,1,0,0,0,0,19,6,20,0
3491,259,61,1,0,0,0,0,1,0,0,0,0,0,0,0,0,1,11,8,14,0
9397,87,6,0,1,0,0,0,0,1,0,0,0,0,0,0,1,0,19,14,17,0
7768,239,17,1,0,0,0,0,0,1,0,0,0,0,0,0,1,0,8,20,5,0
9919,708,2237,0,0,0,1,1,0,0,0,0,1,0,0,0,0,0,23,82,82,1
9863,270,6253,0,0,0,1,0,0,0,0,1,1,0,0,0,0,0,1,95,74,1
37,0,178,1,0,0,0,0,0,0,1,0,1,0,0,0,0,0,21,23,15,0
252,912,43,0,1,0,0,0,0,0,0,1,0,0,0,0,1,0,9,23,24,0
1098,257,46,0,0,0,1,0,0,1,0,0,1,0,0,0,0,0,15,19,28,0
1558,478,143,0,1,0,0,0,0,0,1,0,0,1,0,0,0,0,16,1,19,0
8766,721,57,0,1,0,0,0,0,1,0,0,0,0,0,0,0,1,15,27,12,0
4138,114,182,0,1,0,0,0,0,1,0,0,0,0,0,1,0,0,8,24,25,0
4163,326,53,0,0,1,0,1,0,0,0,0,0,0,0,1,0,0,21,19,29,0
6481,823,173,1,0,0,0,0,0,0,1,0,0,1,0,0,0,0,11,4,14,0
6340,754,56,0,0,0,1,1,0,0,0,0,0,0,0,1,0,0,15,12,8,0
6746,148,81,0,0,0,1,1,0,0,0,0,0,1,0,0,0,0,18,21,22,0
9323,24,22,1,0,0,0,0,0,0,0,1,0,0,0,0,1,0,13,25,10,0
3950,344,198,0,0,0,1,0,0,0,1,0,0,0,0,1,0,0,13,24,18,0
9765,713,10,0,0,1,0,0,1,0,0,0,0,1,0,0,0,0,4,83,89,1
6606,897,56,0,0,0,1,0,0,0,0,1,1,0,0,0,0,0,15,4,13,0
6615,922,85,0,0,0,1,0,0,0,0,1,1,0,0,0,0,0,20,3,7,0
4638,441,3,0,1,0,0,1,0,0,0,0,0,0,0,1,0,0,16,25,7,0
8263,175,142,0,0,0,1,0,0,0,0,1,1,0,0,0,0,0,15,26,2,0
4604,735,130,0,0,1,0,0,0,1,0,0,1,0,0,0,0,0,22,17,20,0
2032,452,36,0,0,1,0,1,0,0,0,0,0,0,0,0,0,1,22,18,9,0
8609,109,169,0,0,0,1,0,0,0,0,1,0,0,0,0,0,1,14,27,23,0
8451,557,44,0,0,0,1,0,0,1,0,0,0,1,0,0,0,0,23,11,0,0
8347,64,131,0,0,0,1,1,0,0,0,0,0,1,0,0,0,0,18,1,9,0
3278,72,1,1,0,0,0,0,0,0,1,0,0,1,0,0,0,0,9,21,25,0
7113,482,69,1,0,0,0,1,0,0,0,0,0,0,0,0,0,1,13,20,27,0
9108,12,78,0,1,0,0,0,0,1,0,0,1,0,0,0,0,0,12,19,3,0
7601,380,105,0,0,1,0,1,0,0,0,0,0,1,0,0,0,0,20,28,28,0
4281,567,64,0,0,1,0,1,0,0,0,0,0,0,0,0,1,0,14,29,19,0
1985,637,148,1,0,0,0,0,0,0,1,0,0,0,0,0,1,0,12,27,26,0
4748,176,87,0,0,1,0,0,0,1,0,0,0,1,0,0,0,0,8,5,13,0
7445,852,161,1,0,0,0,1,0,0,0,0,0,0,0,1,0,0,16,13,13,0
2637,380,33,0,0,0,1,0,0,0,0,1,0,0,0,0,1,0,13,15,21,0
2548,190,90,0,0,0,1,0,0,1,0,0,0,0,0,1,0,0,17,26,26,0
3087,600,57,0,0,1,0,0,0,0,1,0,0,0,0,1,0,0,15,11,1,0
2673,791,63,0,0,0,1,1,0,0,0,0,1,0,0,0,0,0,6,3,5,0
4470,439,157,0,0,0,1,0,1,0,0,0,0,0,0,1,0,0,19,24,20,0
940,554,110,1,0,0,0,0,0,0,0,1,0,0,0,0,0,1,6,18,16,0
6375,28,93,1,0,0,0,0,1,0,0,0,0,1,0,0,0,0,7,4,0,0
2166,344,122,0,0,0,1,0,0,1,0,0,0,0,0,1,0,0,17,21,1,0
9420,31,12,0,0,0,1,0,0,0,1,0,1,0,0,0,0,0,9,11,20,0
5525,183,101,1,0,0,0,1,0,0,0,0,0,0,0,0,1,0,17,10,15,0
4608,582,51,1,0,0,0,0,0,1,0,0,0,1,0,0,0,0,17,18,3,0
6073,906,76,1,0,0,0,0,0,0,1,0,1,0,0,0,0,0,21,27,5,0
5045,793,96,0,0,1,0,0,0,0,1,0,0,0,0,1,0,0,11,13,0,0
2267,782,75,0,0,1,0,1,0,0,0,0,1,0,0,0,0,0,9,20,24,0
1302,802,35,0,0,0,1,0,0,1,0,0,0,0,0,0,1,0,9,8,18,0
1111,559,17,0,0,1,0,0,0,0,1,0,1,0,0,0,0,0,14,25,19,0
1461,820,39,0,1,0,0,0,0,1,0,0,0,0,0,1,0,0,7,3,28,0
7941,45,99,0,0,0,1,0,0,1,0,0,0,0,0,0,0,1,18,1,16,0
5265,395,35,0,1,0,0,0,0,0,0,1,0,0,0,0,0,1,21,9,25,0
2386,536,61,0,0,1,0,1,0,0,0,0,0,1,0,0,0,0,8,2,13,0
8736,850,37,1,0,0,0,0,1,0,0,0,0,0,0,1,0,0,14,8,5,0
2368,967,168,0,1,0,0,1,0,0,0,0,1,0,0,0,0,0,23,23,23,0
8188,375,100,0,1,0,0,0,0,0,0,1,1,0,0,0,0,0,22,24,22,0
4778,441,100,1,0,0,0,0,0,0,1,0,0,1,0,0,0,0,23,17,9,0
163,759,39,0,0,0,1,1,0,0,0,0,1,0,0,0,0,0,21,19,3,0
8181,55,17,0,0,1,0,0,0,1,0,0,0,1,0,0,0,0,13,24,27,0
5515,638,45,0,1,0,0,0,0,0,1,0,0,0,0,0,1,0,13,13,27,0
5677,278,134,1,0,0,0,0,0,0,1,0,0,0,0,0,0,1,19,22,12,0
3722,991,212,0,0,1,0,0,0,0,1,0,1,0,0,0,0,0,22,27,22,0
7750,656,147,1,0,0,0,0,0,1,0,0,0,0,0,0,0,1,20,1,27,0
1465,528,59,1,0,0,0,1,0,0,0,0,1,0,0,0,0,0,9,4,13,0
3091,72,30,1,0,0,0,0,0,0,1,0,0,1,0,0,0,0,18,13,22,0
2868,16,109,1,0,0,0,0,0,1,0,0,0,0,0,1,0,0,11,18,21,0
9094,636,66,1,0,0,0,0,0,0,0,1,1,0,0,0,0,0,8,17,26,0
1148,418,150,1,0,0,0,0,1,0,0,0,0,0,0,0,0,1,13,23,8,0
5950,452,64,1,0,0,0,1,0,0,0,0,0,0,0,0,1,0,8,6,21,0
8794,531,30,0,0,1,0,0,0,0,1,0,0,1,0,0,0,0,19,8,16,0
8869,256,1,0,0,0,1,1,0,0,0,0,0,0,0,1,0,0,17,24,26,0
6516,99,97,0,1,0,0,1,0,0,0,0,0,1,0,0,0,0,11,28,20,0
6773,157,62,0,1,0,0,0,1,0,0,0,0,0,0,1,0,0,18,14,2,0
3205,784,103,0,0,1,0,0,0,1,0,0,1,0,0,0,0,0,19,4,8,0
121,52,166,0,0,0,1,0,0,1,0,0,0,1,0,0,0,0,8,1,0,0
6397,898,116,0,1,0,0,0,1,0,0,0,0,1,0,0,0,0,13,27,18,0
3661,8,33,1,0,0,0,0,0,1,0,0,1,0,0,0,0,0,22,26,22,0
1352,470,76,1,0,0,0,0,0,0,1,0,0,0,0,0,0,1,15,25,24,0
4772,560,65,0,0,1,0,0,0,0,0,1,0,0,0,0,0,1,9,3,26,0
3243,970,103,0,0,1,0,0,0,0,0,1,0,0,0,0,1,0,8,27,20,0
412,194,150,0,0,1,0,0,0,0,0,1,0,0,0,0,0,1,16,9,28,0
2361,937,163,0,0,1,0,0,0,0,1,0,0,0,0,0,0,1,7,5,19,0
3001,301,180,1,0,0,0,0,0,0,1,0,0,0,0,0,0,1,18,16,14,0
4528,9,153,0,0,0,1,0,0,0,1,0,0,0,0,0,1,0,7,16,6,0
8012,22,118,0,0,1,0,0,1,0,0,0,0,1,0,0,0,0,13,2,19,0
8791,886,38,0,0,1,0,0,1,0,0,0,1,0,0,0,0,0,10,11,18,0
4445,285,124,0,1,0,0,0,0,0,0,1,0,0,0,1,0,0,14,27,9,0
6012,508,113,0,0,0,1,1,0,0,0,0,0,0,0,0,1,0,11,18,11,0
9187,22,107,0,0,0,1,0,0,0,0,1,1,0,0,0,0,0,6,16,11,0
598,511,111,0,0,1,0,0,0,0,0,1,0,1,0,0,0,0,16,19,25,0
2247,478,107,0,0,1,0,0,0,1,0,0,0,0,0,1,0,0,16,11,26,0
1770,165,25,0,0,0,1,1,0,0,0,0,0,0,0,1,0,0,16,3,26,0
1916,438,210,0,0,0,1,0,1,0,0,0,0,1,0,0,0,0,18,22,8,0
7961,661,111,1,0,0,0,0,1,0,0,0,0,0,0,0,1,0,13,8,24,0
8740,32,143,0,1,0,0,0,0,1,0,0,0,0,0,1,0,0,17,9,29,0
2264,719,171,0,0,0,1,1,0,0,0,0,1,0,0,0,0,0,12,25,5,0
8626,851,113,0,0,1,0,0,0,0,0,1,0,0,0,0,1,0,16,26,26,0
1034,324,95,0,0,1,0,1,0,0,0,0,0,0,0,0,0,1,23,16,19,0
8329,469,136,0,0,1,0,1,0,0,0,0,0,0,0,0,1,0,14,15,24,0
9272,186,110,1,0,0,0,0,0,0,0,1,0,0,0,0,1,0,18,20,18,0
8781,132,57,0,1,0,0,0,0,0,1,0,0,0,0,0,0,1,23,20,1,0
7457,301,95,0,0,0,1,0,0,0,0,1,1,0,0,0,0,0,12,1,11,0
4613,916,3,0,0,0,1,0,0,0,1,0,0,0,0,0,0,1,11,9,25,0
7689,689,103,0,0,1,0,0,0,1,0,0,0,1,0,0,0,0,9,21,24,0
7432,877,1,0,0,0,1,0,0,0,0,1,1,0,0,0,0,0,12,10,19,0
8379,618,52,0,1,0,0,0,0,0,1,0,1,0,0,0,0,0,15,19,14,0
9334,432,114,1,0,0,0,1,0,0,0,0,0,0,0,0,0,1,6,5,22,0
7668,603,59,1,0,0,0,0,0,1,0,0,0,0,0,0,1,0,17,4,7,0
5458,574,119,0,0,0,1,0,1,0,0,0,0,0,0,0,0,1,18,24,19,0
9377,976,150,1,0,0,0,0,1,0,0,0,0,1,0,0,0,0,22,8,14,0
8705,849,61,0,0,1,0,0,0,1,0,0,0,1,0,0,0,0,12,20,25,0
2066,935,5,0,0,0,1,0,0,1,0,0,0,1,0,0,0,0,11,13,22,0
7551,879,209,0,0,0,1,1,0,0,0,0,0,1,0,0,0,0,16,20,17,0
9504,167,1783,0,0,0,1,1,0,0,0,0,0,0,0,0,1,0,5,93,87,1
2526,456,99,0,0,0,1,0,1,0,0,0,0,0,0,0,1,0,23,27,1,0
1690,983,124,0,0,1,0,0,1,0,0,0,0,0,0,1,0,0,9,22,29,0
7404,941,129,0,1,0,0,0,0,0,1,0,0,0,0,0,0,1,18,2,13,0
6702,138,156,0,1,0,0,0,0,0,0,1,0,0,0,0,0,1,16,20,9,0
90,321,60,1,0,0,0,1,0,0,0,0,1,0,0,0,0,0,6,9,4,0
810,503,111,1,0,0,0,0,1,0,0,0,0,0,0,0,0,1,20,24,11,0
6236,74,149,1,0,0,0,0,1,0,0,0,0,1,0,0,0,0,19,7,3,0
4382,976,117,1,0,0,0,0,0,0,1,0,0,0,0,0,0,1,13,1,8,0
117,436,73,0,0,0,1,1,0,0,0,0,1,0,0,0,0,0,18,7,17,0
4417,843,35,0,0,1,0,1,0,0,0,0,0,0,0,1,0,0,23,13,20,0
8570,944,151,0,0,0,1,0,1,0,0,0,0,1,0,0,0,0,11,14,29,0
8488,508,86,0,0,1,0,0,0,0,1,0,0,0,0,1,0,0,10,5,21,0
4054,492,143,0,0,1,0,0,0,0,1,0,1,0,0,0,0,0,6,7,22,0
3015,305,103,0,0,1,0,0,1,0,0,0,0,1,0,0,0,0,21,18,17,0
9836,944,2330,0,0,0,1,1,0,0,0,0,1,0,0,0,0,0,13,85,70,1
8360,544,137,1,0,0,0,0,0,0,1,0,0,1,0,0,0,0,22,4,1,0
3902,770,176,0,0,1,0,0,0,0,1,0,1,0,0,0,0,0,10,28,10,0
3781,501,88,0,0,0,1,1,0,0,0,0,1,0,0,0,0,0,18,4,19,0
7843,588,141,0,0,1,0,0,0,0,0,1,0,0,0,0,0,1,7,0,18,0
1063,294,160,1,0,0,0,0,1,0,0,0,0,1,0,0,0,0,20,4,20,0
1986,807,72,0,0,1,0,0,0,0,0,1,0,0,0,0,1,0,16,23,3,0
1259,529,138,1,0,0,0,0,0,0,0,1,0,0,0,1,0,0,23,21,5,0
1097,507,127,0,1,0,0,0,0,1,0,0,0,1,0,0,0,0,6,2,27,0
5363,925,59,0,1,0,0,0,0,1,0,0,0,0,0,1,0,0,18,27,23,0
1768,802,118,0,0,1,0,0,0,0,1,0,0,0,0,0,0,1,10,18,29,0
2830,529,87,0,0,1,0,0,1,0,0,0,0,1,0,0,0,0,23,21,27,0
3841,657,67,0,0,1,0,0,0,0,0,1,1,0,0,0,0,0,22,22,5,0
9581,94,1000,1,0,0,0,0,0,0,0,1,1,0,0,0,0,0,2,95,82,1
9452,405,57,0,0,0,1,0,0,0,1,0,0,0,0,0,0,1,8,3,22,0
873,72,11,0,0,1,0,1,0,0,0,0,0,0,0,0,0,1,19,7,8,0
6539,280,104,1,0,0,0,1,0,0,0,0,0,0,0,1,0,0,13,0,17,0
1434,896,72,0,0,0,1,0,0,0,1,0,0,0,0,1,0,0,22,11,12,0
1524,291,173,0,0,1,0,1,0,0,0,0,0,0,0,0,0,1,10,6,26,0
6349,540,204,0,0,0,1,1,0,0,0,0,0,0,0,0,0,1,21,28,20,0
4673,129,1,0,0,1,0,0,1,0,0,0,1,0,0,0,0,0,14,2,17,0
4915,502,210,1,0,0,0,0,1,0,0,0,1,0,0,0,0,0,11,8,16,0
1403,678,183,0,0,1,0,0,1,0,0,0,0,1,0,0,0,0,7,29,12,0
8601,971,166,0,0,0,1,0,1,0,0,0,0,1,0,0,0,0,12,8,25,0
8084,137,141,0,0,1,0,1,0,0,0,0,1,0,0,0,0,0,16,25,18,0
7785,675,18,0,1,0,0,0,0,1,0,0,0,1,0,0,0,0,6,5,9,0
3569,747,91,0,0,0,1,0,1,0,0,0,0,1,0,0,0,0,10,4,2,0
9563,868,2605,1,0,0,0,0,0,0,1,0,0,1,0,0,0,0,8,95,87,1
3045,489,104,0,1,0,0,0,1,0,0,0,0,0,0,1,0,0,7,26,28,0
5016,265,51,0,0,1,0,0,1,0,0,0,0,0,0,1,0,0,21,26,26,0
4690,660,158,1,0,0,0,0,0,1,0,0,0,0,0,0,0,1,9,9,19,0
5094,807,98,1,0,0,0,0,1,0,0,0,0,0,0,0,0,1,11,11,18,0
7089,213,136,0,1,0,0,1,0,0,0,0,0,0,0,1,0,0,20,9,18,0
4372,439,162,0,1,0,0,1,0,0,0,0,0,0,0,1,0,0,18,27,9,0
7419,821,110,0,0,0,1,1,0,0,0,0,0,0,0,0,1,0,20,29,15,0
8925,574,156,1,0,0,0,0,0,1,0,0,0,0,0,0,0,1,6,3,13,0
2432,577,135,0,0,1,0,1,0,0,0,0,1,0,0,0,0,0,13,5,10,0
4850,611,130,0,0,1,0,0,0,0,1,0,1,0,0,0,0,0,19,0,21,0
4516,107,60,1,0,0,0,0,0,0,1,0,0,0,0,0,1,0,19,26,29,0
2449,249,67,0,0,0,1,0,0,0,1,0,0,1,0,0,0,0,20,22,16,0
4525,607,64,0,0,1,0,0,0,0,1,0,0,0,0,0,1,0,18,16,26,0
9790,104,22,0,0,0,1,0,0,0,0,1,0,1,0,0,0,0,17,94,98,1
7132,559,84,0,0,0,1,0,0,1,0,0,0,1,0,0,0,0,21,29,19,0
7717,43,68,0,0,1,0,0,1,0,0,0,0,0,0,1,0,0,20,21,28,0
6553,701,39,0,1,0,0,0,0,1,0,0,0,0,0,1,0,0,7,11,23,0
7638,401,158,0,0,1,0,0,0,0,0,1,1,0,0,0,0,0,9,15,9,0
8867,688,42,0,0,0,1,0,0,0,1,0,1,0,0,0,0,0,9,2,6,0
1555,883,59,0,0,1,0,0,0,0,0,1,1,0,0,0,0,0,13,5,18,0
8887,13,92,0,0,0,1,0,0,1,0,0,0,0,0,0,1,0,9,1,3,0
9684,124,2149,1,0,0,0,0,1,0,0,0,0,0,0,1,0,0,14,71,80,1
2595,216,227,0,0,0,1,1,0,0,0,0,1,0,0,0,0,0,20,22,9,0
4959,440,166,0,1,0,0,0,1,0,0,0,0,1,0,0,0,0,8,16,15,0
5852,542,1,1,0,0,0,0,0,0,1,0,0,0,0,0,1,0,8,21,8,0
8449,519,115,0,1,0,0,0,0,0,1,0,0,0,0,1,0,0,12,27,27,0
9837,797,10,0,0,1,0,1,0,0,0,0,0,0,1,0,0,0,2,81,77,1
4682,116,23,1,0,0,0,1,0,0,0,0,0,1,0,0,0,0,14,15,17,0
4588,168,114,0,0,0,1,0,1,0,0,0,0,0,0,1,0,0,9,2,20,0
5099,209,77,0,1,0,0,0,0,0,0,1,0,1,0,0,0,0,22,7,18,0
9156,707,107,0,1,0,0,0,0,0,1,0,0,0,0,0,0,1,15,23,5,0
9569,766,10,0,1,0,0,0,0,0,1,0,0,0,0,0,1,0,2,92,87,1
9812,338,2645,0,0,0,1,0,1,0,0,0,0,0,0,0,1,0,16,76,92,1
749,247,129,0,0,0,1,0,0,0,0,1,0,1,0,0,0,0,12,23,21,0
5806,533,2,1,0,0,0,0,1,0,0,0,0,0,0,0,0,1,11,8,10,0
2351,493,163,0,0,0,1,0,1,0,0,0,1,0,0,0,0,0,9,4,6,0
9490,956,171,0,0,0,1,1,0,0,0,0,0,0,0,0,1,0,8,17,25,0
4938,396,119,0,0,1,0,0,0,1,0,0,0,1,0,0,0,0,21,6,3,0
7662,414,53,0,0,1,0,0,0,0,1,0,0,0,0,0,1,0,7,7,24,0
4469,109,103,0,0,0,1,1,0,0,0,0,0,0,0,1,0,0,9,21,16,0
7257,91,156,0,0,0,1,0,0,0,0,1,0,0,0,0,0,1,7,19,4,0
1778,927,69,0,1,0,0,0,0,1,0,0,0,0,0,0,0,1,15,4,19,0
5886,368,46,0,0,0,1,1,0,0,0,0,1,0,0,0,0,0,17,5,11,0
5873,325,115,0,0,1,0,0,0,1,0,0,0,1,0,0,0,0,22,19,22,0
6409,569,67,0,0,0,1,0,0,0,1,0,0,0,0,0,1,0,13,21,13,0
7095,882,100,0,0,1,0,0,0,0,1,0,0,0,0,0,1,0,19,23,20,0
3884,400,121,0,0,1,0,0,0,1,0,0,0,1,0,0,0,0,13,17,24,0
7666,843,70,0,0,1,0,0,0,0,1,0,1,0,0,0,0,0,8,24,26,0
6740,501,1,1,0,0,0,0,0,1,0,0,1,0,0,0,0,0,16,15,25,0
1826,467,132,0,0,1,0,1,0,0,0,0,0,0,0,0,0,1,17,14,10,0
8142,716,1,1,0,0,0,0,1,0,0,0,1,0,0,0,0,0,21,29,13,0
3213,935,125,0,0,1,0,1,0,0,0,0,0,1,0,0,0,0,13,23,28,0
9822,15,4150,0,1,0,0,0,1,0,0,0,1,0,0,0,0,0,8,76,85,1
9920,282,2400,0,0,1,0,0,0,1,0,0,0,0,0,0,1,0,4,93,99,1
4391,825,137,0,0,0,1,1,0,0,0,0,1,0,0,0,0,0,19,8,9,0
8815,208,116,1,0,0,0,0,0,0,1,0,0,0,0,0,1,0,7,2,19,0
4015,610,104,0,0,1,0,0,0,1,0,0,0,0,0,1,0,0,19,19,18,0
3351,358,136,0,0,0,1,0,0,0,0,1,1,0,0,0,0,0,14,3,13,0
8739,19,130,0,0,0,1,1,0,0,0,0,0,0,0,0,1,0,6,24,6,0
6711,350,93,0,1,0,0,0,0,0,0,1,0,0,0,0,0,1,8,11,9,0
9386,246,66,0,1,0,0,0,1,0,0,0,0,0,0,0,1,0,21,6,24,0
5958,559,54,0,0,1,0,0,1,0,0,0,0,0,0,1,0,0,19,13,21,0
9907,957,2993,0,0,1,0,0,0,0,0,1,0,0,1,0,0,0,4,75,96,1
2598,814,140,0,0,1,0,0,0,0,1,0,0,0,0,0,1,0,23,21,20,0
7236,308,194,0,0,0,1,1,0,0,0,0,0,1,0,0,0,0,8,1,13,0
8236,213,191,1,0,0,0,1,0,0,0,0,0,0,0,0,1,0,12,8,7,0
6009,209,70,0,0,0,1,0,0,0,0,1,1,0,0,0,0,0,11,5,15,0
4782,859,156,1,0,0,0,0,1,0,0,0,0,0,0,0,1,0,12,19,29,0
8619,93,125,0,0,0,1,0,0,1,0,0,0,0,0,0,0,1,19,9,7,0
5951,470,58,0,0,0,1,0,0,0,0,1,0,1,0,0,0,0,15,17,14,0
8848,491,212,0,1,0,0,0,0,0,0,1,0,0,0,1,0,0,16,3,26,0
583,592,104,0,1,0,0,0,1,0,0,0,0,0,0,0,0,1,20,29,13,0
3526,43,156,0,0,1,0,0,0,0,0,1,0,1,0,0,0,0,22,12,27,0
2225,607,103,0,0,1,0,0,0,0,0,1,0,0,0,0,0,1,9,15,24,0
5359,451,121,0,0,0,1,0,0,0,0,1,1,0,0,0,0,0,17,23,3,0
3926,481,128,1,0,0,0,0,0,0,1,0,1,0,0,0,0,0,9,19,3,0
4330,725,132,0,0,1,0,0,0,0,0,1,1,0,0,0,0,0,15,11,13,0
2976,489,126,0,1,0,0,0,0,0,1,0,0,0,0,1,0,0,8,6,26,0
3944,847,171,0,0,1,0,1,0,0,0,0,0,0,0,0,1,0,23,9,14,0
2521,892,140,0,1,0,0,0,0,0,0,1,0,0,0,0,1,0,9,16,12,0
2497,869,134,0,0,1,0,0,0,1,0,0,0,0,0,0,1,0,20,5,20,0
2810,596,102,0,0,1,0,1,0,0,0,0,0,1,0,0,0,0,11,25,11,0
4185,171,50,0,0,1,0,0,1,0,0,0,0,0,0,1,0,0,14,24,15,0
935,482,24,0,1,0,0,0,0,0,1,0,1,0,0,0,0,0,14,3,19,0
8273,832,60,0,1,0,0,0,0,0,0,1,0,0,0,1,0,0,16,29,25,0
3375,115,132,0,0,0,1,0,0,0,0,1,1,0,0,0,0,0,17,22,23,0
2388,801,76,0,0,1,0,0,1,0,0,0,0,1,0,0,0,0,15,8,5,0
7357,737,106,0,1,0,0,0,0,1,0,0,0,0,0,0,0,1,10,6,16,0
7811,440,155,0,0,0,1,1,0,0,0,0,0,0,0,0,0,1,19,20,18,0
7143,987,100,0,0,1,0,0,0,0,0,1,1,0,0,0,0,0,9,20,15,0
5387,206,124,0,0,1,0,0,0,0,0,1,0,0,0,1,0,0,16,4,13,0
3893,330,45,0,1,0,0,0,1,0,0,0,1,0,0,0,0,0,22,1,6,0
6038,980,100,0,1,0,0,0,0,0,1,0,0,1,0,0,0,0,18,21,28,0
7731,442,1,0,0,1,0,0,1,0,0,0,0,0,0,1,0,0,7,8,24,0
6627,149,100,0,0,1,0,0,0,1,0,0,1,0,0,0,0,0,19,3,4,0
6461,392,71,0,0,0,1,0,0,1,0,0,0,0,0,0,0,1,23,18,22,0
5988,163,96,0,0,1,0,0,0,0,1,0,1,0,0,0,0,0,8,27,29,0
2743,808,66,0,0,1,0,1,0,0,0,0,0,0,0,0,1,0,16,10,13,0
2144,711,79,0,0,1,0,1,0,0,0,0,0,1,0,0,0,0,8,9,3,0
3440,440,9,0,1,0,0,0,1,0,0,0,0,0,0,1,0,0,10,29,5,0
836,559,132,0,1,0,0,0,1,0,0,0,1,0,0,0,0,0,21,7,26,0
7344,618,96,0,1,0,0,0,0,1,0,0,1,0,0,0,0,0,8,14,29,0
4504,611,129,0,0,0,1,1,0,0,0,0,1,0,0,0,0,0,20,20,5,0
2353,185,87,0,0,0,1,0,0,1,0,0,0,0,0,1,0,0,18,5,26,0
3168,461,109,0,1,0,0,1,0,0,0,0,0,0,0,0,0,1,9,5,6,0
9011,446,168,0,1,0,0,0,0,0,1,0,0,0,0,0,1,0,14,29,5,0
6648,694,86,0,0,0,1,1,0,0,0,0,0,1,0,0,0,0,6,24,20,0
5701,657,73,1,0,0,0,1,0,0,0,0,0,0,0,1,0,0,18,17,23,0
5033,755,51,0,1,0,0,0,0,0,1,0,0,0,0,1,0,0,21,8,27,0
6789,114,1,1,0,0,0,0,0,0,0,1,0,0,0,0,0,1,13,15,13,0
5054,342,119,0,0,1,0,0,0,1,0,0,1,0,0,0,0,0,18,24,11,0
712,220,73,0,0,0,1,0,0,1,0,0,0,0,0,0,1,0,15,20,5,0
7146,520,46,0,0,0,1,0,0,0,1,0,0,0,0,1,0,0,14,9,4,0
680,936,102,0,0,1,0,0,1,0,0,0,1,0,0,0,0,0,22,2,28,0
993,488,118,0,0,0,1,0,0,1,0,0,0,0,0,0,1,0,15,7,23,0
8761,130,125,1,0,0,0,0,0,1,0,0,0,0,0,0,0,1,8,16,3,0
7410,687,19,0,1,0,0,0,0,0,1,0,0,1,0,0,0,0,20,8,1,0
6261,497,158,0,0,1,0,1,0,0,0,0,1,0,0,0,0,0,22,9,23,0
1196,313,120,0,0,1,0,0,0,0,1,0,0,0,0,0,0,1,11,18,8,0
3442,495,104,0,0,1,0,1,0,0,0,0,0,0,0,0,1,0,6,16,7,0
7430,160,122,0,0,1,0,0,0,0,1,0,1,0,0,0,0,0,17,26,23,0
4651,446,6,0,0,1,0,1,0,0,0,0,1,0,0,0,0,0,14,16,10,0
5068,595,112,0,1,0,0,0,1,0,0,0,0,1,0,0,0,0,11,26,1,0
3544,861,115,0,0,0,1,0,0,0,1,0,1,0,0,0,0,0,9,27,20,0
9694,251,3149,1,0,0,0,0,1,0,0,0,0,0,0,0,1,0,18,75,73,1
3667,838,91,0,0,1,0,0,0,0,1,0,0,0,0,0,1,0,10,24,26,0
3648,339,109,0,1,0,0,0,0,0,0,1,0,0,0,1,0,0,22,11,18,0
3285,684,129,1,0,0,0,0,0,0,1,0,1,0,0,0,0,0,11,9,21,0
4285,596,59,0,0,1,0,0,1,0,0,0,0,0,0,0,1,0,19,0,6,0
5132,897,12,0,0,1,0,0,1,0,0,0,0,0,0,0,1,0,7,26,7,0
5165,692,134,0,0,1,0,0,0,1,0,0,1,0,0,0,0,0,16,15,5,0
756,180,42,0,0,1,0,1,0,0,0,0,0,0,0,0,1,0,6,8,27,0
5820,12,157,1,0,0,0,0,1,0,0,0,0,1,0,0,0,0,10,18,29,0
9503,588,2613,0,0,1,0,1,0,0,0,0,0,0,0,0,1,0,5,76,78,1
5932,742,166,1,0,0,0,0,1,0,0,0,0,0,0,0,1,0,16,1,27,0
4533,651,72,0,1,0,0,0,0,1,0,0,0,0,0,1,0,0,20,4,2,0
4378,170,59,0,0,0,1,0,1,0,0,0,0,0,0,0,1,0,20,9,3,0
2761,392,90,1,0,0,0,0,0,0,1,0,0,0,0,1,0,0,20,6,19,0
9761,664,1638,1,0,0,0,1,0,0,0,0,0,0,1,0,0,0,9,78,73,1
9121,237,40,1,0,0,0,0,0,1,0,0,1,0,0,0,0,0,12,2,0,0
8374,539,41,1,0,0,0,0,0,1,0,0,0,1,0,0,0,0,23,28,26,0
5073,401,153,0,1,0,0,1,0,0,0,0,0,0,0,1,0,0,9,5,24,0
5760,969,162,0,0,1,0,0,1,0,0,0,0,1,0,0,0,0,18,10,16,0
7959,201,152,1,0,0,0,1,0,0,0,0,1,0,0,0,0,0,6,26,8,0
5142,638,66,0,1,0,0,0,0,0,0,1,1,0,0,0,0,0,13,15,15,0
54,534,32,0,0,1,0,0,1,0,0,0,1,0,0,0,0,0,23,27,0,0
7874,697,68,1,0,0,0,0,0,0,1,0,0,1,0,0,0,0,22,17,3,0
8857,319,100,0,1,0,0,0,0,1,0,0,1,0,0,0,0,0,10,25,23,0
1720,743,72,0,0,0,1,1,0,0,0,0,0,0,0,0,1,0,22,13,10,0
9092,209,159,0,1,0,0,0,1,0,0,0,0,0,0,1,0,0,7,17,11,0
753,580,123,0,0,0,1,0,1,0,0,0,0,1,0,0,0,0,23,2,26,0
1591,720,198,0,0,1,0,1,0,0,0,0,1,0,0,0,0,0,21,14,27,0
4954,391,1,1,0,0,0,0,0,0,0,1,1,0,0,0,0,0,15,19,29,0
5888,583,48,0,0,0,1,1,0,0,0,0,0,1,0,0,0,0,21,17,1,0
3448,672,169,1,0,0,0,0,0,0,1,0,0,1,0,0,0,0,8,5,27,0
2406,282,154,1,0,0,0,1,0,0,0,0,0,0,0,0,0,1,11,6,3,0
9403,381,1,1,0,0,0,0,0,1,0,0,1,0,0,0,0,0,22,7,16,0
4832,78,85,0,0,1,0,0,0,0,1,0,1,0,0,0,0,0,11,21,7,0
611,943,191,0,0,1,0,1,0,0,0,0,0,0,0,1,0,0,13,15,9,0
6591,746,93,1,0,0,0,1,0,0,0,0,1,0,0,0,0,0,6,7,19,0
283,951,227,0,1,0,0,0,0,0,1,0,0,0,0,0,0,1,14,23,18,0
8668,351,45,0,1,0,0,0,0,0,1,0,0,0,0,0,0,1,14,26,7,0
3644,66,152,0,0,1,0,0,1,0,0,0,1,0,0,0,0,0,8,3,15,0
1883,221,84,0,1,0,0,1,0,0,0,0,0,0,0,1,0,0,18,8,25,0
9885,551,10,0,0,1,0,0,0,0,1,0,0,0,1,0,0,0,13,78,91,1
8539,377,121,0,1,0,0,0,0,0,1,0,0,0,0,0,1,0,15,4,26,0
4390,865,84,0,0,0,1,0,0,0,1,0,1,0,0,0,0,0,21,1,17,0
5415,506,101,0,0,1,0,1,0,0,0,0,0,0,0,0,1,0,15,19,28,0
3210,189,129,1,0,0,0,0,0,0,1,0,1,0,0,0,0,0,17,22,24,0
8588,2,101,1,0,0,0,0,0,1,0,0,0,1,0,0,0,0,23,18,29,0
2176,405,72,0,0,1,0,0,0,0,0,1,0,0,0,0,0,1,21,23,15,0
9,125,57,0,1,0,0,1,0,0,0,0,0,0,0,0,1,0,7,4,20,0
2136,642,74,0,1,0,0,0,0,0,0,1,0,1,0,0,0,0,7,1,3,0
5298,27,113,0,0,1,0,0,0,1,0,0,0,0,0,1,0,0,22,15,10,0
8144,437,123,0,1,0,0,0,0,1,0,0,0,0,0,0,1,0,12,1,11,0
9994,689,1853,0,0,1,0,1,0,0,0,0,1,0,0,0,0,0,8,84,71,1
1788,852,118,0,0,0,1,0,0,1,0,0,0,0,0,1,0,0,14,24,15,0
1907,7,106,0,0,0,1,1,0,0,0,0,0,0,0,0,0,1,23,0,5,0
654,979,1,1,0,0,0,0,1,0,0,0,1,0,0,0,0,0,11,18,27,0
3397,53,119,0,0,1,0,0,0,0,1,0,0,0,0,1,0,0,14,28,26,0
9199,784,157,0,1,0,0,0,1,0,0,0,0,0,0,0,0,1,8,1,27,0
8741,839,136,0,0,0,1,0,0,0,0,1,0,1,0,0,0,0,23,2,20,0
2394,72,65,0,1,0,0,0,1,0,0,0,0,0,0,0,1,0,19,3,10,0
6886,991,30,0,1,0,0,0,0,0,0,1,0,0,0,1,0,0,17,5,16,0
2292,732,216,0,0,0,1,0,1,0,0,0,0,0,0,0,1,0,16,19,10,0
2458,889,115,0,1,0,0,0,0,1,0,0,0,0,0,0,0,1,12,1,22,0
5089,217,147,1,0,0,0,0,0,0,0,1,1,0,0,0,0,0,19,13,16,0
5040,109,57,0,0,0,1,0,0,0,1,0,0,0,0,1,0,0,21,14,19,0
2939,366,88,0,0,0,1,1,0,0,0,0,0,0,0,0,1,0,23,1,9,0
8390,316,94,0,0,0,1,0,1,0,0,0,0,0,0,0,1,0,16,9,5,0
1240,849,69,1,0,0,0,0,0,1,0,0,1,0,0,0,0,0,20,2,12,0
3012,326,118,0,1,0,0,0,0,0,0,1,0,1,0,0,0,0,15,9,16,0
3218,644,48,1,0,0,0,0,1,0,0,0,0,1,0,0,0,0,9,9,15,0
479,752,66,0,1,0,0,1,0,0,0,0,0,1,0,0,0,0,7,20,21,0
8816,549,120,0,1,0,0,0,0,0,0,1,0,0,0,1,0,0,16,16,13,0
1623,681,75,0,1,0,0,0,0,1,0,0,1,0,0,0,0,0,7,26,15,0
8577,127,134,1,0,0,0,0,0,1,0,0,0,1,0,0,0,0,12,4,4,0
1811,993,79,0,1,0,0,0,0,0,0,1,0,0,0,0,1,0,20,6,4,0
1152,126,150,1,0,0,0,0,1,0,0,0,1,0,0,0,0,0,21,5,0,0
5309,729,138,0,0,0,1,0,0,1,0,0,0,1,0,0,0,0,20,27,26,0
3725,480,116,0,0,1,0,0,0,1,0,0,1,0,0,0,0,0,23,17,19,0
9749,388,10,0,1,0,0,0,0,0,0,1,1,0,0,0,0,0,4,84,79,1
328,791,166,1,0,0,0,0,0,0,0,1,0,0,0,0,1,0,13,28,3,0
5816,580,71,1,0,0,0,0,0,1,0,0,0,0,0,1,0,0,23,2,4,0
3071,302,57,0,0,1,0,1,0,0,0,0,0,1,0,0,0,0,19,23,20,0
1790,137,121,0,1,0,0,0,0,0,0,1,0,1,0,0,0,0,16,27,15,0
6216,570,174,0,1,0,0,0,1,0,0,0,0,0,0,0,1,0,17,25,28,0
6413,997,185,1,0,0,0,0,1,0,0,0,0,0,0,0,1,0,6,5,19,0
6515,596,161,0,0,0,1,1,0,0,0,0,0,1,0,0,0,0,8,0,14,0
1944,824,73,0,0,0,1,1,0,0,0,0,0,0,0,0,0,1,11,14,13,0
2305,498,42,0,1,0,0,1,0,0,0,0,1,0,0,0,0,0,13,19,7,0
1668,989,65,0,0,0,1,0,0,0,0,1,0,1,0,0,0,0,21,28,14,0
4290,484,131,1,0,0,0,1,0,0,0,0,0,0,0,1,0,0,11,18,14,0
7400,322,26,0,0,0,1,0,0,0,1,0,0,0,0,0,1,0,15,23,28,0
1321,748,169,1,0,0,0,0,0,0,0,1,0,0,0,1,0,0,20,8,27,0
5620,521,61,0,0,1,0,0,0,0,0,1,0,1,0,0,0,0,10,12,19,0
1250,741,150,1,0,0,0,0,0,0,1,0,1,0,0,0,0,0,11,16,1,0
165,638,111,1,0,0,0,0,0,0,1,0,0,0,0,0,0,1,8,0,12,0
4468,206,131,0,1,0,0,0,0,1,0,0,0,0,0,0,1,0,17,18,4,0
2334,243,65,0,1,0,0,0,0,0,0,1,0,0,0,0,1,0,12,1,29,0
8299,190,63,0,0,0,1,0,0,1,0,0,0,0,0,1,0,0,9,19,22,0
4975,803,43,0,0,0,1,0,0,1,0,0,1,0,0,0,0,0,6,7,9,0
6280,576,155,1,0,0,0,1,0,0,0,0,0,1,0,0,0,0,14,9,10,0
6343,122,112,0,0,0,1,1,0,0,0,0,1,0,0,0,0,0,11,22,5,0
2543,612,110,0,1,0,0,0,0,0,0,1,0,1,0,0,0,0,6,16,2,0
4993,854,70,0,0,0,1,0,1,0,0,0,0,1,0,0,0,0,6,16,16,0
1290,924,24,0,0,1,0,0,0,0,1,0,0,0,0,0,0,1,8,21,26,0
2659,731,154,0,0,0,1,1,0,0,0,0,0,0,0,0,1,0,19,15,27,0
9288,197,98,1,0,0,0,1,0,0,0,0,0,0,0,0,1,0,19,14,2,0
5217,255,160,0,0,1,0,0,0,0,1,0,0,0,0,0,0,1,8,9,17,0
2331,118,108,0,1,0,0,0,0,1,0,0,1,0,0,0,0,0,13,6,16,0
7203,757,181,0,1,0,0,0,0,0,1,0,0,0,0,0,1,0,7,18,26,0
9042,364,99,1,0,0,0,0,0,0,1,0,0,0,0,1,0,0,23,24,12,0
9819,867,691,0,1,0,0,0,0,0,1,0,0,0,0,1,0,0,2,98,88,1
2726,201,84,0,0,1,0,0,1,0,0,0,0,0,0,1,0,0,18,4,28,0
7726,511,103,0,0,0,1,1,0,0,0,0,0,1,0,0,0,0,11,13,2,0
3122,870,164,0,1,0,0,1,0,0,0,0,0,1,0,0,0,0,14,19,21,0
4289,290,64,0,0,1,0,0,0,1,0,0,1,0,0,0,0,0,8,3,18,0
7431,686,108,1,0,0,0,0,0,1,0,0,0,0,0,1,0,0,10,1,12,0
6058,887,43,1,0,0,0,0,0,1,0,0,0,0,0,0,0,1,23,29,24,0
2065,971,144,0,0,1,0,0,1,0,0,0,0,0,0,0,1,0,20,19,15,0
7323,766,141,1,0,0,0,0,0,1,0,0,0,0,0,0,1,0,21,6,25,0
84,161,1,1,0,0,0,0,0,0,0,1,1,0,0,0,0,0,19,28,28,0
4058,633,140,0,1,0,0,0,1,0,0,0,0,0,0,0,0,1,17,5,5,0
7449,759,85,0,0,0,1,0,0,0,0,1,0,1,0,0,0,0,14,13,6,0
4598,902,85,0,0,0,1,0,0,1,0,0,0,0,0,1,0,0,10,29,1,0
6733,333,142,0,0,1,0,0,1,0,0,0,0,0,0,0,1,0,19,20,14,0
2242,142,111,1,0,0,0,1,0,0,0,0,0,0,0,0,1,0,7,20,16,0
2424,131,62,0,0,0,1,0,0,0,0,1,0,1,0,0,0,0,9,12,6,0
8852,536,98,0,0,0,1,0,1,0,0,0,0,0,0,0,1,0,23,5,22,0
4440,696,121,0,0,1,0,0,1,0,0,0,0,0,0,0,0,1,22,21,0,0
4434,383,121,1,0,0,0,0,0,0,0,1,1,0,0,0,0,0,17,0,27,0
7834,74,39,0,1,0,0,0,0,0,0,1,0,0,0,0,1,0,13,3,18,0
4835,336,108,0,1,0,0,0,0,1,0,0,0,0,0,0,1,0,9,3,19,0
9970,607,22,0,0,1,0,0,0,0,0,1,0,0,0,1,0,0,4,96,91,1
5556,611,99,1,0,0,0,0,0,1,0,0,0,0,0,0,1,0,14,21,16,0
5341,926,114,1,0,0,0,1,0,0,0,0,0,0,0,0,1,0,14,1,21,0
4531,80,67,0,0,1,0,0,1,0,0,0,1,0,0,0,0,0,6,17,8,0
237,875,119,0,0,1,0,0,0,0,0,1,0,0,0,1,0,0,19,16,24,0
2408,112,76,0,0,1,0,0,0,0,1,0,0,0,0,0,0,1,18,14,25,0
3945,747,118,1,0,0,0,0,0,0,1,0,0,0,0,1,0,0,21,27,15,0
1755,780,73,0,1,0,0,1,0,0,0,0,1,0,0,0,0,0,7,28,11,0
7570,98,110,1,0,0,0,0,0,0,1,0,0,1,0,0,0,0,20,27,17,0
5681,677,105,1,0,0,0,0,0,0,0,1,0,0,0,1,0,0,12,10,3,0
8382,865,48,0,1,0,0,0,0,0,1,0,0,1,0,0,0,0,12,13,19,0
6159,947,153,0,1,0,0,0,1,0,0,0,0,1,0,0,0,0,17,12,6,0
2960,586,132,1,0,0,0,0,0,0,0,1,0,0,0,0,0,1,14,10,16,0
6419,91,6,1,0,0,0,0,1,0,0,0,0,0,0,0,1,0,17,28,20,0
6241,177,55,0,0,1,0,0,0,0,0,1,0,0,0,0,1,0,8,13,9,0
526,49,17,0,0,0,1,0,0,0,1,0,0,1,0,0,0,0,18,14,15,0
6018,929,177,0,0,0,1,0,0,0,1,0,0,0,0,0,1,0,16,8,18,0
5674,717,124,1,0,0,0,0,0,1,0,0,0,1,0,0,0,0,20,15,15,0
5541,503,64,0,0,1,0,0,0,0,1,0,1,0,0,0,0,0,6,25,1,0
1165,859,107,1,0,0,0,0,0,0,0,1,0,0,0,0,1,0,19,27,17,0
8864,354,115,1,0,0,0,0,0,1,0,0,0,0,0,0,1,0,18,0,18,0
7514,873,113,0,1,0,0,0,0,0,0,1,0,0,0,1,0,0,7,2,3,0
6387,259,106,0,0,0,1,0,1,0,0,0,0,0,0,1,0,0,17,10,4,0
2000,59,73,0,0,1,0,0,0,1,0,0,0,0,0,0,1,0,17,28,9,0
9930,638,10,0,1,0,0,1,0,0,0,0,0,0,1,0,0,0,22,76,87,1
8427,42,93,0,1,0,0,1,0,0,0,0,0,1,0,0,0,0,13,28,9,0
6600,928,90,0,0,1,0,0,1,0,0,0,1,0,0,0,0,0,16,2,24,0
7479,998,147,0,0,0,1,0,0,0,0,1,0,0,0,1,0,0,17,28,2,0
9396,64,103,0,0,1,0,0,0,1,0,0,0,0,0,1,0,0,14,10,9,0
1543,850,104,1,0,0,0,0,1,0,0,0,0,0,0,0,0,1,23,5,16,0
1987,583,58,1,0,0,0,0,0,1,0,0,0,0,0,0,0,1,15,21,18,0
4596,593,77,0,0,1,0,1,0,0,0,0,0,0,0,0,0,1,13,23,12,0
2594,406,42,0,1,0,0,1,0,0,0,0,1,0,0,0,0,0,18,21,2,0
6039,345,72,0,0,1,0,1,0,0,0,0,0,0,0,0,0,1,21,24,11,0
51,193,53,0,1,0,0,0,0,0,1,0,1,0,0,0,0,0,22,1,3,0
8129,864,141,0,0,0,1,0,0,0,0,1,0,0,0,1,0,0,11,7,5,0
9845,623,7029,0,1,0,0,0,0,0,1,0,0,0,0,0,1,0,6,93,71,1
5330,835,124,0,1,0,0,0,0,1,0,0,0,0,0,0,0,1,18,26,24,0
4692,694,60,1,0,0,0,0,1,0,0,0,0,0,0,0,1,0,8,13,16,0
6015,580,66,1,0,0,0,0,0,0,1,0,0,0,0,0,0,1,7,21,24,0
5404,867,61,0,1,0,0,0,0,1,0,0,1,0,0,0,0,0,17,29,16,0
8837,616,162,0,1,0,0,0,0,0,1,0,0,0,0,0,1,0,14,1,18,0
161,289,107,1,0,0,0,0,0,0,1,0,0,0,0,0,0,1,16,11,28,0
1373,246,194,0,0,0,1,1,0,0,0,0,0,0,0,1,0,0,15,12,16,0
8254,36,121,0,0,1,0,0,0,0,0,1,0,0,0,1,0,0,9,10,16,0
6831,559,16,1,0,0,0,0,1,0,0,0,1,0,0,0,0,0,16,14,19,0
190,831,4,0,0,1,0,1,0,0,0,0,0,0,0,0,1,0,6,3,17,0
4486,709,28,0,0,1,0,0,0,0,0,1,0,0,0,1,0,0,18,19,16,0
226,950,86,0,0,0,1,0,0,0,0,1,0,0,0,1,0,0,21,25,1,0
948,513,90,1,0,0,0,1,0,0,0,0,0,1,0,0,0,0,17,15,27,0
5828,969,140,0,0,0,1,0,0,0,0,1,0,0,0,0,1,0,20,28,1,0
1491,363,162,0,0,0,1,0,0,1,0,0,1,0,0,0,0,0,14,17,2,0
2111,228,1,0,0,0,1,0,0,0,0,1,0,0,0,0,0,1,17,2,17,0
9242,910,145,0,0,1,0,0,0,1,0,0,0,0,0,1,0,0,10,23,23,0
7333,21,113,1,0,0,0,0,0,0,0,1,1,0,0,0,0,0,18,26,1,0
3229,507,1,0,0,1,0,0,0,1,0,0,1,0,0,0,0,0,23,13,12,0
7440,112,73,0,1,0,0,0,0,0,1,0,0,0,0,0,0,1,14,1,26,0
3973,14,145,0,1,0,0,0,0,1,0,0,0,1,0,0,0,0,13,21,3,0
8034,252,99,0,1,0,0,0,0,0,0,1,0,1,0,0,0,0,21,15,28,0
8659,716,87,0,0,1,0,0,0,1,0,0,0,0,0,0,0,1,19,26,21,0
6199,981,156,0,0,1,0,0,0,1,0,0,0,1,0,0,0,0,21,7,12,0
6252,868,78,1,0,0,0,0,0,0,1,0,1,0,0,0,0,0,20,21,6,0
3326,410,83,1,0,0,0,0,0,1,0,0,0,0,0,0,1,0,13,19,19,0
2848,757,157,1,0,0,0,1,0,0,0,0,0,1,0,0,0,0,18,5,22,0
8165,938,44,1,0,0,0,0,1,0,0,0,0,0,0,0,1,0,10,29,14,0
9783,721,518,0,0,1,0,0,0,0,1,0,0,0,0,0,1,0,3,76,92,1
3584,97,76,0,0,1,0,0,0,0,1,0,0,0,0,0,0,1,22,2,1,0
197,658,197,0,0,0,1,1,0,0,0,0,0,0,0,1,0,0,12,25,28,0
7729,107,64,0,0,0,1,1,0,0,0,0,1,0,0,0,0,0,20,13,1,0
3802,126,1,0,0,1,0,0,0,0,1,0,0,0,0,0,1,0,17,19,29,0
1040,473,100,0,0,0,1,0,0,0,0,1,0,0,0,0,1,0,17,12,23,0
2652,879,64,1,0,0,0,0,0,0,0,1,0,0,0,0,0,1,15,5,1,0
9065,364,149,0,1,0,0,0,0,0,0,1,1,0,0,0,0,0,14,25,12,0
26,793,27,1,0,0,0,0,0,0,1,0,0,0,0,0,0,1,15,14,14,0
3096,863,124,0,1,0,0,0,1,0,0,0,1,0,0,0,0,0,11,25,26,0
9667,78,2039,0,0,0,1,1,0,0,0,0,0,0,1,0,0,0,11,70,78,1
2651,932,78,0,0,1,0,1,0,0,0,0,0,0,0,0,0,1,14,4,19,0
4042,205,111,1,0,0,0,0,1,0,0,0,0,0,0,0,1,0,21,9,4,0
6223,760,126,1,0,0,0,0,1,0,0,0,0,0,0,0,1,0,20,25,17,0
59,383,36,0,1,0,0,1,0,0,0,0,0,0,0,0,0,1,9,19,13,0
7369,103,49,0,1,0,0,1,0,0,0,0,0,0,0,0,0,1,20,5,28,0
4978,459,134,0,0,1,0,0,0,0,0,1,1,0,0,0,0,0,9,23,14,0
3367,719,155,0,0,1,0,0,0,0,0,1,0,0,0,0,0,1,14,25,2,0
176,785,146,0,0,1,0,0,0,0,0,1,0,0,0,0,0,1,11,11,22,0
2405,953,44,0,0,1,0,0,1,0,0,0,1,0,0,0,0,0,16,17,7,0
6783,926,141,1,0,0,0,0,1,0,0,0,0,0,0,0,0,1,14,18,12,0
2628,611,113,0,0,1,0,0,0,0,0,1,0,1,0,0,0,0,11,17,13,0
108,629,149,0,1,0,0,0,0,0,0,1,0,0,0,1,0,0,6,28,4,0
6246,258,150,0,1,0,0,0,0,0,1,0,0,0,0,1,0,0,15,8,23,0
2555,21,154,0,0,0,1,1,0,0,0,0,0,0,0,1,0,0,13,26,3,0
1885,642,120,0,0,0,1,0,0,0,1,0,0,1,0,0,0,0,23,28,15,0
6649,250,97,0,1,0,0,0,1,0,0,0,0,0,0,1,0,0,14,21,14,0
4644,12,97,0,1,0,0,0,0,0,0,1,0,0,0,0,0,1,16,3,16,0
4761,629,161,0,0,0,1,1,0,0,0,0,1,0,0,0,0,0,13,1,0,0
3639,622,204,0,0,0,1,0,0,0,0,1,0,0,0,0,1,0,16,6,7,0
7713,933,5,0,1,0,0,0,1,0,0,0,1,0,0,0,0,0,7,27,20,0
4223,849,119,1,0,0,0,0,0,1,0,0,0,0,0,0,0,1,20,19,19,0
6813,316,80,0,1,0,0,0,0,1,0,0,0,1,0,0,0,0,17,29,10,0
6282,639,37,0,0,1,0,0,1,0,0,0,0,0,0,1,0,0,10,22,14,0
1497,412,143,1,0,0,0,0,0,0,1,0,0,0,0,1,0,0,9,4,8,0
9277,622,123,0,0,0,1,0,0,0,0,1,0,1,0,0,0,0,11,25,12,0
1141,165,84,0,1,0,0,0,0,0,0,1,0,0,0,1,0,0,6,26,0,0
9976,530,2313,0,0,0,1,0,0,1,0,0,0,1,0,0,0,0,15,90,91,1
2686,102,138,0,0,1,0,0,1,0,0,0,0,1,0,0,0,0,19,17,12,0
2641,49,168,0,1,0,0,0,0,0,1,0,0,0,0,0,0,1,22,9,17,0
6744,805,55,0,1,0,0,0,1,0,0,0,0,0,0,0,0,1,16,5,10,0
2619,18,76,1,0,0,0,1,0,0,0,0,1,0,0,0,0,0,17,0,15,0
7316,335,114,1,0,0,0,1,0,0,0,0,1,0,0,0,0,0,14,11,27,0
1782,234,132,0,0,1,0,0,0,0,1,0,0,0,0,1,0,0,20,14,0,0
6312,821,111,0,0,1,0,0,0,0,0,1,0,1,0,0,0,0,8,3,10,0
1364,652,61,0,0,0,1,0,0,0,0,1,0,1,0,0,0,0,8,16,19,0
3857,434,92,0,0,0,1,0,0,0,1,0,0,1,0,0,0,0,23,23,21,0
1709,827,103,0,0,0,1,1,0,0,0,0,1,0,0,0,0,0,14,27,0,0
6632,651,89,1,0,0,0,0,0,0,0,1,0,0,0,0,0,1,23,13,20,0
7746,686,70,0,0,0,1,0,0,1,0,0,1,0,0,0,0,0,17,15,23,0
4878,154,82,1,0,0,0,0,1,0,0,0,0,0,0,0,0,1,6,5,26,0
811,21,43,0,0,1,0,0,0,0,1,0,0,0,0,1,0,0,21,15,9,0
5532,972,140,0,0,1,0,1,0,0,0,0,0,0,0,0,0,1,22,22,4,0
5131,587,43,0,0,1,0,1,0,0,0,0,1,0,0,0,0,0,20,17,17,0
3180,557,193,1,0,0,0,0,1,0,0,0,0,0,0,0,0,1,14,15,10,0
9620,971,10,0,1,0,0,0,0,0,1,0,0,0,1,0,0,0,4,86,84,1
8198,640,106,1,0,0,0,0,1,0,0,0,0,1,0,0,0,0,18,15,16,0
3823,793,223,0,0,0,1,0,0,1,0,0,0,1,0,0,0,0,13,27,21,0
9226,860,119,1,0,0,0,0,0,1,0,0,0,0,0,1,0,0,15,26,11,0
1397,673,143,0,1,0,0,0,1,0,0,0,0,0,0,0,1,0,19,16,5,0
5419,54,54,0,0,0,1,0,0,1,0,0,0,0,0,0,1,0,21,12,4,0
2033,191,148,1,0,0,0,1,0,0,0,0,0,0,0,0,1,0,18,28,21,0
3910,959,32,0,0,1,0,0,1,0,0,0,0,1,0,0,0,0,18,3,15,0
9181,286,85,1,0,0,0,0,0,1,0,0,0,0,0,1,0,0,8,26,10,0
950,21,153,0,1,0,0,0,0,1,0,0,0,0,0,0,1,0,7,6,13,0
3634,28,155,1,0,0,0,0,0,1,0,0,0,0,0,0,1,0,17,27,4,0
8051,650,63,1,0,0,0,1,0,0,0,0,0,0,0,0,1,0,7,9,5,0
3869,824,42,0,1,0,0,1,0,0,0,0,0,1,0,0,0,0,14,3,18,0
1906,659,137,0,0,1,0,0,1,0,0,0,0,0,0,0,1,0,8,21,6,0
4500,537,1,0,0,1,0,0,0,0,0,1,0,1,0,0,0,0,11,15,3,0
9935,731,2323,1,0,0,0,0,0,0,1,0,0,0,1,0,0,0,22,75,74,1
9991,632,10,0,0,1,0,0,0,1,0,0,0,1,0,0,0,0,3,93,83,1
4822,281,124,0,1,0,0,0,0,0,0,1,1,0,0,0,0,0,14,13,13,0
9628,225,22,0,1,0,0,0,0,1,0,0,0,0,1,0,0,0,18,79,73,1
1393,633,71,0,0,0,1,1,0,0,0,0,0,0,0,0,0,1,20,9,15,0
2552,404,118,0,0,0,1,0,0,1,0,0,1,0,0,0,0,0,9,14,12,0
6654,920,136,0,0,1,0,1,0,0,0,0,0,0,0,0,0,1,14,14,23,0
9488,165,120,0,0,1,0,0,0,1,0,0,0,0,0,1,0,0,10,22,11,0
9007,873,1,1,0,0,0,0,0,0,1,0,0,0,0,1,0,0,19,29,5,0
6737,832,83,0,0,0,1,0,0,1,0,0,1,0,0,0,0,0,17,6,6,0
9146,538,1,0,0,0,1,0,1,0,0,0,0,0,0,0,0,1,22,17,11,0
3844,224,76,0,0,0,1,0,0,1,0,0,0,0,0,1,0,0,7,3,8,0
137,563,78,0,0,1,0,1,0,0,0,0,0,0,0,0,1,0,8,26,5,0
9963,739,5230,0,0,1,0,0,0,0,1,0,0,0,0,0,0,1,21,78,92,1
1179,110,80,0,0,1,0,0,0,0,1,0,0,0,0,1,0,0,7,1,0,0
5811,226,66,0,1,0,0,0,0,0,0,1,0,0,0,0,0,1,8,6,0,0
2378,911,68,0,0,0,1,0,0,1,0,0,0,1,0,0,0,0,13,28,0,0
2802,354,127,1,0,0,0,0,1,0,0,0,0,0,0,0,1,0,11,29,18,0
5863,737,88,1,0,0,0,1,0,0,0,0,1,0,0,0,0,0,13,26,29,0
5372,635,43,0,0,0,1,1,0,0,0,0,0,0,0,1,0,0,18,29,5,0
4273,391,125,0,0,1,0,0,0,0,0,1,0,1,0,0,0,0,11,0,4,0
7477,217,87,1,0,0,0,0,0,0,1,0,0,1,0,0,0,0,10,26,18,0
3270,674,86,0,0,1,0,0,0,0,1,0,0,0,0,0,1,0,9,10,27,0
7548,22,135,0,0,0,1,0,0,0,0,1,0,1,0,0,0,0,22,24,26,0
2609,784,183,0,1,0,0,1,0,0,0,0,0,0,0,0,0,1,23,19,16,0
7533,92,106,1,0,0,0,0,0,0,1,0,0,1,0,0,0,0,21,28,20,0
8987,495,105,0,0,1,0,0,1,0,0,0,0,0,0,1,0,0,19,3,19,0
574,7,8,0,1,0,0,0,0,0,0,1,0,1,0,0,0,0,9,26,3,0
1224,493,121,1,0,0,0,0,1,0,0,0,0,0,0,1,0,0,6,16,3,0
999,989,11,0,1,0,0,0,0,0,0,1,0,0,0,0,1,0,21,28,2,0
3139,684,83,0,1,0,0,0,0,1,0,0,0,0,0,1,0,0,21,15,1,0
3891,296,118,1,0,0,0,0,0,1,0,0,0,0,0,0,1,0,8,7,0,0
7537,922,190,0,1,0,0,0,0,0,1,0,1,0,0,0,0,0,8,18,0,0
5102,274,154,1,0,0,0,1,0,0,0,0,0,0,0,0,0,1,21,16,21,0
6081,532,69,0,0,1,0,0,0,0,0,1,0,0,0,0,1,0,17,19,16,0
1632,824,107,0,0,1,0,0,0,1,0,0,0,0,0,0,1,0,15,28,6,0
9621,993,562,0,0,0,1,0,1,0,0,0,0,0,0,0,0,1,4,79,86,1
7708,646,130,1,0,0,0,0,0,0,1,0,0,0,0,0,0,1,6,19,22,0
4921,118,112,1,0,0,0,0,0,0,0,1,0,1,0,0,0,0,15,27,8,0
7665,632,170,0,0,1,0,0,0,0,0,1,0,1,0,0,0,0,12,23,8,0
3144,847,129,0,0,1,0,1,0,0,0,0,0,1,0,0,0,0,8,14,22,0
9333,568,152,0,0,0,1,1,0,0,0,0,0,0,0,0,0,1,14,21,14,0
6685,90,39,0,1,0,0,0,0,0,1,0,0,0,0,0,0,1,6,11,19,0
4914,525,115,0,1,0,0,0,0,0,1,0,0,0,0,0,0,1,18,22,23,0
9311,713,142,1,0,0,0,0,0,0,1,0,0,1,0,0,0,0,12,15,28,0
5618,108,111,1,0,0,0,1,0,0,0,0,0,0,0,0,0,1,13,18,25,0
9262,515,34,0,1,0,0,1,0,0,0,0,0,0,0,0,1,0,18,14,24,0
5368,853,100,0,1,0,0,0,0,1,0,0,0,0,0,0,1,0,20,3,26,0
4521,205,138,0,0,1,0,0,1,0,0,0,1,0,0,0,0,0,11,26,23,0
5000,245,65,0,1,0,0,0,1,0,0,0,0,1,0,0,0,0,16,2,17,0
2202,327,137,0,1,0,0,0,1,0,0,0,0,1,0,0,0,0,17,2,11,0
5924,908,26,1,0,0,0,0,0,0,1,0,0,0,0,0,1,0,21,21,28,0
1842,276,130,0,0,0,1,0,0,1,0,0,0,1,0,0,0,0,19,10,26,0
4079,366,66,0,1,0,0,0,0,1,0,0,0,0,0,0,0,1,22,12,23,0
9789,444,2101,0,0,1,0,0,0,0,0,1,0,0,0,1,0,0,4,88,99,1
8897,463,139,1,0,0,0,0,0,0,0,1,1,0,0,0,0,0,11,17,20,0
963,178,1,0,0,0,1,0,1,0,0,0,0,1,0,0,0,0,15,2,27,0
5384,245,77,1,0,0,0,0,0,0,0,1,0,1,0,0,0,0,21,24,19,0
2317,449,89,1,0,0,0,1,0,0,0,0,1,0,0,0,0,0,22,8,15,0
6229,114,17,0,0,0,1,1,0,0,0,0,0,0,0,1,0,0,8,28,12,0
6676,459,129,0,1,0,0,0,0,0,0,1,0,1,0,0,0,0,6,4,17,0
1273,874,180,0,0,0,1,1,0,0,0,0,0,1,0,0,0,0,9,6,25,0
1771,414,67,0,1,0,0,0,0,1,0,0,1,0,0,0,0,0,16,19,4,0
4386,181,117,0,0,1,0,1,0,0,0,0,1,0,0,0,0,0,21,20,11,0
7295,289,87,0,0,1,0,0,0,0,1,0,1,0,0,0,0,0,16,27,17,0
6470,129,139,0,0,0,1,0,0,1,0,0,0,0,0,0,1,0,10,0,10,0
7489,802,83,0,0,0,1,0,0,1,0,0,0,0,0,1,0,0,23,29,10,0
7833,312,136,0,1,0,0,0,0,1,0,0,1,0,0,0,0,0,23,27,29,0
5064,686,119,0,0,0,1,0,0,0,0,1,0,0,0,0,1,0,15,2,5,0
8001,737,5,0,0,0,1,0,1,0,0,0,0,0,0,0,1,0,7,3,18,0
164,353,122,1,0,0,0,0,0,0,1,0,0,0,0,0,1,0,22,21,3,0
4505,585,43,0,0,1,0,1,0,0,0,0,1,0,0,0,0,0,19,15,21,0
3564,273,81,1,0,0,0,0,1,0,0,0,1,0,0,0,0,0,10,28,13,0
8704,526,169,1,0,0,0,0,0,1,0,0,0,0,0,0,0,1,8,29,11,0
3510,803,146,0,0,0,1,0,0,0,0,1,0,1,0,0,0,0,18,19,13,0
7158,511,47,0,0,1,0,0,1,0,0,0,0,0,0,0,1,0,15,7,2,0
5409,299,83,0,1,0,0,1,0,0,0,0,0,0,0,0,1,0,14,15,13,0
7678,437,111,0,0,0,1,0,1,0,0,0,0,0,0,1,0,0,11,16,15,0
8878,146,62,0,0,1,0,0,0,1,0,0,1,0,0,0,0,0,23,13,3,0
6045,260,94,0,0,1,0,0,0,0,1,0,1,0,0,0,0,0,7,8,18,0
3760,438,31,1,0,0,0,0,0,0,0,1,0,0,0,0,0,1,8,26,18,0
9173,168,32,0,1,0,0,1,0,0,0,0,0,0,0,1,0,0,8,2,6,0
135,455,14,1,0,0,0,0,0,1,0,0,0,1,0,0,0,0,12,0,24,0
4580,153,70,1,0,0,0,0,0,1,0,0,1,0,0,0,0,0,7,10,25,0
8367,64,132,0,0,0,1,0,0,0,0,1,0,0,0,0,0,1,9,2,7,0
2256,648,70,1,0,0,0,0,0,0,1,0,0,0,0,0,0,1,14,12,5,0
9390,636,239,0,0,0,1,0,0,0,0,1,0,0,0,1,0,0,18,11,1,0
5502,18,255,0,1,0,0,0,0,0,0,1,0,0,0,1,0,0,22,14,27,0
1301,594,50,0,0,1,0,1,0,0,0,0,0,1,0,0,0,0,20,13,7,0
5444,724,120,1,0,0,0,0,1,0,0,0,0,1,0,0,0,0,16,9,13,0
4458,157,96,1,0,0,0,1,0,0,0,0,0,1,0,0,0,0,14,9,8,0
1734,767,1,0,1,0,0,0,0,1,0,0,0,1,0,0,0,0,13,11,27,0
895,99,153,0,0,1,0,1,0,0,0,0,0,0,0,0,1,0,6,2,5,0
7174,406,197,0,0,0,1,0,0,0,1,0,0,1,0,0,0,0,6,25,6,0
6493,834,164,0,1,0,0,0,0,0,0,1,1,0,0,0,0,0,13,9,24,0
2923,949,89,1,0,0,0,0,0,1,0,0,1,0,0,0,0,0,19,11,19,0
4553,460,89,0,1,0,0,0,1,0,0,0,0,0,0,0,0,1,19,22,19,0
1976,727,58,0,0,1,0,0,0,0,1,0,0,0,0,0,0,1,7,16,15,0
9727,260,843,1,0,0,0,0,0,1,0,0,0,0,0,0,0,1,4,90,86,1
8615,683,131,0,1,0,0,0,0,0,1,0,1,0,0,0,0,0,8,2,3,0
6848,820,147,0,0,1,0,0,0,1,0,0,0,0,0,0,1,0,17,4,13,0
8359,943,120,0,0,1,0,0,0,1,0,0,0,0,0,1,0,0,22,24,12,0
4459,111,110,0,0,1,0,0,1,0,0,0,1,0,0,0,0,0,13,16,19,0
1342,546,64,0,0,0,1,0,1,0,0,0,0,1,0,0,0,0,15,22,19,0
719,557,178,1,0,0,0,0,0,0,0,1,0,0,0,1,0,0,18,28,3,0
2259,0,14,0,0,0,1,0,0,0,1,0,0,1,0,0,0,0,16,10,24,0
3248,610,127,0,1,0,0,0,0,0,1,0,0,0,0,0,0,1,17,15,5,0
7987,683,117,0,0,0,1,1,0,0,0,0,0,0,0,1,0,0,18,7,1,0
1983,898,101,0,0,1,0,0,0,0,1,0,0,0,0,0,0,1,6,19,0,0
3145,956,171,0,0,1,0,0,0,0,1,0,0,0,0,0,0,1,11,1,29,0
2931,426,47,0,0,1,0,0,1,0,0,0,0,0,0,0,1,0,12,10,20,0
9722,900,163,1,0,0,0,0,1,0,0,0,0,1,0,0,0,0,21,90,94,1
6232,836,4,0,0,1,0,0,0,0,1,0,0,0,0,0,1,0,23,28,24,0
4162,58,126,0,0,1,0,0,0,0,1,0,0,0,0,1,0,0,12,13,22,0
3060,95,52,0,0,0,1,0,0,0,1,0,0,0,0,0,1,0,18,0,16,0
6149,813,163,0,0,0,1,0,0,0,0,1,1,0,0,0,0,0,19,17,26,0
9445,16,147,0,1,0,0,0,0,0,1,0,1,0,0,0,0,0,9,8,6,0
2950,147,73,0,0,0,1,0,0,0,0,1,0,1,0,0,0,0,14,13,24,0
9760,269,10,0,0,0,1,0,0,0,1,0,0,0,0,0,1,0,3,74,90,1
8501,710,153,0,0,1,0,0,1,0,0,0,1,0,0,0,0,0,22,28,14,0
3452,187,108,0,1,0,0,0,0,1,0,0,0,1,0,0,0,0,16,8,16,0
1879,779,73,1,0,0,0,1,0,0,0,0,1,0,0,0,0,0,14,18,20,0
6586,411,109,1,0,0,0,1,0,0,0,0,1,0,0,0,0,0,18,12,3,0
783,37,132,0,1,0,0,1,0,0,0,0,1,0,0,0,0,0,10,28,19,0
2912,659,96,0,0,0,1,1,0,0,0,0,0,0,0,1,0,0,15,22,27,0
2109,876,95,1,0,0,0,1,0,0,0,0,0,0,0,0,0,1,11,5,4,0
8746,824,79,1,0,0,0,0,0,1,0,0,1,0,0,0,0,0,6,28,3,0
9568,438,22,0,1,0,0,0,0,0,1,0,0,0,1,0,0,0,6,95,73,1
5497,529,88,1,0,0,0,0,1,0,0,0,0,0,0,0,1,0,19,28,8,0
3609,264,131,0,0,0,1,0,0,0,0,1,0,1,0,0,0,0,21,20,27,0
4964,519,114,0,1,0,0,1,0,0,0,0,0,1,0,0,0,0,8,18,6,0
9736,846,10,0,0,1,0,0,0,1,0,0,0,0,1,0,0,0,12,95,77,1
172,990,108,1,0,0,0,1,0,0,0,0,0,1,0,0,0,0,7,26,23,0
7438,800,125,0,0,0,1,0,0,0,1,0,0,1,0,0,0,0,10,12,23,0
3141,21,90,1,0,0,0,0,0,0,1,0,0,0,0,0,0,1,12,22,10,0
9416,218,123,0,1,0,0,0,0,0,1,0,0,0,0,0,0,1,20,22,21,0
6480,767,143,0,0,0,1,0,0,0,0,1,0,0,0,1,0,0,22,6,9,0
3622,250,92,0,0,0,1,0,0,0,1,0,0,1,0,0,0,0,22,20,19,0
5323,293,63,0,0,1,0,0,0,1,0,0,0,0,0,1,0,0,23,28,27,0
133,9,133,1,0,0,0,0,0,0,1,0,0,0,0,1,0,0,21,21,4,0
414,488,139,0,0,0,1,0,0,0,0,1,0,0,0,0,1,0,8,19,10,0
7784,48,81,0,0,0,1,1,0,0,0,0,0,0,0,1,0,0,19,10,6,0
1789,124,88,0,0,1,0,0,0,0,1,0,1,0,0,0,0,0,20,22,7,0
3467,290,124,0,1,0,0,0,0,0,1,0,0,1,0,0,0,0,16,14,6,0
6974,423,129,0,0,0,1,0,1,0,0,0,0,0,0,1,0,0,17,27,8,0
4612,739,120,0,0,0,1,1,0,0,0,0,0,0,0,0,0,1,20,15,1,0
6560,699,79,1,0,0,0,0,0,0,0,1,1,0,0,0,0,0,17,13,12,0
7073,526,116,1,0,0,0,0,0,0,1,0,1,0,0,0,0,0,9,13,11,0
9860,55,3464,1,0,0,0,1,0,0,0,0,0,0,1,0,0,0,4,79,85,1
8992,548,80,0,0,1,0,0,0,0,1,0,0,0,0,0,1,0,19,13,0,0
339,613,71,0,0,0,1,0,0,1,0,0,1,0,0,0,0,0,19,23,25,0
907,77,149,1,0,0,0,0,1,0,0,0,0,0,0,0,0,1,17,8,29,0
8621,559,94,0,0,1,0,0,0,1,0,0,0,0,0,0,1,0,20,9,21,0
146,407,210,0,1,0,0,0,0,0,1,0,0,0,0,0,0,1,16,9,17,0
2987,180,26,0,0,1,0,1,0,0,0,0,0,1,0,0,0,0,20,22,20,0
5071,881,73,0,1,0,0,0,0,1,0,0,0,0,0,0,0,1,14,3,5,0
7082,921,14,0,0,0,1,0,0,0,1,0,0,0,0,1,0,0,10,25,19,0
7305,172,147,0,1,0,0,1,0,0,0,0,0,0,0,0,0,1,9,10,17,0
7484,117,120,0,0,0,1,1,0,0,0,0,0,0,0,0,0,1,20,6,24,0
3993,657,69,1,0,0,0,0,0,0,1,0,1,0,0,0,0,0,6,3,19,0
4276,385,43,0,1,0,0,0,0,0,1,0,1,0,0,0,0,0,16,2,22,0
447,440,117,1,0,0,0,1,0,0,0,0,0,0,0,0,0,1,17,8,15,0
5144,902,155,0,0,0,1,0,1,0,0,0,0,0,0,0,0,1,15,3,14,0
7966,288,100,0,0,1,0,0,1,0,0,0,0,0,0,0,1,0,10,20,26,0
2512,843,78,1,0,0,0,1,0,0,0,0,0,1,0,0,0,0,18,21,2,0
1385,413,131,0,0,0,1,0,1,0,0,0,0,1,0,0,0,0,11,16,26,0
7335,868,127,1,0,0,0,0,1,0,0,0,0,0,0,0,0,1,21,11,0,0
3187,494,94,0,1,0,0,1,0,0,0,0,0,1,0,0,0,0,14,0,23,0
7547,712,115,0,0,1,0,0,0,1,0,0,0,1,0,0,0,0,13,28,4,0
367,681,119,1,0,0,0,1,0,0,0,0,0,0,0,1,0,0,6,13,16,0
4001,329,34,1,0,0,0,0,1,0,0,0,0,0,0,0,1,0,11,9,18,0
8753,271,91,0,1,0,0,0,0,0,0,1,0,0,0,0,0,1,13,27,1,0
1537,959,160,1,0,0,0,0,1,0,0,0,0,0,0,0,0,1,12,26,8,0
1468,250,141,1,0,0,0,0,0,1,0,0,0,0,0,0,0,1,21,29,28,0
7279,734,151,0,0,1,0,0,0,0,0,1,0,0,0,0,0,1,20,27,3,0
923,167,124,0,0,1,0,0,1,0,0,0,1,0,0,0,0,0,11,23,17,0
480,881,144,0,1,0,0,0,0,0,1,0,0,0,0,0,0,1,19,19,20,0
5761,904,102,0,1,0,0,0,0,0,1,0,1,0,0,0,0,0,11,2,17,0
2783,280,84,0,0,0,1,0,0,0,0,1,0,0,0,0,1,0,19,21,3,0
9168,358,116,0,0,1,0,0,0,1,0,0,0,1,0,0,0,0,21,1,28,0
9463,335,17,0,1,0,0,1,0,0,0,0,1,0,0,0,0,0,8,24,24,0
5671,203,135,0,0,1,0,1,0,0,0,0,0,1,0,0,0,0,11,9,11,0
6142,553,209,0,0,1,0,0,1,0,0,0,0,1,0,0,0,0,15,29,26,0
7885,736,70,1,0,0,0,0,1,0,0,0,0,0,0,0,1,0,17,0,12,0
6367,432,69,0,0,1,0,0,0,0,0,1,0,0,0,0,1,0,7,19,17,0
8872,442,1,0,0,0,1,0,0,0,1,0,0,0,0,1,0,0,22,24,10,0
7103,138,65,0,0,0,1,0,1,0,0,0,0,0,0,1,0,0,9,16,15,0
6947,730,177,0,0,1,0,1,0,0,0,0,1,0,0,0,0,0,14,11,1,0
8199,584,5,0,0,1,0,0,0,0,0,1,0,0,0,1,0,0,8,3,10,0
6093,497,58,0,0,1,0,1,0,0,0,0,0,0,0,1,0,0,23,6,21,0
2178,524,143,1,0,0,0,0,0,0,1,0,0,1,0,0,0,0,17,14,12,0
6808,940,149,0,0,1,0,0,1,0,0,0,0,0,0,1,0,0,22,2,21,0
9372,642,129,1,0,0,0,0,0,0,1,0,0,0,0,1,0,0,9,21,1,0
3798,36,72,0,0,1,0,0,0,0,1,0,0,0,0,0,1,0,7,22,6,0
1185,365,113,0,1,0,0,1,0,0,0,0,0,0,0,0,1,0,20,17,6,0
7102,412,81,0,0,0,1,0,0,0,0,1,0,0,0,1,0,0,20,25,10,0
1802,938,45,0,0,0,1,0,1,0,0,0,0,0,0,0,1,0,22,19,25,0
3593,24,111,0,0,0,1,1,0,0,0,0,0,0,0,1,0,0,20,26,3,0
542,445,131,0,1,0,0,0,0,0,0,1,0,0,0,0,0,1,8,27,4,0
3307,918,51,0,0,1,0,0,0,1,0,0,1,0,0,0,0,0,9,18,21,0
3486,354,75,0,0,1,0,0,0,1,0,0,1,0,0,0,0,0,9,29,6,0
6430,556,120,0,0,0,1,1,0,0,0,0,0,0,0,0,0,1,20,16,15,0
9313,848,130,0,0,0,1,0,1,0,0,0,0,0,0,1,0,0,9,19,18,0
3159,876,159,0,1,0,0,0,1,0,0,0,0,0,0,1,0,0,21,12,3,0
8530,455,55,1,0,0,0,0,0,1,0,0,0,1,0,0,0,0,11,27,25,0
2299,341,90,0,0,0,1,0,0,1,0,0,0,0,0,0,1,0,15,11,24,0
428,392,38,0,0,0,1,0,0,0,0,1,0,0,0,0,1,0,19,24,0,0
843,101,95,0,1,0,0,0,0,0,0,1,0,0,0,0,1,0,9,16,25,0
9133,707,17,0,1,0,0,0,0,0,1,0,0,0,0,0,1,0,22,26,18,0
931,524,104,0,0,0,1,0,0,0,1,0,0,0,0,0,0,1,14,17,18,0
2573,162,135,0,0,0,1,1,0,0,0,0,0,0,0,0,0,1,8,19,8,0
9824,300,2068,0,1,0,0,1,0,0,0,0,0,0,0,0,0,1,4,84,81,1
2983,188,157,1,0,0,0,0,0,0,0,1,0,0,0,0,0,1,11,9,24,0
8219,47,161,1,0,0,0,0,0,0,1,0,0,0,0,0,1,0,8,23,5,0
9734,788,1393,0,1,0,0,0,0,0,1,0,1,0,0,0,0,0,3,86,86,1
5782,472,12,0,0,0,1,0,0,0,0,1,0,0,0,1,0,0,20,23,16,0
7818,79,1,1,0,0,0,0,0,1,0,0,0,0,0,0,0,1,13,6,11,0
7347,220,75,0,0,0,1,0,1,0,0,0,0,0,0,1,0,0,10,17,9,0
4456,960,55,0,1,0,0,0,0,0,0,1,0,0,0,0,1,0,6,27,14,0
744,289,35,0,0,1,0,0,0,0,0,1,0,1,0,0,0,0,19,22,27,0
3106,635,62,1,0,0,0,0,0,0,1,0,0,0,0,0,0,1,10,24,2,0
4723,782,96,1,0,0,0,0,0,0,0,1,0,0,0,0,0,1,6,29,25,0
7053,181,131,1,0,0,0,0,1,0,0,0,0,0,0,1,0,0,10,13,2,0
9380,45,147,0,0,0,1,0,1,0,0,0,1,0,0,0,0,0,21,12,16,0
2286,682,19,0,0,1,0,0,0,0,0,1,1,0,0,0,0,0,14,5,25,0
4400,581,59,0,0,1,0,0,0,0,0,1,0,0,0,0,0,1,6,7,27,0
9700,325,949,1,0,0,0,0,0,1,0,0,0,0,1,0,0,0,18,83,92,1
9459,813,56,0,0,1,0,0,0,0,0,1,0,0,0,0,1,0,23,20,22,0
6202,812,211,1,0,0,0,0,0,0,0,1,0,1,0,0,0,0,9,22,11,0
8067,777,113,0,0,0,1,1,0,0,0,0,1,0,0,0,0,0,15,4,27,0
1948,884,1,0,0,0,1,0,0,0,0,1,1,0,0,0,0,0,7,12,20,0
8228,548,71,0,0,1,0,0,1,0,0,0,0,0,0,1,0,0,15,15,8,0
7380,799,140,0,0,1,0,0,1,0,0,0,0,0,0,0,0,1,12,18,17,0
6086,447,25,0,1,0,0,0,0,0,1,0,0,0,0,0,1,0,11,6,20,0
6989,664,150,1,0,0,0,0,0,0,0,1,1,0,0,0,0,0,6,21,5,0
596,612,88,0,1,0,0,1,0,0,0,0,0,0,0,1,0,0,12,26,10,0
8092,593,79,0,0,1,0,0,1,0,0,0,0,0,0,0,0,1,15,26,18,0
8151,496,89,0,1,0,0,0,0,1,0,0,1,0,0,0,0,0,23,16,9,0
474,158,62,0,0,1,0,0,0,0,1,0,1,0,0,0,0,0,16,28,20,0
8876,616,40,1,0,0,0,0,1,0,0,0,0,1,0,0,0,0,13,2,29,0
2870,252,111,0,1,0,0,0,0,1,0,0,0,0,0,0,0,1,18,15,29,0
5591,209,132,0,0,0,1,0,0,0,1,0,0,0,0,0,1,0,12,12,21,0
938,591,132,0,1,0,0,0,0,0,0,1,0,1,0,0,0,0,6,20,25,0
3954,20,22,0,0,1,0,0,0,0,0,1,0,0,0,0,0,1,11,15,11,0
627,246,47,0,0,1,0,0,0,0,1,0,0,0,0,0,0,1,7,9,18,0
607,871,82,0,0,1,0,0,1,0,0,0,0,0,0,1,0,0,14,18,29,0
5743,92,106,1,0,0,0,0,1,0,0,0,0,0,0,1,0,0,21,0,12,0
5989,970,149,1,0,0,0,0,1,0,0,0,0,1,0,0,0,0,6,25,23,0
5228,98,74,1,0,0,0,0,0,1,0,0,0,0,0,0,1,0,17,25,7,0
1314,276,108,1,0,0,0,1,0,0,0,0,0,0,0,0,0,1,12,14,12,0
937,715,60,0,0,0,1,0,1,0,0,0,0,0,0,0,1,0,14,10,22,0
1765,507,43,0,0,0,1,0,1,0,0,0,0,1,0,0,0,0,15,4,10,0
2926,44,121,0,0,1,0,0,0,1,0,0,0,0,0,0,0,1,17,26,29,0
9407,782,111,0,0,0,1,0,0,0,1,0,0,1,0,0,0,0,13,24,26,0
9501,337,10,0,1,0,0,1,0,0,0,0,0,1,0,0,0,0,20,88,75,1
7837,195,98,0,0,0,1,0,0,0,0,1,0,1,0,0,0,0,12,21,28,0
5347,609,132,0,0,1,0,1,0,0,0,0,0,1,0,0,0,0,19,0,6,0
9318,256,159,0,1,0,0,0,0,0,0,1,0,0,0,0,1,0,16,4,12,0
5495,631,42,0,0,0,1,0,0,0,0,1,0,0,0,0,0,1,13,14,3,0
4574,598,50,0,0,1,0,0,1,0,0,0,1,0,0,0,0,0,17,29,10,0
2547,760,44,0,0,0,1,1,0,0,0,0,0,1,0,0,0,0,23,13,18,0
6936,800,126,0,1,0,0,0,0,1,0,0,0,0,0,1,0,0,20,9,27,0
5800,179,89,0,0,1,0,0,0,0,0,1,0,0,0,0,1,0,11,12,1,0
2211,496,42,0,0,0,1,0,0,0,1,0,0,1,0,0,0,0,18,0,28,0
9918,718,7653,0,1,0,0,0,0,0,1,0,0,0,0,1,0,0,21,93,72,1
8647,87,27,0,0,0,1,0,0,0,0,1,0,0,0,0,1,0,23,3,3,0
5696,809,76,1,0,0,0,0,1,0,0,0,1,0,0,0,0,0,6,18,27,0
3602,678,65,0,0,1,0,1,0,0,0,0,0,0,0,0,0,1,8,29,28,0
5942,921,47,0,0,0,1,0,0,0,0,1,0,0,0,0,1,0,10,11,25,0
9879,751,2828,0,1,0,0,0,0,0,0,1,0,0,0,0,0,1,13,70,89,1
3449,512,101,1,0,0,0,0,1,0,0,0,0,1,0,0,0,0,17,21,10,0
5212,408,177,0,0,0,1,1,0,0,0,0,1,0,0,0,0,0,9,7,22,0
5337,246,67,0,0,1,0,0,0,0,0,1,1,0,0,0,0,0,13,9,17,0
1305,128,236,0,1,0,0,0,1,0,0,0,0,1,0,0,0,0,18,11,12,0
3976,167,1,0,0,0,1,0,1,0,0,0,0,0,0,0,0,1,14,28,29,0
706,873,88,0,0,0,1,0,0,1,0,0,0,0,0,0,1,0,9,25,11,0
3942,480,86,0,0,1,0,0,0,1,0,0,0,1,0,0,0,0,13,10,27,0
3456,643,32,0,1,0,0,1,0,0,0,0,0,0,0,1,0,0,19,7,2,0
1767,500,173,0,0,1,0,1,0,0,0,0,0,0,0,0,1,0,23,19,7,0
9539,53,2792,0,0,0,1,0,1,0,0,0,0,0,0,0,0,1,21,83,76,1
6437,541,180,0,0,1,0,0,0,0,0,1,0,1,0,0,0,0,13,14,23,0
610,455,68,1,0,0,0,0,1,0,0,0,0,0,0,0,0,1,17,5,12,0
345,540,105,0,0,0,1,0,0,0,0,1,0,0,0,1,0,0,12,11,4,0
3888,536,78,0,0,1,0,0,1,0,0,0,0,0,0,0,1,0,22,10,10,0
5041,179,56,0,0,1,0,0,0,0,1,0,0,0,0,0,1,0,8,22,2,0
5641,583,99,1,0,0,0,0,1,0,0,0,0,0,0,0,0,1,7,29,14,0
900,913,110,1,0,0,0,1,0,0,0,0,0,0,0,0,1,0,12,21,18,0
9389,791,59,1,0,0,0,0,0,0,0,1,0,0,0,0,1,0,19,25,20,0
8285,917,120,0,0,1,0,0,0,0,0,1,0,0,0,0,0,1,17,25,1,0
8723,951,1,0,0,0,1,0,0,0,1,0,1,0,0,0,0,0,22,5,28,0
5643,478,27,0,1,0,0,0,1,0,0,0,0,0,0,0,1,0,7,15,0,0
2493,548,57,1,0,0,0,0,0,1,0,0,1,0,0,0,0,0,13,9,8,0
1436,92,50,0,1,0,0,0,0,0,0,1,0,0,0,0,1,0,15,6,0,0
6873,727,135,1,0,0,0,0,1,0,0,0,0,0,0,1,0,0,20,3,28,0
8200,339,73,0,0,0,1,0,0,1,0,0,0,1,0,0,0,0,12,11,6,0
353,832,3,0,1,0,0,0,0,1,0,0,1,0,0,0,0,0,15,14,16,0
7159,848,40,0,1,0,0,1,0,0,0,0,0,0,0,0,0,1,20,13,29,0
7191,849,73,0,0,1,0,0,0,0,0,1,0,0,0,1,0,0,14,5,27,0
9533,861,5320,0,0,0,1,0,0,0,1,0,0,0,1,0,0,0,4,83,75,1
8158,848,96,0,1,0,0,0,0,1,0,0,0,0,0,0,1,0,22,26,23,0
2554,208,105,0,1,0,0,0,1,0,0,0,0,0,0,0,0,1,8,26,13,0
2263,97,93,0,0,0,1,0,0,1,0,0,0,0,0,0,1,0,21,13,8,0
1875,374,22,1,0,0,0,0,0,0,0,1,1,0,0,0,0,0,17,7,5,0
1610,990,86,0,1,0,0,0,0,0,1,0,0,0,0,1,0,0,18,4,18,0
3214,908,110,1,0,0,0,0,0,0,1,0,0,1,0,0,0,0,15,8,8,0
2717,287,132,0,0,1,0,0,1,0,0,0,0,0,0,0,0,1,17,15,7,0
5097,41,77,0,0,0,1,0,1,0,0,0,0,0,0,0,1,0,16,16,26,0
6807,691,1,0,1,0,0,0,0,1,0,0,0,0,0,0,1,0,23,14,12,0
3541,228,99,0,1,0,0,0,0,1,0,0,0,1,0,0,0,0,10,9,6,0
5051,179,63,0,0,0,1,0,0,0,1,0,0,0,0,1,0,0,10,0,1,0
4191,884,66,0,1,0,0,1,0,0,0,0,0,1,0,0,0,0,21,22,2,0
5609,725,103,1,0,0,0,0,0,0,0,1,0,0,0,0,0,1,13,3,20,0
7244,353,83,0,0,0,1,0,0,0,0,1,0,1,0,0,0,0,10,24,8,0
3320,990,85,0,1,0,0,0,0,1,0,0,0,1,0,0,0,0,19,21,8,0
7486,252,76,0,1,0,0,0,1,0,0,0,0,0,0,1,0,0,15,25,10,0
8930,848,60,0,0,1,0,0,1,0,0,0,1,0,0,0,0,0,12,20,1,0
7764,302,99,1,0,0,0,1,0,0,0,0,0,1,0,0,0,0,6,15,15,0
6344,228,87,1,0,0,0,0,1,0,0,0,0,0,0,1,0,0,10,19,10,0
7658,893,41,0,1,0,0,0,0,0,1,0,0,0,0,1,0,0,11,9,24,0
8688,267,6,0,0,0,1,0,1,0,0,0,0,0,0,0,1,0,12,28,1,0
6880,470,8,1,0,0,0,0,1,0,0,0,0,0,0,0,1,0,10,2,16,0
7531,140,230,1,0,0,0,0,1,0,0,0,1,0,0,0,0,0,17,22,12,0
1605,924,88,0,1,0,0,0,0,0,1,0,0,1,0,0,0,0,22,10,17,0
2077,31,36,1,0,0,0,0,0,0,0,1,0,0,0,0,0,1,15,2,18,0
5749,833,177,1,0,0,0,0,0,0,1,0,0,1,0,0,0,0,6,28,27,0
2808,458,82,0,1,0,0,1,0,0,0,0,1,0,0,0,0,0,8,24,1,0
3316,550,53,1,0,0,0,0,0,0,1,0,1,0,0,0,0,0,7,13,0,0
5366,213,126,0,1,0,0,0,0,1,0,0,0,0,0,1,0,0,12,22,28,0
4852,783,96,0,0,1,0,0,0,1,0,0,0,0,0,0,0,1,16,7,6,0
7589,336,135,0,0,1,0,1,0,0,0,0,0,0,0,0,0,1,21,9,4,0
6362,848,90,0,1,0,0,0,0,1,0,0,0,0,0,0,0,1,20,18,25,0
7669,581,88,0,1,0,0,0,1,0,0,0,0,0,0,1,0,0,22,29,27,0
8431,837,26,1,0,0,0,0,0,0,0,1,1,0,0,0,0,0,23,26,28,0
1239,648,112,0,0,1,0,0,0,0,0,1,0,1,0,0,0,0,6,4,10,0
1112,916,129,0,0,1,0,1,0,0,0,0,0,0,0,1,0,0,7,25,10,0
9054,350,130,0,1,0,0,0,0,1,0,0,0,0,0,0,0,1,8,27,28,0
2159,826,106,0,0,0,1,0,0,0,1,0,0,0,0,1,0,0,6,16,24,0
8459,298,54,0,0,0,1,0,0,1,0,0,0,0,0,1,0,0,6,18,2,0
7542,544,100,0,0,0,1,0,0,0,1,0,1,0,0,0,0,0,20,21,12,0
5487,982,149,0,0,0,1,0,0,0,1,0,0,0,0,0,1,0,18,7,5,0
9103,589,120,1,0,0,0,0,0,1,0,0,0,0,0,0,1,0,6,2,0,0
8212,715,45,0,0,1,0,1,0,0,0,0,1,0,0,0,0,0,22,23,16,0
6928,692,29,0,1,0,0,0,1,0,0,0,0,0,0,0,1,0,9,19,25,0
6125,72,199,0,0,1,0,0,1,0,0,0,1,0,0,0,0,0,18,27,12,0
9826,780,690,0,1,0,0,0,0,1,0,0,0,0,1,0,0,0,0,78,88,1
3956,69,20,0,0,1,0,0,0,0,0,1,1,0,0,0,0,0,21,21,11,0
1681,998,117,0,1,0,0,0,0,0,1,0,1,0,0,0,0,0,8,27,4,0
1212,588,62,0,1,0,0,0,1,0,0,0,0,0,0,0,1,0,17,28,16,0
8689,595,169,0,0,0,1,0,0,0,0,1,0,0,0,0,1,0,11,22,7,0
3935,527,16,1,0,0,0,0,0,0,1,0,0,0,0,0,0,1,23,29,21,0
3093,857,62,0,0,1,0,0,0,0,0,1,0,0,0,1,0,0,6,19,6,0
2260,43,143,0,1,0,0,0,0,1,0,0,0,1,0,0,0,0,17,10,13,0
6395,74,140,0,0,0,1,0,0,0,1,0,0,0,0,1,0,0,20,2,14,0
7881,797,62,0,0,1,0,0,0,0,1,0,0,0,0,0,1,0,14,19,8,0
4923,545,77,0,0,1,0,0,1,0,0,0,0,0,0,1,0,0,6,26,21,0
8141,791,85,0,1,0,0,1,0,0,0,0,0,0,0,0,1,0,23,24,3,0
1247,362,143,0,0,1,0,0,0,0,1,0,0,1,0,0,0,0,11,13,9,0
4124,919,132,0,1,0,0,0,0,0,1,0,0,0,0,0,1,0,12,17,23,0
1255,618,122,0,1,0,0,1,0,0,0,0,0,0,0,1,0,0,10,9,7,0
2501,570,94,1,0,0,0,0,1,0,0,0,0,1,0,0,0,0,12,24,12,0
3565,258,44,0,0,0,1,0,0,1,0,0,0,0,0,0,1,0,23,15,24,0
4797,120,137,0,1,0,0,0,0,0,1,0,0,0,0,1,0,0,23,15,21,0
7033,23,148,0,1,0,0,0,0,0,1,0,1,0,0,0,0,0,13,21,26,0
8999,819,76,1,0,0,0,0,0,0,1,0,0,0,0,1,0,0,8,1,26,0
4926,633,85,1,0,0,0,0,0,0,0,1,0,0,0,0,0,1,22,26,9,0
8215,166,118,0,0,0,1,0,0,0,1,0,0,1,0,0,0,0,20,21,24,0
5469,944,173,0,0,0,1,0,0,0,1,0,1,0,0,0,0,0,19,29,24,0
1553,506,125,0,1,0,0,0,1,0,0,0,1,0,0,0,0,0,14,1,11,0
5844,116,142,0,0,0,1,1,0,0,0,0,0,0,0,1,0,0,16,19,4,0
2129,421,67,0,1,0,0,0,0,0,0,1,1,0,0,0,0,0,18,11,13,0
3295,948,80,0,0,0,1,0,0,0,0,1,0,0,0,0,0,1,11,5,10,0
5729,77,155,0,0,0,1,1,0,0,0,0,0,1,0,0,0,0,11,11,11,0
6087,247,102,1,0,0,0,0,0,0,1,0,0,0,0,1,0,0,23,29,8,0
2524,889,83,0,0,1,0,0,0,0,0,1,0,0,0,1,0,0,7,3,22,0
6884,699,118,0,1,0,0,0,0,0,1,0,0,0,0,0,0,1,16,28,6,0
669,314,60,0,1,0,0,0,0,1,0,0,0,0,0,1,0,0,18,18,0,0
1375,596,134,0,0,1,0,0,0,0,0,1,1,0,0,0,0,0,23,16,15,0
4546,913,54,0,1,0,0,0,0,1,0,0,1,0,0,0,0,0,18,12,10,0
2945,581,11,1,0,0,0,0,0,1,0,0,0,0,0,0,0,1,18,18,28,0
9502,407,1421,0,1,0,0,0,0,0,0,1,0,1,0,0,0,0,5,83,86,1
6379,920,78,0,1,0,0,0,0,0,1,0,1,0,0,0,0,0,10,24,4,0
9052,788,95,0,0,0,1,0,0,0,1,0,0,0,0,0,0,1,9,13,21,0
79,527,73,0,1,0,0,0,0,0,1,0,0,1,0,0,0,0,14,15,11,0
8022,21,71,1,0,0,0,0,1,0,0,0,1,0,0,0,0,0,7,4,19,0
775,514,80,0,0,1,0,0,0,1,0,0,0,0,0,0,0,1,14,17,1,0
823,442,94,1,0,0,0,0,0,1,0,0,0,0,0,1,0,0,11,25,10,0
1812,694,1,0,0,0,1,1,0,0,0,0,0,0,0,0,1,0,11,8,17,0
6446,904,140,1,0,0,0,0,0,1,0,0,1,0,0,0,0,0,16,5,27,0
6359,31,169,0,0,0,1,0,1,0,0,0,0,1,0,0,0,0,15,5,11,0
5172,774,140,0,0,0,1,0,0,1,0,0,0,0,0,0,1,0,9,4,14,0
3535,356,77,0,1,0,0,1,0,0,0,0,0,0,0,0,0,1,23,15,4,0
8230,210,139,0,0,1,0,0,0,1,0,0,0,1,0,0,0,0,23,24,28,0
9221,503,141,0,1,0,0,0,0,1,0,0,0,0,0,1,0,0,22,6,25,0
1064,218,135,0,0,0,1,0,0,0,0,1,0,1,0,0,0,0,9,10,21,0
368,698,48,0,0,0,1,0,0,0,0,1,1,0,0,0,0,0,23,25,20,0
1677,867,144,1,0,0,0,0,0,0,0,1,0,0,0,1,0,0,13,10,27,0
5676,158,47,0,0,0,1,0,0,0,1,0,1,0,0,0,0,0,15,2,21,0
4943,120,103,0,0,1,0,1,0,0,0,0,0,1,0,0,0,0,23,26,10,0
3257,128,65,0,1,0,0,0,0,0,1,0,0,1,0,0,0,0,8,6,25,0
6635,277,56,0,1,0,0,0,0,0,0,1,1,0,0,0,0,0,12,13,6,0
1601,264,120,1,0,0,0,0,0,1,0,0,0,1,0,0,0,0,14,5,20,0
1742,798,159,0,0,0,1,1,0,0,0,0,0,0,0,1,0,0,20,27,21,0
5282,657,116,0,0,1,0,0,0,1,0,0,1,0,0,0,0,0,6,26,4,0
9986,674,967,0,0,1,0,0,0,0,0,1,0,0,0,1,0,0,21,83,97,1
9376,963,92,0,0,1,0,0,1,0,0,0,0,0,0,1,0,0,10,11,8,0
3372,117,138,0,0,1,0,0,0,0,0,1,0,1,0,0,0,0,12,0,7,0
3115,284,43,0,0,1,0,1,0,0,0,0,0,0,0,0,1,0,14,25,6,0
2119,309,75,0,1,0,0,0,1,0,0,0,0,0,0,0,0,1,8,10,8,0
631,128,41,0,0,0,1,0,0,0,0,1,0,1,0,0,0,0,13,14,12,0
5894,625,79,0,1,0,0,0,1,0,0,0,0,0,0,0,0,1,23,14,28,0
2895,292,110,0,1,0,0,1,0,0,0,0,1,0,0,0,0,0,22,7,1,0
4203,559,90,0,0,1,0,0,0,0,1,0,0,0,0,1,0,0,23,4,14,0
2120,131,72,0,0,1,0,0,1,0,0,0,0,0,0,0,1,0,14,1,23,0
9850,31,2923,0,1,0,0,0,0,0,1,0,1,0,0,0,0,0,20,76,87,1
498,557,59,0,0,1,0,0,1,0,0,0,0,0,0,0,0,1,14,29,6,0
366,692,156,0,0,1,0,0,0,0,0,1,1,0,0,0,0,0,18,0,28,0
8950,410,22,0,0,1,0,0,0,0,1,0,0,0,0,0,0,1,15,11,5,0
4909,617,81,0,0,1,0,0,0,0,0,1,0,0,0,0,0,1,11,4,23,0
5224,755,152,1,0,0,0,0,0,0,0,1,0,0,0,1,0,0,19,6,25,0
5427,889,85,0,1,0,0,0,0,1,0,0,1,0,0,0,0,0,16,26,17,0
9857,88,10,1,0,0,0,0,0,0,0,1,0,0,1,0,0,0,4,86,90,1
885,879,139,0,1,0,0,1,0,0,0,0,0,0,0,1,0,0,22,19,27,0
4872,70,165,0,0,0,1,1,0,0,0,0,0,0,0,1,0,0,15,18,9,0
7170,236,33,1,0,0,0,0,1,0,0,0,0,0,0,0,0,1,23,16,13,0
5934,659,171,0,0,0,1,0,0,0,1,0,0,1,0,0,0,0,8,16,0,0
6630,537,181,0,0,0,1,0,1,0,0,0,0,0,0,1,0,0,17,27,1,0
5292,860,87,0,1,0,0,0,1,0,0,0,1,0,0,0,0,0,19,26,16,0
4318,164,66,1,0,0,0,0,0,0,0,1,0,0,0,1,0,0,12,0,20,0
9702,292,22,0,1,0,0,0,1,0,0,0,1,0,0,0,0,0,6,92,73,1
1309,282,88,0,1,0,0,0,0,1,0,0,0,0,0,1,0,0,8,24,5,0
4380,188,114,0,1,0,0,0,1,0,0,0,1,0,0,0,0,0,14,8,19,0
6951,612,135,1,0,0,0,0,0,0,1,0,0,0,0,0,1,0,14,13,19,0
4120,545,155,0,0,1,0,1,0,0,0,0,0,0,0,0,0,1,11,2,3,0
8152,586,48,0,0,1,0,0,1,0,0,0,1,0,0,0,0,0,7,15,15,0
9894,685,432,0,0,1,0,0,1,0,0,0,0,0,0,0,0,1,4,81,95,1
6852,471,206,0,1,0,0,0,0,0,0,1,0,0,0,0,0,1,12,3,20,0
6299,463,103,0,1,0,0,0,0,1,0,0,0,0,0,0,1,0,6,6,6,0
8805,762,224,1,0,0,0,0,1,0,0,0,1,0,0,0,0,0,19,9,17,0
7952,472,105,0,0,1,0,1,0,0,0,0,0,0,0,0,0,1,17,7,22,0
2506,699,172,0,1,0,0,0,0,0,1,0,0,0,0,1,0,0,16,22,29,0
3185,680,86,1,0,0,0,0,0,0,1,0,0,0,0,0,1,0,11,15,23,0
1120,283,139,0,1,0,0,0,0,1,0,0,0,0,0,0,0,1,7,20,15,0
3585,604,142,1,0,0,0,0,0,1,0,0,0,0,0,0,0,1,21,13,16,0
209,176,107,0,0,0,1,0,1,0,0,0,0,1,0,0,0,0,14,1,24,0
9137,322,134,1,0,0,0,0,0,0,0,1,1,0,0,0,0,0,22,16,5,0
9721,900,10,0,0,1,0,0,0,0,0,1,0,1,0,0,0,0,23,85,95,1
5809,438,126,0,0,1,0,0,0,0,0,1,0,0,0,0,1,0,21,19,13,0
5727,555,90,0,0,1,0,1,0,0,0,0,0,0,0,1,0,0,21,9,1,0
147,846,70,0,1,0,0,1,0,0,0,0,0,1,0,0,0,0,12,22,29,0
3333,901,158,0,0,0,1,0,1,0,0,0,0,1,0,0,0,0,20,29,14,0
9357,433,134,0,0,0,1,0,1,0,0,0,0,1,0,0,0,0,22,24,5,0
9647,72,1681,1,0,0,0,1,0,0,0,0,0,0,0,0,0,1,17,99,76,1
1448,855,159,0,0,1,0,0,0,1,0,0,0,1,0,0,0,0,19,21,15,0
1435,929,61,0,1,0,0,0,0,0,1,0,0,0,0,0,1,0,17,24,2,0
6455,140,53,0,0,0,1,1,0,0,0,0,0,0,0,0,1,0,18,9,8,0
7416,301,126,0,0,1,0,0,0,1,0,0,0,0,0,0,0,1,19,28,10,0
2874,980,111,0,0,1,0,0,1,0,0,0,1,0,0,0,0,0,9,10,18,0
3796,125,66,0,0,1,0,1,0,0,0,0,1,0,0,0,0,0,20,7,12,0
7532,414,25,0,0,1,0,1,0,0,0,0,0,0,0,1,0,0,20,26,15,0
288,854,109,1,0,0,0,1,0,0,0,0,0,0,0,0,1,0,6,28,5,0
4877,83,99,0,0,0,1,0,0,0,1,0,1,0,0,0,0,0,12,8,6,0
5460,483,34,0,0,1,0,0,0,1,0,0,0,0,0,0,0,1,12,7,26,0
1759,698,55,0,0,0,1,0,0,0,0,1,1,0,0,0,0,0,21,16,7,0
1,348,112,1,0,0,0,0,0,0,0,1,0,1,0,0,0,0,23,16,19,0
2079,39,74,0,0,1,0,0,0,0,0,1,0,1,0,0,0,0,8,12,3,0
6984,808,100,0,0,1,0,1,0,0,0,0,0,0,0,1,0,0,16,6,25,0
8982,134,72,0,1,0,0,0,1,0,0,0,0,1,0,0,0,0,23,19,6,0
8079,202,115,0,0,0,1,0,1,0,0,0,0,0,0,0,1,0,7,28,0,0
6095,604,77,0,0,0,1,0,0,0,1,0,1,0,0,0,0,0,18,0,12,0
3516,252,104,0,1,0,0,1,0,0,0,0,0,0,0,0,0,1,7,25,17,0
7354,348,74,1,0,0,0,0,0,0,1,0,0,1,0,0,0,0,19,24,0,0
7135,699,171,0,0,1,0,0,0,0,0,1,0,0,0,0,0,1,20,28,1,0
5127,890,107,1,0,0,0,0,1,0,0,0,0,0,0,1,0,0,9,24,6,0
3173,395,92,1,0,0,0,1,0,0,0,0,0,0,0,0,1,0,10,29,29,0
9582,862,1001,0,0,0,1,0,0,1,0,0,0,0,0,0,0,1,11,87,82,1
3444,305,121,1,0,0,0,0,0,0,1,0,0,0,0,0,1,0,10,9,26,0
9839,877,794,0,0,0,1,0,0,0,0,1,0,0,0,0,1,0,12,93,92,1
2758,972,108,0,0,0,1,0,0,1,0,0,0,0,0,1,0,0,17,9,21,0
243,605,239,0,1,0,0,0,0,0,0,1,1,0,0,0,0,0,11,10,29,0
158,630,94,0,0,0,1,0,1,0,0,0,0,1,0,0,0,0,9,25,15,0
1542,322,130,1,0,0,0,0,0,1,0,0,0,0,0,0,1,0,14,10,21,0
6372,8,55,0,0,0,1,0,0,0,0,1,0,0,0,0,0,1,8,12,19,0
5552,942,80,1,0,0,0,1,0,0,0,0,0,0,0,0,1,0,15,5,27,0
5454,444,16,0,0,1,0,0,0,1,0,0,1,0,0,0,0,0,15,19,14,0
3821,213,142,1,0,0,0,1,0,0,0,0,0,1,0,0,0,0,16,15,5,0
6704,825,216,0,0,0,1,0,0,1,0,0,0,1,0,0,0,0,17,0,9,0
3753,830,206,0,0,1,0,0,0,0,0,1,1,0,0,0,0,0,22,4,13,0
2243,200,103,0,1,0,0,0,1,0,0,0,1,0,0,0,0,0,17,4,15,0
5779,478,140,0,1,0,0,1,0,0,0,0,1,0,0,0,0,0,13,17,3,0
5966,178,91,0,0,1,0,1,0,0,0,0,0,0,0,0,0,1,20,17,5,0
8563,962,188,1,0,0,0,0,0,0,1,0,0,1,0,0,0,0,7,11,2,0
7500,21,135,0,0,0,1,0,0,0,1,0,0,0,0,0,0,1,9,0,1,0
364,794,165,0,0,0,1,0,0,1,0,0,0,0,0,0,0,1,8,27,4,0
365,501,92,0,1,0,0,0,0,0,1,0,0,0,0,0,0,1,10,22,3,0
928,335,98,1,0,0,0,0,1,0,0,0,0,0,0,0,0,1,6,17,9,0
1425,935,153,0,0,1,0,0,0,0,0,1,0,1,0,0,0,0,20,24,9,0
8997,462,38,0,0,1,0,0,0,0,0,1,0,0,0,1,0,0,10,6,9,0
6500,564,134,0,0,0,1,0,0,1,0,0,0,1,0,0,0,0,12,18,17,0
6589,790,123,0,0,0,1,1,0,0,0,0,0,0,0,0,1,0,15,3,13,0
7025,735,93,0,0,0,1,0,0,1,0,0,0,0,0,0,1,0,6,3,8,0
952,312,103,1,0,0,0,0,0,0,1,0,0,0,0,0,0,1,6,27,0,0
7386,297,44,0,1,0,0,0,0,0,0,1,0,1,0,0,0,0,21,8,20,0
8468,153,175,0,1,0,0,0,0,1,0,0,0,0,0,0,0,1,23,28,3,0
3044,194,96,0,0,1,0,0,0,1,0,0,0,0,0,0,0,1,23,4,19,0
260,302,46,0,1,0,0,0,1,0,0,0,1,0,0,0,0,0,17,1,21,0
2418,982,1,0,0,1,0,0,0,0,0,1,0,0,0,0,1,0,16,18,0,0
6864,331,140,0,0,0,1,1,0,0,0,0,0,0,0,0,0,1,15,12,18,0
7683,378,150,1,0,0,0,0,0,0,0,1,0,1,0,0,0,0,17,10,6,0
8327,445,153,0,0,1,0,0,1,0,0,0,0,1,0,0,0,0,18,6,23,0
5194,236,120,1,0,0,0,0,0,0,1,0,0,1,0,0,0,0,8,22,21,0
9104,859,120,0,0,1,0,0,0,0,0,1,0,0,0,0,0,1,10,11,26,0
4653,992,67,1,0,0,0,0,0,1,0,0,0,0,0,1,0,0,11,28,17,0
7496,707,163,1,0,0,0,0,0,0,0,1,1,0,0,0,0,0,8,21,17,0
6872,765,63,0,0,0,1,1,0,0,0,0,0,0,0,0,0,1,9,9,14,0
9209,379,47,1,0,0,0,0,0,0,1,0,0,0,0,0,0,1,9,10,21,0
1092,325,111,1,0,0,0,1,0,0,0,0,0,0,0,0,1,0,18,23,16,0
7114,394,202,1,0,0,0,0,0,0,1,0,0,1,0,0,0,0,14,2,0,0
2321,870,51,0,1,0,0,0,0,0,0,1,1,0,0,0,0,0,8,23,10,0
8976,374,116,0,0,1,0,1,0,0,0,0,0,1,0,0,0,0,14,8,12,0
4193,689,128,0,0,0,1,0,1,0,0,0,1,0,0,0,0,0,10,24,17,0
4845,182,16,0,1,0,0,0,0,1,0,0,0,1,0,0,0,0,16,24,4,0
186,389,66,1,0,0,0,0,1,0,0,0,0,1,0,0,0,0,9,9,29,0
2696,196,92,0,1,0,0,0,0,1,0,0,0,0,0,1,0,0,12,6,3,0
7350,257,160,0,0,0,1,0,0,0,1,0,0,0,0,1,0,0,21,11,5,0
2961,676,192,1,0,0,0,0,0,0,1,0,0,0,0,0,1,0,9,7,29,0
1203,502,146,0,1,0,0,0,0,0,0,1,0,0,0,1,0,0,23,17,24,0
5211,873,88,0,1,0,0,0,0,1,0,0,0,1,0,0,0,0,18,16,25,0
2894,380,123,0,1,0,0,0,0,1,0,0,0,0,0,1,0,0,13,28,10,0
622,9,101,1,0,0,0,1,0,0,0,0,0,1,0,0,0,0,20,10,17,0
4576,630,92,1,0,0,0,0,0,0,0,1,0,1,0,0,0,0,10,28,8,0
3523,748,91,0,0,1,0,0,0,0,0,1,0,1,0,0,0,0,7,15,22,0
2090,427,81,0,0,1,0,0,0,1,0,0,0,1,0,0,0,0,10,29,4,0
8600,916,28,1,0,0,0,0,0,0,0,1,0,0,0,1,0,0,18,0,19,0
2929,33,1,1,0,0,0,1,0,0,0,0,0,0,0,1,0,0,17,9,26,0
2916,163,67,1,0,0,0,0,0,0,1,0,0,0,0,1,0,0,13,27,21,0
5553,257,112,0,1,0,0,0,0,1,0,0,1,0,0,0,0,0,17,22,1,0
5301,587,61,0,1,0,0,0,0,0,0,1,1,0,0,0,0,0,9,11,10,0
4512,390,121,0,0,1,0,0,1,0,0,0,0,0,0,1,0,0,8,16,27,0
1809,650,82,0,0,0,1,0,0,1,0,0,0,1,0,0,0,0,13,4,21,0
8991,157,65,0,1,0,0,0,1,0,0,0,0,1,0,0,0,0,12,1,3,0
2076,848,71,0,0,1,0,0,0,0,1,0,0,0,0,0,1,0,14,14,27,0
3737,486,112,0,0,1,0,0,0,0,1,0,0,1,0,0,0,0,18,15,12,0
4982,437,80,0,1,0,0,0,0,0,1,0,0,1,0,0,0,0,20,22,9,0
1143,841,84,0,0,0,1,0,0,0,0,1,0,1,0,0,0,0,9,28,16,0
3123,279,121,0,0,0,1,0,0,1,0,0,1,0,0,0,0,0,6,17,6,0
173,240,187,0,0,0,1,0,1,0,0,0,0,0,0,0,0,1,22,25,2,0
747,470,98,0,0,0,1,0,0,1,0,0,0,1,0,0,0,0,22,14,3,0
3525,581,49,0,0,0,1,0,0,0,1,0,0,1,0,0,0,0,19,4,24,0
8028,857,119,0,0,1,0,0,1,0,0,0,0,1,0,0,0,0,13,3,13,0
2782,29,79,0,1,0,0,0,1,0,0,0,1,0,0,0,0,0,18,23,6,0
3232,71,15,0,1,0,0,1,0,0,0,0,1,0,0,0,0,0,13,20,19,0
9757,942,10,0,0,1,0,0,0,0,0,1,0,0,0,0,1,0,4,78,94,1
4014,266,172,0,0,1,0,0,0,0,1,0,0,0,0,1,0,0,12,22,14,0
8038,105,100,1,0,0,0,0,0,0,0,1,0,0,0,1,0,0,13,21,28,0
3966,273,77,0,1,0,0,0,1,0,0,0,0,0,0,0,0,1,20,27,22,0
9000,100,54,1,0,0,0,0,0,0,0,1,0,0,0,0,0,1,19,7,24,0
5549,328,90,0,1,0,0,0,1,0,0,0,1,0,0,0,0,0,23,24,22,0
6468,30,148,0,0,0,1,1,0,0,0,0,0,0,0,0,0,1,17,19,15,0
3579,579,125,0,1,0,0,0,0,0,0,1,1,0,0,0,0,0,7,10,21,0
6190,748,111,0,0,1,0,0,0,1,0,0,0,0,0,0,0,1,14,1,26,0
3792,539,112,0,0,0,1,1,0,0,0,0,1,0,0,0,0,0,20,11,26,0
6504,697,33,0,0,0,1,0,0,1,0,0,0,0,0,0,1,0,6,0,18,0
1971,801,12,0,0,0,1,1,0,0,0,0,0,0,0,0,0,1,12,5,19,0
6491,885,104,0,0,1,0,0,0,0,0,1,0,0,0,0,1,0,8,0,5,0
4562,620,110,1,0,0,0,0,1,0,0,0,1,0,0,0,0,0,13,9,17,0
488,672,165,0,0,0,1,0,0,0,1,0,0,0,0,0,1,0,15,22,1,0
3469,764,161,0,1,0,0,1,0,0,0,0,0,0,0,1,0,0,8,20,1,0
9508,739,2053,0,0,0,1,0,0,1,0,0,0,1,0,0,0,0,15,75,97,1
4734,685,91,0,0,1,0,0,0,0,1,0,0,0,0,1,0,0,9,6,23,0
8974,973,197,0,0,1,0,1,0,0,0,0,0,0,0,1,0,0,10,4,24,0
3514,254,119,0,1,0,0,0,0,1,0,0,1,0,0,0,0,0,19,16,2,0
6501,197,62,0,1,0,0,0,0,0,1,0,1,0,0,0,0,0,10,20,21,0
4430,693,57,0,0,1,0,0,0,0,1,0,0,0,0,0,0,1,13,2,17,0
1345,424,126,1,0,0,0,0,1,0,0,0,0,0,0,0,0,1,6,27,6,0
8333,103,50,0,0,1,0,0,0,0,1,0,0,0,0,0,0,1,13,4,6,0
1399,233,124,1,0,0,0,0,0,0,1,0,0,0,0,0,0,1,23,20,19,0
8296,901,91,0,0,0,1,0,0,1,0,0,0,0,0,1,0,0,15,7,2,0
3204,354,86,1,0,0,0,0,0,0,1,0,0,0,0,0,1,0,21,19,18,0
1664,962,49,0,0,0,1,0,1,0,0,0,0,0,0,0,1,0,22,29,0,0
4347,259,50,1,0,0,0,0,0,0,0,1,0,0,0,0,0,1,15,5,17,0
9999,257,2268,0,0,0,1,0,0,0,1,0,0,0,0,0,1,0,4,91,95,1
8602,676,84,0,0,0,1,0,1,0,0,0,0,0,0,1,0,0,15,21,4,0
3574,363,74,1,0,0,0,0,0,1,0,0,0,0,0,0,1,0,12,11,14,0
5941,922,71,0,0,0,1,1,0,0,0,0,0,0,0,0,1,0,7,7,21,0
7953,274,118,0,0,1,0,0,0,1,0,0,0,0,0,0,1,0,23,24,25,0
2941,840,114,0,0,0,1,0,1,0,0,0,1,0,0,0,0,0,7,20,21,0
5367,368,138,0,0,0,1,0,1,0,0,0,0,0,0,0,1,0,21,3,21,0
6569,790,119,1,0,0,0,0,1,0,0,0,0,0,0,0,0,1,11,6,10,0
8365,693,94,0,0,1,0,0,0,0,0,1,0,0,0,0,1,0,12,13,19,0
17,695,114,1,0,0,0,0,0,1,0,0,0,1,0,0,0,0,9,26,28,0
7571,46,16,0,0,0,1,0,0,0,1,0,0,0,0,0,1,0,11,2,11,0
6090,57,90,0,1,0,0,1,0,0,0,0,0,0,0,1,0,0,20,4,19,0
2238,848,54,0,1,0,0,0,0,0,0,1,0,1,0,0,0,0,6,24,6,0
3624,889,137,0,0,0,1,0,1,0,0,0,1,0,0,0,0,0,18,21,25,0
3928,911,143,0,0,1,0,0,0,1,0,0,0,1,0,0,0,0,16,7,18,0
2398,359,127,0,0,0,1,1,0,0,0,0,0,1,0,0,0,0,22,9,18,0
1787,708,152,0,0,0,1,1,0,0,0,0,0,0,0,1,0,0,18,3,21,0
159,926,81,0,1,0,0,0,0,0,1,0,0,0,0,0,1,0,11,16,28,0
3723,467,45,0,0,1,0,0,0,1,0,0,0,0,0,0,1,0,9,9,19,0
9440,291,90,0,0,1,0,0,1,0,0,0,0,0,0,0,0,1,12,12,4,0
5637,944,124,0,0,1,0,1,0,0,0,0,0,0,0,0,0,1,21,25,27,0
9798,800,1054,0,0,1,0,1,0,0,0,0,0,0,0,1,0,0,4,88,76,1
1402,205,107,0,0,0,1,0,0,0,0,1,0,0,0,0,0,1,13,14,26,0
9398,87,141,1,0,0,0,0,0,1,0,0,0,1,0,0,0,0,21,3,22,0
9962,123,4548,1,0,0,0,0,0,0,0,1,0,0,1,0,0,0,18,71,96,1
8375,734,160,1,0,0,0,1,0,0,0,0,1,0,0,0,0,0,19,22,5,0
3539,32,52,1,0,0,0,0,0,0,0,1,0,0,0,0,0,1,15,12,21,0
2607,145,8,0,0,1,0,1,0,0,0,0,1,0,0,0,0,0,14,26,14,0
1625,268,108,0,0,1,0,0,1,0,0,0,1,0,0,0,0,0,23,5,10,0
3116,526,83,1,0,0,0,0,0,0,0,1,0,0,0,0,1,0,12,16,26,0
4426,410,127,0,0,1,0,0,1,0,0,0,1,0,0,0,0,0,7,9,13,0
5425,230,76,1,0,0,0,0,1,0,0,0,0,0,0,0,0,1,22,27,26,0
5745,656,29,1,0,0,0,0,0,0,0,1,0,1,0,0,0,0,17,9,18,0
4308,592,130,1,0,0,0,0,0,0,1,0,0,0,0,0,1,0,18,23,0,0
9565,249,1881,0,0,0,1,1,0,0,0,0,0,0,0,1,0,0,11,78,70,1
8259,401,157,1,0,0,0,0,1,0,0,0,0,0,0,0,0,1,7,14,29,0
1900,586,98,0,0,1,0,0,0,0,1,0,0,0,0,0,1,0,9,28,5,0
5561,465,83,0,0,0,1,1,0,0,0,0,0,0,0,0,1,0,17,12,23,0
8677,302,58,0,0,0,1,1,0,0,0,0,1,0,0,0,0,0,21,2,9,0
8754,245,185,0,0,1,0,1,0,0,0,0,0,1,0,0,0,0,8,22,21,0
9225,928,90,1,0,0,0,1,0,0,0,0,0,1,0,0,0,0,17,19,21,0
3363,420,62,0,0,0,1,0,1,0,0,0,0,0,0,0,0,1,18,22,29,0
8531,826,101,0,1,0,0,0,1,0,0,0,0,0,0,0,0,1,8,24,27,0
8505,344,16,0,0,0,1,0,0,0,0,1,0,1,0,0,0,0,11,16,23,0
27,112,193,0,1,0,0,0,1,0,0,0,0,0,0,1,0,0,13,10,2,0
5933,300,67,0,1,0,0,1,0,0,0,0,0,0,0,1,0,0,20,11,26,0
4717,106,89,1,0,0,0,0,0,1,0,0,0,1,0,0,0,0,12,8,28,0
6021,188,95,0,0,1,0,1,0,0,0,0,0,1,0,0,0,0,22,21,13,0
2623,418,162,0,1,0,0,0,0,0,1,0,0,0,0,1,0,0,10,24,19,0
4473,567,122,0,0,1,0,1,0,0,0,0,0,1,0,0,0,0,16,3,4,0
1735,549,80,0,0,1,0,0,0,0,0,1,0,0,0,0,1,0,9,0,4,0
8629,650,106,1,0,0,0,0,0,1,0,0,0,1,0,0,0,0,15,10,22,0
3549,404,135,0,1,0,0,1,0,0,0,0,0,1,0,0,0,0,12,28,18,0
729,896,95,0,0,0,1,0,1,0,0,0,0,0,0,0,1,0,17,21,17,0
5196,218,165,0,0,1,0,0,0,1,0,0,1,0,0,0,0,0,13,23,3,0
7743,378,52,1,0,0,0,0,0,0,1,0,0,0,0,0,1,0,23,9,2,0
371,744,133,0,0,0,1,0,0,0,0,1,0,0,0,0,0,1,13,25,16,0
41,743,86,0,0,0,1,0,1,0,0,0,0,1,0,0,0,0,10,11,12,0
4534,837,113,0,0,0,1,0,0,0,1,0,0,0,0,0,1,0,9,20,5,0
5066,228,186,1,0,0,0,0,0,1,0,0,0,0,0,0,0,1,13,20,17,0
3254,57,153,0,0,1,0,1,0,0,0,0,1,0,0,0,0,0,12,9,25,0
6972,738,96,0,0,0,1,0,1,0,0,0,0,0,0,1,0,0,6,0,20,0
8655,577,52,0,0,0,1,0,0,1,0,0,0,1,0,0,0,0,11,3,9,0
6464,757,70,0,1,0,0,0,0,0,0,1,1,0,0,0,0,0,22,11,21,0
3422,558,187,0,0,0,1,0,0,0,0,1,0,0,0,0,1,0,10,1,15,0
8769,337,124,0,0,1,0,0,1,0,0,0,0,1,0,0,0,0,21,10,4,0
7412,806,127,0,0,1,0,0,0,0,1,0,0,0,0,1,0,0,20,27,0,0
5121,12,46,1,0,0,0,0,1,0,0,0,1,0,0,0,0,0,9,23,7,0
9303,441,163,0,0,1,0,0,0,0,0,1,1,0,0,0,0,0,22,0,18,0
3614,452,155,0,1,0,0,0,0,0,0,1,1,0,0,0,0,0,7,6,14,0
2871,464,104,0,1,0,0,1,0,0,0,0,0,0,0,0,0,1,10,8,29,0
4628,31,57,0,0,0,1,1,0,0,0,0,0,0,0,0,1,0,8,22,13,0
2770,232,90,0,0,0,1,0,1,0,0,0,0,0,0,1,0,0,23,21,10,0
1874,928,94,0,0,1,0,1,0,0,0,0,0,0,0,0,1,0,14,25,7,0
5847,873,103,0,0,1,0,1,0,0,0,0,0,0,0,0,0,1,8,22,29,0
7508,102,118,0,1,0,0,0,1,0,0,0,1,0,0,0,0,0,17,18,5,0
5008,377,128,0,0,0,1,0,0,0,1,0,1,0,0,0,0,0,14,10,0,0
1546,205,160,0,1,0,0,0,0,0,1,0,0,0,0,1,0,0,11,13,0,0
1341,108,11,0,1,0,0,0,0,1,0,0,1,0,0,0,0,0,23,5,25,0
8351,316,200,0,1,0,0,0,0,1,0,0,0,1,0,0,0,0,19,10,12,0
1793,67,111,1,0,0,0,0,0,1,0,0,0,0,0,0,0,1,9,21,17,0
2455,788,129,0,0,1,0,0,1,0,0,0,0,0,0,0,0,1,15,11,29,0
6870,255,137,1,0,0,0,0,0,0,1,0,1,0,0,0,0,0,18,2,27,0
5938,861,25,0,0,1,0,0,0,1,0,0,1,0,0,0,0,0,15,13,1,0
4866,122,61,0,1,0,0,0,1,0,0,0,0,0,0,1,0,0,13,7,1,0
3426,243,71,1,0,0,0,0,0,0,0,1,0,0,0,0,1,0,20,25,19,0
9399,712,5,0,0,0,1,0,0,1,0,0,0,0,0,0,1,0,7,7,14,0
1227,72,1,0,1,0,0,0,0,1,0,0,0,0,0,0,0,1,9,14,28,0
8021,433,34,0,0,1,0,1,0,0,0,0,0,0,0,0,0,1,9,21,23,0
9525,141,2875,0,0,1,0,1,0,0,0,0,0,0,1,0,0,0,10,94,84,1
1104,984,128,1,0,0,0,0,0,0,1,0,0,0,0,1,0,0,14,1,26,0
5291,771,49,0,0,0,1,0,1,0,0,0,0,0,0,1,0,0,10,29,25,0
8652,441,80,1,0,0,0,0,0,0,0,1,0,1,0,0,0,0,22,0,6,0
1489,424,52,0,0,1,0,0,0,0,1,0,0,0,0,0,0,1,9,23,15,0
7324,283,52,1,0,0,0,0,0,0,0,1,0,0,0,1,0,0,11,12,20,0
5995,610,97,0,0,0,1,0,0,0,0,1,0,0,0,0,1,0,23,20,10,0
3396,920,173,1,0,0,0,1,0,0,0,0,0,0,0,0,1,0,16,16,25,0
5710,326,140,1,0,0,0,0,0,0,0,1,0,0,0,0,1,0,17,20,10,0
5578,727,38,0,0,1,0,0,0,1,0,0,0,0,0,0,1,0,13,7,21,0
6227,846,134,0,0,1,0,0,0,0,1,0,0,0,0,1,0,0,12,4,29,0
4624,715,109,0,1,0,0,0,0,0,1,0,0,0,0,0,1,0,18,17,18,0
9131,122,80,1,0,0,0,0,0,0,0,1,0,0,0,0,0,1,11,4,25,0
9436,670,50,0,0,0,1,0,0,1,0,0,0,0,0,0,1,0,11,29,7,0
6895,279,106,0,0,0,1,0,0,1,0,0,1,0,0,0,0,0,12,26,16,0
6322,973,122,0,0,0,1,0,0,0,0,1,0,0,0,0,0,1,16,27,24,0
9109,298,27,0,0,0,1,1,0,0,0,0,0,0,0,0,1,0,18,24,23,0
9023,527,175,0,1,0,0,0,0,1,0,0,0,0,0,0,1,0,13,26,5,0
6335,953,159,0,0,0,1,1,0,0,0,0,0,1,0,0,0,0,15,26,11,0
5646,838,1,1,0,0,0,1,0,0,0,0,1,0,0,0,0,0,14,21,19,0
8699,245,40,0,0,1,0,0,0,0,1,0,0,0,0,0,0,1,17,29,24,0
4558,793,245,0,0,1,0,1,0,0,0,0,1,0,0,0,0,0,7,22,14,0
2328,27,119,1,0,0,0,0,0,0,1,0,0,0,0,1,0,0,14,18,26,0
4239,701,1,0,0,1,0,1,0,0,0,0,0,0,0,0,0,1,13,26,10,0
7218,906,50,0,1,0,0,1,0,0,0,0,0,1,0,0,0,0,19,22,3,0
3273,363,108,0,0,0,1,0,0,1,0,0,0,0,0,0,0,1,9,11,17,0
7897,868,131,0,0,0,1,0,1,0,0,0,0,0,0,1,0,0,8,13,29,0
1327,388,134,1,0,0,0,0,0,1,0,0,0,0,0,1,0,0,21,12,28,0
7858,714,102,0,1,0,0,0,0,0,0,1,0,0,0,0,0,1,20,24,1,0
4165,620,24,0,0,1,0,0,0,0,1,0,0,0,0,0,1,0,13,1,0,0
9343,727,127,1,0,0,0,0,1,0,0,0,1,0,0,0,0,0,15,25,27,0
8682,223,143,0,0,0,1,0,0,1,0,0,0,0,0,0,1,0,6,10,5,0
2820,257,85,0,0,1,0,0,1,0,0,0,0,1,0,0,0,0,15,3,21,0
5786,813,116,0,0,1,0,0,0,0,1,0,0,1,0,0,0,0,7,4,1,0
7281,249,118,0,0,1,0,0,0,0,1,0,0,0,0,1,0,0,8,6,16,0
647,857,114,0,0,1,0,0,0,0,1,0,0,0,0,1,0,0,17,9,4,0
4841,275,109,1,0,0,0,1,0,0,0,0,0,0,0,0,0,1,20,1,23,0
8027,78,164,0,0,1,0,1,0,0,0,0,0,0,0,0,0,1,7,24,15,0
7780,838,59,0,1,0,0,0,1,0,0,0,0,0,0,0,0,1,7,27,3,0
9374,56,154,1,0,0,0,0,0,0,0,1,0,1,0,0,0,0,15,7,5,0
3600,862,96,0,1,0,0,0,1,0,0,0,1,0,0,0,0,0,8,1,20,0
8053,563,9,0,0,1,0,0,1,0,0,0,0,0,0,0,1,0,12,21,26,0
1070,552,149,0,0,1,0,1,0,0,0,0,0,0,0,0,0,1,21,20,13,0
9404,600,16,0,0,0,1,1,0,0,0,0,0,0,0,1,0,0,18,14,9,0
7462,232,37,0,0,1,0,0,1,0,0,0,0,1,0,0,0,0,17,14,11,0
8281,440,90,0,1,0,0,1,0,0,0,0,0,1,0,0,0,0,9,20,18,0
451,506,80,0,1,0,0,0,0,0,0,1,1,0,0,0,0,0,14,19,24,0
9143,793,36,1,0,0,0,0,0,1,0,0,0,1,0,0,0,0,17,26,13,0
8321,665,135,0,1,0,0,0,1,0,0,0,1,0,0,0,0,0,17,23,26,0
4143,74,77,1,0,0,0,0,1,0,0,0,0,0,0,0,1,0,6,13,12,0
2197,327,89,0,0,1,0,1,0,0,0,0,0,0,0,1,0,0,10,9,8,0
7630,584,165,0,1,0,0,0,1,0,0,0,1,0,0,0,0,0,21,17,1,0
9355,315,134,0,0,0,1,0,0,0,1,0,0,0,0,1,0,0,18,11,19,0
1621,937,74,0,0,1,0,1,0,0,0,0,0,0,0,0,0,1,13,5,11,0
7171,833,24,0,0,1,0,1,0,0,0,0,0,0,0,0,0,1,9,5,0,0
8717,270,58,1,0,0,0,0,0,0,0,1,0,0,0,0,1,0,6,0,19,0
9513,641,22,0,0,1,0,0,0,0,1,0,0,0,0,0,1,0,4,80,76,1
7795,208,64,0,0,0,1,0,0,0,1,0,0,1,0,0,0,0,15,8,0,0
3167,754,118,0,1,0,0,0,0,0,1,0,0,0,0,0,1,0,21,14,16,0
4666,365,152,0,0,0,1,1,0,0,0,0,0,0,0,0,1,0,16,24,14,0
9144,711,1,0,0,1,0,1,0,0,0,0,0,0,0,0,1,0,21,10,6,0
3317,434,188,0,0,1,0,0,0,0,0,1,0,0,0,1,0,0,19,0,19,0
664,876,191,0,0,0,1,0,0,1,0,0,0,0,0,0,1,0,18,9,5,0
830,479,131,0,0,0,1,0,0,0,0,1,0,0,0,0,1,0,10,0,17,0
7566,667,107,1,0,0,0,0,0,0,0,1,0,0,0,0,0,1,17,13,24,0
2759,762,181,0,0,1,0,1,0,0,0,0,0,0,0,0,0,1,20,6,16,0
9709,418,2473,0,0,0,1,0,1,0,0,0,1,0,0,0,0,0,21,97,73,1
8970,581,105,0,0,0,1,0,0,0,1,0,0,0,0,1,0,0,19,2,16,0
5815,727,117,0,1,0,0,1,0,0,0,0,1,0,0,0,0,0,19,6,9,0
6060,310,25,1,0,0,0,0,0,0,0,1,0,0,0,0,0,1,18,5,9,0
5797,769,44,0,0,1,0,0,1,0,0,0,0,0,0,1,0,0,18,20,10,0
4933,768,108,0,0,0,1,0,1,0,0,0,0,1,0,0,0,0,10,19,27,0
9654,243,10,0,0,1,0,1,0,0,0,0,0,0,0,0,0,1,21,77,80,1
2765,269,87,0,0,0,1,0,1,0,0,0,0,0,0,0,0,1,13,28,22,0
920,888,76,0,0,0,1,0,0,0,0,1,0,1,0,0,0,0,7,26,29,0
2754,149,62,0,1,0,0,0,0,0,1,0,0,0,0,1,0,0,20,11,9,0
7129,170,116,0,0,1,0,0,1,0,0,0,0,1,0,0,0,0,13,16,6,0
2901,941,55,0,0,1,0,0,0,0,1,0,0,0,0,0,0,1,16,12,1,0
1593,484,160,0,1,0,0,0,0,0,0,1,0,0,0,1,0,0,7,26,3,0
2979,383,140,1,0,0,0,0,0,0,0,1,0,0,0,1,0,0,10,6,7,0
7434,373,114,0,1,0,0,0,1,0,0,0,0,1,0,0,0,0,14,25,10,0
4956,306,107,1,0,0,0,0,0,0,1,0,0,0,0,0,0,1,13,13,26,0
7672,790,184,1,0,0,0,0,0,1,0,0,0,0,0,1,0,0,8,20,28,0
6035,388,148,0,0,0,1,1,0,0,0,0,0,1,0,0,0,0,22,12,19,0
6564,228,57,0,0,1,0,0,0,1,0,0,0,0,0,1,0,0,21,16,3,0
356,155,211,0,0,1,0,0,1,0,0,0,0,0,0,1,0,0,22,4,18,0
904,883,96,0,1,0,0,0,0,0,1,0,0,0,0,0,1,0,23,18,11,0
4550,278,78,0,0,0,1,0,1,0,0,0,1,0,0,0,0,0,17,5,27,0
1454,793,112,0,0,0,1,0,1,0,0,0,0,1,0,0,0,0,21,17,3,0
227,905,202,1,0,0,0,0,0,0,0,1,0,0,0,0,1,0,13,12,23,0
3799,409,88,0,0,1,0,0,1,0,0,0,0,0,0,0,0,1,12,2,19,0
8446,526,115,0,1,0,0,1,0,0,0,0,0,1,0,0,0,0,19,29,10,0
40,140,60,0,0,1,0,0,1,0,0,0,0,0,0,1,0,0,19,18,20,0
2151,543,140,1,0,0,0,0,0,0,0,1,0,0,0,0,0,1,10,18,16,0
6546,210,38,0,0,1,0,0,0,0,0,1,0,0,0,0,0,1,23,23,15,0
5693,132,153,0,1,0,0,0,0,0,0,1,0,1,0,0,0,0,8,14,29,0
1676,922,101,0,0,0,1,0,1,0,0,0,0,0,0,1,0,0,7,8,13,0
8812,818,128,0,0,0,1,0,0,0,1,0,0,0,0,0,1,0,6,16,15,0
3002,422,79,0,0,0,1,0,0,1,0,0,0,0,0,0,1,0,10,22,6,0
3646,519,21,0,1,0,0,0,0,1,0,0,0,0,0,1,0,0,6,24,22,0
9829,587,198,0,0,0,1,0,0,0,1,0,0,1,0,0,0,0,1,98,75,1
1835,154,51,0,0,0,1,0,1,0,0,0,0,0,0,0,0,1,13,10,26,0
5052,231,120,0,1,0,0,0,1,0,0,0,0,1,0,0,0,0,19,20,0,0
5375,310,73,0,0,0,1,0,1,0,0,0,0,0,0,1,0,0,14,15,20,0
6797,999,44,0,0,0,1,0,0,0,0,1,1,0,0,0,0,0,10,28,1,0
709,753,127,0,1,0,0,0,0,1,0,0,1,0,0,0,0,0,15,24,14,0
1260,865,155,0,1,0,0,0,0,1,0,0,0,1,0,0,0,0,17,20,14,0
8243,797,38,0,1,0,0,0,1,0,0,0,0,1,0,0,0,0,12,13,6,0
309,532,61,0,0,0,1,1,0,0,0,0,1,0,0,0,0,0,9,18,14,0
6669,496,113,0,0,1,0,0,0,0,1,0,1,0,0,0,0,0,9,5,19,0
1598,570,128,0,1,0,0,0,0,0,0,1,0,0,0,0,1,0,10,15,11,0
7982,559,56,0,0,1,0,0,0,0,0,1,0,0,0,1,0,0,20,22,1,0
3581,721,144,0,0,1,0,0,1,0,0,0,1,0,0,0,0,0,16,0,27,0
6271,111,214,0,0,1,0,0,0,1,0,0,0,1,0,0,0,0,22,4,21,0
1519,517,77,0,0,0,1,0,0,0,0,1,0,1,0,0,0,0,6,14,14,0
347,408,144,0,0,1,0,1,0,0,0,0,0,0,0,0,1,0,22,3,28,0
4479,802,137,0,1,0,0,0,0,1,0,0,0,0,0,0,1,0,13,7,29,0
4637,497,207,0,1,0,0,0,0,0,1,0,0,0,0,0,1,0,13,0,26,0
5714,251,13,0,1,0,0,0,0,1,0,0,0,0,0,0,0,1,17,10,11,0
6805,57,137,0,0,0,1,0,0,0,1,0,0,0,0,1,0,0,19,24,5,0
7024,617,151,0,1,0,0,0,0,1,0,0,0,0,0,0,1,0,13,12,7,0
2819,575,135,0,1,0,0,0,0,0,0,1,0,0,0,1,0,0,13,28,25,0
4848,321,26,0,0,0,1,0,0,0,1,0,0,0,0,0,0,1,12,25,16,0
7271,111,49,0,1,0,0,0,0,0,0,1,0,0,0,0,1,0,15,15,14,0
2115,187,176,0,0,1,0,0,0,0,1,0,0,0,0,0,1,0,21,18,23,0
4571,889,80,0,0,0,1,0,1,0,0,0,0,0,0,0,0,1,9,15,17,0
1386,720,110,1,0,0,0,0,0,1,0,0,0,1,0,0,0,0,7,25,14,0
1880,295,146,0,0,0,1,0,0,1,0,0,0,0,0,0,1,0,9,12,3,0
9006,742,91,1,0,0,0,0,1,0,0,0,1,0,0,0,0,0,15,17,4,0
960,625,185,0,1,0,0,0,0,0,1,0,0,1,0,0,0,0,11,8,13,0
5871,556,90,1,0,0,0,0,0,1,0,0,0,0,0,1,0,0,6,10,4,0
9710,129,701,0,1,0,0,0,0,0,1,0,0,0,0,0,0,1,6,91,87,1
5461,305,170,0,0,0,1,1,0,0,0,0,0,0,0,1,0,0,8,27,15,0
6657,50,82,0,0,0,1,0,0,0,1,0,0,0,0,0,0,1,8,19,2,0
2545,384,94,0,0,0,1,0,0,0,1,0,0,0,0,0,0,1,12,1,6,0
6821,453,99,1,0,0,0,0,0,0,0,1,0,0,0,0,0,1,23,22,16,0
5968,771,170,0,0,0,1,0,0,0,0,1,0,0,0,1,0,0,23,27,2,0
2477,962,94,1,0,0,0,0,0,0,0,1,1,0,0,0,0,0,9,10,3,0
8293,280,30,0,0,1,0,1,0,0,0,0,0,0,0,0,1,0,16,19,22,0
3881,757,117,0,0,1,0,0,1,0,0,0,0,0,0,1,0,0,17,20,12,0
7816,934,60,0,0,0,1,0,0,0,1,0,0,0,0,1,0,0,11,20,16,0
589,92,126,1,0,0,0,0,0,0,1,0,0,1,0,0,0,0,21,29,12,0
6523,698,148,1,0,0,0,1,0,0,0,0,0,1,0,0,0,0,23,19,15,0
3062,777,143,0,0,0,1,0,0,0,0,1,1,0,0,0,0,0,20,12,10,0
3669,225,104,0,0,0,1,0,0,0,1,0,0,1,0,0,0,0,12,6,3,0
6117,411,76,0,0,1,0,0,1,0,0,0,1,0,0,0,0,0,22,16,6,0
9150,256,101,1,0,0,0,0,1,0,0,0,0,0,0,1,0,0,16,10,15,0
1926,951,100,0,1,0,0,0,1,0,0,0,0,0,0,1,0,0,13,0,26,0
8594,912,113,1,0,0,0,0,0,0,1,0,0,0,0,0,1,0,8,0,23,0
2396,915,115,0,1,0,0,0,0,1,0,0,0,0,0,0,1,0,20,13,29,0
8237,573,16,1,0,0,0,0,0,1,0,0,0,1,0,0,0,0,11,23,26,0
6185,208,137,0,1,0,0,0,0,1,0,0,0,1,0,0,0,0,12,5,18,0
3877,176,132,0,0,0,1,0,0,0,1,0,0,0,0,1,0,0,6,12,1,0
4656,536,48,0,0,1,0,0,0,1,0,0,0,0,0,1,0,0,23,7,13,0
487,565,138,0,0,0,1,1,0,0,0,0,0,1,0,0,0,0,9,9,26,0
3376,629,148,1,0,0,0,0,0,1,0,0,0,0,0,0,1,0,6,2,7,0
2320,850,136,0,0,0,1,1,0,0,0,0,1,0,0,0,0,0,21,17,6,0
911,673,183,1,0,0,0,0,0,1,0,0,0,0,0,0,0,1,16,8,6,0
4187,552,106,0,0,1,0,0,0,1,0,0,0,0,0,1,0,0,19,17,8,0
5173,39,92,0,0,1,0,0,1,0,0,0,0,0,0,0,0,1,17,0,5,0
8168,186,53,0,1,0,0,0,1,0,0,0,0,0,0,1,0,0,19,29,13,0
7828,908,98,0,0,0,1,0,1,0,0,0,0,0,0,0,1,0,7,14,0,0
1523,871,113,1,0,0,0,0,0,0,0,1,0,0,0,0,0,1,21,18,10,0
5673,234,195,1,0,0,0,0,0,1,0,0,0,0,0,0,0,1,13,2,4,0
3901,167,120,0,1,0,0,0,1,0,0,0,0,0,0,0,1,0,20,7,16,0
5971,63,136,0,1,0,0,0,0,1,0,0,0,0,0,1,0,0,21,20,20,0
3757,113,115,0,0,1,0,1,0,0,0,0,1,0,0,0,0,0,23,19,11,0
6706,28,121,0,0,0,1,0,0,0,1,0,0,0,0,0,0,1,18,22,2,0
7613,375,129,0,0,0,1,0,0,0,1,0,0,0,0,1,0,0,18,1,9,0
4703,556,1,1,0,0,0,1,0,0,0,0,0,0,0,0,1,0,18,4,2,0
9019,441,99,1,0,0,0,0,0,0,0,1,0,1,0,0,0,0,17,12,15,0
2709,951,156,0,1,0,0,0,0,0,0,1,1,0,0,0,0,0,17,5,24,0
8964,988,174,0,0,0,1,0,0,1,0,0,0,0,0,0,0,1,11,19,20,0
5482,91,199,0,0,0,1,0,0,0,1,0,1,0,0,0,0,0,8,6,14,0
563,272,121,0,1,0,0,0,0,0,1,0,0,0,0,0,0,1,17,2,15,0
1101,64,99,0,0,0,1,0,1,0,0,0,0,0,0,0,0,1,22,2,13,0
9276,567,162,0,0,1,0,0,0,0,0,1,0,0,0,0,0,1,23,26,12,0
1186,68,64,0,0,0,1,0,0,0,1,0,1,0,0,0,0,0,23,9,3,0
538,695,178,0,1,0,0,0,1,0,0,0,0,1,0,0,0,0,6,8,4,0
2031,189,118,0,1,0,0,1,0,0,0,0,1,0,0,0,0,0,23,23,9,0
8737,65,102,1,0,0,0,0,0,0,1,0,0,0,0,0,1,0,9,6,25,0
1479,821,135,0,1,0,0,0,0,1,0,0,0,0,0,1,0,0,14,17,26,0
5767,485,205,0,0,0,1,0,1,0,0,0,0,0,0,0,1,0,7,21,18,0
5949,549,179,1,0,0,0,0,0,1,0,0,1,0,0,0,0,0,23,18,15,0
1718,698,130,0,0,1,0,1,0,0,0,0,0,0,0,1,0,0,10,15,12,0
6777,266,159,0,0,0,1,0,0,1,0,0,1,0,0,0,0,0,14,2,8,0
5589,722,74,1,0,0,0,0,0,1,0,0,0,1,0,0,0,0,22,12,12,0
648,717,43,0,0,1,0,0,0,0,0,1,1,0,0,0,0,0,17,21,24,0
2534,246,118,0,1,0,0,0,0,1,0,0,1,0,0,0,0,0,11,11,28,0
786,750,148,0,1,0,0,0,0,1,0,0,0,0,0,1,0,0,14,12,12,0
9117,279,115,0,0,1,0,0,0,1,0,0,0,0,0,0,0,1,8,16,29,0
5898,785,84,0,1,0,0,1,0,0,0,0,0,0,0,1,0,0,19,23,9,0
1080,308,1,1,0,0,0,0,0,1,0,0,1,0,0,0,0,0,22,10,17,0
7933,678,1,0,1,0,0,1,0,0,0,0,0,0,0,0,0,1,23,17,2,0
3705,140,186,0,0,0,1,0,0,0,0,1,0,0,0,0,1,0,23,15,8,0
7245,285,128,1,0,0,0,0,0,1,0,0,0,1,0,0,0,0,21,15,24,0
3395,537,145,0,1,0,0,1,0,0,0,0,1,0,0,0,0,0,12,22,14,0
241,430,107,0,0,0,1,0,0,1,0,0,1,0,0,0,0,0,9,0,9,0
3635,974,111,0,0,0,1,1,0,0,0,0,1,0,0,0,0,0,14,29,8,0
5245,544,185,1,0,0,0,0,0,0,0,1,0,0,0,0,0,1,19,0,12,0
4891,580,97,1,0,0,0,0,0,1,0,0,0,0,0,0,0,1,7,18,10,0
6692,296,195,1,0,0,0,0,1,0,0,0,0,1,0,0,0,0,14,12,18,0
6305,611,148,0,1,0,0,0,0,0,0,1,0,1,0,0,0,0,6,5,26,0
7469,176,142,1,0,0,0,0,0,0,1,0,1,0,0,0,0,0,12,29,20,0
1849,856,164,0,1,0,0,0,0,0,0,1,0,1,0,0,0,0,21,27,6,0
2727,211,56,0,1,0,0,0,1,0,0,0,0,0,0,1,0,0,6,7,25,0
3047,880,84,0,0,0,1,0,0,0,0,1,1,0,0,0,0,0,20,20,24,0
4173,378,43,0,0,0,1,0,1,0,0,0,0,1,0,0,0,0,10,14,26,0
8571,309,135,1,0,0,0,0,0,1,0,0,0,0,0,0,1,0,14,8,2,0
7769,913,28,0,1,0,0,0,0,1,0,0,1,0,0,0,0,0,13,9,17,0
7291,918,106,1,0,0,0,0,1,0,0,0,0,0,0,0,1,0,12,15,4,0
7332,797,146,1,0,0,0,0,0,0,1,0,1,0,0,0,0,0,15,6,0,0
455,460,77,1,0,0,0,0,0,0,0,1,0,1,0,0,0,0,6,17,7,0
1485,92,83,0,0,0,1,0,0,1,0,0,0,0,0,0,0,1,14,18,16,0
919,901,21,1,0,0,0,0,0,1,0,0,0,0,0,0,1,0,16,10,18,0
2732,446,115,1,0,0,0,0,0,0,1,0,0,1,0,0,0,0,21,9,12,0
6908,977,93,0,0,1,0,0,1,0,0,0,0,0,0,0,1,0,11,5,25,0
5722,44,157,0,0,1,0,0,0,0,0,1,1,0,0,0,0,0,12,15,20,0
7475,550,57,0,0,0,1,0,0,1,0,0,0,1,0,0,0,0,14,15,8,0
6316,335,81,0,0,0,1,0,0,1,0,0,0,0,0,0,0,1,20,13,10,0
3336,741,63,0,1,0,0,0,1,0,0,0,1,0,0,0,0,0,22,11,18,0
8009,971,76,0,1,0,0,1,0,0,0,0,0,0,0,1,0,0,18,21,4,0
6249,48,44,0,1,0,0,0,1,0,0,0,0,0,0,0,1,0,18,7,10,0
9368,843,175,0,0,0,1,0,0,0,1,0,0,1,0,0,0,0,23,15,24,0
5036,815,110,0,0,1,0,0,0,0,1,0,1,0,0,0,0,0,10,7,19,0
8695,62,63,1,0,0,0,0,0,1,0,0,1,0,0,0,0,0,15,17,6,0
4179,282,108,0,0,1,0,0,0,1,0,0,0,0,0,1,0,0,10,11,10,0
4254,0,94,1,0,0,0,0,1,0,0,0,0,1,0,0,0,0,22,2,25,0
1673,377,44,0,1,0,0,0,0,0,0,1,0,0,0,0,1,0,15,16,11,0
2953,387,125,0,0,1,0,0,1,0,0,0,0,0,0,0,1,0,23,13,24,0
7629,78,99,1,0,0,0,0,1,0,0,0,0,0,0,1,0,0,22,23,22,0
1206,549,85,0,1,0,0,0,0,0,1,0,0,0,0,0,0,1,14,2,7,0
1655,735,126,1,0,0,0,1,0,0,0,0,0,1,0,0,0,0,18,13,6,0
1800,73,147,1,0,0,0,1,0,0,0,0,1,0,0,0,0,0,10,4,1,0
4043,985,57,0,1,0,0,0,0,0,1,0,0,0,0,0,0,1,19,7,0,0
2265,264,121,0,0,1,0,0,0,0,1,0,0,1,0,0,0,0,21,10,27,0
697,302,158,1,0,0,0,0,0,0,1,0,0,1,0,0,0,0,6,2,22,0
3027,617,73,1,0,0,0,0,1,0,0,0,1,0,0,0,0,0,21,29,3,0
64,74,149,0,1,0,0,0,0,1,0,0,0,0,0,1,0,0,8,21,19,0
3010,340,175,1,0,0,0,0,1,0,0,0,0,1,0,0,0,0,8,12,22,0
8973,52,93,0,0,0,1,0,0,0,0,1,0,0,0,0,1,0,10,13,16,0
5658,178,125,0,0,1,0,0,0,0,1,0,0,0,0,0,0,1,15,6,21,0
1884,165,67,0,0,0,1,0,0,0,0,1,0,0,0,0,0,1,19,6,0,0
3758,110,116,0,0,1,0,1,0,0,0,0,0,1,0,0,0,0,23,8,6,0
9763,20,2983,1,0,0,0,1,0,0,0,0,0,0,0,1,0,0,7,73,84,1
9813,19,6256,0,0,0,1,0,0,0,1,0,0,1,0,0,0,0,15,78,94,1
4834,790,167,0,1,0,0,0,0,0,1,0,0,0,0,1,0,0,10,8,23,0
9657,590,10430,1,0,0,0,0,0,0,0,1,1,0,0,0,0,0,8,97,72,1
4865,179,149,0,1,0,0,0,1,0,0,0,1,0,0,0,0,0,23,28,1,0
4826,995,88,0,1,0,0,0,0,0,0,1,0,0,0,0,1,0,14,16,24,0
4798,300,69,0,0,0,1,0,0,0,1,0,0,1,0,0,0,0,23,21,26,0
7649,181,206,1,0,0,0,1,0,0,0,0,0,0,0,0,0,1,18,6,1,0
7031,441,133,0,0,0,1,0,0,0,0,1,0,1,0,0,0,0,10,27,26,0
5076,87,47,0,0,0,1,1,0,0,0,0,0,0,0,0,1,0,23,1,12,0
9585,696,4868,1,0,0,0,0,0,0,0,1,0,1,0,0,0,0,6,74,95,1
2416,686,30,1,0,0,0,0,1,0,0,0,1,0,0,0,0,0,18,28,24,0
8193,392,103,0,0,0,1,0,0,0,0,1,0,1,0,0,0,0,6,25,3,0
1253,625,121,0,1,0,0,1,0,0,0,0,0,0,0,0,1,0,15,2,24,0
9179,198,35,1,0,0,0,0,0,0,0,1,0,0,0,0,1,0,16,1,6,0
2087,200,108,0,0,1,0,0,1,0,0,0,0,0,0,0,1,0,22,28,5,0
8140,207,126,0,0,0,1,0,1,0,0,0,0,1,0,0,0,0,12,17,0,0
6046,765,37,0,0,0,1,1,0,0,0,0,1,0,0,0,0,0,14,16,18,0
4218,784,107,0,0,0,1,1,0,0,0,0,0,0,0,0,0,1,6,28,28,0
9712,548,1220,0,0,0,1,0,0,1,0,0,0,0,1,0,0,0,9,90,88,1
8214,298,1,0,0,1,0,1,0,0,0,0,1,0,0,0,0,0,10,26,6,0
6762,505,93,1,0,0,0,0,0,0,0,1,0,0,0,1,0,0,16,27,25,0
3825,84,75,0,1,0,0,0,0,0,0,1,0,0,0,1,0,0,11,15,9,0
5084,435,174,1,0,0,0,1,0,0,0,0,0,0,0,0,0,1,13,7,15,0
6800,738,35,0,0,0,1,1,0,0,0,0,0,0,0,0,0,1,15,19,23,0
8266,466,5,0,0,1,0,0,0,1,0,0,0,0,0,0,0,1,20,10,23,0
5336,743,76,0,0,0,1,0,0,0,1,0,0,0,0,0,1,0,21,3,4,0
949,375,24,0,1,0,0,0,1,0,0,0,1,0,0,0,0,0,6,22,17,0
7329,751,44,0,0,0,1,0,1,0,0,0,0,0,0,0,1,0,19,7,20,0
7603,575,171,1,0,0,0,0,1,0,0,0,0,0,0,0,1,0,12,27,6,0
4446,988,117,0,1,0,0,0,0,1,0,0,0,0,0,1,0,0,6,17,16,0
659,960,106,0,0,0,1,0,0,0,1,0,0,1,0,0,0,0,18,12,0,0
2749,453,124,0,1,0,0,0,1,0,0,0,1,0,0,0,0,0,11,9,28,0
9180,210,12,1,0,0,0,0,0,0,0,1,0,0,0,0,1,0,9,24,24,0
2991,883,107,0,0,1,0,0,1,0,0,0,0,1,0,0,0,0,14,15,25,0
3110,385,114,0,0,0,1,0,1,0,0,0,1,0,0,0,0,0,19,12,3,0
3813,539,88,0,1,0,0,1,0,0,0,0,0,1,0,0,0,0,12,5,15,0
3937,498,39,1,0,0,0,0,1,0,0,0,0,0,0,0,0,1,8,18,26,0
1505,138,62,0,1,0,0,0,0,0,1,0,0,0,0,0,1,0,12,20,7,0
5488,371,102,0,1,0,0,1,0,0,0,0,0,1,0,0,0,0,10,3,24,0
9203,46,55,1,0,0,0,1,0,0,0,0,0,0,0,0,1,0,17,21,25,0
9281,140,93,0,0,0,1,0,0,0,0,1,0,0,0,0,1,0,20,1,19,0
845,832,124,1,0,0,0,0,1,0,0,0,0,0,0,0,1,0,16,26,21,0
4132,848,138,1,0,0,0,1,0,0,0,0,0,0,0,1,0,0,15,19,5,0
9492,460,68,0,0,1,0,0,0,1,0,0,0,0,0,0,0,1,6,14,15,0
9864,273,2499,0,1,0,0,0,0,0,1,0,0,1,0,0,0,0,22,80,71,1
8613,3,108,0,1,0,0,0,0,1,0,0,0,0,0,0,0,1,17,19,9,0
9473,665,37,0,0,1,0,1,0,0,0,0,0,0,0,0,1,0,15,25,14,0
8103,933,16,0,0,0,1,1,0,0,0,0,0,0,0,0,1,0,15,1,2,0
5594,343,203,0,0,0,1,0,0,0,1,0,0,1,0,0,0,0,13,11,18,0
1626,266,38,0,0,1,0,0,0,0,0,1,0,0,0,0,1,0,21,28,4,0
3013,409,111,0,1,0,0,0,0,1,0,0,1,0,0,0,0,0,18,19,6,0
4176,236,64,1,0,0,0,1,0,0,0,0,0,0,0,0,0,1,23,11,28,0
3360,938,53,0,0,0,1,0,0,1,0,0,0,0,0,1,0,0,17,9,15,0
4424,531,103,0,0,1,0,0,0,0,0,1,0,1,0,0,0,0,11,23,24,0
8011,886,142,1,0,0,0,0,0,0,0,1,0,0,0,0,1,0,9,17,1,0
7252,292,152,0,0,0,1,0,0,1,0,0,0,0,0,0,1,0,18,9,7,0
1952,379,140,1,0,0,0,0,0,1,0,0,0,0,0,1,0,0,20,29,9,0
8617,869,179,1,0,0,0,0,0,0,1,0,0,0,0,0,0,1,23,14,29,0
6131,601,67,0,0,0,1,0,0,1,0,0,0,0,0,1,0,0,11,8,24,0
6748,832,132,0,1,0,0,0,1,0,0,0,0,0,0,0,0,1,19,12,5,0
5140,971,75,0,0,0,1,0,0,0,0,1,0,0,0,0,0,1,7,7,1,0
379,664,151,0,0,1,0,0,1,0,0,0,0,0,0,0,0,1,6,26,23,0
9083,782,105,0,0,1,0,0,0,1,0,0,0,0,0,0,1,0,12,19,21,0
1698,768,119,0,0,0,1,1,0,0,0,0,0,1,0,0,0,0,19,11,17,0
9207,12,116,0,0,1,0,0,1,0,0,0,0,0,0,0,1,0,13,22,10,0
2867,554,138,0,0,0,1,0,0,1,0,0,0,1,0,0,0,0,16,15,28,0
3797,176,115,0,1,0,0,0,1,0,0,0,0,0,0,0,0,1,7,5,26,0
5860,415,103,0,0,1,0,0,0,1,0,0,0,0,0,1,0,0,21,18,17,0
153,58,139,0,0,0,1,1,0,0,0,0,1,0,0,0,0,0,10,20,4,0
4145,188,156,1,0,0,0,1,0,0,0,0,0,0,0,0,1,0,14,15,0,0
3676,0,79,1,0,0,0,1,0,0,0,0,0,1,0,0,0,0,6,26,15,0
7575,479,78,0,0,0,1,0,0,0,0,1,0,0,0,1,0,0,10,6,24,0
7734,176,71,0,1,0,0,0,1,0,0,0,0,0,0,1,0,0,17,5,17,0
630,498,157,0,0,0,1,1,0,0,0,0,0,0,0,0,1,0,18,19,23,0
2693,229,68,0,1,0,0,0,1,0,0,0,0,0,0,0,1,0,12,1,25,0
7939,848,133,1,0,0,0,0,1,0,0,0,0,0,0,0,1,0,10,20,2,0
3873,295,122,0,0,0,1,0,0,1,0,0,0,0,0,0,1,0,11,12,27,0
3319,206,199,0,0,1,0,0,1,0,0,0,0,0,0,0,0,1,19,1,24,0
797,111,130,0,1,0,0,0,0,1,0,0,0,0,0,0,1,0,9,25,13,0
6801,1,49,0,0,1,0,0,0,0,0,1,0,1,0,0,0,0,21,16,0,0
7985,11,155,1,0,0,0,1,0,0,0,0,0,1,0,0,0,0,15,10,13,0
6243,966,42,0,0,0,1,0,1,0,0,0,0,0,0,0,1,0,13,26,24,0
2413,692,66,0,0,1,0,0,0,1,0,0,0,0,0,0,0,1,15,24,10,0
277,527,115,0,0,1,0,1,0,0,0,0,0,1,0,0,0,0,14,10,27,0
7957,597,78,1,0,0,0,1,0,0,0,0,0,1,0,0,0,0,11,6,18,0
7195,279,129,1,0,0,0,0,1,0,0,0,0,0,0,0,1,0,8,6,29,0
1539,634,23,0,0,0,1,0,1,0,0,0,0,0,0,1,0,0,14,17,7,0
7376,499,150,0,1,0,0,0,0,0,1,0,0,0,0,0,0,1,13,22,29,0
7569,370,131,1,0,0,0,0,0,0,1,0,0,1,0,0,0,0,8,7,5,0
3703,529,128,0,0,1,0,1,0,0,0,0,1,0,0,0,0,0,21,20,2,0
4491,218,147,0,1,0,0,0,0,1,0,0,0,0,0,1,0,0,18,25,20,0
3711,443,13,1,0,0,0,0,0,1,0,0,0,1,0,0,0,0,6,13,29,0
6671,322,201,1,0,0,0,0,0,0,1,0,0,1,0,0,0,0,9,7,11,0
2600,985,68,0,1,0,0,0,1,0,0,0,0,0,0,1,0,0,7,13,4,0
4497,60,102,0,0,0,1,0,1,0,0,0,0,0,0,0,1,0,19,0,22,0
1696,539,104,0,1,0,0,1,0,0,0,0,1,0,0,0,0,0,13,22,11,0
3288,908,154,1,0,0,0,0,0,0,0,1,1,0,0,0,0,0,7,14,6,0
6354,866,142,1,0,0,0,1,0,0,0,0,0,0,0,0,1,0,6,6,18,0
5470,803,161,0,0,0,1,0,0,1,0,0,0,0,0,1,0,0,21,29,25,0
7436,732,125,0,1,0,0,0,1,0,0,0,0,1,0,0,0,0,23,0,12,0
9285,69,51,1,0,0,0,0,0,1,0,0,0,1,0,0,0,0,13,26,5,0
6511,870,111,1,0,0,0,0,0,1,0,0,0,1,0,0,0,0,10,28,16,0
4825,815,5,0,1,0,0,0,0,0,1,0,1,0,0,0,0,0,15,8,6,0
8658,981,32,1,0,0,0,1,0,0,0,0,0,0,0,0,0,1,16,3,7,0
2473,725,130,0,0,0,1,0,0,0,1,0,0,0,0,1,0,0,21,19,14,0
3112,568,18,0,0,0,1,0,1,0,0,0,0,0,0,0,0,1,16,5,24,0
3435,848,173,0,0,0,1,0,0,0,0,1,0,0,0,0,0,1,10,21,4,0
2377,366,129,0,0,0,1,0,1,0,0,0,0,1,0,0,0,0,12,9,27,0
4861,355,122,0,1,0,0,0,0,0,1,0,0,0,0,0,0,1,22,28,15,0
2684,875,69,0,1,0,0,0,0,1,0,0,0,0,0,0,1,0,22,21,14,0
234,100,143,0,0,0,1,0,0,0,1,0,0,0,0,0,1,0,17,21,6,0
2452,974,151,0,1,0,0,0,0,1,0,0,0,0,0,1,0,0,22,9,29,0
1119,24,140,0,0,0,1,0,0,0,0,1,0,0,0,1,0,0,18,8,5,0
7198,679,98,0,0,0,1,0,1,0,0,0,0,0,0,0,0,1,23,24,13,0
8983,57,122,0,0,0,1,0,0,1,0,0,0,0,0,0,0,1,12,19,5,0
6356,336,157,0,1,0,0,1,0,0,0,0,0,0,0,1,0,0,9,10,29,0
4994,134,9,0,1,0,0,1,0,0,0,0,0,1,0,0,0,0,23,11,16,0
7528,427,97,0,0,1,0,1,0,0,0,0,0,0,0,0,0,1,11,4,8,0
4452,498,20,0,1,0,0,0,0,0,0,1,0,0,0,0,1,0,23,2,13,0
1502,428,33,1,0,0,0,0,0,0,0,1,0,0,0,0,0,1,22,26,12,0
5511,744,73,0,0,1,0,1,0,0,0,0,0,1,0,0,0,0,10,15,8,0
6678,834,246,1,0,0,0,0,0,0,0,1,0,0,0,0,1,0,7,3,0,0
7709,117,126,0,0,1,0,0,0,0,0,1,0,0,0,0,0,1,21,16,5,0
4830,456,155,0,0,0,1,0,1,0,0,0,0,0,0,1,0,0,13,13,5,0
3933,722,107,0,0,1,0,0,0,0,0,1,1,0,0,0,0,0,19,23,7,0
5070,434,85,1,0,0,0,0,0,0,0,1,0,0,0,0,1,0,18,23,15,0
9744,976,1645,0,1,0,0,0,0,0,1,0,0,0,1,0,0,0,2,79,89,1
2746,415,66,0,0,0,1,0,1,0,0,0,0,1,0,0,0,0,19,3,10,0
6218,242,71,1,0,0,0,0,1,0,0,0,0,0,0,0,1,0,11,13,6,0
9405,475,70,0,1,0,0,1,0,0,0,0,0,1,0,0,0,0,8,29,10,0
7011,120,102,0,1,0,0,1,0,0,0,0,0,0,0,0,1,0,13,7,23,0
5678,815,67,0,0,1,0,0,1,0,0,0,0,0,0,0,1,0,8,1,3,0
7852,903,118,0,0,0,1,0,0,1,0,0,0,0,0,0,0,1,12,22,5,0
6392,171,103,0,1,0,0,0,0,1,0,0,1,0,0,0,0,0,6,14,11,0
8002,201,130,1,0,0,0,0,0,1,0,0,1,0,0,0,0,0,7,12,15,0
7157,752,144,0,1,0,0,0,0,1,0,0,0,0,0,0,0,1,10,18,5,0
8882,605,93,0,1,0,0,0,0,0,1,0,0,0,0,0,0,1,7,21,14,0
9904,183,2363,1,0,0,0,0,1,0,0,0,0,0,0,0,1,0,0,80,93,1
5920,609,81,0,0,1,0,0,0,0,0,1,0,1,0,0,0,0,22,18,3,0
6967,382,69,0,0,1,0,0,0,0,1,0,0,0,0,1,0,0,14,25,18,0
7384,775,78,0,0,1,0,0,0,0,0,1,1,0,0,0,0,0,22,25,26,0
8768,360,62,1,0,0,0,0,0,1,0,0,0,0,0,0,0,1,9,16,22,0
5647,931,110,1,0,0,0,0,0,1,0,0,0,0,0,0,0,1,12,5,11,0
9076,481,52,1,0,0,0,0,1,0,0,0,0,0,0,0,1,0,11,23,5,0
5310,784,62,0,0,1,0,0,0,0,1,0,0,0,0,0,0,1,20,19,16,0
841,916,93,0,0,0,1,0,0,0,0,1,0,1,0,0,0,0,23,2,28,0
3427,505,118,0,0,1,0,0,0,0,1,0,1,0,0,0,0,0,12,20,25,0
8663,141,134,0,0,0,1,0,1,0,0,0,0,0,0,0,1,0,20,21,20,0
1157,643,37,0,1,0,0,0,0,0,0,1,0,0,0,1,0,0,23,28,13,0
6328,237,115,0,0,0,1,0,0,0,1,0,0,1,0,0,0,0,8,6,13,0
7182,427,208,1,0,0,0,0,0,1,0,0,1,0,0,0,0,0,17,6,2,0
2933,885,138,0,0,0,1,0,0,0,1,0,0,0,0,1,0,0,6,12,29,0
905,418,150,0,0,1,0,0,0,1,0,0,1,0,0,0,0,0,21,7,2,0
9453,116,89,1,0,0,0,0,0,0,1,0,0,0,0,1,0,0,14,9,4,0
7586,51,111,1,0,0,0,1,0,0,0,0,0,0,0,0,0,1,23,8,7,0
8358,109,64,1,0,0,0,1,0,0,0,0,0,0,0,0,1,0,11,15,28,0
1086,282,19,0,1,0,0,0,0,1,0,0,0,0,0,1,0,0,22,18,15,0
8290,567,114,0,0,1,0,0,0,0,0,1,1,0,0,0,0,0,18,9,3,0
1989,235,106,0,0,0,1,0,0,0,0,1,0,0,0,1,0,0,22,29,28,0
2080,659,73,1,0,0,0,1,0,0,0,0,0,0,0,0,1,0,7,5,11,0
7001,566,174,1,0,0,0,0,0,0,0,1,0,0,0,0,1,0,9,2,5,0
5486,237,137,0,1,0,0,0,0,0,1,0,0,0,0,1,0,0,6,29,2,0
8946,725,100,0,0,1,0,0,1,0,0,0,0,0,0,0,0,1,9,27,17,0
1207,638,75,1,0,0,0,0,0,0,0,1,0,1,0,0,0,0,12,29,27,0
7345,762,124,1,0,0,0,0,0,0,1,0,0,0,0,0,0,1,16,14,27,0
7836,870,50,0,0,0,1,0,0,1,0,0,0,0,0,1,0,0,16,16,15,0
2200,278,74,0,0,1,0,0,0,1,0,0,1,0,0,0,0,0,8,17,7,0
5499,709,151,0,0,1,0,0,0,0,1,0,0,0,0,0,1,0,16,8,0,0
5158,396,108,0,0,1,0,0,1,0,0,0,0,0,0,1,0,0,7,23,5,0
7176,848,173,1,0,0,0,0,0,1,0,0,1,0,0,0,0,0,22,1,26,0
6140,220,113,0,0,1,0,0,0,1,0,0,0,0,0,1,0,0,19,2,5,0
5769,151,142,1,0,0,0,1,0,0,0,0,0,0,0,0,1,0,17,7,19,0
9914,703,1312,0,0,1,0,0,0,0,1,0,0,0,0,0,0,1,19,74,75,1
644,624,1,0,1,0,0,1,0,0,0,0,0,0,0,1,0,0,22,13,26,0
7690,161,110,0,0,0,1,0,1,0,0,0,1,0,0,0,0,0,8,0,21,0
7005,812,80,0,0,1,0,0,0,0,1,0,0,1,0,0,0,0,18,6,28,0
4387,498,152,1,0,0,0,0,0,0,1,0,0,0,0,0,0,1,15,2,20,0
5355,366,176,0,0,0,1,0,0,0,0,1,1,0,0,0,0,0,23,4,8,0
7745,701,192,1,0,0,0,0,0,1,0,0,1,0,0,0,0,0,7,14,15,0
8210,149,95,0,1,0,0,0,0,0,0,1,0,1,0,0,0,0,19,6,20,0
6408,531,131,0,0,1,0,0,1,0,0,0,0,0,0,0,0,1,18,22,29,0
6465,808,146,0,0,1,0,0,0,1,0,0,0,0,0,0,1,0,7,4,24,0
6143,646,72,0,0,0,1,0,0,0,1,0,0,1,0,0,0,0,18,19,1,0
8776,730,66,1,0,0,0,0,0,1,0,0,0,0,0,1,0,0,6,22,0,0
3890,497,79,0,0,1,0,1,0,0,0,0,1,0,0,0,0,0,14,6,16,0
2026,374,89,1,0,0,0,0,0,0,0,1,0,0,0,1,0,0,23,26,13,0
974,330,89,1,0,0,0,0,1,0,0,0,0,0,0,0,1,0,22,0,8,0
8457,138,82,0,1,0,0,1,0,0,0,0,0,0,0,0,0,1,16,6,2,0
9693,723,2068,1,0,0,0,0,1,0,0,0,0,0,0,0,0,1,13,91,95,1
1627,53,101,1,0,0,0,0,1,0,0,0,1,0,0,0,0,0,7,2,7,0
2462,874,17,0,0,0,1,0,1,0,0,0,0,0,0,0,1,0,8,29,21,0
4056,664,170,1,0,0,0,0,0,0,1,0,0,0,0,0,0,1,15,14,12,0
3061,380,52,0,0,0,1,0,0,1,0,0,0,1,0,0,0,0,13,3,3,0
6319,242,171,0,0,1,0,0,0,0,1,0,0,0,0,1,0,0,21,12,1,0
536,251,13,0,0,0,1,0,0,0,0,1,0,0,0,0,1,0,20,9,18,0
7918,513,137,0,0,0,1,0,0,0,1,0,1,0,0,0,0,0,18,19,28,0
6830,907,134,0,1,0,0,0,1,0,0,0,0,0,0,0,0,1,12,10,24,0
1156,270,58,1,0,0,0,0,0,0,0,1,0,1,0,0,0,0,10,25,2,0
7087,243,9,0,1,0,0,1,0,0,0,0,0,0,0,1,0,0,8,22,26,0
4371,12,166,0,0,0,1,0,0,0,0,1,0,1,0,0,0,0,14,11,19,0
5109,139,181,1,0,0,0,0,1,0,0,0,0,1,0,0,0,0,13,11,1,0
7044,913,109,0,0,1,0,1,0,0,0,0,0,0,0,0,0,1,6,13,20,0
132,73,148,1,0,0,0,0,0,0,1,0,0,0,0,0,0,1,11,6,19,0
6122,372,1,0,0,1,0,0,0,1,0,0,1,0,0,0,0,0,10,8,28,0
7464,906,111,0,0,0,1,0,0,1,0,0,0,0,0,0,1,0,9,14,15,0
7108,909,24,0,1,0,0,1,0,0,0,0,0,0,0,1,0,0,11,23,6,0
1205,337,156,0,1,0,0,0,0,0,0,1,0,0,0,1,0,0,7,6,8,0
6876,171,109,0,0,1,0,1,0,0,0,0,0,0,0,0,0,1,9,5,29,0
5777,309,132,0,1,0,0,0,1,0,0,0,1,0,0,0,0,0,23,4,27,0
3296,876,166,0,0,0,1,0,1,0,0,0,0,1,0,0,0,0,21,15,6,0
3641,588,1,0,1,0,0,0,0,1,0,0,1,0,0,0,0,0,10,9,26,0
1116,867,54,1,0,0,0,0,0,1,0,0,0,0,0,0,1,0,18,16,22,0
4111,594,185,0,1,0,0,0,0,1,0,0,0,0,0,1,0,0,13,27,16,0
7353,769,63,0,0,1,0,1,0,0,0,0,0,0,0,0,0,1,15,20,0,0
7035,702,172,1,0,0,0,0,0,0,0,1,0,0,0,0,0,1,21,0,27,0
2429,128,86,1,0,0,0,0,0,1,0,0,0,1,0,0,0,0,19,26,17,0
530,491,204,0,0,1,0,0,0,0,0,1,0,0,0,0,0,1,15,18,4,0
9737,227,22,0,0,0,1,0,0,1,0,0,1,0,0,0,0,0,12,77,92,1
6315,784,28,0,0,1,0,1,0,0,0,0,0,0,0,1,0,0,23,2,24,0
3077,184,143,1,0,0,0,0,0,1,0,0,0,0,0,0,0,1,11,22,0,0
6845,949,112,0,1,0,0,0,0,0,0,1,0,0,0,1,0,0,7,24,21,0
5909,681,13,1,0,0,0,0,0,0,1,0,1,0,0,0,0,0,10,23,28,0
982,568,78,1,0,0,0,1,0,0,0,0,0,0,0,0,0,1,17,7,11,0
2525,605,160,0,0,1,0,0,0,0,0,1,0,0,0,1,0,0,11,18,0,0
3446,986,76,0,0,0,1,1,0,0,0,0,0,0,0,0,1,0,11,7,11,0
2073,502,107,0,0,0,1,0,0,1,0,0,0,0,0,0,1,0,6,24,19,0
6916,152,187,0,1,0,0,0,0,0,0,1,0,0,0,0,0,1,12,23,28,0
4879,564,48,0,1,0,0,0,0,0,1,0,0,0,0,1,0,0,22,18,28,0
9784,532,1793,0,1,0,0,1,0,0,0,0,1,0,0,0,0,0,4,95,92,1
9296,858,20,0,0,1,0,1,0,0,0,0,0,0,0,0,0,1,18,28,28,0
6487,285,20,0,0,0,1,1,0,0,0,0,0,1,0,0,0,0,10,13,11,0
96,926,17,0,0,0,1,0,0,1,0,0,1,0,0,0,0,0,13,1,22,0
1018,28,188,0,1,0,0,1,0,0,0,0,0,1,0,0,0,0,18,8,26,0
6531,263,207,0,0,0,1,0,0,1,0,0,0,0,0,0,0,1,13,19,2,0
6374,696,152,1,0,0,0,0,0,1,0,0,0,0,0,0,1,0,15,26,23,0
1127,136,115,0,0,1,0,0,1,0,0,0,0,0,0,1,0,0,19,6,26,0
3401,163,1,1,0,0,0,0,0,0,1,0,0,0,0,1,0,0,21,25,27,0
6151,536,167,0,0,0,1,0,0,1,0,0,0,0,0,0,0,1,21,2,18,0
8628,835,69,0,1,0,0,1,0,0,0,0,0,0,0,1,0,0,13,12,23,0
2014,222,154,0,1,0,0,0,0,0,1,0,0,0,0,0,1,0,9,2,27,0
4207,686,159,0,0,1,0,0,1,0,0,0,0,0,0,0,0,1,19,17,26,0
6097,270,133,0,1,0,0,0,1,0,0,0,0,0,0,0,1,0,7,5,2,0
9941,246,2217,0,1,0,0,1,0,0,0,0,0,0,0,0,1,0,21,94,86,1
391,372,128,0,0,1,0,0,1,0,0,0,0,0,0,0,1,0,19,23,29,0
2692,457,157,0,1,0,0,0,0,0,0,1,1,0,0,0,0,0,21,7,24,0
6614,657,104,0,0,1,0,0,0,0,0,1,0,1,0,0,0,0,11,6,18,0
7559,740,79,0,1,0,0,0,1,0,0,0,0,1,0,0,0,0,15,14,29,0
4905,888,51,0,0,0,1,0,0,0,1,0,0,0,0,0,1,0,18,26,10,0
897,863,112,0,0,1,0,0,1,0,0,0,0,0,0,0,1,0,7,27,10,0
2127,485,157,0,0,1,0,0,0,0,0,1,0,0,0,0,0,1,10,15,16,0
3773,232,152,0,1,0,0,0,0,0,0,1,0,0,0,0,0,1,16,28,26,0
5936,188,135,0,1,0,0,0,1,0,0,0,0,0,0,0,1,0,6,21,26,0
4941,84,110,1,0,0,0,0,0,0,0,1,0,0,0,0,0,1,12,21,23,0
3325,41,171,1,0,0,0,0,0,0,0,1,0,0,0,0,0,1,18,15,4,0
1071,949,84,0,0,1,0,0,0,0,0,1,0,0,0,0,0,1,23,9,14,0
2890,969,112,0,1,0,0,1,0,0,0,0,1,0,0,0,0,0,13,12,24,0
8183,633,32,0,1,0,0,0,0,0,1,0,0,0,0,1,0,0,20,11,12,0
7614,503,147,0,1,0,0,1,0,0,0,0,0,0,0,0,0,1,22,18,1,0
8548,381,1,0,0,1,0,1,0,0,0,0,0,0,0,1,0,0,11,4,11,0
2537,856,187,0,1,0,0,0,0,1,0,0,0,0,0,0,0,1,17,5,2,0
7208,843,89,1,0,0,0,0,0,0,1,0,0,0,0,0,0,1,12,21,11,0
8523,680,16,0,0,0,1,1,0,0,0,0,0,0,0,1,0,0,23,2,6,0
9509,970,3236,0,1,0,0,1,0,0,0,0,0,0,1,0,0,0,21,78,78,1
4907,421,198,0,1,0,0,0,1,0,0,0,0,0,0,1,0,0,6,1,25,0
3092,587,121,0,0,1,0,0,0,1,0,0,0,0,0,0,0,1,15,28,5,0
6114,92,151,0,0,0,1,0,0,1,0,0,0,0,0,1,0,0,23,27,12,0
5115,56,162,0,1,0,0,0,1,0,0,0,0,0,0,0,0,1,19,2,0,0
202,451,96,1,0,0,0,0,0,1,0,0,0,0,0,1,0,0,10,20,26,0
3864,645,138,0,1,0,0,0,0,0,1,0,0,0,0,0,1,0,20,17,19,0
7299,520,122,0,1,0,0,0,0,0,0,1,0,0,0,0,1,0,23,4,22,0
3671,789,168,0,1,0,0,0,0,0,1,0,0,0,0,1,0,0,10,25,20,0
399,159,1,0,0,0,1,0,0,0,1,0,0,0,0,0,1,0,20,7,28,0
2834,655,77,0,0,0,1,0,0,1,0,0,0,0,0,0,0,1,12,4,24,0
5923,349,12,0,0,1,0,0,0,1,0,0,1,0,0,0,0,0,16,4,23,0
833,504,154,1,0,0,0,0,0,0,1,0,0,1,0,0,0,0,8,26,22,0
4903,839,131,0,0,0,1,1,0,0,0,0,0,0,0,1,0,0,21,16,2,0
4326,874,199,0,0,1,0,0,0,1,0,0,0,0,0,0,0,1,21,8,14,0
9085,243,41,0,0,0,1,0,0,1,0,0,0,1,0,0,0,0,23,29,19,0
8414,896,2,0,0,0,1,0,0,0,1,0,0,0,0,1,0,0,14,23,2,0
6041,254,121,0,0,1,0,0,1,0,0,0,0,0,0,1,0,0,9,20,23,0
2266,799,148,0,1,0,0,0,0,1,0,0,0,0,0,0,1,0,19,19,16,0
6268,187,102,0,0,1,0,0,0,1,0,0,0,0,0,0,0,1,23,24,24,0
9786,318,1093,0,1,0,0,0,0,0,1,0,0,0,0,0,1,0,6,83,95,1
1797,18,66,0,0,0,1,0,1,0,0,0,0,0,0,1,0,0,17,3,0,0
9401,203,66,1,0,0,0,0,0,0,1,0,0,0,0,1,0,0,6,22,12,0
6258,927,116,0,1,0,0,1,0,0,0,0,0,0,0,0,1,0,12,4,8,0
9002,331,104,1,0,0,0,0,0,0,1,0,0,0,0,1,0,0,23,13,25,0
8070,229,114,0,0,0,1,0,0,1,0,0,0,1,0,0,0,0,19,12,6,0
9632,975,3342,0,0,0,1,0,1,0,0,0,0,0,0,0,0,1,10,75,83,1
236,535,137,0,1,0,0,0,1,0,0,0,1,0,0,0,0,0,7,13,1,0
7738,671,68,0,0,0,1,1,0,0,0,0,0,1,0,0,0,0,13,1,0,0
1577,408,38,1,0,0,0,0,1,0,0,0,0,0,0,0,1,0,6,25,27,0
3352,316,172,1,0,0,0,0,0,0,1,0,0,0,0,1,0,0,12,21,28,0
3154,529,164,1,0,0,0,0,0,0,1,0,0,1,0,0,0,0,11,24,13,0
2701,609,64,1,0,0,0,0,0,0,1,0,0,1,0,0,0,0,6,26,27,0
5901,372,80,0,0,0,1,0,0,0,0,1,0,1,0,0,0,0,16,14,20,0
8492,830,134,0,1,0,0,0,0,1,0,0,0,0,0,0,0,1,15,19,6,0
685,650,21,0,1,0,0,1,0,0,0,0,0,0,0,0,1,0,20,13,5,0
8782,582,159,1,0,0,0,0,0,0,0,1,0,1,0,0,0,0,18,4,26,0
6918,400,43,0,0,0,1,0,0,1,0,0,1,0,0,0,0,0,21,21,19,0
6512,353,82,0,1,0,0,0,0,0,1,0,0,0,0,1,0,0,19,19,26,0
491,922,46,1,0,0,0,0,1,0,0,0,0,0,0,1,0,0,14,26,19,0
3885,27,53,0,0,0,1,1,0,0,0,0,0,0,0,0,1,0,17,6,26,0
6566,608,158,0,0,1,0,0,0,1,0,0,0,0,0,0,0,1,16,5,25,0
8344,768,137,1,0,0,0,0,0,0,0,1,0,0,0,0,1,0,12,1,22,0
1055,635,100,1,0,0,0,0,0,0,1,0,0,0,0,1,0,0,6,17,20,0
816,752,86,1,0,0,0,1,0,0,0,0,0,1,0,0,0,0,12,17,28,0
8553,549,108,1,0,0,0,0,0,0,1,0,0,1,0,0,0,0,20,10,10,0
3324,665,103,0,0,1,0,0,1,0,0,0,0,0,0,0,1,0,12,25,8,0
3865,346,174,0,0,1,0,1,0,0,0,0,1,0,0,0,0,0,20,11,11,0
3217,290,40,0,0,0,1,0,0,0,1,0,0,1,0,0,0,0,16,20,18,0
5778,802,74,0,0,1,0,0,1,0,0,0,0,0,0,0,0,1,7,19,20,0
7742,837,138,0,1,0,0,0,0,0,1,0,0,0,0,1,0,0,13,11,21,0
5559,836,98,1,0,0,0,1,0,0,0,0,1,0,0,0,0,0,10,3,5,0
7840,705,49,0,0,1,0,1,0,0,0,0,0,1,0,0,0,0,20,9,14,0
6311,284,199,1,0,0,0,1,0,0,0,0,1,0,0,0,0,0,17,4,28,0
7227,721,132,1,0,0,0,0,1,0,0,0,0,0,0,0,1,0,12,28,20,0
701,644,110,0,1,0,0,0,0,0,1,0,1,0,0,0,0,0,9,23,23,0
1581,249,107,0,0,0,1,0,0,1,0,0,0,0,0,1,0,0,9,2,7,0
8560,330,102,0,0,1,0,0,1,0,0,0,1,0,0,0,0,0,23,18,14,0
4728,857,70,0,0,1,0,0,0,0,1,0,0,0,0,0,0,1,9,5,22,0
4683,817,36,0,0,1,0,1,0,0,0,0,0,1,0,0,0,0,22,12,16,0
7222,115,97,0,0,0,1,0,0,0,1,0,0,0,0,1,0,0,9,2,13,0
8166,386,51,0,0,0,1,0,0,1,0,0,0,1,0,0,0,0,16,26,21,0
3332,447,69,0,0,0,1,0,0,0,0,1,0,0,0,0,1,0,22,10,3,0
5195,236,30,0,0,0,1,0,0,0,1,0,0,0,0,0,1,0,21,18,28,0
2235,660,20,0,0,1,0,0,0,0,1,0,0,0,0,1,0,0,12,3,3,0
1044,730,60,0,0,0,1,0,0,0,0,1,1,0,0,0,0,0,15,6,16,0
290,748,125,1,0,0,0,0,1,0,0,0,1,0,0,0,0,0,16,17,22,0
5214,907,29,0,0,0,1,0,0,0,1,0,0,0,0,0,1,0,18,27,2,0
180,208,85,1,0,0,0,1,0,0,0,0,0,0,0,0,0,1,23,22,7,0
7988,476,80,1,0,0,0,0,0,0,1,0,0,0,0,1,0,0,13,10,6,0
5504,864,94,1,0,0,0,1,0,0,0,0,1,0,0,0,0,0,13,21,2,0
3432,489,1,0,0,0,1,0,1,0,0,0,0,0,0,0,0,1,23,27,26,0
8646,274,28,0,0,1,0,0,0,0,1,0,0,0,0,0,0,1,12,1,13,0
6677,132,135,0,1,0,0,1,0,0,0,0,0,0,0,0,1,0,11,6,28,0
9392,373,147,1,0,0,0,1,0,0,0,0,1,0,0,0,0,0,13,15,5,0
6165,636,160,0,0,0,1,1,0,0,0,0,0,0,0,1,0,0,18,10,6,0
3988,68,41,1,0,0,0,0,0,0,1,0,0,0,0,0,0,1,16,8,24,0
6254,590,31,0,1,0,0,1,0,0,0,0,0,0,0,1,0,0,14,15,14,0
7994,56,70,0,1,0,0,0,0,0,1,0,1,0,0,0,0,0,7,20,5,0
7186,325,21,1,0,0,0,0,0,0,0,1,0,0,0,0,0,1,15,26,19,0
4078,893,58,0,0,1,0,0,0,0,0,1,0,1,0,0,0,0,12,13,11,0
362,697,63,1,0,0,0,0,0,0,0,1,1,0,0,0,0,0,12,26,26,0
2574,365,29,0,0,1,0,0,1,0,0,0,0,0,0,0,1,0,7,28,27,0
5380,43,170,0,1,0,0,0,0,0,1,0,0,0,0,0,0,1,21,23,0,0
3605,219,92,0,1,0,0,0,0,0,0,1,0,0,0,0,1,0,15,17,18,0
6273,309,1,0,0,0,1,0,0,1,0,0,0,0,0,1,0,0,19,9,10,0
6965,764,108,0,0,1,0,0,0,0,1,0,1,0,0,0,0,0,20,20,9,0
4529,433,213,1,0,0,0,0,1,0,0,0,0,1,0,0,0,0,7,11,3,0
7521,353,78,0,0,0,1,0,0,1,0,0,0,0,0,0,0,1,21,21,29,0
6003,485,101,0,0,1,0,0,0,1,0,0,0,1,0,0,0,0,23,14,19,0
8701,797,209,1,0,0,0,0,0,0,1,0,0,0,0,1,0,0,8,23,24,0
116,669,92,1,0,0,0,0,0,0,1,0,0,0,0,0,1,0,16,1,18,0
2723,607,100,0,0,1,0,0,0,0,0,1,0,0,0,1,0,0,16,1,4,0
1917,143,1,0,0,1,0,0,1,0,0,0,0,0,0,1,0,0,21,4,11,0
1356,824,141,0,0,1,0,0,1,0,0,0,0,0,0,1,0,0,17,18,2,0
2168,936,81,1,0,0,0,0,0,1,0,0,1,0,0,0,0,0,16,19,17,0
5837,258,86,1,0,0,0,1,0,0,0,0,0,1,0,0,0,0,21,14,15,0
1818,562,221,1,0,0,0,0,0,0,0,1,0,1,0,0,0,0,19,21,21,0
4722,154,59,0,1,0,0,0,1,0,0,0,0,1,0,0,0,0,15,15,12,0
3729,993,52,1,0,0,0,0,0,0,0,1,0,0,0,0,0,1,18,12,18,0
2294,852,77,0,0,0,1,1,0,0,0,0,0,1,0,0,0,0,21,16,14,0
6024,113,98,0,1,0,0,0,0,1,0,0,0,1,0,0,0,0,9,7,17,0
3150,928,93,0,0,0,1,0,0,1,0,0,1,0,0,0,0,0,20,4,11,0
1209,163,99,0,1,0,0,0,0,0,0,1,0,1,0,0,0,0,10,4,26,0
68,909,92,0,1,0,0,0,0,0,0,1,0,1,0,0,0,0,11,1,5,0
3398,540,93,0,0,0,1,0,0,0,1,0,1,0,0,0,0,0,13,11,11,0
6108,548,102,1,0,0,0,0,0,1,0,0,0,0,0,0,0,1,15,13,19,0
5157,996,113,0,1,0,0,0,0,0,0,1,0,1,0,0,0,0,20,1,2,0
6875,814,43,0,1,0,0,1,0,0,0,0,0,0,0,0,1,0,19,27,7,0
181,342,132,0,0,0,1,0,0,1,0,0,0,0,0,0,1,0,20,9,24,0
2339,298,110,1,0,0,0,0,1,0,0,0,1,0,0,0,0,0,18,17,0,0
5585,836,199,0,0,0,1,0,0,0,0,1,0,0,0,1,0,0,14,5,4,0
8614,666,1,0,1,0,0,0,0,1,0,0,0,1,0,0,0,0,17,1,5,0
8714,829,146,1,0,0,0,0,0,0,1,0,0,0,0,1,0,0,21,15,12,0
825,766,70,0,0,1,0,0,0,0,0,1,0,0,0,0,0,1,11,24,8,0
5436,391,115,1,0,0,0,0,0,1,0,0,0,0,0,1,0,0,17,25,9,0
3876,588,131,0,0,1,0,0,1,0,0,0,0,0,0,0,0,1,14,22,11,0
6447,921,54,0,1,0,0,0,0,1,0,0,0,0,0,0,1,0,8,16,9,0
8806,468,88,0,0,0,1,0,0,0,1,0,0,0,0,0,1,0,8,24,16,0
1284,753,164,0,1,0,0,1,0,0,0,0,0,0,0,0,1,0,17,27,19,0
8727,586,114,0,0,0,1,0,0,0,0,1,0,0,0,0,1,0,12,14,2,0
908,825,151,1,0,0,0,0,0,1,0,0,1,0,0,0,0,0,16,17,27,0
3831,626,20,0,0,1,0,0,0,0,1,0,0,1,0,0,0,0,8,12,19,0
4278,356,132,0,0,0,1,0,1,0,0,0,0,0,0,1,0,0,16,23,29,0
3899,653,72,0,1,0,0,0,0,0,1,0,0,0,0,1,0,0,13,12,14,0
5203,989,23,0,0,1,0,0,1,0,0,0,1,0,0,0,0,0,22,25,14,0
4625,55,21,0,0,0,1,0,0,0,0,1,0,1,0,0,0,0,20,21,22,0
363,971,94,0,0,1,0,0,0,1,0,0,1,0,0,0,0,0,13,8,13,0
5640,427,150,0,1,0,0,0,1,0,0,0,0,1,0,0,0,0,23,28,14,0
1413,663,104,0,0,1,0,1,0,0,0,0,0,0,0,1,0,0,14,25,1,0
5908,590,146,0,0,1,0,0,0,1,0,0,0,0,0,0,1,0,16,5,9,0
2078,392,50,0,1,0,0,0,0,0,1,0,0,0,0,0,1,0,15,9,19,0
2887,662,132,0,0,0,1,1,0,0,0,0,0,0,0,0,1,0,12,21,19,0
9599,940,2192,0,0,1,0,1,0,0,0,0,0,0,1,0,0,0,4,89,90,1
5881,213,104,0,0,0,1,0,0,0,0,1,0,1,0,0,0,0,19,22,1,0
2716,5,52,0,0,0,1,0,0,0,0,1,0,1,0,0,0,0,10,29,12,0
5339,990,94,0,0,0,1,0,0,0,0,1,0,0,0,0,1,0,23,17,20,0
691,281,185,0,1,0,0,0,0,0,0,1,0,0,0,0,0,1,7,13,24,0
2041,939,178,1,0,0,0,1,0,0,0,0,0,0,0,0,0,1,7,4,20,0
7607,113,14,0,0,0,1,1,0,0,0,0,0,0,0,1,0,0,19,16,10,0
3618,52,108,0,0,1,0,0,0,0,0,1,0,1,0,0,0,0,7,7,2,0
9854,230,223,0,0,0,1,0,0,1,0,0,0,0,0,1,0,0,20,74,70,1
6477,105,77,0,0,0,1,1,0,0,0,0,0,0,0,0,1,0,18,15,24,0
6415,707,146,1,0,0,0,0,1,0,0,0,0,0,0,0,1,0,17,3,27,0
7140,140,202,1,0,0,0,0,1,0,0,0,1,0,0,0,0,0,14,14,12,0
2829,754,85,0,0,1,0,0,0,0,0,1,1,0,0,0,0,0,10,26,3,0
4501,847,113,0,0,0,1,1,0,0,0,0,1,0,0,0,0,0,8,26,25,0
1733,892,34,1,0,0,0,1,0,0,0,0,0,0,0,0,0,1,8,22,7,0
1831,287,164,0,1,0,0,1,0,0,0,0,0,0,0,0,1,0,21,15,22,0
1540,745,189,0,0,0,1,0,0,0,0,1,0,0,0,0,1,0,10,10,28,0
247,978,130,0,0,1,0,0,0,0,1,0,0,1,0,0,0,0,7,13,21,0
1315,60,3,1,0,0,0,0,0,1,0,0,0,0,0,1,0,0,8,5,29,0
9748,412,10,0,0,0,1,1,0,0,0,0,0,1,0,0,0,0,20,85,89,1
3853,87,149,0,0,0,1,1,0,0,0,0,1,0,0,0,0,0,11,18,28,0
1114,247,136,0,1,0,0,0,0,0,1,0,0,0,0,0,1,0,21,19,24,0
3620,442,93,0,0,1,0,0,0,1,0,0,0,0,0,0,1,0,15,9,25,0
1904,810,54,0,1,0,0,0,0,0,1,0,0,0,0,0,0,1,13,2,11,0
1232,294,105,0,1,0,0,0,0,1,0,0,1,0,0,0,0,0,14,17,18,0
8638,767,103,0,0,0,1,0,0,0,1,0,0,0,0,0,0,1,9,18,0,0
7337,465,162,0,0,0,1,1,0,0,0,0,0,0,0,1,0,0,13,27,15,0
9080,658,49,0,0,1,0,0,0,0,0,1,0,0,0,0,1,0,20,28,21,0
2876,836,91,0,0,1,0,0,0,0,1,0,0,1,0,0,0,0,8,19,29,0
5306,512,160,1,0,0,0,0,0,0,0,1,1,0,0,0,0,0,19,1,10,0
568,449,51,0,0,1,0,0,0,0,1,0,0,0,0,1,0,0,19,16,9,0
2008,991,146,1,0,0,0,0,0,1,0,0,0,0,0,0,0,1,7,14,20,0
2999,143,147,1,0,0,0,0,1,0,0,0,0,0,0,0,1,0,18,26,19,0
5622,378,82,0,0,1,0,0,0,1,0,0,0,0,0,1,0,0,10,22,28,0
2665,283,121,0,0,1,0,1,0,0,0,0,0,0,0,0,0,1,16,6,0,0
1126,816,135,0,1,0,0,0,0,0,1,0,0,1,0,0,0,0,12,12,2,0
1330,176,85,0,0,0,1,0,0,1,0,0,1,0,0,0,0,0,21,18,28,0
9246,831,143,1,0,0,0,0,0,0,0,1,0,0,0,0,0,1,12,25,20,0
3589,171,93,0,1,0,0,0,0,0,0,1,1,0,0,0,0,0,21,26,19,0
7015,710,23,0,1,0,0,0,0,0,1,0,1,0,0,0,0,0,8,11,27,0
3101,38,128,1,0,0,0,0,1,0,0,0,0,0,0,1,0,0,6,26,18,0
141,13,73,0,1,0,0,1,0,0,0,0,0,0,0,0,0,1,11,25,16,0
3647,121,113,0,0,0,1,0,1,0,0,0,0,0,0,0,0,1,18,23,9,0
7081,618,39,1,0,0,0,0,1,0,0,0,0,0,0,1,0,0,21,3,2,0
2799,936,50,0,1,0,0,0,0,0,0,1,0,1,0,0,0,0,6,29,22,0
9161,519,28,0,0,1,0,0,0,0,1,0,0,0,0,1,0,0,13,23,20,0
4973,111,125,0,0,0,1,0,0,0,0,1,0,0,0,0,0,1,21,16,19,0
3580,890,122,0,0,1,0,0,0,0,1,0,0,0,0,0,1,0,13,22,18,0
8251,919,123,0,1,0,0,0,1,0,0,0,0,0,0,0,0,1,8,3,5,0
8640,613,109,1,0,0,0,0,1,0,0,0,0,0,0,1,0,0,22,2,15,0
9903,182,40,1,0,0,0,1,0,0,0,0,0,1,0,0,0,0,4,89,86,1
4524,326,37,1,0,0,0,0,0,0,0,1,1,0,0,0,0,0,11,21,25,0
3805,591,58,1,0,0,0,0,1,0,0,0,0,0,0,0,0,1,20,5,0,0
8076,322,131,0,1,0,0,0,1,0,0,0,1,0,0,0,0,0,21,26,22,0
2173,595,154,1,0,0,0,0,0,0,0,1,0,1,0,0,0,0,9,2,13,0
7359,182,47,0,0,0,1,0,0,0,1,0,0,1,0,0,0,0,13,11,14,0
4139,893,150,0,0,1,0,0,0,1,0,0,0,0,0,0,0,1,13,8,17,0
7405,151,138,0,0,1,0,0,0,1,0,0,0,0,0,1,0,0,10,17,26,0
2040,354,48,0,1,0,0,1,0,0,0,0,0,1,0,0,0,0,6,0,26,0
5492,24,198,0,0,1,0,0,1,0,0,0,0,1,0,0,0,0,23,15,22,0
9746,19,1209,0,0,1,0,0,1,0,0,0,0,0,0,0,0,1,7,95,73,1
1817,900,133,1,0,0,0,0,0,0,1,0,0,0,0,0,1,0,22,5,21,0
1775,432,63,0,0,1,0,0,1,0,0,0,0,0,0,1,0,0,20,13,20,0
8542,104,80,0,0,1,0,0,1,0,0,0,0,0,0,1,0,0,14,24,28,0
7975,834,143,0,1,0,0,1,0,0,0,0,0,0,0,1,0,0,15,10,27,0
4789,333,90,0,0,0,1,1,0,0,0,0,0,0,0,0,0,1,20,11,2,0
7902,465,1,0,0,0,1,0,0,0,1,0,1,0,0,0,0,0,20,18,11,0
3166,103,36,0,0,1,0,0,0,0,0,1,0,1,0,0,0,0,18,4,7,0
6137,219,73,0,1,0,0,0,0,0,1,0,0,1,0,0,0,0,12,17,3,0
5440,742,130,1,0,0,0,0,0,0,0,1,0,0,0,1,0,0,8,23,23,0
1574,503,60,1,0,0,0,0,0,0,1,0,0,0,0,0,0,1,18,20,7,0
5429,521,84,1,0,0,0,0,0,0,1,0,1,0,0,0,0,0,11,5,10,0
7868,668,107,0,1,0,0,0,1,0,0,0,1,0,0,0,0,0,14,9,26,0
3985,610,44,0,0,1,0,0,1,0,0,0,0,0,0,0,1,0,16,10,22,0
3088,321,83,1,0,0,0,0,0,1,0,0,1,0,0,0,0,0,18,19,27,0
7800,966,146,0,0,0,1,0,1,0,0,0,1,0,0,0,0,0,15,11,7,0
5567,550,77,1,0,0,0,0,0,0,0,1,1,0,0,0,0,0,6,27,9,0
5013,293,132,0,1,0,0,0,0,0,0,1,0,0,0,0,1,0,19,27,27,0
7880,603,96,0,0,0,1,0,0,1,0,0,0,0,0,0,0,1,13,26,21,0
6191,477,194,0,1,0,0,0,0,0,0,1,0,1,0,0,0,0,6,18,19,0
9160,270,119,0,0,0,1,0,1,0,0,0,0,0,0,1,0,0,7,19,20,0
8131,269,125,0,0,1,0,0,0,0,0,1,0,0,0,0,1,0,15,0,19,0
6325,513,1,0,0,0,1,0,0,0,0,1,0,0,0,0,0,1,21,21,16,0
567,847,178,0,1,0,0,1,0,0,0,0,0,0,0,0,1,0,20,16,6,0
2304,191,103,0,0,1,0,0,0,0,0,1,0,0,0,0,1,0,20,23,2,0
1541,732,213,1,0,0,0,0,1,0,0,0,0,0,0,0,1,0,9,3,16,0
4108,731,107,0,0,0,1,1,0,0,0,0,0,0,0,1,0,0,15,15,19,0
5278,962,108,0,0,1,0,0,0,1,0,0,0,0,0,0,1,0,10,10,10,0
4776,463,106,1,0,0,0,0,0,0,0,1,0,0,0,0,0,1,18,24,13,0
6269,55,38,0,1,0,0,0,0,0,0,1,0,0,0,1,0,0,22,22,27,0
2143,421,65,0,0,0,1,0,0,0,1,0,0,0,0,0,0,1,7,6,2,0
7550,735,181,0,1,0,0,0,0,1,0,0,0,0,0,0,0,1,11,4,3,0
8094,616,39,0,0,1,0,0,0,1,0,0,0,0,0,0,1,0,12,20,17,0
9708,819,773,1,0,0,0,0,0,0,0,1,0,0,0,0,0,1,23,98,76,1
6775,392,59,0,1,0,0,1,0,0,0,0,0,0,0,0,1,0,17,19,6,0
8402,945,111,0,0,0,1,0,1,0,0,0,0,1,0,0,0,0,14,28,8,0
7626,331,100,0,0,0,1,0,0,0,0,1,0,1,0,0,0,0,23,6,4,0
7091,165,42,0,0,0,1,0,0,0,0,1,0,0,0,1,0,0,8,10,2,0
9081,106,148,0,0,1,0,0,1,0,0,0,0,0,0,1,0,0,18,29,21,0
3883,603,100,0,1,0,0,0,0,0,0,1,0,0,0,0,0,1,15,25,8,0
9537,640,10,0,0,0,1,1,0,0,0,0,0,0,1,0,0,0,19,87,74,1
6198,215,82,0,0,1,0,1,0,0,0,0,0,1,0,0,0,0,10,24,20,0
566,244,99,1,0,0,0,0,0,0,0,1,0,0,0,0,0,1,15,5,23,0
8330,715,98,1,0,0,0,0,0,1,0,0,0,1,0,0,0,0,22,13,27,0
6391,944,88,1,0,0,0,1,0,0,0,0,0,0,0,0,0,1,19,28,21,0
8430,277,154,0,0,0,1,0,0,1,0,0,0,0,0,0,0,1,22,6,20,0
9661,465,10,0,1,0,0,0,0,0,1,0,0,0,1,0,0,0,4,78,74,1
1420,957,43,0,0,0,1,1,0,0,0,0,1,0,0,0,0,0,17,15,22,0
5713,478,121,1,0,0,0,0,0,1,0,0,1,0,0,0,0,0,7,10,10,0
1845,342,61,1,0,0,0,1,0,0,0,0,0,0,0,0,0,1,8,26,16,0
7794,233,76,0,0,1,0,0,0,1,0,0,0,0,0,0,0,1,10,6,24,0
4243,865,103,0,1,0,0,1,0,0,0,0,0,0,0,0,0,1,23,0,17,0
3645,903,106,0,1,0,0,1,0,0,0,0,0,0,0,1,0,0,14,1,13,0
3107,675,125,0,0,0,1,0,0,0,0,1,0,1,0,0,0,0,7,17,16,0
321,814,37,0,1,0,0,0,1,0,0,0,0,1,0,0,0,0,9,1,19,0
8846,401,47,0,0,1,0,0,0,0,1,0,0,0,0,0,0,1,20,24,5,0
720,923,136,0,0,1,0,1,0,0,0,0,0,0,0,0,1,0,11,27,24,0
721,493,79,0,0,0,1,1,0,0,0,0,0,0,0,0,0,1,15,12,20,0
1988,295,13,0,0,0,1,0,0,0,0,1,0,0,0,0,0,1,16,7,6,0
8110,375,130,0,1,0,0,0,0,0,0,1,0,0,0,0,1,0,15,7,11,0
9545,654,815,0,1,0,0,0,0,0,0,1,0,1,0,0,0,0,4,98,78,1
4543,57,140,0,0,0,1,0,0,0,1,0,0,0,0,0,1,0,19,29,26,0
2538,587,130,0,1,0,0,0,0,0,1,0,0,0,0,0,1,0,18,7,18,0
1841,74,43,0,0,1,0,0,0,0,0,1,1,0,0,0,0,0,11,6,6,0
9467,888,140,1,0,0,0,0,0,1,0,0,1,0,0,0,0,0,10,1,29,0
5802,819,168,0,0,0,1,0,0,0,1,0,1,0,0,0,0,0,18,23,1,0
8941,663,30,0,0,0,1,0,0,0,1,0,0,0,0,1,0,0,9,2,26,0
6532,609,65,0,0,0,1,0,0,1,0,0,0,0,0,0,1,0,23,24,4,0
7300,303,198,0,0,1,0,1,0,0,0,0,0,0,0,0,1,0,20,14,13,0
7038,24,173,0,0,0,1,0,0,1,0,0,1,0,0,0,0,0,9,11,21,0
515,92,88,0,0,0,1,0,0,0,0,1,0,1,0,0,0,0,22,6,24,0
2180,638,75,1,0,0,0,0,0,0,1,0,0,0,0,1,0,0,15,1,24,0
8664,892,72,0,0,0,1,0,0,1,0,0,0,1,0,0,0,0,16,4,25,0
5675,149,146,0,0,0,1,0,0,0,0,1,0,0,0,1,0,0,21,12,23,0
5015,562,116,0,0,0,1,1,0,0,0,0,0,0,0,1,0,0,19,2,12,0
7562,362,95,0,0,1,0,0,0,0,1,0,0,1,0,0,0,0,20,24,10,0
5113,903,159,0,0,0,1,0,0,1,0,0,0,0,0,1,0,0,18,3,21,0
1144,369,164,0,0,1,0,1,0,0,0,0,0,0,0,0,0,1,21,21,19,0
6629,773,131,1,0,0,0,0,1,0,0,0,0,1,0,0,0,0,16,23,14,0
1617,484,1,0,0,1,0,0,1,0,0,0,0,0,0,1,0,0,7,26,1,0
5236,364,69,1,0,0,0,0,0,0,1,0,0,0,0,0,0,1,15,3,17,0
5413,116,90,0,0,1,0,0,0,0,0,1,1,0,0,0,0,0,9,18,28,0
7539,222,143,1,0,0,0,0,0,0,0,1,0,1,0,0,0,0,20,23,8,0
9961,150,3681,0,1,0,0,0,0,1,0,0,0,0,1,0,0,0,6,93,90,1
4874,559,93,1,0,0,0,1,0,0,0,0,0,0,0,1,0,0,17,29,25,0
24,369,133,0,0,1,0,0,0,1,0,0,0,0,0,1,0,0,21,10,7,0
7083,363,126,1,0,0,0,0,0,0,0,1,0,1,0,0,0,0,19,25,3,0
9134,329,57,1,0,0,0,0,0,0,0,1,0,0,0,0,1,0,16,7,8,0
6239,102,89,1,0,0,0,0,0,1,0,0,0,1,0,0,0,0,17,10,15,0
6371,657,20,1,0,0,0,0,1,0,0,0,0,0,0,0,0,1,9,17,15,0
5830,56,75,1,0,0,0,0,0,0,0,1,0,1,0,0,0,0,6,18,5,0
8828,938,97,1,0,0,0,0,0,0,0,1,0,1,0,0,0,0,12,26,10,0
1675,780,97,0,0,0,1,0,1,0,0,0,1,0,0,0,0,0,11,0,8,0
7491,179,24,0,0,1,0,0,0,1,0,0,1,0,0,0,0,0,20,7,16,0
5595,714,121,0,0,1,0,0,0,0,1,0,0,0,0,0,0,1,8,7,6,0
9953,158,10,1,0,0,0,0,0,1,0,0,0,0,0,0,1,0,3,72,99,1
9950,405,10,1,0,0,0,0,0,0,0,1,0,1,0,0,0,0,20,73,76,1
1834,913,135,0,0,1,0,0,0,0,1,0,1,0,0,0,0,0,10,7,23,0
1292,713,70,0,0,1,0,1,0,0,0,0,0,0,0,1,0,0,16,16,23,0
3588,449,151,0,0,1,0,0,0,0,1,0,1,0,0,0,0,0,12,13,1,0
2336,725,9,0,0,1,0,1,0,0,0,0,0,0,0,1,0,0,9,29,29,0
3256,110,170,0,1,0,0,0,0,0,0,1,0,0,0,1,0,0,7,3,16,0
4532,484,93,1,0,0,0,0,1,0,0,0,1,0,0,0,0,0,7,8,12,0
8186,848,56,1,0,0,0,0,0,0,1,0,0,1,0,0,0,0,10,22,22,0
5850,578,117,0,1,0,0,1,0,0,0,0,0,0,0,0,1,0,16,19,23,0
1089,480,66,0,0,1,0,0,0,1,0,0,1,0,0,0,0,0,10,23,17,0
5943,127,124,1,0,0,0,0,1,0,0,0,0,0,0,0,0,1,16,0,20,0
3265,111,63,0,1,0,0,0,1,0,0,0,0,1,0,0,0,0,7,6,28,0
5072,757,103,0,0,1,0,1,0,0,0,0,0,0,0,0,0,1,23,26,28,0
8920,361,127,0,0,1,0,0,0,0,0,1,0,0,0,0,0,1,14,17,2,0
4343,96,103,0,0,1,0,0,0,0,1,0,0,0,0,0,0,1,6,6,22,0
3768,13,106,0,1,0,0,0,0,0,1,0,0,1,0,0,0,0,17,24,15,0
6658,185,95,0,0,0,1,0,1,0,0,0,0,0,0,0,1,0,8,13,6,0
3998,771,104,0,0,0,1,1,0,0,0,0,0,0,0,0,0,1,8,8,13,0
4420,695,150,0,0,1,0,0,0,0,0,1,0,0,0,1,0,0,12,7,18,0
6238,481,110,0,0,0,1,0,0,0,1,0,0,0,0,0,1,0,17,22,26,0
2798,638,147,0,0,1,0,0,0,0,1,0,0,0,0,0,0,1,9,15,1,0
9555,276,10,0,0,1,0,0,0,0,1,0,1,0,0,0,0,0,1,75,95,1
9497,378,148,0,1,0,0,0,0,0,1,0,0,0,0,1,0,0,8,17,8,0
5613,75,70,0,0,1,0,0,0,0,1,0,0,0,0,0,0,1,15,14,26,0
6154,922,35,1,0,0,0,0,0,0,1,0,0,1,0,0,0,0,23,25,13,0
5848,115,109,1,0,0,0,0,1,0,0,0,0,0,0,1,0,0,8,21,2,0
8690,15,112,0,0,1,0,0,0,1,0,0,0,0,0,1,0,0,8,7,11,0
8224,452,65,0,0,0,1,0,1,0,0,0,0,0,0,0,1,0,20,17,11,0
6891,213,115,0,0,1,0,0,0,0,1,0,0,0,0,0,1,0,15,18,1,0
1603,219,47,1,0,0,0,0,0,0,0,1,0,1,0,0,0,0,9,14,4,0
484,360,69,0,0,0,1,0,0,0,1,0,0,0,0,1,0,0,11,25,2,0
3390,497,65,0,1,0,0,1,0,0,0,0,0,0,0,0,0,1,9,18,17,0
1953,742,156,1,0,0,0,0,0,1,0,0,0,0,0,0,1,0,7,5,29,0
857,95,164,1,0,0,0,0,0,1,0,0,1,0,0,0,0,0,12,23,8,0
7798,326,133,0,0,1,0,1,0,0,0,0,0,0,0,0,1,0,21,11,28,0
8606,290,121,1,0,0,0,0,0,1,0,0,0,0,0,0,0,1,11,12,28,0
9033,837,108,0,0,0,1,1,0,0,0,0,0,0,0,1,0,0,17,23,11,0
4705,528,20,0,0,1,0,0,1,0,0,0,0,1,0,0,0,0,19,17,17,0
1535,334,173,0,1,0,0,0,0,0,1,0,0,0,0,1,0,0,18,13,24,0
3561,884,46,0,0,0,1,0,0,1,0,0,0,0,0,0,0,1,7,8,11,0
5092,942,165,0,0,1,0,0,0,0,0,1,1,0,0,0,0,0,18,21,11,0
5704,462,62,1,0,0,0,0,1,0,0,0,0,0,0,0,1,0,21,24,23,0
4063,581,144,1,0,0,0,0,0,0,1,0,0,0,0,1,0,0,7,5,28,0
3276,620,109,1,0,0,0,0,0,0,1,0,0,0,0,1,0,0,6,21,16,0
2097,47,137,1,0,0,0,0,0,0,0,1,1,0,0,0,0,0,11,8,18,0
8605,275,37,0,0,0,1,0,0,0,0,1,0,1,0,0,0,0,18,20,26,0
8104,605,79,0,1,0,0,1,0,0,0,0,0,1,0,0,0,0,6,23,13,0
9448,925,130,1,0,0,0,0,0,0,0,1,0,0,0,0,0,1,9,13,28,0
7444,697,125,1,0,0,0,0,1,0,0,0,0,0,0,0,1,0,12,15,14,0
5884,334,109,0,0,1,0,0,0,1,0,0,0,0,0,0,1,0,13,1,21,0
4454,553,143,0,1,0,0,0,0,0,0,1,0,0,0,0,1,0,12,0,1,0
2239,935,76,0,1,0,0,1,0,0,0,0,0,1,0,0,0,0,6,26,3,0
3615,726,34,0,0,0,1,0,0,0,0,1,0,1,0,0,0,0,20,14,14,0
6768,961,124,0,0,1,0,0,0,0,1,0,1,0,0,0,0,0,21,27,27,0
7118,834,42,0,0,0,1,0,0,0,0,1,0,0,0,0,1,0,8,29,24,0
9803,547,6770,0,1,0,0,0,0,0,1,0,0,0,0,0,0,1,6,85,78,1
1428,924,163,1,0,0,0,0,0,1,0,0,0,1,0,0,0,0,23,17,16,0
3987,819,140,0,0,1,0,0,0,0,1,0,0,1,0,0,0,0,14,29,23,0
5792,419,1,0,0,0,1,0,0,0,0,1,0,0,0,0,1,0,20,20,1,0
9891,47,22,1,0,0,0,1,0,0,0,0,0,0,0,0,1,0,23,81,97,1
2638,144,35,0,0,0,1,0,0,0,0,1,1,0,0,0,0,0,22,11,10,0
6317,187,163,0,0,1,0,0,1,0,0,0,0,1,0,0,0,0,21,15,12,0
8026,124,54,1,0,0,0,0,0,0,1,0,0,0,0,0,1,0,13,14,10,0
3900,833,73,0,0,0,1,0,0,0,1,0,0,1,0,0,0,0,17,7,26,0
702,404,128,0,0,1,0,0,1,0,0,0,0,0,0,1,0,0,22,19,1,0
16,546,11,0,1,0,0,0,0,1,0,0,1,0,0,0,0,0,21,21,5,0
3000,15,162,0,0,0,1,0,0,1,0,0,0,0,0,0,0,1,15,26,17,0
7777,395,54,0,1,0,0,0,1,0,0,0,0,0,0,0,1,0,23,12,4,0
9261,887,36,0,1,0,0,0,0,0,1,0,0,0,0,1,0,0,15,24,16,0
8775,320,41,0,1,0,0,0,0,1,0,0,0,0,0,0,1,0,18,11,14,0
5061,212,104,1,0,0,0,0,0,1,0,0,0,0,0,0,1,0,20,29,1,0
9893,81,10,0,0,0,1,1,0,0,0,0,0,1,0,0,0,0,6,74,81,1
4337,877,68,0,0,1,0,0,0,0,1,0,0,0,0,1,0,0,17,12,24,0
2938,947,108,0,1,0,0,0,1,0,0,0,1,0,0,0,0,0,7,7,9,0
2560,701,139,1,0,0,0,0,1,0,0,0,1,0,0,0,0,0,14,3,5,0
7716,112,170,0,1,0,0,1,0,0,0,0,0,1,0,0,0,0,10,18,1,0
4044,178,154,1,0,0,0,0,1,0,0,0,0,0,0,1,0,0,7,5,5,0
9886,805,2801,0,0,0,1,0,0,0,0,1,0,0,1,0,0,0,4,75,79,1
4984,980,111,0,1,0,0,0,0,0,1,0,0,0,0,1,0,0,18,21,14,0
2672,135,181,0,0,0,1,0,0,0,0,1,0,0,0,0,0,1,15,28,8,0
2230,337,108,0,0,1,0,0,1,0,0,0,0,0,0,0,1,0,16,28,18,0
7493,869,61,0,1,0,0,0,0,0,1,0,0,0,0,1,0,0,18,24,16,0
8522,418,60,0,1,0,0,0,0,0,0,1,0,0,0,0,1,0,8,26,5,0
6583,533,107,0,0,1,0,1,0,0,0,0,0,0,0,0,0,1,12,6,11,0
1754,252,92,0,0,0,1,0,0,0,0,1,0,1,0,0,0,0,12,3,18,0
4589,680,39,1,0,0,0,0,1,0,0,0,1,0,0,0,0,0,14,20,16,0
6119,677,110,0,0,0,1,0,0,0,1,0,0,0,0,0,0,1,23,2,0,0
4080,317,131,0,1,0,0,1,0,0,0,0,1,0,0,0,0,0,23,8,7,0
8149,749,148,1,0,0,0,0,1,0,0,0,0,0,0,1,0,0,7,3,6,0
9630,548,2459,1,0,0,0,0,0,0,0,1,0,1,0,0,0,0,6,98,99,1
8622,751,18,0,1,0,0,0,1,0,0,0,0,0,0,0,0,1,14,26,2,0
6881,383,62,0,1,0,0,0,0,1,0,0,0,0,0,1,0,0,11,7,18,0
7360,711,107,1,0,0,0,0,1,0,0,0,0,0,0,1,0,0,19,9,14,0
4856,508,65,1,0,0,0,0,0,0,0,1,0,1,0,0,0,0,20,29,0,0
7573,838,102,0,0,1,0,0,0,1,0,0,0,0,0,0,0,1,12,29,18,0
7214,710,124,1,0,0,0,0,1,0,0,0,0,0,0,0,1,0,14,14,21,0
6211,539,83,0,0,1,0,0,0,0,1,0,0,0,0,0,1,0,6,18,29,0
981,516,135,0,0,1,0,0,0,0,0,1,0,0,0,0,0,1,14,2,25,0
7378,509,37,0,0,1,0,0,0,1,0,0,1,0,0,0,0,0,11,9,25,0
9623,671,10,0,1,0,0,0,0,0,1,0,0,0,0,0,0,1,13,88,96,1
5389,667,62,0,0,1,0,0,0,0,1,0,0,0,0,0,0,1,8,15,8,0
8500,127,50,0,0,0,1,0,0,0,1,0,1,0,0,0,0,0,19,9,28,0
9564,263,1447,0,0,1,0,0,0,0,1,0,0,1,0,0,0,0,0,89,96,1
4661,165,152,1,0,0,0,1,0,0,0,0,0,0,0,0,0,1,21,20,9,0
4178,518,92,0,1,0,0,0,1,0,0,0,0,1,0,0,0,0,13,28,10,0
5896,132,95,0,1,0,0,0,1,0,0,0,0,1,0,0,0,0,11,24,7,0
8884,143,21,0,1,0,0,0,0,0,1,0,0,1,0,0,0,0,14,7,10,0
6766,230,95,1,0,0,0,1,0,0,0,0,1,0,0,0,0,0,12,16,4,0
9258,206,78,0,0,1,0,0,0,0,1,0,0,1,0,0,0,0,21,29,22,0
2966,299,81,1,0,0,0,0,0,0,1,0,0,0,0,0,0,1,16,21,8,0
2655,835,171,0,0,1,0,0,0,0,0,1,1,0,0,0,0,0,11,10,20,0
4790,810,87,0,0,1,0,0,1,0,0,0,0,0,0,0,1,0,19,24,27,0
1967,945,117,1,0,0,0,0,0,1,0,0,1,0,0,0,0,0,15,21,22,0
2591,981,135,0,1,0,0,0,0,1,0,0,0,0,0,1,0,0,12,0,17,0
5826,524,100,1,0,0,0,1,0,0,0,0,0,0,0,0,1,0,19,2,8,0
8262,705,116,0,0,1,0,0,0,1,0,0,1,0,0,0,0,0,18,20,23,0
3568,721,57,1,0,0,0,0,0,0,0,1,0,0,0,1,0,0,15,0,19,0
58,973,139,0,0,1,0,0,0,0,0,1,0,1,0,0,0,0,9,5,16,0
6427,373,20,0,0,1,0,1,0,0,0,0,0,0,0,0,0,1,10,7,27,0
3334,941,140,1,0,0,0,0,1,0,0,0,0,0,0,0,1,0,16,29,22,0
4039,852,94,0,0,0,1,0,0,0,1,0,1,0,0,0,0,0,15,28,10,0
3810,309,85,1,0,0,0,1,0,0,0,0,1,0,0,0,0,0,12,28,10,0
3590,382,86,0,1,0,0,0,1,0,0,0,0,0,0,0,0,1,9,9,26,0
3455,912,22,0,1,0,0,0,0,0,0,1,0,1,0,0,0,0,11,21,29,0
5216,356,98,1,0,0,0,0,0,0,0,1,0,0,0,0,1,0,8,13,2,0
5991,337,120,0,1,0,0,0,1,0,0,0,0,0,0,0,0,1,23,4,27,0
4507,170,106,0,1,0,0,0,0,1,0,0,0,0,0,0,0,1,23,11,21,0
4960,894,120,1,0,0,0,0,0,1,0,0,1,0,0,0,0,0,23,8,23,0
2780,255,163,0,1,0,0,0,0,0,0,1,0,1,0,0,0,0,21,27,19,0
1362,676,1,0,0,0,1,0,0,0,1,0,0,0,0,0,0,1,6,1,1,0
548,18,81,0,1,0,0,0,0,0,0,1,0,1,0,0,0,0,7,12,0,0
1650,370,48,0,0,0,1,0,0,1,0,0,1,0,0,0,0,0,22,5,21,0
3632,777,91,1,0,0,0,1,0,0,0,0,1,0,0,0,0,0,23,27,8,0
6541,772,141,0,0,1,0,0,0,0,0,1,0,0,0,1,0,0,19,3,8,0
9562,435,1091,0,0,1,0,0,0,1,0,0,1,0,0,0,0,0,13,72,81,1
9643,864,3214,1,0,0,0,0,0,0,0,1,1,0,0,0,0,0,2,86,87,1
6141,388,160,1,0,0,0,0,0,0,0,1,1,0,0,0,0,0,18,18,16,0
8994,66,165,0,1,0,0,0,0,0,1,0,0,0,0,0,1,0,6,29,21,0
2481,344,192,0,0,1,0,0,0,0,1,0,1,0,0,0,0,0,13,5,4,0
7201,714,237,0,0,0,1,0,0,0,0,1,0,1,0,0,0,0,22,7,4,0
2742,848,100,1,0,0,0,0,0,1,0,0,0,1,0,0,0,0,17,16,25,0
6674,328,56,0,0,1,0,1,0,0,0,0,0,1,0,0,0,0,11,3,10,0
376,991,74,0,0,1,0,0,1,0,0,0,1,0,0,0,0,0,8,19,20,0
8301,59,61,0,0,1,0,0,0,0,1,0,0,0,0,0,1,0,13,27,26,0
8354,342,144,0,1,0,0,0,0,0,0,1,0,0,0,1,0,0,17,4,21,0
4665,423,20,0,0,1,0,1,0,0,0,0,0,0,0,0,1,0,12,3,4,0
120,402,58,0,0,0,1,1,0,0,0,0,0,0,0,1,0,0,18,5,23,0
8993,630,97,0,1,0,0,1,0,0,0,0,1,0,0,0,0,0,6,21,4,0
1158,604,179,0,0,0,1,0,1,0,0,0,1,0,0,0,0,0,13,11,4,0
4946,196,97,0,0,0,1,0,0,1,0,0,1,0,0,0,0,0,6,10,15,0
5268,913,145,0,0,1,0,0,0,1,0,0,0,1,0,0,0,0,20,15,4,0
1128,163,75,1,0,0,0,0,1,0,0,0,0,0,0,0,0,1,10,2,24,0
289,172,63,1,0,0,0,0,1,0,0,0,0,1,0,0,0,0,16,21,13,0
7034,108,116,0,0,0,1,0,0,0,0,1,0,0,0,0,0,1,14,4,19,0
387,11,39,0,0,1,0,1,0,0,0,0,0,0,0,0,1,0,19,18,14,0
2974,579,117,1,0,0,0,0,0,1,0,0,0,0,0,0,1,0,8,28,23,0
9671,263,812,0,1,0,0,1,0,0,0,0,0,0,0,0,0,1,4,74,70,1
1417,136,16,0,1,0,0,0,1,0,0,0,0,1,0,0,0,0,16,1,16,0
1348,425,17,1,0,0,0,0,1,0,0,0,0,0,0,1,0,0,17,10,24,0
408,213,77,0,0,1,0,0,0,0,0,1,0,0,0,0,0,1,18,20,17,0
1977,905,98,0,0,0,1,0,0,1,0,0,0,0,0,0,0,1,8,4,11,0
6642,600,23,0,1,0,0,0,0,0,0,1,1,0,0,0,0,0,7,14,3,0
1392,973,221,1,0,0,0,1,0,0,0,0,0,0,0,0,1,0,14,18,23,0
4639,129,106,0,0,1,0,0,0,0,0,1,0,0,0,1,0,0,13,0,17,0
3267,672,114,0,1,0,0,0,0,1,0,0,0,0,0,0,1,0,21,11,3,0
3478,543,44,0,0,1,0,0,0,1,0,0,0,0,0,1,0,0,22,29,19,0
4413,845,118,0,0,1,0,0,0,0,0,1,1,0,0,0,0,0,19,9,20,0
9078,590,115,0,0,0,1,0,0,1,0,0,0,0,0,0,0,1,10,19,12,0
3292,475,86,1,0,0,0,1,0,0,0,0,0,0,0,1,0,0,15,1,20,0
1671,155,141,0,1,0,0,0,0,0,1,0,1,0,0,0,0,0,10,14,22,0
2763,75,190,0,0,0,1,0,0,0,1,0,0,1,0,0,0,0,8,9,24,0
7311,792,25,0,0,0,1,0,1,0,0,0,0,0,0,1,0,0,12,29,22,0
3492,420,125,0,0,1,0,0,1,0,0,0,0,0,0,0,1,0,23,16,29,0
194,632,41,0,1,0,0,0,0,1,0,0,1,0,0,0,0,0,12,8,22,0
9988,498,10,0,0,1,0,0,0,1,0,0,0,0,1,0,0,0,15,83,82,1
3839,588,1,0,1,0,0,0,1,0,0,0,1,0,0,0,0,0,23,19,4,0
9689,414,2983,0,0,0,1,0,1,0,0,0,0,0,0,0,0,1,4,95,96,1
8035,965,143,0,0,0,1,0,0,0,0,1,1,0,0,0,0,0,22,15,12,0
224,728,141,0,1,0,0,0,0,0,0,1,0,1,0,0,0,0,19,7,25,0
396,622,171,1,0,0,0,0,0,0,0,1,0,0,0,0,1,0,7,1,14,0
5120,181,111,1,0,0,0,0,0,1,0,0,0,0,0,1,0,0,14,18,17,0
6855,160,92,0,0,1,0,0,0,0,0,1,0,0,0,0,1,0,20,17,8,0
4714,375,39,0,0,1,0,0,0,0,0,1,0,0,0,0,1,0,17,1,16,0
9312,497,123,0,0,0,1,0,0,0,0,1,1,0,0,0,0,0,14,7,23,0
5360,463,87,0,0,1,0,0,1,0,0,0,0,0,0,1,0,0,14,22,21,0
8870,208,151,1,0,0,0,0,0,0,0,1,0,0,0,1,0,0,11,9,6,0
9352,642,124,0,1,0,0,0,0,0,1,0,0,1,0,0,0,0,10,13,12,0
9738,826,1448,0,1,0,0,0,0,0,0,1,0,0,0,1,0,0,10,78,84,1
5100,740,111,0,0,1,0,0,1,0,0,0,0,0,0,0,0,1,12,14,7,0
6943,700,144,0,0,1,0,0,0,1,0,0,0,0,0,0,1,0,20,12,1,0
340,16,78,1,0,0,0,0,1,0,0,0,0,0,0,1,0,0,21,10,7,0
2287,862,56,0,0,0,1,0,0,0,0,1,0,0,0,1,0,0,14,18,5,0
9882,574,2541,0,0,0,1,0,1,0,0,0,0,0,1,0,0,0,4,91,97,1
5919,162,57,0,1,0,0,0,0,0,1,0,1,0,0,0,0,0,22,4,25,0
3454,515,78,1,0,0,0,0,0,1,0,0,0,0,0,0,0,1,9,14,22,0
8349,899,144,1,0,0,0,0,0,1,0,0,0,0,0,0,0,1,17,17,7,0
3538,937,182,0,1,0,0,1,0,0,0,0,0,0,0,0,0,1,14,4,14,0
3750,812,81,0,0,1,0,1,0,0,0,0,0,0,0,0,1,0,10,28,5,0
6417,461,82,0,0,0,1,0,0,1,0,0,0,0,0,0,1,0,12,26,6,0
8744,72,21,0,0,1,0,1,0,0,0,0,0,1,0,0,0,0,23,26,24,0
1223,690,204,0,0,0,1,0,0,1,0,0,0,0,0,1,0,0,18,13,27,0
1499,658,88,0,1,0,0,1,0,0,0,0,1,0,0,0,0,0,17,3,4,0
4367,873,116,0,0,0,1,0,0,0,0,1,0,0,0,0,1,0,18,2,28,0
3409,719,114,0,0,1,0,0,0,0,1,0,0,0,0,1,0,0,21,10,8,0
628,666,74,0,1,0,0,0,0,0,1,0,1,0,0,0,0,0,20,11,24,0
4231,26,138,1,0,0,0,0,0,0,1,0,0,0,0,0,1,0,10,29,2,0
2804,47,185,0,0,0,1,0,0,0,1,0,0,0,0,0,0,1,23,19,20,0
4210,115,82,0,0,0,1,0,0,0,1,0,0,0,0,0,0,1,14,3,28,0
614,612,96,0,1,0,0,0,0,0,0,1,1,0,0,0,0,0,19,12,18,0
5017,119,55,1,0,0,0,0,0,0,1,0,1,0,0,0,0,0,14,23,1,0
4476,568,96,0,0,1,0,0,0,1,0,0,1,0,0,0,0,0,18,7,5,0
2840,238,85,1,0,0,0,0,1,0,0,0,0,0,0,0,1,0,15,0,11,0
2864,11,107,0,0,0,1,0,0,1,0,0,0,1,0,0,0,0,17,1,23,0
6822,680,98,0,0,0,1,1,0,0,0,0,0,1,0,0,0,0,15,24,15,0
1010,525,76,0,0,1,0,0,1,0,0,0,0,1,0,0,0,0,22,11,17,0
9129,43,274,0,0,0,1,0,0,0,0,1,0,1,0,0,0,0,11,2,19,0
8793,157,105,0,0,0,1,1,0,0,0,0,0,0,0,0,1,0,7,27,10,0
4360,699,81,0,0,1,0,0,1,0,0,0,0,1,0,0,0,0,22,1,12,0
3008,906,92,1,0,0,0,0,1,0,0,0,0,0,0,0,0,1,15,18,9,0
5031,731,93,0,0,1,0,0,0,1,0,0,0,0,0,1,0,0,10,20,14,0
7393,198,65,0,0,0,1,0,0,1,0,0,0,0,0,0,0,1,9,1,23,0
4236,775,41,0,1,0,0,0,0,0,0,1,1,0,0,0,0,0,16,9,6,0
3379,479,145,1,0,0,0,1,0,0,0,0,0,1,0,0,0,0,23,1,11,0
8830,621,155,0,1,0,0,0,0,0,1,0,0,0,0,0,1,0,22,6,9,0
9491,648,112,1,0,0,0,0,0,0,0,1,0,0,0,0,0,1,10,20,28,0
4068,586,112,1,0,0,0,0,0,0,1,0,0,0,0,0,1,0,9,2,19,0
9556,815,10,1,0,0,0,0,0,0,1,0,0,0,0,0,1,0,4,98,87,1
4961,651,75,1,0,0,0,0,1,0,0,0,0,0,0,0,0,1,23,28,3,0
8381,368,33,0,0,1,0,0,0,0,0,1,1,0,0,0,0,0,10,0,1,0
2348,227,66,0,0,1,0,0,0,0,1,0,0,0,0,0,0,1,20,17,18,0
6106,364,157,0,1,0,0,0,0,1,0,0,0,0,0,0,1,0,12,22,2,0
9269,981,123,1,0,0,0,0,0,1,0,0,0,0,0,0,1,0,19,26,14,0
3294,110,128,1,0,0,0,0,0,1,0,0,1,0,0,0,0,0,6,18,4,0
7805,11,71,0,0,1,0,0,1,0,0,0,0,0,0,1,0,0,13,1,3,0
3447,819,32,0,0,1,0,0,0,0,0,1,0,1,0,0,0,0,13,8,4,0
7979,368,134,0,1,0,0,0,0,0,1,0,0,0,0,0,1,0,13,21,24,0
1613,575,103,0,1,0,0,0,0,1,0,0,1,0,0,0,0,0,18,26,5,0
8940,402,198,1,0,0,0,0,0,1,0,0,0,1,0,0,0,0,8,16,11,0
1035,411,93,0,0,0,1,0,1,0,0,0,0,0,0,0,1,0,21,23,8,0
4085,323,93,1,0,0,0,0,0,1,0,0,0,0,0,0,1,0,14,9,8,0
3697,790,80,0,1,0,0,0,0,1,0,0,0,0,0,0,1,0,6,14,14,0
9978,888,605,0,0,1,0,1,0,0,0,0,0,0,0,1,0,0,1,83,95,1
3872,89,96,0,0,1,0,0,0,1,0,0,0,0,0,1,0,0,8,13,9,0
9937,790,10,0,0,1,0,0,1,0,0,0,0,0,0,1,0,0,12,96,92,1
2307,711,201,0,0,1,0,0,0,0,0,1,0,1,0,0,0,0,13,6,3,0
333,397,143,0,0,1,0,1,0,0,0,0,0,0,0,0,0,1,10,1,1,0
3418,946,63,0,0,1,0,0,0,0,0,1,0,0,0,0,1,0,22,14,20,0
7511,639,163,0,0,0,1,1,0,0,0,0,0,0,0,1,0,0,9,22,14,0
4288,21,15,0,0,0,1,0,1,0,0,0,0,1,0,0,0,0,18,11,7,0
5475,261,162,0,0,1,0,0,0,1,0,0,0,0,0,1,0,0,10,28,17,0
3068,360,65,0,0,1,0,1,0,0,0,0,0,0,0,0,0,1,11,10,18,0
318,649,49,0,1,0,0,0,0,0,0,1,0,0,0,0,1,0,11,7,29,0
624,264,145,0,0,1,0,1,0,0,0,0,1,0,0,0,0,0,6,18,16,0
7336,104,50,1,0,0,0,0,0,1,0,0,0,0,0,0,1,0,10,19,8,0
6096,776,206,1,0,0,0,0,0,0,0,1,0,1,0,0,0,0,7,23,6,0
971,11,58,1,0,0,0,0,0,0,1,0,0,0,0,1,0,0,11,28,17,0
9510,166,3939,0,0,1,0,0,0,0,0,1,0,0,0,1,0,0,18,88,88,1
6785,422,86,1,0,0,0,0,0,0,1,0,0,1,0,0,0,0,16,25,27,0
9496,911,58,0,1,0,0,0,0,1,0,0,0,0,0,1,0,0,23,18,4,0
1096,58,79,0,1,0,0,0,1,0,0,0,0,0,0,0,0,1,8,13,9,0
2583,268,148,0,0,1,0,0,0,0,0,1,0,0,0,0,1,0,11,12,2,0
8596,498,50,0,1,0,0,0,0,1,0,0,1,0,0,0,0,0,9,28,15,0
2505,359,40,0,1,0,0,0,0,1,0,0,0,0,0,0,1,0,21,20,15,0
6713,298,143,0,0,1,0,0,0,1,0,0,1,0,0,0,0,0,11,9,2,0
1095,99,61,0,0,0,1,0,0,0,1,0,0,0,0,0,1,0,12,18,3,0
1585,428,82,0,0,1,0,0,0,0,1,0,0,0,0,0,0,1,8,19,2,0
5869,550,100,1,0,0,0,0,1,0,0,0,0,1,0,0,0,0,12,25,8,0
2029,301,50,0,0,1,0,0,0,0,0,1,0,0,0,0,0,1,14,8,9,0
3790,288,129,0,1,0,0,0,0,0,1,0,0,1,0,0,0,0,11,8,22,0
7651,317,64,0,1,0,0,0,0,1,0,0,1,0,0,0,0,0,23,25,8,0
708,398,124,0,0,1,0,0,0,0,1,0,0,1,0,0,0,0,22,12,2,0
7878,164,129,0,1,0,0,1,0,0,0,0,0,0,0,0,0,1,18,7,3,0
8102,838,62,0,1,0,0,0,0,0,1,0,0,1,0,0,0,0,20,11,5,0
3938,840,137,1,0,0,0,0,1,0,0,0,0,0,0,1,0,0,16,15,27,0
3383,633,48,0,1,0,0,0,0,0,0,1,0,0,0,0,1,0,23,10,4,0
8456,378,139,0,1,0,0,0,0,1,0,0,0,1,0,0,0,0,21,23,16,0
5180,739,173,1,0,0,0,1,0,0,0,0,0,0,0,1,0,0,18,3,5,0
1693,339,1,1,0,0,0,0,0,1,0,0,0,0,0,0,1,0,20,9,16,0
2558,207,41,0,0,1,0,0,0,0,0,1,0,0,0,1,0,0,14,9,18,0
9913,820,22,0,0,0,1,1,0,0,0,0,0,0,1,0,0,0,4,97,98,1
3066,736,115,0,0,0,1,1,0,0,0,0,0,0,0,1,0,0,11,13,15,0
8015,248,86,0,1,0,0,0,0,0,0,1,0,0,0,1,0,0,18,22,23,0
1228,508,89,0,0,1,0,0,0,0,1,0,0,0,0,1,0,0,13,1,17,0
57,941,188,0,0,0,1,0,0,0,0,1,0,1,0,0,0,0,16,29,7,0
1513,383,103,1,0,0,0,0,1,0,0,0,0,1,0,0,0,0,16,23,29,0
6890,324,83,0,0,1,0,1,0,0,0,0,1,0,0,0,0,0,23,29,4,0
470,437,171,0,0,1,0,0,1,0,0,0,0,0,0,1,0,0,23,27,23,0
3638,395,16,0,1,0,0,0,0,0,1,0,1,0,0,0,0,0,7,3,20,0
5910,634,129,0,0,0,1,1,0,0,0,0,0,0,0,1,0,0,15,10,1,0
5090,163,101,0,0,1,0,0,0,1,0,0,0,0,0,0,0,1,6,23,21,0
5083,342,29,0,0,1,0,0,0,0,1,0,0,0,0,0,1,0,8,9,21,0
8416,355,1,1,0,0,0,0,1,0,0,0,0,0,0,0,1,0,10,22,9,0
8066,252,51,0,1,0,0,0,0,1,0,0,0,0,0,0,0,1,8,8,26,0
466,686,84,1,0,0,0,0,0,0,0,1,1,0,0,0,0,0,6,10,8,0
1575,718,174,1,0,0,0,0,1,0,0,0,0,0,0,1,0,0,6,16,3,0
8176,425,170,1,0,0,0,0,0,1,0,0,0,0,0,1,0,0,23,7,3,0
7048,507,39,0,0,0,1,1,0,0,0,0,0,0,0,1,0,0,11,8,5,0
2436,148,45,0,0,0,1,1,0,0,0,0,1,0,0,0,0,0,19,29,1,0
52,702,116,0,0,0,1,0,0,1,0,0,1,0,0,0,0,0,12,0,20,0
3696,888,71,0,1,0,0,0,0,1,0,0,0,1,0,0,0,0,10,17,13,0
1838,721,56,0,0,1,0,0,0,0,1,0,1,0,0,0,0,0,10,27,17,0
2193,972,52,0,0,1,0,0,0,0,1,0,1,0,0,0,0,0,14,15,2,0
7624,811,68,0,1,0,0,1,0,0,0,0,0,1,0,0,0,0,14,2,20,0
5757,722,1,0,0,0,1,1,0,0,0,0,0,1,0,0,0,0,18,21,1,0
8397,521,38,0,0,1,0,0,1,0,0,0,0,0,0,0,0,1,20,3,25,0
4292,305,37,0,0,1,0,1,0,0,0,0,0,0,0,1,0,0,10,27,8,0
8506,530,98,0,0,0,1,0,1,0,0,0,0,1,0,0,0,0,7,19,17,0
3691,493,28,0,0,1,0,1,0,0,0,0,0,0,0,0,1,0,9,13,8,0
1674,621,168,0,1,0,0,1,0,0,0,0,0,0,0,0,0,1,17,23,7,0
9273,573,124,0,0,0,1,0,0,0,1,0,1,0,0,0,0,0,18,23,11,0
5428,393,35,0,0,1,0,0,1,0,0,0,0,0,0,1,0,0,19,27,29,0
2194,272,27,1,0,0,0,1,0,0,0,0,0,1,0,0,0,0,15,2,1,0
7163,517,102,0,0,0,1,1,0,0,0,0,0,0,0,0,0,1,9,17,28,0
9656,203,1684,1,0,0,0,1,0,0,0,0,0,1,0,0,0,0,1,78,79,1
80,65,1,0,0,1,0,1,0,0,0,0,0,0,0,1,0,0,17,25,8,0
6707,930,95,1,0,0,0,0,0,0,1,0,1,0,0,0,0,0,7,20,15,0
5534,598,59,0,0,1,0,0,0,0,0,1,0,1,0,0,0,0,6,4,14,0
779,814,1,1,0,0,0,0,0,0,0,1,0,1,0,0,0,0,17,2,17,0
478,793,56,1,0,0,0,0,0,0,0,1,0,1,0,0,0,0,22,15,15,0
9868,721,10,0,0,1,0,0,1,0,0,0,0,0,0,1,0,0,19,88,96,1
8767,494,80,0,1,0,0,0,0,0,1,0,1,0,0,0,0,0,21,23,7,0
2618,398,42,1,0,0,0,0,0,0,0,1,0,0,0,1,0,0,19,2,19,0
7047,136,145,0,1,0,0,0,0,0,1,0,0,0,0,0,0,1,17,24,6,0
7328,928,1,0,1,0,0,0,0,1,0,0,0,1,0,0,0,0,12,28,13,0
7634,395,176,0,0,1,0,0,0,0,1,0,0,1,0,0,0,0,13,3,20,0
5562,372,98,0,0,1,0,0,0,0,0,1,0,0,0,0,0,1,10,23,5,0
2278,320,154,0,0,0,1,1,0,0,0,0,1,0,0,0,0,0,23,4,9,0
8928,880,10,0,0,0,1,1,0,0,0,0,1,0,0,0,0,0,6,16,13,0
2234,605,106,0,0,1,0,0,0,0,0,1,0,1,0,0,0,0,9,1,5,0
74,44,155,0,0,0,1,1,0,0,0,0,0,0,0,0,1,0,19,15,21,0
7492,414,88,1,0,0,0,0,0,0,1,0,0,0,0,0,1,0,7,3,4,0
6721,769,19,1,0,0,0,0,0,0,1,0,0,1,0,0,0,0,21,13,27,0
3329,609,178,0,0,1,0,0,0,0,1,0,0,0,0,0,0,1,7,21,16,0
7193,228,93,0,1,0,0,0,0,0,0,1,1,0,0,0,0,0,23,14,12,0
7853,76,90,0,1,0,0,0,0,0,1,0,0,1,0,0,0,0,22,28,13,0
6378,461,76,1,0,0,0,0,0,1,0,0,1,0,0,0,0,0,22,5,22,0
1645,592,158,0,1,0,0,0,0,1,0,0,0,0,0,0,0,1,9,7,7,0
4180,0,89,0,0,0,1,0,0,1,0,0,0,0,0,0,0,1,10,25,11,0
2940,931,8,0,1,0,0,0,0,0,0,1,0,0,0,1,0,0,18,8,9,0
3746,366,146,0,0,1,0,1,0,0,0,0,0,0,0,1,0,0,9,6,28,0
7199,46,146,0,1,0,0,0,1,0,0,0,0,1,0,0,0,0,17,22,26,0
4744,786,116,1,0,0,0,0,0,0,0,1,0,1,0,0,0,0,10,20,29,0
1774,113,39,0,0,1,0,1,0,0,0,0,0,0,0,0,0,1,21,6,28,0
653,860,137,0,1,0,0,0,1,0,0,0,1,0,0,0,0,0,13,14,10,0
8406,478,19,0,0,0,1,0,1,0,0,0,0,0,0,0,0,1,13,18,24,0
7471,10,124,0,1,0,0,0,1,0,0,0,0,0,0,0,0,1,9,24,7,0
796,536,99,0,0,0,1,0,0,0,1,0,0,0,0,0,1,0,6,3,18,0
4000,620,75,0,0,0,1,0,0,0,1,0,0,1,0,0,0,0,20,23,12,0
2005,419,146,0,1,0,0,0,0,0,0,1,0,1,0,0,0,0,9,22,7,0
4077,466,129,0,1,0,0,0,0,1,0,0,0,1,0,0,0,0,17,3,29,0
6436,578,87,0,0,0,1,0,0,1,0,0,0,0,0,0,0,1,7,13,16,0
8424,459,155,0,0,1,0,0,1,0,0,0,0,0,0,1,0,0,6,8,12,0
3078,467,63,1,0,0,0,0,0,0,0,1,0,0,0,0,0,1,23,11,10,0
5927,826,210,1,0,0,0,0,0,0,0,1,1,0,0,0,0,0,14,4,6,0
910,269,46,0,0,0,1,0,0,1,0,0,0,0,0,0,1,0,15,9,7,0
6997,979,20,0,0,1,0,0,0,0,1,0,0,0,0,1,0,0,9,13,4,0
715,367,10,0,0,1,0,0,1,0,0,0,0,0,0,0,1,0,22,10,26,0
9665,350,10,1,0,0,0,0,0,1,0,0,0,0,0,0,0,1,10,99,94,1
8481,707,134,1,0,0,0,0,0,1,0,0,0,1,0,0,0,0,20,20,22,0
5939,313,122,0,0,1,0,0,1,0,0,0,0,0,0,0,0,1,20,2,16,0
8482,601,151,0,0,0,1,0,1,0,0,0,0,0,0,0,0,1,16,0,6,0
9431,771,93,1,0,0,0,0,0,0,1,0,1,0,0,0,0,0,13,18,13,0
3413,92,79,0,0,0,1,0,0,1,0,0,0,0,0,0,0,1,19,15,27,0
9579,264,10,0,1,0,0,1,0,0,0,0,0,1,0,0,0,0,10,92,86,1
9697,568,1965,0,0,0,1,1,0,0,0,0,0,0,0,0,1,0,6,98,72,1
9719,941,1209,0,1,0,0,0,0,0,1,0,0,0,0,1,0,0,4,81,88,1
694,108,144,0,0,1,0,0,1,0,0,0,0,0,0,0,0,1,23,3,8,0
4024,548,88,0,0,1,0,1,0,0,0,0,0,0,0,1,0,0,14,19,29,0
2969,809,80,1,0,0,0,0,0,0,1,0,0,1,0,0,0,0,12,8,7,0
1830,714,112,0,1,0,0,0,0,0,1,0,0,1,0,0,0,0,20,4,25,0
3782,274,74,1,0,0,0,1,0,0,0,0,0,0,0,1,0,0,21,24,12,0
3594,502,50,0,0,0,1,1,0,0,0,0,0,1,0,0,0,0,13,6,21,0
7184,976,1,1,0,0,0,1,0,0,0,0,0,0,0,0,0,1,16,23,9,0
3289,187,109,0,0,1,0,0,0,0,1,0,0,0,0,0,0,1,12,16,9,0
1476,379,124,0,0,1,0,0,0,1,0,0,0,0,0,0,1,0,18,22,26,0
6424,97,86,1,0,0,0,0,0,0,0,1,0,0,0,0,1,0,22,26,29,0
7928,117,211,0,0,1,0,0,0,1,0,0,0,0,0,1,0,0,7,15,17,0
7904,798,76,0,0,0,1,0,0,0,0,1,0,0,0,0,1,0,19,4,17,0
3081,282,182,0,0,1,0,0,0,0,1,0,1,0,0,0,0,0,8,5,20,0
9776,46,2718,0,1,0,0,0,1,0,0,0,0,1,0,0,0,0,9,96,79,1
7482,384,156,1,0,0,0,0,1,0,0,0,0,0,0,0,1,0,23,15,28,0
2274,71,133,0,0,1,0,0,0,1,0,0,0,1,0,0,0,0,16,8,1,0
9560,167,807,1,0,0,0,0,0,1,0,0,0,1,0,0,0,0,4,77,71,1
1320,152,54,1,0,0,0,0,0,1,0,0,0,0,0,1,0,0,12,20,0,0
2805,737,11,0,1,0,0,0,0,0,0,1,0,0,0,0,1,0,13,3,5,0
1691,339,46,1,0,0,0,1,0,0,0,0,0,0,0,0,0,1,22,26,8,0
5154,328,27,0,1,0,0,0,0,0,1,0,0,1,0,0,0,0,23,19,7,0
6724,833,99,0,0,1,0,1,0,0,0,0,1,0,0,0,0,0,23,19,20,0
3816,684,134,1,0,0,0,0,0,0,0,1,0,0,0,0,0,1,9,24,18,0
508,301,106,1,0,0,0,0,0,0,0,1,0,0,0,0,0,1,18,25,5,0
3680,621,94,0,1,0,0,0,0,0,1,0,1,0,0,0,0,0,16,18,26,0
5766,535,27,0,1,0,0,0,0,1,0,0,0,0,0,0,0,1,20,23,26,0
9049,130,72,0,0,0,1,0,0,0,0,1,0,0,0,1,0,0,11,8,29,0
6573,523,47,0,0,1,0,0,0,1,0,0,0,0,0,0,0,1,8,18,18,0
2134,450,198,0,0,1,0,0,1,0,0,0,0,0,0,0,1,0,16,26,20,0
266,235,102,0,1,0,0,0,0,1,0,0,0,1,0,0,0,0,12,3,23,0
3509,221,106,0,0,0,1,0,0,0,1,0,0,0,0,0,1,0,14,10,27,0
7810,219,75,0,0,0,1,0,0,0,1,0,1,0,0,0,0,0,9,21,1,0
7976,750,33,1,0,0,0,0,0,0,0,1,0,0,0,0,0,1,9,2,25,0
9844,535,6336,1,0,0,0,0,0,1,0,0,0,0,0,0,1,0,4,77,89,1
189,888,71,0,1,0,0,0,1,0,0,0,0,0,0,1,0,0,13,3,9,0
6525,625,82,0,0,1,0,0,1,0,0,0,0,0,0,0,1,0,7,14,4,0
4896,270,49,0,0,0,1,0,1,0,0,0,1,0,0,0,0,0,18,17,17,0
2365,608,99,0,1,0,0,0,0,0,0,1,0,1,0,0,0,0,11,0,26,0
1507,941,61,1,0,0,0,0,1,0,0,0,1,0,0,0,0,0,19,29,27,0
5882,851,150,0,1,0,0,1,0,0,0,0,1,0,0,0,0,0,20,11,14,0
4240,558,37,0,1,0,0,0,1,0,0,0,1,0,0,0,0,0,8,26,23,0
452,300,219,1,0,0,0,0,0,0,1,0,1,0,0,0,0,0,20,5,29,0
731,366,106,0,0,0,1,0,0,1,0,0,0,1,0,0,0,0,23,23,25,0
6946,530,32,1,0,0,0,1,0,0,0,0,1,0,0,0,0,0,21,27,22,0
2967,801,201,0,1,0,0,0,1,0,0,0,1,0,0,0,0,0,15,0,11,0
2875,519,127,0,0,1,0,1,0,0,0,0,0,1,0,0,0,0,11,19,5,0
3957,863,119,0,1,0,0,1,0,0,0,0,0,0,0,0,0,1,17,4,3,0
6006,702,180,0,0,1,0,1,0,0,0,0,0,0,0,0,0,1,23,22,4,0
517,427,75,0,0,1,0,0,1,0,0,0,0,0,0,0,0,1,12,26,16,0
978,400,100,0,1,0,0,0,0,0,1,0,0,0,0,0,1,0,16,5,14,0
1991,918,33,0,1,0,0,1,0,0,0,0,0,0,0,1,0,0,9,14,10,0
545,356,159,1,0,0,0,0,1,0,0,0,0,0,0,0,1,0,15,21,1,0
2735,650,95,1,0,0,0,0,0,1,0,0,0,1,0,0,0,0,21,13,3,0
3547,904,65,0,1,0,0,0,0,0,1,0,0,1,0,0,0,0,6,23,6,0
7944,783,88,0,0,1,0,0,0,0,1,0,1,0,0,0,0,0,16,23,18,0
2491,692,60,1,0,0,0,0,0,0,1,0,0,0,0,0,1,0,10,2,21,0
4113,272,115,1,0,0,0,0,0,0,0,1,0,0,0,0,1,0,19,26,10,0
8507,158,99,0,0,1,0,0,0,0,0,1,0,0,0,0,0,1,23,26,11,0
7792,902,145,1,0,0,0,0,0,0,1,0,0,0,0,1,0,0,13,21,22,0
4033,571,77,0,0,1,0,0,0,1,0,0,0,1,0,0,0,0,15,27,3,0
2699,422,13,0,0,0,1,0,0,0,1,0,0,0,0,0,0,1,7,17,11,0
3029,385,139,0,0,0,1,0,0,0,1,0,0,0,0,1,0,0,16,5,11,0
8575,681,18,0,0,0,1,0,0,0,0,1,0,0,0,0,1,0,11,13,2,0
6856,199,94,0,0,0,1,0,0,0,1,0,0,1,0,0,0,0,23,21,8,0
2123,792,155,1,0,0,0,0,0,1,0,0,0,1,0,0,0,0,6,4,2,0
275,30,138,0,0,0,1,0,0,1,0,0,0,0,0,0,1,0,16,27,22,0
639,403,81,0,1,0,0,0,0,1,0,0,0,0,0,0,1,0,16,11,19,0
6660,802,73,0,0,0,1,0,0,1,0,0,0,0,0,0,1,0,10,27,14,0
837,435,95,1,0,0,0,0,0,0,0,1,0,0,0,0,0,1,20,12,20,0
1607,400,14,1,0,0,0,0,1,0,0,0,0,0,0,0,1,0,16,5,7,0
550,310,115,0,1,0,0,1,0,0,0,0,0,0,0,0,1,0,19,0,4,0
8497,152,128,1,0,0,0,0,1,0,0,0,0,0,0,1,0,0,16,22,12,0
2677,200,189,0,1,0,0,0,0,0,1,0,0,0,0,1,0,0,8,28,0,0
6127,510,229,0,0,1,0,0,0,0,1,0,0,0,0,0,0,1,22,24,25,0
4213,367,127,1,0,0,0,0,0,1,0,0,0,1,0,0,0,0,18,6,3,0
9663,877,1274,1,0,0,0,1,0,0,0,0,0,1,0,0,0,0,12,92,97,1
7283,594,142,1,0,0,0,1,0,0,0,0,0,0,0,0,0,1,18,24,26,0
1184,736,114,0,0,1,0,0,0,1,0,0,1,0,0,0,0,0,7,21,29,0
2914,837,1,0,1,0,0,0,0,1,0,0,0,0,0,1,0,0,14,6,2,0
6228,729,88,1,0,0,0,0,0,1,0,0,0,1,0,0,0,0,22,16,12,0
3959,47,130,0,0,0,1,0,0,0,0,1,0,0,0,0,0,1,7,16,21,0
8419,792,118,1,0,0,0,0,0,1,0,0,0,0,0,1,0,0,7,28,4,0
4028,307,74,1,0,0,0,1,0,0,0,0,0,0,0,1,0,0,20,29,3,0
8850,574,95,0,0,0,1,0,0,0,1,0,0,0,0,0,0,1,12,13,3,0
8109,289,62,0,0,0,1,0,0,0,0,1,0,0,0,1,0,0,6,13,8,0
8968,742,11,0,0,1,0,0,0,1,0,0,0,0,0,1,0,0,12,16,20,0
6849,467,120,0,0,1,0,0,0,1,0,0,0,0,0,0,0,1,8,21,28,0
5117,4,89,0,0,0,1,0,0,0,1,0,0,0,0,0,0,1,21,20,13,0
1257,334,127,0,0,1,0,0,1,0,0,0,0,1,0,0,0,0,6,28,4,0
3633,347,65,0,1,0,0,0,1,0,0,0,0,0,0,0,0,1,6,25,11,0
7447,777,75,0,1,0,0,0,0,0,1,0,0,0,0,1,0,0,23,7,22,0
7980,605,122,0,1,0,0,0,0,0,1,0,0,0,0,0,1,0,9,25,29,0
2653,462,136,0,0,1,0,1,0,0,0,0,1,0,0,0,0,0,21,15,15,0
6687,574,1,0,0,0,1,1,0,0,0,0,0,1,0,0,0,0,16,14,25,0
5975,96,95,1,0,0,0,0,1,0,0,0,1,0,0,0,0,0,17,18,3,0
324,557,1,0,1,0,0,1,0,0,0,0,0,1,0,0,0,0,14,22,7,0
9041,312,188,1,0,0,0,0,0,0,1,0,0,0,0,0,0,1,6,16,3,0
1180,479,105,0,1,0,0,0,0,1,0,0,0,0,0,0,0,1,22,25,16,0
9053,831,133,0,0,1,0,0,0,1,0,0,0,1,0,0,0,0,15,19,22,0
7992,176,1,0,1,0,0,1,0,0,0,0,0,1,0,0,0,0,20,15,11,0
481,4,95,1,0,0,0,0,0,0,0,1,0,0,0,1,0,0,13,7,22,0
6844,686,98,0,0,0,1,0,0,0,0,1,0,1,0,0,0,0,12,17,29,0
785,419,99,0,0,0,1,0,0,1,0,0,0,0,0,0,1,0,17,5,28,0
2231,780,117,0,0,1,0,1,0,0,0,0,0,0,0,1,0,0,7,5,4,0
9876,853,1345,0,1,0,0,0,0,0,0,1,1,0,0,0,0,0,2,99,87,1
4520,451,175,0,1,0,0,0,0,1,0,0,0,1,0,0,0,0,6,23,17,0
9375,561,106,0,1,0,0,0,0,0,1,0,0,0,0,0,0,1,18,20,20,0
8698,306,101,1,0,0,0,0,0,1,0,0,0,0,0,0,1,0,10,17,11,0
9271,73,3,1,0,0,0,0,0,1,0,0,0,0,0,1,0,0,10,24,15,0
9340,576,160,0,0,0,1,0,0,0,1,0,1,0,0,0,0,0,20,22,29,0
1493,629,153,0,0,0,1,0,1,0,0,0,0,0,0,0,1,0,16,4,27,0
6662,130,91,0,0,0,1,1,0,0,0,0,1,0,0,0,0,0,15,2,1,0
9645,173,2606,1,0,0,0,0,0,0,1,0,0,0,0,0,0,1,3,90,92,1
2773,713,63,0,0,0,1,0,0,0,1,0,0,0,0,0,1,0,11,18,24,0
6538,487,85,1,0,0,0,0,0,0,1,0,0,0,0,1,0,0,9,15,8,0
7010,25,153,1,0,0,0,1,0,0,0,0,0,0,0,0,0,1,20,25,12,0
2649,127,96,1,0,0,0,1,0,0,0,0,0,0,0,1,0,0,12,29,26,0
1980,782,109,0,1,0,0,0,0,1,0,0,0,0,0,1,0,0,13,19,19,0
2283,882,161,0,0,1,0,1,0,0,0,0,0,0,0,0,0,1,21,0,6,0
6906,226,160,0,0,0,1,0,0,0,1,0,1,0,0,0,0,0,17,10,4,0
4837,303,70,0,0,0,1,0,1,0,0,0,0,0,0,0,1,0,20,18,24,0
2514,601,139,0,1,0,0,0,0,0,0,1,1,0,0,0,0,0,12,13,16,0
3929,737,43,0,1,0,0,0,1,0,0,0,1,0,0,0,0,0,16,13,2,0
7472,445,117,1,0,0,0,0,0,1,0,0,0,0,0,0,1,0,21,5,1,0
8730,701,84,1,0,0,0,0,0,1,0,0,0,0,0,0,0,1,12,15,0,0
1888,89,89,0,0,0,1,1,0,0,0,0,0,0,0,1,0,0,17,27,27,0
773,316,177,0,0,1,0,0,1,0,0,0,0,0,0,1,0,0,11,28,12,0
8443,431,129,0,1,0,0,1,0,0,0,0,0,0,0,0,1,0,13,3,7,0
3216,723,162,0,0,1,0,0,0,0,1,0,0,0,0,0,0,1,11,11,3,0
9517,174,2675,1,0,0,0,1,0,0,0,0,0,0,1,0,0,0,8,71,80,1
272,740,61,0,0,1,0,1,0,0,0,0,0,0,0,0,0,1,19,21,29,0
6170,825,22,0,0,1,0,0,0,0,0,1,0,0,0,0,1,0,21,4,25,0
360,103,109,1,0,0,0,1,0,0,0,0,0,0,0,0,0,1,17,18,18,0
5905,478,12,0,0,1,0,0,0,0,0,1,0,1,0,0,0,0,6,29,24,0
312,226,27,0,1,0,0,1,0,0,0,0,0,1,0,0,0,0,20,10,26,0
6401,319,133,0,1,0,0,0,1,0,0,0,0,1,0,0,0,0,7,3,14,0
6710,827,100,0,1,0,0,0,0,0,0,1,0,0,0,0,0,1,23,3,23,0
8814,51,73,0,0,1,0,1,0,0,0,0,0,0,0,0,1,0,17,23,24,0
1087,777,4,0,0,1,0,1,0,0,0,0,0,0,0,0,0,1,23,12,13,0
9678,645,22,0,0,1,0,0,1,0,0,0,0,0,0,0,1,0,9,77,94,1
2049,734,27,0,0,1,0,0,0,1,0,0,0,1,0,0,0,0,20,15,20,0
6736,303,120,0,1,0,0,0,0,1,0,0,0,1,0,0,0,0,17,9,25,0
2685,370,68,0,0,0,1,0,0,0,0,1,0,0,0,1,0,0,8,9,13,0
1449,281,151,1,0,0,0,0,0,0,0,1,0,1,0,0,0,0,7,12,23,0
7248,62,165,0,1,0,0,1,0,0,0,0,0,0,0,1,0,0,6,19,18,0
6520,555,138,0,0,1,0,0,0,1,0,0,0,0,0,0,0,1,19,8,20,0
5317,169,2,0,0,0,1,0,0,1,0,0,0,0,0,0,0,1,8,27,21,0
4519,813,102,0,0,0,1,0,0,1,0,0,0,0,0,0,1,0,16,19,15,0
4177,615,121,0,0,1,0,0,0,0,1,0,0,0,0,1,0,0,7,21,9,0
2922,964,140,0,0,1,0,0,0,1,0,0,1,0,0,0,0,0,15,27,8,0
6759,638,162,0,1,0,0,0,0,1,0,0,0,0,0,1,0,0,13,13,17,0
9009,91,119,0,0,0,1,0,1,0,0,0,0,0,0,0,1,0,20,15,21,0
3655,135,82,0,0,1,0,0,0,0,1,0,1,0,0,0,0,0,22,12,24,0
584,186,174,1,0,0,0,0,1,0,0,0,1,0,0,0,0,0,20,3,1,0
9480,448,136,1,0,0,0,0,0,0,0,1,0,1,0,0,0,0,8,19,3,0
5290,973,120,0,1,0,0,0,1,0,0,0,0,0,0,1,0,0,11,25,14,0
3496,941,128,0,0,1,0,1,0,0,0,0,1,0,0,0,0,0,15,8,15,0
4379,294,144,0,0,1,0,0,0,0,0,1,0,1,0,0,0,0,15,3,18,0
7131,210,151,1,0,0,0,0,0,1,0,0,0,0,0,0,1,0,8,4,21,0
114,912,137,1,0,0,0,1,0,0,0,0,0,1,0,0,0,0,23,18,29,0
3986,888,178,0,1,0,0,0,0,0,1,0,0,0,0,1,0,0,11,15,5,0
4341,960,157,0,0,0,1,0,1,0,0,0,0,0,0,1,0,0,12,23,28,0
5476,824,127,1,0,0,0,0,0,0,1,0,0,0,0,0,1,0,12,29,9,0
4679,835,80,1,0,0,0,0,0,1,0,0,1,0,0,0,0,0,19,10,11,0
8331,975,63,1,0,0,0,0,0,1,0,0,1,0,0,0,0,0,14,21,22,0
6429,926,53,1,0,0,0,0,0,1,0,0,0,0,0,1,0,0,15,7,0,0
1271,134,186,0,0,0,1,1,0,0,0,0,0,0,0,1,0,0,12,21,16,0
8508,537,85,0,0,1,0,0,0,1,0,0,1,0,0,0,0,0,12,11,18,0
500,389,99,0,0,0,1,0,0,0,1,0,0,0,0,0,0,1,21,24,28,0
31,646,165,0,0,0,1,0,0,1,0,0,0,1,0,0,0,0,6,14,27,0
799,946,135,1,0,0,0,1,0,0,0,0,0,0,0,0,0,1,11,9,10,0
5001,700,98,0,0,1,0,0,0,1,0,0,1,0,0,0,0,0,6,12,24,0
5275,609,85,0,1,0,0,1,0,0,0,0,1,0,0,0,0,0,13,9,21,0
8483,622,21,0,0,1,0,0,0,1,0,0,0,0,0,0,1,0,16,3,5,0
4188,122,143,1,0,0,0,0,0,0,0,1,0,0,0,0,0,1,11,15,24,0
6049,655,53,0,1,0,0,0,0,0,1,0,0,1,0,0,0,0,19,4,15,0
404,728,109,0,0,0,1,0,1,0,0,0,0,0,0,0,0,1,6,11,28,0
9787,230,1101,1,0,0,0,0,1,0,0,0,0,0,0,0,1,0,10,84,72,1
8260,764,126,0,1,0,0,0,0,0,0,1,1,0,0,0,0,0,10,2,4,0
2270,236,93,0,1,0,0,0,0,0,0,1,0,0,0,0,1,0,17,24,26,0
7172,769,127,0,0,0,1,0,1,0,0,0,0,0,0,1,0,0,10,24,10,0
8680,449,89,0,0,1,0,1,0,0,0,0,0,1,0,0,0,0,6,28,19,0
4245,487,89,0,0,1,0,0,0,1,0,0,0,0,0,1,0,0,16,23,12,0
4753,48,69,0,1,0,0,0,0,0,0,1,1,0,0,0,0,0,13,16,3,0
3074,719,160,1,0,0,0,0,0,0,0,1,0,1,0,0,0,0,11,15,14,0
5902,804,13,1,0,0,0,0,0,1,0,0,0,0,0,0,0,1,20,4,22,0
9245,717,1,0,0,0,1,0,1,0,0,0,0,0,0,1,0,0,23,2,22,0
5650,37,68,1,0,0,0,0,0,1,0,0,0,0,0,0,1,0,13,26,14,0
329,769,210,1,0,0,0,0,0,0,0,1,1,0,0,0,0,0,16,24,1,0
9055,179,182,0,0,0,1,0,0,1,0,0,0,0,0,0,0,1,21,14,29,0
4086,14,187,0,0,0,1,0,0,0,1,0,0,0,0,1,0,0,17,21,7,0
8096,513,206,0,0,0,1,0,0,0,0,1,1,0,0,0,0,0,21,29,21,0
4351,682,129,0,0,1,0,0,1,0,0,0,0,0,0,0,1,0,11,10,15,0
989,32,127,0,0,0,1,0,0,0,0,1,0,1,0,0,0,0,19,13,6,0
3974,515,78,0,0,1,0,0,0,0,1,0,0,1,0,0,0,0,23,13,13,0
1182,46,105,0,0,1,0,0,0,0,0,1,0,0,0,0,0,1,21,2,25,0
5055,476,105,0,0,0,1,1,0,0,0,0,0,1,0,0,0,0,13,19,18,0
590,85,67,1,0,0,0,0,0,0,0,1,0,1,0,0,0,0,6,24,7,0
1806,210,37,0,0,0,1,0,0,0,1,0,0,0,0,0,1,0,21,27,21,0
4860,191,54,0,0,0,1,0,0,0,1,0,0,0,0,1,0,0,7,15,21,0
8167,137,91,0,0,1,0,0,0,0,1,0,0,0,0,0,1,0,16,0,4,0
5255,376,71,0,1,0,0,0,0,1,0,0,1,0,0,0,0,0,9,15,19,0
6910,662,57,0,0,1,0,1,0,0,0,0,1,0,0,0,0,0,6,10,23,0
6633,98,74,1,0,0,0,0,0,0,0,1,0,0,0,0,1,0,7,24,6,0
6978,20,60,1,0,0,0,1,0,0,0,0,0,1,0,0,0,0,18,28,5,0
185,936,157,0,0,1,0,0,0,0,0,1,0,0,0,0,1,0,19,26,20,0
5305,745,106,0,0,1,0,0,0,1,0,0,0,1,0,0,0,0,22,13,18,0
8313,348,153,0,0,1,0,0,0,1,0,0,0,1,0,0,0,0,19,12,7,0
4586,545,41,0,0,0,1,0,1,0,0,0,0,0,0,0,1,0,11,21,14,0
459,67,145,0,1,0,0,0,0,0,1,0,1,0,0,0,0,0,8,14,12,0
7632,937,148,0,0,1,0,1,0,0,0,0,1,0,0,0,0,0,10,27,18,0
8090,910,106,0,0,1,0,1,0,0,0,0,0,0,0,0,0,1,22,23,21,0
2634,871,116,0,1,0,0,0,1,0,0,0,0,0,0,0,0,1,14,27,21,0
3011,3,21,0,0,1,0,0,0,0,0,1,0,0,0,1,0,0,16,0,5,0
5688,134,73,1,0,0,0,0,0,1,0,0,0,0,0,1,0,0,23,29,26,0
2161,348,63,0,1,0,0,0,0,0,1,0,1,0,0,0,0,0,20,15,18,0
2640,362,30,0,0,1,0,0,0,0,0,1,0,0,0,0,1,0,14,8,11,0
6270,546,50,1,0,0,0,0,0,1,0,0,1,0,0,0,0,0,22,23,23,0
5456,677,113,1,0,0,0,0,0,1,0,0,0,0,0,1,0,0,14,23,9,0
4522,589,60,0,0,0,1,0,0,0,0,1,1,0,0,0,0,0,15,7,16,0
7292,700,161,0,1,0,0,0,1,0,0,0,0,0,0,0,1,0,15,22,0,0
5466,445,65,0,1,0,0,0,1,0,0,0,1,0,0,0,0,0,6,26,4,0
4465,397,183,0,0,1,0,0,1,0,0,0,0,0,0,1,0,0,20,18,5,0
6040,229,38,1,0,0,0,0,0,1,0,0,1,0,0,0,0,0,17,27,29,0
7735,227,35,0,0,1,0,0,0,0,1,0,1,0,0,0,0,0,10,2,27,0
4768,188,26,0,1,0,0,0,1,0,0,0,1,0,0,0,0,0,22,16,3,0
4707,13,42,0,0,0,1,1,0,0,0,0,0,0,0,0,0,1,7,4,10,0
4439,830,161,0,0,1,0,0,0,0,1,0,0,0,0,0,1,0,20,29,23,0
5439,880,81,0,0,1,0,0,1,0,0,0,0,1,0,0,0,0,9,14,15,0
8550,942,162,0,1,0,0,0,0,0,1,0,0,0,0,1,0,0,18,9,11,0
4354,160,1,1,0,0,0,0,1,0,0,0,1,0,0,0,0,0,23,26,28,0
2728,5,102,0,1,0,0,0,0,0,0,1,0,0,0,0,0,1,15,7,28,0
4106,583,65,0,0,0,1,0,0,1,0,0,0,0,0,0,1,0,13,28,11,0
8445,908,152,0,1,0,0,0,0,1,0,0,0,0,0,0,1,0,8,24,15,0
5453,819,153,0,1,0,0,0,0,0,1,0,0,0,0,0,0,1,9,26,21,0
8429,861,59,0,1,0,0,1,0,0,0,0,0,0,0,0,0,1,15,27,23,0
5095,600,132,1,0,0,0,0,0,0,0,1,1,0,0,0,0,0,19,16,25,0
1161,922,100,0,0,1,0,0,1,0,0,0,0,0,0,0,1,0,15,28,20,0
4785,147,62,0,0,1,0,1,0,0,0,0,0,0,0,0,0,1,14,20,3,0
3991,787,42,1,0,0,0,1,0,0,0,0,1,0,0,0,0,0,22,14,21,0
2024,641,94,1,0,0,0,0,0,0,0,1,0,0,0,1,0,0,14,14,2,0
3304,751,146,1,0,0,0,0,0,0,1,0,0,0,0,1,0,0,19,16,17,0
6932,465,33,0,0,1,0,0,0,0,0,1,0,0,0,0,1,0,12,22,19,0
1422,18,35,0,0,0,1,0,0,0,0,1,0,0,0,0,0,1,23,10,3,0
8648,722,138,0,0,0,1,0,0,0,1,0,0,0,0,1,0,0,7,28,28,0
9292,798,140,0,0,0,1,0,1,0,0,0,1,0,0,0,0,0,13,4,15,0
5258,398,11,0,0,1,0,0,0,0,1,0,0,0,0,0,1,0,7,17,28,0
2907,63,1,0,0,0,1,1,0,0,0,0,0,0,0,0,1,0,9,24,3,0
8044,715,150,0,1,0,0,1,0,0,0,0,0,0,0,0,1,0,20,17,23,0
7773,294,168,0,1,0,0,0,0,0,1,0,0,0,0,0,0,1,22,2,9,0
7373,154,115,0,0,1,0,0,0,0,0,1,0,0,0,0,1,0,10,8,14,0
1825,169,23,0,0,1,0,0,0,0,1,0,0,0,0,0,0,1,15,17,4,0
4050,787,155,1,0,0,0,0,1,0,0,0,1,0,0,0,0,0,15,29,25,0
5059,231,119,0,1,0,0,0,0,1,0,0,1,0,0,0,0,0,10,5,28,0
9965,870,1136,0,0,1,0,0,0,0,1,0,0,0,0,1,0,0,4,92,78,1
7675,698,134,0,0,0,1,0,1,0,0,0,0,0,0,0,0,1,12,20,20,0
8533,111,120,0,1,0,0,0,0,0,1,0,0,0,0,1,0,0,6,12,17,0
6686,603,134,1,0,0,0,1,0,0,0,0,0,0,0,0,1,0,10,5,6,0
9922,830,4359,0,0,1,0,0,0,1,0,0,0,0,0,0,1,0,5,85,88,1
739,988,97,0,0,1,0,0,1,0,0,0,0,1,0,0,0,0,6,18,12,0
6463,444,130,0,1,0,0,0,0,1,0,0,1,0,0,0,0,0,18,25,4,0
9128,579,184,0,1,0,0,0,0,1,0,0,0,1,0,0,0,0,13,7,12,0
1961,349,186,1,0,0,0,0,1,0,0,0,1,0,0,0,0,0,12,22,20,0
2703,381,63,0,0,1,0,1,0,0,0,0,0,0,0,1,0,0,15,21,10,0
7050,319,20,0,0,0,1,0,0,0,1,0,0,0,0,0,0,1,11,22,29,0
5029,17,108,0,1,0,0,0,0,1,0,0,0,1,0,0,0,0,12,26,24,0
5787,845,1,0,0,1,0,0,0,0,0,1,0,0,0,0,1,0,22,13,7,0
5490,485,166,0,1,0,0,0,0,0,0,1,0,0,0,0,0,1,18,15,17,0
3508,267,90,0,0,1,0,1,0,0,0,0,0,0,0,0,1,0,7,28,20,0
2925,29,205,1,0,0,0,0,0,0,0,1,0,0,0,1,0,0,17,5,9,0
3505,202,141,0,0,0,1,0,0,1,0,0,0,1,0,0,0,0,10,24,9,0
4355,283,99,1,0,0,0,0,0,0,0,1,0,1,0,0,0,0,21,25,2,0
4156,327,69,0,0,1,0,1,0,0,0,0,0,1,0,0,0,0,20,4,21,0
5665,3,82,0,0,1,0,0,1,0,0,0,1,0,0,0,0,0,23,11,15,0
9278,729,15,1,0,0,0,0,0,0,0,1,0,0,0,0,0,1,6,21,25,0
1958,784,176,1,0,0,0,1,0,0,0,0,0,0,0,1,0,0,6,2,7,0
3925,490,62,0,0,1,0,1,0,0,0,0,0,1,0,0,0,0,11,19,9,0
1815,190,52,0,1,0,0,0,1,0,0,0,0,0,0,1,0,0,18,22,2,0
6558,412,1,0,0,0,1,0,0,0,0,1,0,0,0,0,1,0,12,4,7,0
7993,340,59,0,1,0,0,0,0,1,0,0,0,0,0,0,0,1,22,11,5,0
4021,375,106,0,0,0,1,0,0,0,0,1,0,1,0,0,0,0,19,24,6,0
5035,971,48,0,0,0,1,0,1,0,0,0,0,0,0,0,1,0,23,3,27,0
5021,69,82,1,0,0,0,0,0,0,0,1,0,0,0,1,0,0,23,7,8,0
3685,305,102,0,1,0,0,0,0,0,0,1,0,0,0,0,1,0,18,12,5,0
7220,745,52,0,0,0,1,0,1,0,0,0,0,0,0,1,0,0,8,4,19,0
4567,68,143,1,0,0,0,0,0,0,1,0,0,0,0,0,1,0,19,12,12,0
2096,226,114,0,1,0,0,1,0,0,0,0,0,0,0,1,0,0,6,28,19,0
9542,166,3213,0,1,0,0,0,0,0,1,0,1,0,0,0,0,0,0,76,80,1
6482,682,4,0,1,0,0,1,0,0,0,0,0,1,0,0,0,0,10,21,11,0
3086,473,118,0,0,0,1,0,1,0,0,0,0,0,0,0,0,1,10,17,7,0
7450,114,128,0,0,1,0,0,0,1,0,0,1,0,0,0,0,0,19,7,7,0
9648,144,1126,0,1,0,0,1,0,0,0,0,0,0,0,0,1,0,18,85,96,1
1445,924,96,1,0,0,0,0,0,1,0,0,0,0,0,1,0,0,19,1,26,0
652,115,85,0,0,0,1,0,0,0,1,0,0,1,0,0,0,0,7,14,14,0
9498,1,53,0,0,0,1,0,0,1,0,0,0,0,0,1,0,0,6,10,2,0
4320,712,116,0,0,1,0,0,0,0,0,1,0,1,0,0,0,0,22,27,17,0
253,100,45,0,1,0,0,1,0,0,0,0,0,1,0,0,0,0,15,24,18,0
7180,155,147,0,0,1,0,0,0,0,0,1,1,0,0,0,0,0,14,13,6,0
4255,545,127,0,0,0,1,0,1,0,0,0,0,0,0,0,0,1,20,3,4,0
2825,53,142,0,1,0,0,0,0,1,0,0,0,0,0,0,1,0,15,13,22,0
1346,629,105,0,0,0,1,0,0,1,0,0,0,0,0,1,0,0,18,8,8,0
5629,145,214,0,0,1,0,0,0,0,0,1,1,0,0,0,0,0,16,19,5,0
7733,314,117,0,1,0,0,0,1,0,0,0,0,0,0,0,1,0,11,2,14,0
5034,351,53,0,1,0,0,0,0,0,0,1,0,0,0,0,0,1,7,10,18,0
4988,305,158,1,0,0,0,0,0,0,0,1,0,0,0,1,0,0,7,6,25,0
1697,391,25,0,0,0,1,0,0,0,0,1,0,0,0,0,1,0,23,16,9,0
7954,352,148,1,0,0,0,0,0,1,0,0,0,0,0,0,1,0,20,18,23,0
1604,901,149,1,0,0,0,1,0,0,0,0,1,0,0,0,0,0,20,1,29,0
9289,204,179,0,0,0,1,1,0,0,0,0,0,1,0,0,0,0,10,4,26,0
8937,780,116,0,1,0,0,0,0,1,0,0,0,1,0,0,0,0,9,14,6,0
7414,674,87,0,1,0,0,0,0,0,1,0,0,0,0,0,0,1,14,29,19,0
6290,180,168,0,1,0,0,0,0,0,0,1,0,0,0,0,1,0,8,6,4,0
1140,175,87,0,0,0,1,0,0,0,0,1,0,0,0,1,0,0,8,26,8,0
9934,833,166,0,1,0,0,1,0,0,0,0,0,0,1,0,0,0,13,87,96,1
2045,342,60,0,0,1,0,0,0,0,0,1,0,1,0,0,0,0,13,13,1,0
8718,745,30,0,0,1,0,0,0,0,1,0,0,0,0,0,1,0,9,10,23,0
3977,520,48,0,0,0,1,0,0,1,0,0,0,0,0,0,1,0,19,16,11,0
2722,889,77,0,0,0,1,1,0,0,0,0,1,0,0,0,0,0,20,19,14,0
8720,63,71,0,0,1,0,0,0,0,1,0,0,0,0,0,1,0,8,25,21,0
5690,350,74,1,0,0,0,0,0,1,0,0,1,0,0,0,0,0,13,3,4,0
1531,81,61,0,0,1,0,1,0,0,0,0,0,0,0,0,0,1,17,24,19,0
2602,389,122,0,1,0,0,0,0,1,0,0,0,0,0,1,0,0,21,21,2,0
7718,127,141,0,1,0,0,0,1,0,0,0,0,1,0,0,0,0,10,14,19,0
5903,477,1,1,0,0,0,0,1,0,0,0,0,0,0,1,0,0,21,19,20,0
6552,26,71,1,0,0,0,0,0,0,1,0,1,0,0,0,0,0,13,29,13,0
5956,223,101,0,0,1,0,0,0,1,0,0,0,0,0,0,0,1,6,15,23,0
915,727,21,0,1,0,0,1,0,0,0,0,0,0,0,0,0,1,19,16,12,0
1744,479,110,1,0,0,0,0,0,1,0,0,0,0,0,0,1,0,9,6,24,0
2358,695,163,1,0,0,0,0,0,1,0,0,0,0,0,1,0,0,7,7,5,0
4300,502,108,0,0,0,1,0,0,0,0,1,0,0,0,0,1,0,21,9,18,0
7076,612,98,1,0,0,0,1,0,0,0,0,0,0,0,0,1,0,9,12,29,0
9031,601,168,1,0,0,0,1,0,0,0,0,0,0,0,1,0,0,6,6,19,0
9250,791,97,0,0,0,1,0,0,0,1,0,0,1,0,0,0,0,13,1,17,0
7704,317,3,0,1,0,0,0,1,0,0,0,0,1,0,0,0,0,21,12,14,0
9329,356,104,1,0,0,0,0,0,1,0,0,0,1,0,0,0,0,8,17,16,0
438,539,80,0,0,1,0,0,0,0,1,0,0,1,0,0,0,0,13,5,28,0
9279,239,56,0,0,0,1,0,0,0,1,0,1,0,0,0,0,0,20,23,21,0
9956,589,11085,1,0,0,0,0,0,1,0,0,1,0,0,0,0,0,7,86,80,1
2289,480,54,0,1,0,0,0,0,0,1,0,0,0,0,1,0,0,11,2,14,0
1882,531,189,0,0,0,1,0,0,1,0,0,0,0,0,0,1,0,22,28,7,0
400,330,123,0,0,1,0,0,0,0,1,0,0,0,0,0,1,0,19,18,29,0
7162,225,196,1,0,0,0,1,0,0,0,0,0,1,0,0,0,0,15,25,1,0
7525,291,1,0,1,0,0,0,1,0,0,0,0,0,0,0,0,1,21,9,26,0
1554,571,35,1,0,0,0,0,0,1,0,0,0,0,0,1,0,0,12,14,22,0
7831,358,121,0,0,1,0,1,0,0,0,0,0,0,0,0,1,0,15,28,24,0
8892,399,160,1,0,0,0,0,0,1,0,0,0,0,0,0,1,0,15,1,5,0
1893,804,145,0,0,0,1,0,0,0,1,0,0,1,0,0,0,0,14,13,2,0
8453,113,121,1,0,0,0,0,0,1,0,0,0,0,0,1,0,0,10,5,27,0
4572,608,147,0,0,0,1,1,0,0,0,0,0,1,0,0,0,0,8,19,10,0
5897,998,180,0,0,1,0,0,0,1,0,0,1,0,0,0,0,0,19,0,8,0
3743,147,21,0,1,0,0,1,0,0,0,0,0,0,0,0,1,0,8,11,3,0
220,924,64,1,0,0,0,0,0,1,0,0,0,0,0,1,0,0,8,21,3,0
8440,0,133,0,0,0,1,0,0,1,0,0,0,0,0,1,0,0,12,0,2,0
6543,718,40,1,0,0,0,0,1,0,0,0,1,0,0,0,0,0,7,22,5,0
4713,403,98,0,0,1,0,1,0,0,0,0,0,0,0,0,1,0,6,10,7,0
2222,285,159,0,0,1,0,0,0,0,0,1,1,0,0,0,0,0,6,26,26,0
4749,695,144,0,0,1,0,0,0,0,0,1,1,0,0,0,0,0,17,10,18,0
4149,687,79,0,1,0,0,0,0,1,0,0,0,0,0,0,1,0,7,14,4,0
6384,156,34,0,0,0,1,0,1,0,0,0,0,0,0,0,1,0,19,5,20,0
9831,352,10,0,1,0,0,0,1,0,0,0,0,0,0,1,0,0,4,86,84,1
2664,857,51,1,0,0,0,1,0,0,0,0,1,0,0,0,0,0,12,27,19,0
4022,652,121,1,0,0,0,0,1,0,0,0,0,0,0,1,0,0,11,29,0,0
3880,100,93,1,0,0,0,0,0,0,1,0,0,0,0,0,0,1,17,5,7,0
576,351,56,0,0,1,0,1,0,0,0,0,0,0,0,0,1,0,7,2,6,0
5239,589,85,0,0,1,0,0,0,1,0,0,0,0,0,0,1,0,23,4,19,0
6534,878,91,0,0,1,0,0,1,0,0,0,0,0,0,1,0,0,13,10,20,0
1538,220,103,1,0,0,0,0,0,0,1,0,1,0,0,0,0,0,21,8,18,0
301,939,119,1,0,0,0,0,0,0,1,0,1,0,0,0,0,0,8,24,14,0
2792,717,157,0,0,1,0,0,0,0,0,1,0,1,0,0,0,0,21,10,17,0
5106,309,104,0,0,1,0,0,0,0,1,0,1,0,0,0,0,0,20,24,14,0
9944,522,906,0,0,0,1,0,0,0,0,1,0,0,0,1,0,0,16,99,96,1
2627,915,50,1,0,0,0,0,0,0,0,1,1,0,0,0,0,0,13,20,14,0
4119,521,174,0,1,0,0,0,1,0,0,0,0,0,0,0,0,1,9,21,26,0
5994,446,83,1,0,0,0,0,0,0,0,1,0,0,0,0,0,1,20,19,23,0
7185,415,116,0,0,0,1,0,0,1,0,0,0,0,0,1,0,0,17,18,3,0
3903,502,89,0,0,1,0,0,1,0,0,0,1,0,0,0,0,0,15,9,27,0
6307,811,115,0,1,0,0,0,0,0,0,1,1,0,0,0,0,0,19,28,10,0
6064,437,1,0,0,1,0,1,0,0,0,0,0,1,0,0,0,0,6,12,14,0
9923,895,10,1,0,0,0,0,0,1,0,0,0,0,1,0,0,0,1,92,91,1
8417,53,103,1,0,0,0,0,1,0,0,0,1,0,0,0,0,0,13,18,5,0
6770,301,72,0,1,0,0,0,0,1,0,0,0,0,0,0,0,1,7,3,11,0
8841,364,119,0,1,0,0,0,0,0,1,0,0,1,0,0,0,0,10,20,21,0
4171,707,117,0,1,0,0,0,0,0,1,0,0,0,0,0,1,0,9,8,0,0
737,163,83,0,0,1,0,0,0,0,1,0,0,0,0,0,0,1,22,14,7,0
5361,959,125,0,0,1,0,0,0,1,0,0,1,0,0,0,0,0,14,15,5,0
9365,572,159,0,1,0,0,0,0,0,0,1,1,0,0,0,0,0,10,7,4,0
2757,778,100,0,1,0,0,1,0,0,0,0,0,0,0,0,0,1,14,28,23,0
6435,637,79,1,0,0,0,0,1,0,0,0,0,0,0,0,1,0,15,10,25,0
1167,42,70,1,0,0,0,0,1,0,0,0,0,0,0,0,0,1,14,17,10,0
3852,465,98,0,1,0,0,0,1,0,0,0,0,0,0,0,0,1,8,16,9,0
2465,302,68,0,0,1,0,0,0,0,0,1,1,0,0,0,0,0,7,29,16,0
4814,555,119,0,0,0,1,0,0,0,0,1,0,1,0,0,0,0,12,29,6,0
2788,367,156,0,0,1,0,0,0,0,0,1,0,0,0,0,1,0,17,8,4,0
4940,105,109,0,0,0,1,0,0,0,1,0,0,0,0,1,0,0,6,2,14,0
3968,599,100,1,0,0,0,0,0,0,0,1,1,0,0,0,0,0,22,3,27,0
279,328,112,0,0,0,1,0,0,0,0,1,0,0,0,0,1,0,11,22,7,0
7240,99,133,1,0,0,0,0,1,0,0,0,0,0,0,1,0,0,21,21,6,0
4811,560,156,0,0,0,1,0,0,0,1,0,0,0,0,1,0,0,10,14,24,0
3874,111,33,0,0,0,1,0,0,0,0,1,0,1,0,0,0,0,13,3,15,0
4807,513,21,0,1,0,0,0,1,0,0,0,0,0,0,0,0,1,19,12,9,0
5874,892,21,0,0,1,0,0,0,0,1,0,0,0,0,0,0,1,23,3,14,0
8116,572,53,0,0,0,1,0,0,0,0,1,0,0,0,0,0,1,11,18,12,0
3520,857,114,0,0,0,1,0,0,0,1,0,0,1,0,0,0,0,10,8,1,0
8386,795,73,0,0,1,0,0,1,0,0,0,0,0,0,0,0,1,23,13,19,0
2209,934,1,1,0,0,0,1,0,0,0,0,0,0,0,0,0,1,11,14,1,0
6260,275,200,0,1,0,0,0,1,0,0,0,0,0,0,0,1,0,8,4,14,0
6853,103,17,0,0,1,0,0,0,0,0,1,0,1,0,0,0,0,21,10,5,0
2724,456,22,0,1,0,0,0,0,1,0,0,0,0,0,0,0,1,11,10,22,0
8618,46,62,1,0,0,0,0,0,1,0,0,0,0,0,1,0,0,17,12,13,0
5418,324,27,0,0,1,0,0,1,0,0,0,0,0,0,0,0,1,11,7,11,0
5684,462,201,0,0,0,1,0,1,0,0,0,0,0,0,1,0,0,18,15,7,0
9732,660,2416,0,0,0,1,0,0,0,0,1,0,0,0,1,0,0,14,83,96,1
3840,490,16,0,0,1,0,0,0,1,0,0,1,0,0,0,0,0,11,7,10,0
8248,362,39,0,0,0,1,0,0,0,1,0,1,0,0,0,0,0,14,10,3,0
3487,558,68,0,0,0,1,0,1,0,0,0,1,0,0,0,0,0,22,6,14,0
1749,858,23,0,1,0,0,0,0,1,0,0,1,0,0,0,0,0,23,0,8,0
6696,719,81,0,1,0,0,0,0,0,1,0,0,0,0,0,1,0,20,28,14,0
7346,935,110,0,1,0,0,0,0,0,0,1,0,1,0,0,0,0,16,7,9,0
5784,460,125,0,0,0,1,0,0,1,0,0,1,0,0,0,0,0,18,20,29,0
3488,762,236,0,0,0,1,0,1,0,0,0,0,1,0,0,0,0,8,20,20,0
9833,826,10,0,0,0,1,0,0,0,0,1,1,0,0,0,0,0,1,97,99,1
1110,946,119,0,0,1,0,0,0,0,1,0,1,0,0,0,0,0,19,17,11,0
1102,594,113,0,1,0,0,1,0,0,0,0,1,0,0,0,0,0,23,7,27,0
586,599,92,1,0,0,0,0,0,0,0,1,0,0,0,0,0,1,18,15,20,0
3175,336,56,1,0,0,0,0,0,0,1,0,0,0,0,0,0,1,14,25,3,0
5414,579,110,1,0,0,0,0,0,1,0,0,0,1,0,0,0,0,22,6,21,0
7617,549,153,0,0,1,0,0,0,1,0,0,0,0,0,0,0,1,22,3,13,0
6475,580,198,0,1,0,0,0,0,0,0,1,0,0,0,0,0,1,15,7,16,0
6032,688,120,0,1,0,0,0,0,1,0,0,0,1,0,0,0,0,7,18,8,0
679,748,130,1,0,0,0,0,0,0,0,1,0,0,0,0,1,0,21,4,9,0
8041,301,248,1,0,0,0,1,0,0,0,0,0,0,0,1,0,0,18,2,2,0
3860,49,137,0,0,0,1,0,0,1,0,0,0,0,0,0,1,0,20,13,4,0
5964,181,82,0,1,0,0,0,0,1,0,0,0,1,0,0,0,0,19,28,25,0
6350,390,23,0,1,0,0,0,1,0,0,0,0,0,0,0,0,1,20,22,19,0
5376,468,171,1,0,0,0,0,0,0,0,1,0,1,0,0,0,0,15,1,14,0
2915,830,141,0,1,0,0,0,1,0,0,0,0,1,0,0,0,0,21,20,16,0
2789,494,180,1,0,0,0,0,0,0,1,0,1,0,0,0,0,0,22,16,0,0
6597,143,88,0,0,1,0,0,0,1,0,0,0,1,0,0,0,0,16,21,21,0
1323,813,162,0,0,0,1,0,1,0,0,0,1,0,0,0,0,0,14,25,27,0
4294,127,134,0,0,1,0,0,0,1,0,0,0,0,0,1,0,0,13,27,28,0
1048,386,74,0,0,0,1,0,1,0,0,0,1,0,0,0,0,0,19,9,17,0
9282,264,147,1,0,0,0,0,1,0,0,0,1,0,0,0,0,0,15,8,24,0
3534,765,85,0,0,0,1,0,1,0,0,0,0,0,0,0,0,1,20,10,25,0
3072,420,46,0,0,1,0,1,0,0,0,0,0,1,0,0,0,0,7,27,14,0
9662,789,22,0,1,0,0,1,0,0,0,0,0,0,1,0,0,0,20,82,90,1
5738,73,51,0,1,0,0,0,0,1,0,0,1,0,0,0,0,0,14,29,22,0
865,508,104,0,0,0,1,0,0,0,1,0,0,0,0,0,1,0,6,12,25,0
6795,376,1,0,0,0,1,0,0,0,1,0,0,0,0,0,0,1,8,23,3,0
4888,191,76,0,0,1,0,0,1,0,0,0,0,0,0,0,1,0,16,11,22,0
9576,876,10,0,0,1,0,0,0,0,0,1,0,0,0,0,1,0,5,87,81,1
1172,211,62,0,0,0,1,0,0,0,0,1,1,0,0,0,0,0,13,19,9,0
1939,233,194,0,0,0,1,0,0,0,0,1,0,0,0,0,1,0,22,28,1,0
3870,798,80,0,1,0,0,0,0,0,0,1,0,0,0,0,0,1,17,17,29,0
6418,864,122,0,0,1,0,0,0,1,0,0,1,0,0,0,0,0,16,18,6,0
8234,191,91,0,0,0,1,1,0,0,0,0,0,1,0,0,0,0,22,6,10,0
643,610,82,1,0,0,0,0,0,0,0,1,1,0,0,0,0,0,6,9,0,0
3368,888,62,0,1,0,0,0,0,0,0,1,0,0,0,0,1,0,12,29,19,0
8232,124,98,0,0,1,0,0,1,0,0,0,0,0,0,0,1,0,9,20,8,0
9147,600,43,0,1,0,0,0,0,0,0,1,0,0,0,1,0,0,15,21,9,0
4963,1,88,1,0,0,0,0,1,0,0,0,0,0,0,0,1,0,23,19,26,0
4410,796,86,1,0,0,0,0,1,0,0,0,0,0,0,0,0,1,22,28,18,0
7427,747,45,0,0,1,0,0,0,0,1,0,0,0,0,0,0,1,11,19,0,0
5866,920,89,0,0,0,1,0,0,1,0,0,0,0,0,0,1,0,11,18,7,0
8062,712,126,0,0,1,0,0,0,1,0,0,1,0,0,0,0,0,7,3,10,0
8171,430,45,1,0,0,0,0,0,0,0,1,0,0,0,1,0,0,19,27,16,0
8549,137,59,0,0,1,0,0,0,0,1,0,0,1,0,0,0,0,18,15,28,0
8752,519,1,1,0,0,0,1,0,0,0,0,0,0,0,0,1,0,23,23,15,0
5663,731,126,1,0,0,0,0,1,0,0,0,0,0,0,0,1,0,6,15,9,0
7789,535,171,0,0,0,1,0,1,0,0,0,0,0,0,1,0,0,21,12,11,0
6004,595,70,0,0,1,0,1,0,0,0,0,0,0,0,0,0,1,8,25,6,0
4427,933,196,0,1,0,0,0,0,0,0,1,0,1,0,0,0,0,18,17,22,0
6953,595,49,0,1,0,0,1,0,0,0,0,0,0,0,0,0,1,20,28,5,0
418,411,57,0,0,0,1,0,0,0,1,0,0,0,0,1,0,0,23,7,27,0
4918,651,203,0,0,1,0,0,0,1,0,0,0,1,0,0,0,0,8,25,28,0
7546,356,107,1,0,0,0,0,0,0,0,1,0,1,0,0,0,0,8,24,13,0
2978,158,41,0,0,1,0,0,1,0,0,0,0,1,0,0,0,0,19,21,25,0
700,551,77,0,0,1,0,0,0,0,1,0,0,1,0,0,0,0,23,3,3,0
8831,195,80,0,0,1,0,1,0,0,0,0,1,0,0,0,0,0,13,1,25,0
1727,913,157,0,1,0,0,0,0,0,0,1,0,0,0,0,0,1,15,8,26,0
3817,557,134,0,0,0,1,0,0,0,1,0,1,0,0,0,0,0,14,4,2,0
4093,944,79,1,0,0,0,1,0,0,0,0,0,0,0,0,0,1,23,4,4,0
1164,247,138,0,0,1,0,0,0,1,0,0,0,0,0,0,0,1,20,5,29,0
748,180,136,0,0,1,0,0,1,0,0,0,0,0,0,0,0,1,15,19,15,0
1221,749,167,1,0,0,0,0,1,0,0,0,0,0,0,0,0,1,9,4,11,0
1168,376,78,1,0,0,0,0,0,1,0,0,1,0,0,0,0,0,10,1,27,0
4409,362,101,0,1,0,0,0,1,0,0,0,1,0,0,0,0,0,11,28,13,0
3308,298,112,0,0,0,1,0,1,0,0,0,0,0,0,0,1,0,14,7,10,0
1016,759,248,0,0,0,1,0,0,0,1,0,0,0,0,0,0,1,8,4,16,0
284,981,135,0,1,0,0,1,0,0,0,0,0,0,0,1,0,0,22,15,8,0
3355,907,216,1,0,0,0,0,1,0,0,0,0,0,0,0,0,1,9,12,11,0
3151,940,98,0,1,0,0,0,0,0,0,1,0,0,0,0,1,0,22,23,24,0
1091,559,100,0,1,0,0,0,0,0,1,0,1,0,0,0,0,0,15,17,28,0
1667,128,85,0,0,0,1,1,0,0,0,0,0,1,0,0,0,0,21,26,6,0
5374,587,71,1,0,0,0,0,0,1,0,0,0,0,0,0,0,1,22,23,12,0
6986,983,9,0,0,0,1,1,0,0,0,0,0,1,0,0,0,0,23,13,8,0
7003,100,92,0,0,0,1,0,0,0,0,1,0,0,0,0,0,1,16,20,27,0
7119,692,239,1,0,0,0,0,1,0,0,0,1,0,0,0,0,0,18,5,19,0
7606,476,55,0,0,0,1,0,0,0,0,1,1,0,0,0,0,0,7,2,3,0
880,514,165,0,0,0,1,0,0,0,0,1,0,0,0,1,0,0,19,22,28,0
7254,6,125,1,0,0,0,0,0,0,0,1,1,0,0,0,0,0,12,26,14,0
9302,324,131,1,0,0,0,0,0,0,1,0,0,0,0,0,0,1,15,15,7,0
1487,597,98,0,0,1,0,0,0,0,1,0,0,0,0,0,1,0,7,12,23,0
1642,394,63,0,0,0,1,1,0,0,0,0,0,1,0,0,0,0,14,20,21,0
2121,550,78,0,1,0,0,0,1,0,0,0,0,0,0,0,1,0,6,26,9,0
5544,702,74,1,0,0,0,0,1,0,0,0,0,1,0,0,0,0,12,24,3,0
9115,121,131,0,1,0,0,0,0,1,0,0,1,0,0,0,0,0,6,27,21,0
4817,589,25,1,0,0,0,0,1,0,0,0,0,0,0,0,1,0,21,17,10,0
7175,924,59,1,0,0,0,1,0,0,0,0,0,0,0,0,1,0,22,12,2,0
4421,690,120,0,1,0,0,0,0,0,0,1,0,0,0,0,0,1,19,0,2,0
2469,529,105,1,0,0,0,0,0,0,1,0,0,0,0,0,0,1,9,17,3,0
4740,130,125,1,0,0,0,0,0,0,0,1,0,0,0,0,1,0,11,22,14,0
626,759,18,1,0,0,0,1,0,0,0,0,0,0,0,0,0,1,11,3,7,0
5220,520,100,0,0,1,0,0,0,1,0,0,0,0,0,0,0,1,21,5,2,0
2056,183,114,0,0,1,0,0,0,1,0,0,0,0,0,1,0,0,9,1,25,0
6510,522,122,0,0,0,1,0,0,0,1,0,0,0,0,0,0,1,23,15,19,0
3028,710,91,0,1,0,0,0,0,0,0,1,0,0,0,1,0,0,8,21,5,0
7965,140,51,0,1,0,0,0,0,0,0,1,0,0,0,0,0,1,10,15,0,0
4649,789,133,0,0,0,1,0,0,1,0,0,1,0,0,0,0,0,18,20,15,0
5467,220,94,0,0,1,0,0,0,1,0,0,0,1,0,0,0,0,20,22,4,0
9305,287,82,1,0,0,0,0,0,0,1,0,1,0,0,0,0,0,16,28,3,0
3225,789,156,1,0,0,0,0,0,1,0,0,0,0,0,0,0,1,19,8,8,0
9157,808,110,0,0,1,0,0,0,0,0,1,1,0,0,0,0,0,18,17,26,0
7084,129,158,0,0,1,0,1,0,0,0,0,0,0,0,0,0,1,23,11,11,0
9025,568,18,0,0,1,0,0,1,0,0,0,1,0,0,0,0,0,12,19,16,0
3892,133,127,0,0,0,1,0,0,0,1,0,0,0,0,0,0,1,9,13,19,0
3404,546,52,1,0,0,0,1,0,0,0,0,1,0,0,0,0,0,9,13,10,0
1680,585,135,0,0,0,1,0,0,0,1,0,0,1,0,0,0,0,12,12,17,0
9098,634,105,0,0,0,1,0,0,0,0,1,0,0,0,1,0,0,17,3,3,0
7326,634,61,0,1,0,0,0,1,0,0,0,0,1,0,0,0,0,13,21,12,0
6847,891,107,0,0,1,0,0,0,0,1,0,0,0,0,0,1,0,20,14,1,0
4366,881,213,0,0,1,0,0,1,0,0,0,0,1,0,0,0,0,22,10,26,0
8547,866,103,1,0,0,0,0,1,0,0,0,0,0,0,1,0,0,15,26,28,0
7456,238,32,0,1,0,0,0,0,0,1,0,1,0,0,0,0,0,13,21,27,0
604,727,89,0,0,1,0,0,0,0,0,1,0,0,0,0,0,1,17,16,11,0
7104,228,82,0,0,0,1,0,1,0,0,0,1,0,0,0,0,0,23,11,11,0
4869,372,92,1,0,0,0,0,0,0,1,0,0,0,0,0,1,0,6,15,24,0
2647,965,65,1,0,0,0,0,0,0,0,1,0,0,0,0,0,1,6,1,17,0
6443,696,125,0,0,1,0,1,0,0,0,0,0,0,0,0,0,1,23,10,25,0
9304,803,124,0,1,0,0,0,0,0,1,0,1,0,0,0,0,0,15,24,26,0
2852,922,154,0,0,0,1,0,0,1,0,0,0,0,0,0,0,1,14,27,11,0
3907,663,72,0,0,1,0,0,0,0,1,0,1,0,0,0,0,0,20,9,27,0
8645,825,18,1,0,0,0,1,0,0,0,0,0,0,0,1,0,0,13,21,3,0
1792,536,105,0,0,0,1,1,0,0,0,0,0,0,0,0,1,0,20,16,7,0
9546,21,623,0,0,0,1,1,0,0,0,0,0,0,0,1,0,0,8,81,74,1
5472,619,188,0,0,0,1,0,0,0,0,1,0,1,0,0,0,0,9,16,17,0
3736,431,104,0,0,0,1,0,0,0,1,0,0,0,0,0,0,1,23,24,22,0
8896,171,100,0,0,1,0,0,0,0,0,1,1,0,0,0,0,0,18,12,9,0
8590,235,121,1,0,0,0,0,0,0,0,1,0,0,0,1,0,0,20,15,5,0
1886,155,71,0,0,0,1,0,1,0,0,0,0,0,0,0,0,1,14,1,19,0
9266,746,72,0,0,0,1,1,0,0,0,0,0,0,0,1,0,0,13,21,10,0
2678,486,86,0,1,0,0,0,0,0,1,0,1,0,0,0,0,0,8,27,25,0
25,263,44,0,0,0,1,0,1,0,0,0,0,0,0,0,1,0,19,10,28,0
3895,549,131,0,1,0,0,0,0,0,0,1,0,0,0,1,0,0,22,2,26,0
9688,534,10,1,0,0,0,0,1,0,0,0,0,0,0,0,1,0,4,76,73,1
8603,991,65,1,0,0,0,1,0,0,0,0,1,0,0,0,0,0,20,19,0,0
6221,911,122,0,0,0,1,0,0,0,1,0,0,0,0,0,1,0,10,22,12,0
9082,381,93,0,0,1,0,0,1,0,0,0,0,0,0,0,0,1,10,15,26,0
5184,899,100,0,0,0,1,0,1,0,0,0,1,0,0,0,0,0,17,5,9,0
1868,429,1,1,0,0,0,0,0,0,1,0,0,0,0,1,0,0,14,5,12,0
4937,937,149,1,0,0,0,0,0,0,0,1,1,0,0,0,0,0,7,7,25,0
2158,176,1,0,0,1,0,0,1,0,0,0,0,0,0,0,1,0,10,12,28,0
668,265,123,1,0,0,0,0,0,1,0,0,1,0,0,0,0,0,21,20,14,0
6625,69,1,0,1,0,0,0,1,0,0,0,0,0,0,0,0,1,12,8,5,0
7956,78,111,0,0,0,1,0,0,0,0,1,1,0,0,0,0,0,6,8,6,0
2586,244,116,1,0,0,0,0,0,1,0,0,0,0,0,1,0,0,14,14,1,0
8169,909,135,0,1,0,0,0,0,1,0,0,0,1,0,0,0,0,11,14,10,0
6750,282,111,0,1,0,0,1,0,0,0,0,0,0,0,0,0,1,21,24,17,0
9788,297,870,0,1,0,0,0,0,0,0,1,0,0,1,0,0,0,4,75,83,1
4743,809,46,0,0,1,0,1,0,0,0,0,0,0,0,1,0,0,23,6,14,0
3303,857,94,1,0,0,0,0,0,0,1,0,0,0,0,0,0,1,13,23,13,0
9425,828,151,0,1,0,0,0,0,1,0,0,0,1,0,0,0,0,22,14,14,0
7349,221,114,0,1,0,0,1,0,0,0,0,1,0,0,0,0,0,11,13,2,0
6326,755,70,0,1,0,0,0,0,0,0,1,0,0,0,0,0,1,12,26,19,0
6453,536,50,0,0,0,1,0,0,0,0,1,0,0,0,0,0,1,22,19,0,0
6605,421,98,1,0,0,0,0,0,1,0,0,0,0,0,0,0,1,12,25,2,0
4548,44,100,0,0,0,1,0,0,1,0,0,0,0,0,0,0,1,17,12,2,0
7719,875,88,0,0,1,0,0,0,0,0,1,0,0,0,1,0,0,17,8,12,0
7230,731,114,0,0,1,0,1,0,0,0,0,0,1,0,0,0,0,23,19,21,0
5205,254,148,1,0,0,0,0,0,1,0,0,0,0,0,0,1,0,13,22,11,0
9526,769,2824,0,1,0,0,0,1,0,0,0,0,0,0,1,0,0,8,83,85,1
1614,857,61,0,1,0,0,0,1,0,0,0,0,1,0,0,0,0,18,14,17,0
5108,832,140,0,0,1,0,1,0,0,0,0,0,0,0,0,0,1,16,20,27,0
704,131,118,0,0,1,0,0,0,1,0,0,0,0,0,0,0,1,12,2,28,0
5621,46,241,0,0,1,0,0,0,0,0,1,0,0,0,1,0,0,22,0,10,0
6952,545,81,1,0,0,0,0,1,0,0,0,0,1,0,0,0,0,17,9,16,0
9685,347,1586,0,1,0,0,0,0,0,1,0,0,0,0,0,0,1,4,94,98,1
9527,166,29,0,0,1,0,0,0,0,0,1,0,1,0,0,0,0,23,89,72,1
2877,89,133,1,0,0,0,0,0,0,0,1,0,0,0,0,1,0,16,1,3,0
9861,669,2359,0,1,0,0,0,1,0,0,0,0,0,0,1,0,0,16,97,71,1
8400,716,91,1,0,0,0,1,0,0,0,0,0,1,0,0,0,0,9,27,27,0
1982,83,137,0,1,0,0,0,0,0,1,0,0,0,0,0,1,0,8,2,17,0
8161,294,118,0,0,0,1,1,0,0,0,0,0,0,0,0,0,1,22,15,6,0
7829,542,107,0,1,0,0,1,0,0,0,0,0,0,0,0,1,0,22,0,6,0
7536,955,187,0,0,0,1,0,0,0,1,0,1,0,0,0,0,0,22,18,12,0
8319,846,36,0,1,0,0,0,1,0,0,0,1,0,0,0,0,0,11,5,17,0
1527,115,51,1,0,0,0,0,0,0,0,1,0,0,0,0,1,0,13,25,24,0
3678,490,44,1,0,0,0,0,1,0,0,0,0,0,0,0,1,0,18,23,15,0
441,528,50,0,1,0,0,0,1,0,0,0,1,0,0,0,0,0,20,22,8,0
2604,570,39,0,0,0,1,0,0,0,1,0,0,0,0,0,0,1,22,0,15,0
6938,487,76,0,0,1,0,0,0,0,1,0,0,0,0,0,0,1,21,3,0,0
6905,527,43,0,0,1,0,0,0,1,0,0,1,0,0,0,0,0,23,22,28,0
9335,47,131,0,0,0,1,0,0,0,1,0,1,0,0,0,0,0,7,24,23,0
5836,546,105,0,0,0,1,0,0,0,1,0,0,0,0,0,1,0,14,20,7,0
5974,522,154,0,1,0,0,0,0,1,0,0,0,0,0,0,1,0,17,13,7,0
5252,306,127,0,0,1,0,0,1,0,0,0,0,0,0,0,0,1,20,16,0,0
3779,662,139,0,1,0,0,1,0,0,0,0,0,0,0,1,0,0,6,0,29,0
6896,977,95,0,0,1,0,0,0,0,0,1,0,0,0,1,0,0,16,23,19,0
8879,278,165,0,1,0,0,0,1,0,0,0,0,1,0,0,0,0,21,27,22,0
9880,948,1169,1,0,0,0,0,0,0,0,1,0,1,0,0,0,0,4,71,71,1
6414,460,54,1,0,0,0,0,0,0,1,0,0,0,0,0,1,0,22,6,1,0
9869,482,22,0,1,0,0,0,1,0,0,0,0,0,0,0,0,1,4,90,99,1
6366,648,132,0,1,0,0,0,0,0,0,1,0,0,0,1,0,0,15,27,2,0
453,338,61,1,0,0,0,0,0,0,0,1,0,0,0,1,0,0,7,5,16,0
7037,858,95,0,0,1,0,0,0,1,0,0,0,1,0,0,0,0,9,17,12,0
5925,680,98,0,0,1,0,0,1,0,0,0,0,0,0,0,1,0,18,22,10,0
4059,870,43,0,1,0,0,0,1,0,0,0,0,0,0,0,0,1,15,7,29,0
7648,229,71,1,0,0,0,0,0,0,0,1,0,0,0,0,1,0,11,1,27,0
657,81,50,0,0,1,0,0,0,0,1,0,0,0,0,1,0,0,19,2,20,0
1237,693,181,1,0,0,0,1,0,0,0,0,1,0,0,0,0,0,23,12,3,0
6792,30,102,0,0,0,1,0,0,1,0,0,0,1,0,0,0,0,18,20,20,0
263,767,164,0,0,0,1,0,1,0,0,0,0,0,0,1,0,0,20,13,23,0
9758,97,22,0,1,0,0,0,1,0,0,0,0,0,1,0,0,0,16,97,78,1
5018,711,136,0,1,0,0,1,0,0,0,0,0,0,0,0,0,1,7,7,0,0
8300,8,129,0,0,1,0,0,0,0,0,1,0,0,0,0,0,1,9,6,29,0
3006,87,136,0,0,1,0,0,0,0,0,1,1,0,0,0,0,0,21,10,14,0
4161,725,132,0,0,0,1,0,0,0,0,1,0,1,0,0,0,0,22,28,4,0
3637,517,120,0,1,0,0,0,0,1,0,0,1,0,0,0,0,0,11,9,20,0
698,326,125,0,0,0,1,0,0,0,0,1,0,1,0,0,0,0,18,25,18,0
7599,507,63,0,0,0,1,0,1,0,0,0,0,0,0,0,0,1,12,15,10,0
5019,916,51,0,0,0,1,0,0,0,1,0,0,0,0,1,0,0,10,1,7,0
6618,987,1,0,0,0,1,1,0,0,0,0,1,0,0,0,0,0,8,4,10,0
3861,431,111,0,0,1,0,1,0,0,0,0,0,0,0,0,0,1,13,13,8,0
9140,88,69,0,0,0,1,0,1,0,0,0,0,0,0,0,0,1,13,4,23,0
3117,523,145,0,1,0,0,0,0,1,0,0,0,0,0,0,0,1,17,23,5,0
1762,949,74,0,0,0,1,1,0,0,0,0,0,0,0,0,1,0,14,25,15,0
4575,805,4,0,1,0,0,0,0,1,0,0,0,0,0,1,0,0,14,28,0,0
1349,86,88,0,1,0,0,0,0,1,0,0,0,1,0,0,0,0,7,2,17,0
6754,555,214,0,0,0,1,1,0,0,0,0,0,0,0,0,0,1,23,9,7,0
7327,717,94,0,0,1,0,0,0,1,0,0,1,0,0,0,0,0,14,17,18,0
876,261,138,0,0,0,1,0,1,0,0,0,0,0,0,0,1,0,10,29,3,0
1337,212,103,0,1,0,0,0,1,0,0,0,0,0,0,0,0,1,21,13,11,0
4547,901,96,0,1,0,0,0,0,0,0,1,1,0,0,0,0,0,9,2,1,0
9856,110,932,0,1,0,0,0,0,0,1,0,0,0,0,1,0,0,15,84,70,1
6406,953,68,0,0,1,0,1,0,0,0,0,0,0,0,1,0,0,9,15,23,0
4738,479,94,0,0,1,0,0,1,0,0,0,0,0,0,1,0,0,17,14,9,0
2093,443,72,0,0,1,0,0,0,0,1,0,0,0,0,0,0,1,8,26,29,0
6996,258,78,1,0,0,0,0,0,0,0,1,0,0,0,0,0,1,17,28,28,0
1037,680,34,0,0,0,1,0,0,0,0,1,0,0,0,0,0,1,7,7,1,0
7154,864,146,0,0,0,1,0,0,0,0,1,1,0,0,0,0,0,16,14,14,0
5270,999,116,0,0,1,0,0,0,1,0,0,0,0,0,0,0,1,22,6,11,0
291,161,63,0,0,0,1,0,0,1,0,0,0,1,0,0,0,0,22,24,17,0
7969,588,86,0,1,0,0,1,0,0,0,0,0,1,0,0,0,0,19,3,24,0
5791,784,1,0,0,1,0,0,0,0,0,1,0,0,0,1,0,0,12,3,29,0
2833,857,144,1,0,0,0,0,1,0,0,0,0,1,0,0,0,0,13,21,23,0
7302,209,47,0,0,1,0,0,0,0,1,0,1,0,0,0,0,0,15,29,23,0
3807,844,26,0,0,0,1,0,0,1,0,0,0,0,0,0,1,0,23,25,2,0
5893,789,89,0,0,0,1,0,0,0,1,0,0,0,0,1,0,0,13,27,13,0
7515,573,73,0,0,0,1,0,0,0,1,0,0,0,0,0,1,0,6,10,28,0
3824,743,172,0,0,1,0,0,0,0,0,1,0,0,0,0,0,1,14,10,22,0
3610,953,125,0,0,0,1,0,0,0,1,0,0,0,0,1,0,0,22,17,26,0
8272,393,143,1,0,0,0,0,0,0,0,1,0,0,0,1,0,0,20,1,10,0
9877,463,1269,0,0,1,0,0,0,1,0,0,0,0,0,0,0,1,15,98,84,1
2615,383,91,0,0,0,1,0,1,0,0,0,0,0,0,1,0,0,20,0,13,0
1218,832,129,0,0,1,0,0,0,0,0,1,0,1,0,0,0,0,17,4,18,0
1380,17,65,1,0,0,0,1,0,0,0,0,0,0,0,1,0,0,20,26,28,0
3666,14,48,0,0,1,0,0,1,0,0,0,0,0,0,1,0,0,23,18,1,0
5280,572,4,1,0,0,0,0,0,1,0,0,1,0,0,0,0,0,17,22,25,0
9990,354,1298,0,0,0,1,0,0,0,0,1,0,0,0,0,1,0,7,71,78,1
7092,790,114,0,0,0,1,0,0,0,0,1,0,0,0,1,0,0,20,20,3,0
9816,893,2381,0,0,0,1,0,1,0,0,0,0,0,0,0,0,1,21,99,97,1
5357,910,158,0,0,0,1,0,0,0,1,0,0,0,0,0,0,1,22,15,15,0
5985,45,99,1,0,0,0,0,1,0,0,0,1,0,0,0,0,0,6,20,18,0
9849,227,4892,0,1,0,0,0,0,0,1,0,0,0,0,0,1,0,5,98,76,1
2725,740,106,0,1,0,0,0,0,0,1,0,1,0,0,0,0,0,20,11,1,0
8315,13,1,0,1,0,0,0,1,0,0,0,0,0,0,0,0,1,15,3,25,0
503,597,122,1,0,0,0,0,0,0,0,1,0,0,0,0,1,0,20,25,29,0
1174,679,76,0,0,1,0,1,0,0,0,0,0,0,0,0,0,1,8,0,12,0
6858,945,64,0,1,0,0,0,0,1,0,0,0,0,0,0,1,0,19,15,0,0
2489,889,70,1,0,0,0,0,0,1,0,0,0,0,0,0,0,1,20,2,12,0
9834,525,1772,1,0,0,0,0,0,0,0,1,0,0,0,0,0,1,13,89,75,1
1807,854,147,0,1,0,0,0,1,0,0,0,0,0,0,0,1,0,8,9,21,0
5232,225,82,1,0,0,0,0,0,0,1,0,0,0,0,0,0,1,22,21,28,0
1154,923,49,0,0,0,1,0,0,1,0,0,1,0,0,0,0,0,9,19,22,0
5343,167,208,0,0,0,1,0,0,0,0,1,0,0,0,0,1,0,15,25,28,0
4899,965,1,1,0,0,0,0,0,0,1,0,0,0,0,1,0,0,23,0,21,0
7348,378,130,0,0,1,0,1,0,0,0,0,0,0,0,1,0,0,17,0,26,0
3517,256,48,0,0,0,1,0,1,0,0,0,0,0,0,0,0,1,6,14,16,0
7164,213,200,0,0,0,1,0,1,0,0,0,0,1,0,0,0,0,22,17,1,0
4331,277,62,0,0,0,1,0,0,0,0,1,0,0,0,0,1,0,9,28,23,0
9670,378,10,1,0,0,0,1,0,0,0,0,1,0,0,0,0,0,8,77,79,1
2771,840,131,0,1,0,0,0,1,0,0,0,0,1,0,0,0,0,15,23,22,0
9881,432,5187,0,0,1,0,0,1,0,0,0,0,0,0,0,1,0,16,90,75,1
6098,605,1,0,1,0,0,0,0,0,0,1,0,0,0,0,1,0,23,3,27,0
198,136,139,0,0,1,0,0,0,1,0,0,1,0,0,0,0,0,19,22,26,0
9341,267,97,0,1,0,0,0,0,0,1,0,0,1,0,0,0,0,10,29,1,0
2360,896,18,1,0,0,0,0,1,0,0,0,0,0,0,0,1,0,10,23,29,0
3930,220,108,1,0,0,0,0,1,0,0,0,0,1,0,0,0,0,16,15,5,0
6950,631,18,0,0,0,1,0,0,0,0,1,0,0,0,0,0,1,19,22,18,0
3979,136,72,0,0,1,0,0,1,0,0,0,0,0,0,0,1,0,19,21,28,0
4813,729,110,0,0,0,1,0,0,1,0,0,0,1,0,0,0,0,17,12,20,0
5859,446,96,0,1,0,0,0,0,0,0,1,0,0,0,1,0,0,16,17,24,0
7518,231,85,0,0,0,1,0,0,0,1,0,0,1,0,0,0,0,6,29,1,0
7909,604,64,1,0,0,0,0,1,0,0,0,0,0,0,0,0,1,12,12,7,0
7249,686,213,1,0,0,0,0,0,1,0,0,1,0,0,0,0,0,7,2,0,0
1726,229,86,0,0,1,0,1,0,0,0,0,0,0,0,1,0,0,11,17,5,0
3037,295,123,0,0,1,0,0,0,0,1,0,1,0,0,0,0,0,7,4,6,0
1750,674,99,1,0,0,0,0,0,0,1,0,0,0,0,0,1,0,11,4,25,0
1839,887,177,0,0,1,0,0,0,0,0,1,0,0,0,1,0,0,19,9,23,0
7682,519,115,0,1,0,0,1,0,0,0,0,0,0,0,1,0,0,11,19,23,0
4206,371,139,0,1,0,0,0,0,0,1,0,0,0,0,0,1,0,10,19,12,0
2444,480,120,0,1,0,0,0,0,1,0,0,0,0,0,1,0,0,23,7,18,0
4429,64,73,0,0,1,0,0,0,0,1,0,0,0,0,0,1,0,15,18,23,0
8809,12,33,1,0,0,0,0,0,1,0,0,0,0,0,1,0,0,8,19,4,0
1992,359,171,0,0,0,1,1,0,0,0,0,0,1,0,0,0,0,6,1,23,0
1996,903,1,0,0,1,0,0,0,0,0,1,0,1,0,0,0,0,23,29,29,0
4277,208,108,0,1,0,0,0,1,0,0,0,1,0,0,0,0,0,10,0,29,0
1263,511,152,1,0,0,0,0,0,0,0,1,0,0,0,0,0,1,15,1,23,0
2669,286,160,1,0,0,0,0,0,0,0,1,1,0,0,0,0,0,17,5,26,0
2323,272,32,0,1,0,0,0,0,1,0,0,0,0,0,1,0,0,7,16,7,0
7088,387,1,0,1,0,0,0,0,1,0,0,0,0,0,0,1,0,13,10,5,0
5636,678,83,0,1,0,0,1,0,0,0,0,1,0,0,0,0,0,17,29,10,0
7955,65,205,0,1,0,0,0,0,0,1,0,1,0,0,0,0,0,17,16,25,0
7901,706,104,0,1,0,0,0,0,0,0,1,0,0,0,1,0,0,8,4,8,0
8662,736,196,1,0,0,0,0,0,0,0,1,0,0,0,1,0,0,6,4,13,0
6020,229,3,0,1,0,0,0,0,1,0,0,0,1,0,0,0,0,7,29,0,0
5522,108,142,0,0,0,1,0,1,0,0,0,0,0,0,0,0,1,19,22,11,0
9725,494,791,0,0,1,0,0,0,0,1,0,0,0,0,0,0,1,14,83,76,1
2107,487,129,0,0,1,0,0,1,0,0,0,0,1,0,0,0,0,6,12,9,0
382,953,104,0,0,1,0,1,0,0,0,0,0,0,0,1,0,0,11,15,2,0
8918,446,138,0,1,0,0,1,0,0,0,0,0,1,0,0,0,0,21,0,2,0
5829,352,185,1,0,0,0,1,0,0,0,0,0,1,0,0,0,0,9,23,24,0
8551,842,92,0,0,0,1,0,0,1,0,0,0,0,0,0,0,1,22,15,11,0
5297,206,115,0,0,0,1,0,0,0,0,1,0,1,0,0,0,0,23,15,5,0
310,251,147,1,0,0,0,0,0,1,0,0,0,0,0,0,0,1,6,11,3,0
1067,229,97,0,1,0,0,0,0,0,0,1,0,0,0,0,1,0,23,2,8,0
5320,89,41,0,1,0,0,1,0,0,0,0,0,0,0,1,0,0,16,27,14,0
3097,504,167,0,0,0,1,0,0,0,0,1,0,1,0,0,0,0,13,16,17,0
6308,614,88,0,0,0,1,0,1,0,0,0,1,0,0,0,0,0,11,25,21,0
2363,815,146,0,1,0,0,1,0,0,0,0,0,1,0,0,0,0,21,5,8,0
6834,370,97,0,0,1,0,0,0,0,1,0,0,0,0,0,0,1,14,25,17,0
9745,235,10,0,1,0,0,0,0,0,0,1,0,1,0,0,0,0,4,99,79,1
5763,716,145,0,0,1,0,0,0,1,0,0,1,0,0,0,0,0,7,5,11,0
6514,657,130,1,0,0,0,1,0,0,0,0,0,0,0,1,0,0,14,20,7,0
1998,861,136,0,1,0,0,0,0,0,0,1,0,0,0,0,1,0,23,9,7,0
3399,466,112,0,0,1,0,0,1,0,0,0,0,0,0,0,0,1,22,19,9,0
3305,626,64,0,1,0,0,1,0,0,0,0,0,0,0,0,0,1,23,21,2,0
5218,352,82,0,0,1,0,0,1,0,0,0,0,0,0,0,1,0,21,8,7,0
1404,246,143,0,0,1,0,1,0,0,0,0,0,1,0,0,0,0,10,0,4,0
3241,565,172,0,0,1,0,1,0,0,0,0,0,0,0,0,1,0,15,20,1,0
1620,573,56,0,1,0,0,0,1,0,0,0,0,0,0,1,0,0,16,21,23,0
5326,131,38,1,0,0,0,0,0,0,1,0,0,0,0,0,0,1,19,2,13,0
1388,234,225,0,1,0,0,0,0,0,0,1,0,1,0,0,0,0,16,2,12,0
1706,674,107,0,0,0,1,1,0,0,0,0,0,0,0,1,0,0,17,0,8,0
7189,261,70,0,0,1,0,0,0,1,0,0,0,0,0,1,0,0,18,1,8,0
579,605,146,1,0,0,0,1,0,0,0,0,1,0,0,0,0,0,18,27,15,0
9943,187,3453,1,0,0,0,0,1,0,0,0,0,0,0,0,0,1,0,77,99,1
3441,390,70,1,0,0,0,0,1,0,0,0,0,0,0,0,0,1,7,0,23,0
9764,271,1711,0,0,1,0,1,0,0,0,0,1,0,0,0,0,0,9,72,97,1
7498,79,113,0,0,1,0,0,0,1,0,0,0,0,0,0,1,0,11,28,13,0
2002,38,152,1,0,0,0,0,0,1,0,0,0,0,0,1,0,0,7,26,12,0
2865,140,123,0,1,0,0,0,0,1,0,0,0,0,0,0,0,1,8,0,20,0
689,98,227,0,1,0,0,0,0,1,0,0,0,0,0,0,1,0,8,22,22,0
8335,425,108,0,0,1,0,0,0,0,0,1,0,0,0,1,0,0,9,28,18,0
1910,985,127,0,0,1,0,0,1,0,0,0,0,0,0,0,1,0,15,12,5,0
4886,522,98,0,0,1,0,0,0,1,0,0,0,0,0,0,0,1,16,0,27,0
8562,680,91,1,0,0,0,0,1,0,0,0,0,1,0,0,0,0,21,15,12,0
5201,634,101,1,0,0,0,0,0,1,0,0,0,0,0,0,0,1,16,5,5,0
2785,993,1,0,0,0,1,0,0,1,0,0,1,0,0,0,0,0,9,21,26,0
998,449,1,0,1,0,0,0,0,0,0,1,0,0,0,0,0,1,16,21,2,0
4769,821,128,1,0,0,0,1,0,0,0,0,0,0,0,1,0,0,11,5,27,0
2062,687,29,1,0,0,0,0,0,1,0,0,0,0,0,0,1,0,14,19,16,0
1334,847,129,1,0,0,0,1,0,0,0,0,0,0,0,1,0,0,10,14,2,0
3170,990,52,0,0,0,1,0,0,0,1,0,0,0,0,0,0,1,6,20,10,0
8114,212,160,0,1,0,0,0,0,0,1,0,0,0,0,0,1,0,9,5,4,0
3069,373,77,0,0,1,0,0,0,0,0,1,0,0,0,0,0,1,22,10,18,0
1194,962,43,0,0,0,1,0,0,0,0,1,0,0,0,0,1,0,6,6,8,0
8267,200,167,0,0,0,1,0,0,0,0,1,1,0,0,0,0,0,6,29,9,0
5478,70,169,1,0,0,0,0,0,0,0,1,0,1,0,0,0,0,17,21,2,0
5079,541,129,0,0,1,0,0,0,0,1,0,1,0,0,0,0,0,22,21,19,0
7229,465,47,0,0,1,0,0,1,0,0,0,0,1,0,0,0,0,6,23,20,0
8117,470,113,1,0,0,0,0,0,0,1,0,1,0,0,0,0,0,13,12,2,0
6798,616,65,0,0,0,1,1,0,0,0,0,0,0,0,1,0,0,21,6,22,0
6139,726,158,0,1,0,0,0,0,1,0,0,0,0,0,1,0,0,17,3,15,0
5551,282,109,1,0,0,0,1,0,0,0,0,1,0,0,0,0,0,21,22,6,0
9703,323,10,1,0,0,0,0,0,0,1,0,0,0,1,0,0,0,16,74,72,1
2681,775,221,0,0,1,0,0,0,0,0,1,1,0,0,0,0,0,21,27,5,0
5890,48,244,0,1,0,0,0,0,0,1,0,0,0,0,1,0,0,17,29,4,0
7485,899,93,1,0,0,0,0,0,0,1,0,0,0,0,0,0,1,16,2,17,0
9464,335,121,0,0,0,1,0,0,0,0,1,1,0,0,0,0,0,12,20,12,0
6836,331,109,0,1,0,0,0,0,0,1,0,0,1,0,0,0,0,15,28,0,0
1629,519,139,0,0,0,1,0,1,0,0,0,0,0,0,0,1,0,9,23,1,0
7361,868,61,1,0,0,0,0,1,0,0,0,0,1,0,0,0,0,20,15,12,0
6323,560,129,1,0,0,0,0,0,1,0,0,0,1,0,0,0,0,13,11,21,0
9175,797,217,0,0,0,1,0,0,1,0,0,1,0,0,0,0,0,9,20,14,0
2944,549,192,0,1,0,0,0,0,0,0,1,0,0,0,0,0,1,20,9,15,0
2105,223,116,1,0,0,0,0,0,1,0,0,0,0,0,0,1,0,22,6,24,0
8115,147,54,0,0,1,0,0,0,0,0,1,1,0,0,0,0,0,22,26,16,0
4475,914,103,0,0,0,1,0,0,0,0,1,1,0,0,0,0,0,19,18,2,0
9770,595,1815,0,1,0,0,0,0,0,0,1,0,0,1,0,0,0,20,84,95,1
546,600,1,1,0,0,0,0,0,1,0,0,0,0,0,0,1,0,20,28,4,0
1151,340,87,0,0,0,1,0,0,0,0,1,1,0,0,0,0,0,9,17,4,0
8558,674,88,0,0,0,1,1,0,0,0,0,0,0,0,0,1,0,12,6,14,0
3819,235,108,0,1,0,0,0,1,0,0,0,1,0,0,0,0,0,8,18,17,0
8138,310,34,1,0,0,0,0,1,0,0,0,0,1,0,0,0,0,12,11,3,0
3212,799,81,1,0,0,0,0,1,0,0,0,0,0,0,0,0,1,12,11,6,0
2544,110,30,0,0,1,0,0,0,0,1,0,0,0,0,0,1,0,23,14,0,0
8477,444,186,0,0,1,0,0,0,0,0,1,0,0,0,0,1,0,11,5,13,0
7725,851,1,0,0,0,1,0,1,0,0,0,0,1,0,0,0,0,12,2,25,0
2921,145,139,0,0,1,0,1,0,0,0,0,0,0,0,1,0,0,8,26,4,0
4794,198,50,1,0,0,0,0,0,0,1,0,1,0,0,0,0,0,17,2,26,0
6489,766,73,0,1,0,0,1,0,0,0,0,0,0,0,0,1,0,22,27,24,0
60,259,104,0,0,0,1,0,0,0,0,1,0,0,0,0,1,0,10,12,10,0
3765,308,223,0,0,0,1,0,1,0,0,0,0,1,0,0,0,0,6,29,4,0
8783,82,140,0,1,0,0,0,0,1,0,0,0,0,0,1,0,0,18,7,23,0
6842,204,95,0,1,0,0,0,0,1,0,0,0,1,0,0,0,0,13,19,28,0
8683,42,92,0,0,1,0,0,1,0,0,0,1,0,0,0,0,0,15,8,25,0
9629,914,1411,1,0,0,0,1,0,0,0,0,0,0,0,0,1,0,22,76,71,1
4362,317,94,1,0,0,0,0,1,0,0,0,1,0,0,0,0,0,18,27,8,0
722,504,130,1,0,0,0,0,1,0,0,0,0,0,0,0,0,1,8,12,0,0
2828,240,139,0,0,1,0,0,0,0,1,0,1,0,0,0,0,0,8,7,29,0
5582,306,118,0,1,0,0,1,0,0,0,0,0,0,0,1,0,0,17,3,4,0
7078,462,126,0,0,1,0,0,1,0,0,0,0,1,0,0,0,0,15,4,4,0
3163,964,93,0,0,0,1,0,0,0,1,0,0,0,0,0,0,1,22,23,18,0
9781,983,1931,1,0,0,0,0,0,0,1,0,0,1,0,0,0,0,15,95,85,1
4047,88,156,1,0,0,0,0,0,0,1,0,0,1,0,0,0,0,11,23,16,0
8258,972,131,0,0,1,0,1,0,0,0,0,0,0,0,0,1,0,23,22,0,0
4342,894,36,0,1,0,0,0,0,1,0,0,0,0,0,1,0,0,7,24,22,0
270,12,35,0,0,0,1,0,0,0,0,1,0,0,0,0,1,0,12,17,16,0
1741,956,102,0,1,0,0,0,1,0,0,0,0,0,0,0,1,0,10,17,1,0
6440,28,50,0,0,0,1,0,0,0,1,0,1,0,0,0,0,0,23,0,17,0
4987,235,113,0,0,1,0,0,0,0,0,1,0,0,0,0,0,1,6,23,13,0
6964,444,112,0,0,0,1,0,1,0,0,0,0,0,0,0,1,0,7,23,15,0
5350,688,123,0,1,0,0,0,1,0,0,0,0,0,0,0,1,0,6,10,22,0
2268,139,117,0,0,1,0,0,0,0,1,0,0,0,0,0,0,1,8,8,23,0
5122,338,96,1,0,0,0,0,1,0,0,0,0,0,0,0,1,0,13,13,17,0
5536,848,109,0,0,1,0,0,0,0,0,1,0,1,0,0,0,0,17,13,29,0
4927,912,197,1,0,0,0,0,0,0,0,1,0,0,0,1,0,0,22,2,22,0
5477,896,33,0,1,0,0,1,0,0,0,0,0,0,0,0,1,0,7,18,8,0
8667,142,203,1,0,0,0,0,0,0,1,0,0,0,0,0,0,1,7,19,24,0
6121,13,95,1,0,0,0,1,0,0,0,0,0,1,0,0,0,0,12,19,15,0
8923,323,48,0,1,0,0,1,0,0,0,0,0,0,0,0,1,0,13,9,27,0
840,634,123,0,1,0,0,0,0,1,0,0,0,1,0,0,0,0,21,21,29,0
5178,142,112,0,0,1,0,1,0,0,0,0,0,0,0,1,0,0,14,9,13,0
413,924,1,0,0,1,0,1,0,0,0,0,1,0,0,0,0,0,21,11,23,0
4510,698,130,0,0,0,1,0,0,0,0,1,0,0,0,0,1,0,16,12,26,0
3080,362,134,0,0,1,0,0,0,0,1,0,0,1,0,0,0,0,19,24,4,0
8762,101,136,0,1,0,0,0,1,0,0,0,1,0,0,0,0,0,13,19,8,0
1007,390,159,0,0,0,1,0,1,0,0,0,0,0,0,0,0,1,23,1,4,0
1925,238,107,0,1,0,0,0,0,0,1,0,0,0,0,0,0,1,6,10,26,0
1724,103,90,0,1,0,0,1,0,0,0,0,0,0,0,0,0,1,16,25,14,0
5904,754,131,1,0,0,0,0,1,0,0,0,0,0,0,0,1,0,8,20,13,0
5437,192,97,0,0,0,1,1,0,0,0,0,0,1,0,0,0,0,10,23,16,0
1633,39,65,0,0,0,1,0,0,0,1,0,1,0,0,0,0,0,14,24,10,0
3035,409,112,0,0,1,0,0,1,0,0,0,0,0,0,1,0,0,22,0,29,0
5136,593,127,0,0,0,1,0,0,1,0,0,0,1,0,0,0,0,18,27,3,0
6899,774,187,0,0,0,1,0,0,0,1,0,0,0,0,1,0,0,9,10,10,0
3114,193,80,0,0,0,1,0,0,0,0,1,0,1,0,0,0,0,20,16,0,0
671,40,53,0,0,1,0,0,0,0,1,0,0,0,0,0,1,0,18,19,2,0
6962,399,147,0,1,0,0,0,0,1,0,0,0,0,0,1,0,0,6,19,19,0
2910,310,88,0,0,1,0,0,1,0,0,0,1,0,0,0,0,0,18,19,12,0
5661,388,139,0,1,0,0,0,1,0,0,0,0,1,0,0,0,0,10,15,28,0
7309,589,106,0,1,0,0,0,0,0,0,1,0,0,0,0,1,0,21,2,7,0
8942,748,136,0,0,1,0,0,0,1,0,0,1,0,0,0,0,0,13,25,21,0
4757,711,39,0,0,1,0,0,0,1,0,0,0,0,0,1,0,0,21,12,5,0
7755,212,177,1,0,0,0,0,0,0,0,1,1,0,0,0,0,0,20,11,11,0
8205,167,122,0,0,0,1,0,0,0,1,0,0,0,0,1,0,0,8,22,28,0
4074,725,108,0,0,1,0,0,0,1,0,0,1,0,0,0,0,0,13,25,13,0
3026,180,170,0,0,0,1,0,0,0,1,0,0,0,0,1,0,0,14,12,17,0
8241,672,89,0,0,0,1,1,0,0,0,0,1,0,0,0,0,0,18,18,20,0
6735,792,152,0,0,1,0,0,1,0,0,0,0,0,0,1,0,0,18,25,7,0
3927,344,96,0,0,0,1,1,0,0,0,0,0,0,0,1,0,0,13,15,9,0
8450,329,151,0,0,1,0,0,1,0,0,0,0,0,0,1,0,0,11,26,24,0
1200,337,149,0,0,0,1,0,1,0,0,0,0,0,0,0,1,0,12,5,12,0
2658,719,92,1,0,0,0,0,0,1,0,0,0,0,0,0,0,1,21,29,11,0
1233,368,78,0,0,0,1,1,0,0,0,0,0,1,0,0,0,0,18,3,6,0
5574,708,126,1,0,0,0,0,1,0,0,0,0,1,0,0,0,0,16,25,11,0
2410,162,87,0,1,0,0,0,1,0,0,0,1,0,0,0,0,0,19,9,22,0
6277,591,2,1,0,0,0,0,0,1,0,0,0,0,0,1,0,0,10,28,13,0
2831,482,87,0,1,0,0,0,0,0,0,1,0,1,0,0,0,0,12,22,5,0
1109,661,64,1,0,0,0,0,0,0,0,1,0,0,0,1,0,0,20,25,19,0
7488,779,129,0,1,0,0,0,1,0,0,0,0,1,0,0,0,0,21,20,23,0
9409,818,105,0,1,0,0,0,0,0,1,0,0,0,0,0,1,0,14,19,3,0
8868,13,136,0,1,0,0,0,1,0,0,0,0,0,0,0,1,0,7,23,26,0
8503,567,88,0,0,1,0,0,0,0,1,0,0,0,0,0,1,0,22,16,4,0
6545,327,79,0,0,0,1,0,0,0,1,0,0,0,0,1,0,0,17,22,27,0
5295,428,66,0,0,1,0,1,0,0,0,0,0,0,0,0,0,1,11,25,0,0
8827,718,112,0,1,0,0,0,0,0,1,0,0,0,0,0,1,0,6,4,13,0
38,910,54,0,1,0,0,0,1,0,0,0,0,0,0,1,0,0,16,24,15,0
7751,743,113,0,0,1,0,1,0,0,0,0,0,0,0,1,0,0,14,8,25,0
3337,368,67,0,0,0,1,0,0,0,0,1,1,0,0,0,0,0,15,22,5,0
192,667,154,0,0,0,1,0,1,0,0,0,0,0,0,1,0,0,10,3,0,0
7355,224,127,0,0,1,0,0,0,1,0,0,0,1,0,0,0,0,20,13,24,0
3548,245,138,0,0,0,1,0,0,0,1,0,0,0,0,0,0,1,19,13,12,0
4055,129,115,0,1,0,0,0,1,0,0,0,0,0,0,1,0,0,17,14,25,0
6001,280,33,1,0,0,0,1,0,0,0,0,0,0,0,1,0,0,12,9,0,0
7604,634,43,1,0,0,0,1,0,0,0,0,0,0,0,0,0,1,17,28,28,0
2425,86,176,1,0,0,0,0,1,0,0,0,1,0,0,0,0,0,13,21,5,0
6047,270,57,0,1,0,0,0,0,1,0,0,0,0,0,0,1,0,23,6,11,0
9512,164,1480,1,0,0,0,0,0,0,0,1,0,0,0,1,0,0,4,71,93,1
5049,737,18,0,0,0,1,0,0,1,0,0,0,0,0,1,0,0,8,4,27,0
2682,582,70,0,0,0,1,0,0,0,1,0,0,1,0,0,0,0,20,21,27,0
3236,939,135,1,0,0,0,1,0,0,0,0,0,0,0,0,0,1,13,25,4,0
3164,451,158,0,1,0,0,1,0,0,0,0,0,0,0,0,0,1,14,23,2,0
1372,400,106,0,0,0,1,1,0,0,0,0,0,1,0,0,0,0,11,15,11,0
3226,961,118,0,1,0,0,0,1,0,0,0,0,0,0,1,0,0,12,27,15,0
8478,444,65,0,1,0,0,0,0,1,0,0,0,0,0,1,0,0,21,7,10,0
3266,946,77,0,0,0,1,1,0,0,0,0,1,0,0,0,0,0,23,13,12,0
4566,184,121,1,0,0,0,0,0,0,1,0,0,1,0,0,0,0,20,17,7,0
7644,426,71,1,0,0,0,0,0,0,0,1,1,0,0,0,0,0,10,14,7,0
1704,404,23,0,0,0,1,0,1,0,0,0,1,0,0,0,0,0,22,17,24,0
8750,60,101,0,0,1,0,0,0,1,0,0,0,0,0,1,0,0,7,9,27,0
3718,671,129,0,0,1,0,0,0,0,0,1,0,0,0,0,0,1,10,25,4,0
5284,930,157,0,0,0,1,0,0,0,1,0,0,0,0,0,0,1,7,27,1,0
8524,972,75,0,0,1,0,0,0,0,1,0,0,0,0,0,1,0,17,7,19,0
7594,381,61,1,0,0,0,0,1,0,0,0,0,0,0,1,0,0,16,22,0,0
1777,355,97,0,0,1,0,0,1,0,0,0,0,0,0,1,0,0,15,12,22,0
4448,458,139,0,0,0,1,0,0,0,0,1,1,0,0,0,0,0,18,20,5,0
9359,840,163,0,1,0,0,0,0,1,0,0,0,0,0,0,0,1,14,22,14,0
7407,301,216,1,0,0,0,0,0,0,0,1,0,0,0,0,1,0,21,2,13,0
9483,426,185,0,1,0,0,0,0,1,0,0,0,0,0,0,1,0,8,0,15,0
8616,935,107,0,0,1,0,0,0,1,0,0,0,1,0,0,0,0,9,1,18,0
9927,121,4889,0,0,1,0,0,0,0,0,1,0,0,0,0,0,1,22,91,91,1
7411,7,119,1,0,0,0,0,1,0,0,0,0,0,0,0,0,1,20,16,29,0
3754,587,65,1,0,0,0,0,0,1,0,0,0,0,0,0,1,0,13,4,8,0
7304,815,102,0,0,0,1,0,0,0,1,0,0,0,0,0,0,1,15,12,29,0
565,810,98,0,1,0,0,0,0,0,0,1,0,0,0,0,1,0,13,7,13,0
8308,804,167,0,1,0,0,1,0,0,0,0,0,0,0,0,1,0,14,10,19,0
6062,148,66,0,0,1,0,1,0,0,0,0,0,0,0,0,0,1,11,16,16,0
5451,573,116,1,0,0,0,0,1,0,0,0,0,0,0,0,1,0,21,14,19,0
903,42,79,0,0,1,0,0,0,0,0,1,0,0,0,0,1,0,23,24,9,0
4134,151,100,0,0,1,0,0,0,1,0,0,0,0,0,0,0,1,14,22,26,0
3269,187,160,0,0,0,1,0,0,0,0,1,1,0,0,0,0,0,17,14,26,0
2359,795,16,0,1,0,0,0,0,1,0,0,1,0,0,0,0,0,19,13,4,0
4350,282,127,1,0,0,0,0,1,0,0,0,0,0,0,1,0,0,20,26,14,0
3866,648,44,1,0,0,0,0,0,0,1,0,0,1,0,0,0,0,17,5,6,0
5344,559,164,0,0,1,0,0,0,0,0,1,1,0,0,0,0,0,14,29,25,0
5420,777,60,0,0,1,0,0,0,0,1,0,0,0,0,0,0,1,17,8,24,0
2083,980,134,1,0,0,0,0,0,1,0,0,0,0,0,0,0,1,10,13,21,0
9349,671,141,0,1,0,0,0,0,1,0,0,1,0,0,0,0,0,6,25,5,0
6126,248,21,0,0,1,0,0,0,0,1,0,0,0,0,0,1,0,9,11,0,0
8036,245,121,0,0,1,0,0,0,0,0,1,0,0,0,0,0,1,17,8,4,0
5277,100,42,0,1,0,0,0,0,1,0,0,0,0,0,0,0,1,15,17,9,0
5980,992,45,0,1,0,0,1,0,0,0,0,0,0,0,0,1,0,13,16,0,0
8013,154,127,0,1,0,0,1,0,0,0,0,0,0,0,0,1,0,15,25,22,0
394,646,45,0,0,1,0,0,1,0,0,0,0,0,0,1,0,0,10,0,20,0
1861,971,183,0,0,0,1,0,0,1,0,0,0,0,0,1,0,0,6,23,21,0
7408,277,120,0,0,1,0,0,0,1,0,0,1,0,0,0,0,0,23,20,3,0
817,271,83,1,0,0,0,0,0,0,0,1,0,0,0,0,1,0,6,0,22,0
4745,272,109,0,0,1,0,1,0,0,0,0,1,0,0,0,0,0,16,26,22,0
8225,783,115,0,0,1,0,0,1,0,0,0,1,0,0,0,0,0,13,7,24,0
9522,551,10,0,0,1,0,1,0,0,0,0,0,0,0,0,1,0,18,88,79,1
9088,467,89,1,0,0,0,0,1,0,0,0,0,1,0,0,0,0,16,5,13,0
3188,555,108,0,0,0,1,0,0,0,1,0,0,0,0,0,0,1,8,28,3,0
4883,646,1,0,0,1,0,0,0,0,1,0,0,0,0,0,0,1,6,16,6,0
9164,338,56,1,0,0,0,0,1,0,0,0,0,1,0,0,0,0,18,17,23,0
1688,886,93,0,0,0,1,1,0,0,0,0,0,1,0,0,0,0,17,11,25,0
2174,486,130,0,0,1,0,0,1,0,0,0,0,1,0,0,0,0,17,0,7,0
9802,199,1624,1,0,0,0,0,0,0,1,0,0,0,1,0,0,0,4,84,89,1
2347,104,78,1,0,0,0,0,0,0,0,1,1,0,0,0,0,0,14,22,22,0
4579,924,27,0,1,0,0,1,0,0,0,0,0,0,0,1,0,0,6,19,21,0
6878,999,99,0,1,0,0,1,0,0,0,0,0,0,0,0,1,0,11,8,9,0
7063,778,76,0,1,0,0,1,0,0,0,0,0,1,0,0,0,0,13,3,21,0
3268,130,109,0,0,0,1,1,0,0,0,0,0,1,0,0,0,0,19,21,23,0
3181,799,113,0,1,0,0,0,1,0,0,0,0,1,0,0,0,0,10,6,22,0
3777,886,29,1,0,0,0,0,0,0,1,0,0,1,0,0,0,0,14,27,20,0
2364,807,104,0,0,0,1,0,0,1,0,0,0,1,0,0,0,0,13,18,9,0
6082,199,85,1,0,0,0,1,0,0,0,0,0,0,0,0,1,0,17,29,4,0
1488,335,99,0,0,1,0,0,0,0,0,1,0,0,0,0,1,0,18,26,7,0
2190,480,144,0,0,1,0,0,1,0,0,0,0,0,0,0,1,0,21,29,29,0
578,494,35,0,0,0,1,0,1,0,0,0,0,0,0,0,0,1,16,17,7,0
6067,89,96,0,0,1,0,0,0,1,0,0,1,0,0,0,0,0,22,22,8,0
4678,648,130,0,0,0,1,0,1,0,0,0,0,0,0,0,1,0,15,18,24,0
7611,207,34,0,1,0,0,0,0,0,1,0,0,0,0,0,0,1,22,13,4,0
3471,978,193,1,0,0,0,0,0,1,0,0,1,0,0,0,0,0,11,26,0,0
829,650,83,0,0,1,0,0,0,0,1,0,0,1,0,0,0,0,6,10,12,0
8489,178,114,1,0,0,0,0,1,0,0,0,0,1,0,0,0,0,16,27,28,0
9224,207,33,0,0,1,0,0,0,0,1,0,0,1,0,0,0,0,21,5,21,0
2745,900,28,0,0,0,1,0,0,1,0,0,0,1,0,0,0,0,18,2,15,0
1331,361,17,1,0,0,0,0,1,0,0,0,0,0,0,1,0,0,11,16,23,0
9874,717,10,1,0,0,0,1,0,0,0,0,0,0,0,1,0,0,9,90,85,1
7990,400,64,0,0,1,0,0,0,1,0,0,1,0,0,0,0,0,17,23,5,0
9553,481,3178,0,0,0,1,0,0,0,0,1,0,0,0,0,1,0,2,87,87,1
1477,143,85,0,1,0,0,1,0,0,0,0,1,0,0,0,0,0,18,24,12,0
733,282,87,0,1,0,0,0,1,0,0,0,0,1,0,0,0,0,17,20,19,0
961,783,223,1,0,0,0,0,1,0,0,0,0,0,0,1,0,0,20,15,21,0
7856,296,40,0,0,0,1,0,1,0,0,0,0,1,0,0,0,0,6,28,22,0
2661,189,86,0,0,0,1,1,0,0,0,0,0,1,0,0,0,0,10,16,23,0
8208,904,16,0,1,0,0,0,0,1,0,0,0,0,0,0,0,1,22,18,7,0
3967,955,84,0,1,0,0,0,0,0,0,1,0,0,0,0,1,0,17,4,24,0
3748,65,90,0,0,0,1,0,0,1,0,0,0,1,0,0,0,0,16,22,23,0
3576,606,118,0,0,0,1,0,0,0,0,1,0,0,0,0,1,0,22,28,14,0
8435,705,145,1,0,0,0,0,0,1,0,0,0,0,0,0,1,0,15,29,2,0
9615,306,638,1,0,0,0,1,0,0,0,0,0,1,0,0,0,0,10,97,89,1
450,393,61,0,0,1,0,0,1,0,0,0,0,1,0,0,0,0,20,0,22,0
8541,420,93,0,0,0,1,1,0,0,0,0,0,0,0,0,0,1,13,20,18,0
3193,371,277,0,1,0,0,0,0,0,0,1,0,0,0,0,1,0,14,2,0,0
3482,155,32,0,0,1,0,0,0,0,1,0,0,0,0,0,1,0,12,23,11,0
3822,84,167,0,0,0,1,0,0,0,0,1,0,0,0,1,0,0,16,27,18,0
8476,67,119,0,0,0,1,0,0,0,0,1,0,1,0,0,0,0,21,16,28,0
76,82,159,0,0,1,0,0,1,0,0,0,0,0,0,1,0,0,22,23,15,0
2772,790,90,0,0,0,1,1,0,0,0,0,0,0,0,1,0,0,8,11,28,0
6071,173,123,1,0,0,0,0,0,0,0,1,0,0,0,0,1,0,17,17,11,0
1922,975,103,0,0,0,1,0,0,0,0,1,0,0,0,1,0,0,9,26,10,0
3025,987,95,0,0,0,1,0,0,0,0,1,0,0,0,0,0,1,19,4,2,0
129,22,79,0,0,0,1,0,0,0,0,1,1,0,0,0,0,0,17,16,23,0
8362,742,7,0,0,1,0,0,0,0,0,1,0,1,0,0,0,0,9,4,4,0
832,725,132,0,0,1,0,0,0,0,0,1,1,0,0,0,0,0,9,5,20,0
2936,533,167,0,0,0,1,0,0,0,1,0,0,0,0,0,1,0,6,17,21,0
6954,920,190,0,1,0,0,0,0,0,1,0,0,0,0,0,1,0,19,25,20,0
8182,252,33,0,0,0,1,0,1,0,0,0,0,1,0,0,0,0,22,12,2,0
9603,91,1433,0,1,0,0,1,0,0,0,0,0,0,0,0,1,0,6,97,78,1
4775,117,138,0,0,1,0,0,1,0,0,0,0,0,0,0,0,1,18,4,1,0
6454,690,174,0,0,0,1,0,0,0,1,0,0,1,0,0,0,0,8,22,11,0
1862,405,128,0,1,0,0,0,0,0,0,1,0,0,0,1,0,0,19,26,6,0
8189,742,103,0,0,1,0,0,0,0,0,1,0,0,0,1,0,0,6,6,27,0
4828,577,140,0,1,0,0,1,0,0,0,0,0,0,0,0,1,0,15,1,4,0
4527,1,43,0,1,0,0,0,0,0,0,1,1,0,0,0,0,0,22,9,12,0
4766,911,40,0,1,0,0,1,0,0,0,0,0,0,0,0,0,1,14,2,25,0
1498,338,30,0,0,0,1,0,1,0,0,0,0,0,0,0,0,1,18,20,14,0
1743,90,115,1,0,0,0,0,0,0,0,1,0,1,0,0,0,0,12,16,9,0
3136,149,140,0,0,1,0,0,0,0,1,0,0,0,0,0,1,0,7,12,18,0
9554,298,10,1,0,0,0,0,0,0,1,0,1,0,0,0,0,0,4,96,86,1
8959,427,78,0,0,0,1,1,0,0,0,0,1,0,0,0,0,0,9,9,6,0
6668,703,21,0,0,1,0,1,0,0,0,0,0,0,0,1,0,0,9,29,29,0
621,172,70,1,0,0,0,0,0,1,0,0,0,0,0,0,0,1,12,2,10,0
5407,18,44,0,0,0,1,0,0,0,0,1,0,1,0,0,0,0,17,15,24,0
3747,849,184,1,0,0,0,0,0,0,0,1,0,0,0,0,0,1,6,21,10,0
3099,687,67,0,1,0,0,0,0,0,1,0,0,0,0,1,0,0,14,12,14,0
1813,539,100,0,0,1,0,0,1,0,0,0,0,0,0,1,0,0,13,6,26,0
6537,275,111,1,0,0,0,1,0,0,0,0,0,0,0,0,0,1,18,10,16,0
2863,891,93,0,1,0,0,0,0,0,0,1,1,0,0,0,0,0,22,21,16,0
174,860,124,1,0,0,0,1,0,0,0,0,0,1,0,0,0,0,20,13,21,0
7331,338,157,0,1,0,0,0,0,1,0,0,0,0,0,1,0,0,17,24,4,0
2654,750,1,1,0,0,0,0,0,0,1,0,0,0,0,1,0,0,16,9,25,0
675,192,108,1,0,0,0,0,1,0,0,0,0,1,0,0,0,0,21,9,22,0
5088,185,87,0,0,1,0,0,1,0,0,0,0,1,0,0,0,0,6,6,5,0
182,87,48,0,0,1,0,0,0,0,1,0,0,0,0,0,1,0,18,10,3,0
8565,273,30,0,1,0,0,0,0,0,1,0,1,0,0,0,0,0,15,0,15,0
2809,522,173,0,0,0,1,0,0,0,1,0,0,1,0,0,0,0,9,27,10,0
7389,375,44,1,0,0,0,0,0,1,0,0,0,0,0,1,0,0,16,4,10,0
3629,878,109,0,1,0,0,0,0,0,1,0,1,0,0,0,0,0,20,29,6,0
15,663,52,1,0,0,0,0,1,0,0,0,0,0,0,0,0,1,22,25,20,0
9045,838,135,0,0,0,1,1,0,0,0,0,0,1,0,0,0,0,22,18,28,0
1856,838,87,0,1,0,0,1,0,0,0,0,0,1,0,0,0,0,6,15,28,0
6893,168,50,0,0,1,0,0,0,0,1,0,0,0,0,0,0,1,10,6,24,0
6524,989,71,0,0,1,0,0,0,0,0,1,0,1,0,0,0,0,11,23,12,0
5506,236,95,0,0,0,1,1,0,0,0,0,1,0,0,0,0,0,8,22,29,0
3878,342,122,0,0,1,0,1,0,0,0,0,1,0,0,0,0,0,18,2,8,0
2001,649,125,0,0,0,1,0,0,0,0,1,1,0,0,0,0,0,21,3,9,0
1411,381,185,0,0,1,0,0,0,1,0,0,0,0,0,1,0,0,6,1,25,0
5213,299,47,0,0,0,1,0,0,1,0,0,0,0,0,0,0,1,23,24,24,0
812,212,58,0,0,0,1,0,1,0,0,0,1,0,0,0,0,0,13,24,0,0
4990,678,52,0,0,1,0,0,0,1,0,0,0,0,0,0,0,1,17,10,5,0
2790,24,62,1,0,0,0,0,1,0,0,0,0,0,0,0,0,1,21,3,16,0
509,908,22,1,0,0,0,1,0,0,0,0,0,0,0,0,0,1,16,4,1,0
6811,19,88,1,0,0,0,0,0,1,0,0,1,0,0,0,0,0,13,9,13,0
6182,211,87,0,0,0,1,0,0,0,1,0,1,0,0,0,0,0,17,8,12,0
9123,81,61,0,0,1,0,0,0,0,1,0,0,0,0,0,1,0,11,18,7,0
6971,271,130,0,0,1,0,0,0,0,0,1,0,0,0,1,0,0,17,23,0,0
8631,380,149,0,0,1,0,0,0,0,0,1,1,0,0,0,0,0,7,14,8,0
8832,416,17,0,0,1,0,1,0,0,0,0,0,0,0,0,1,0,15,27,13,0
4425,983,117,0,0,1,0,0,0,1,0,0,0,1,0,0,0,0,11,16,12,0
6672,209,83,0,1,0,0,1,0,0,0,0,0,0,0,1,0,0,18,17,15,0
7911,996,200,0,0,1,0,1,0,0,0,0,0,0,0,0,1,0,9,23,3,0
2645,163,164,0,0,1,0,1,0,0,0,0,0,0,0,0,0,1,13,27,4,0
9383,416,114,1,0,0,0,0,1,0,0,0,0,0,0,0,1,0,9,13,26,0
615,154,170,0,1,0,0,1,0,0,0,0,0,0,0,1,0,0,16,4,0,0
2861,574,47,0,0,0,1,0,0,0,0,1,0,0,0,1,0,0,22,1,3,0
1972,762,210,0,1,0,0,0,0,0,1,0,0,1,0,0,0,0,6,24,2,0
9607,242,2909,0,0,1,0,0,0,1,0,0,1,0,0,0,0,0,20,83,75,1
2217,1,158,0,0,1,0,0,1,0,0,0,0,1,0,0,0,0,22,9,10,0
5098,914,86,0,0,1,0,0,0,1,0,0,0,0,0,1,0,0,12,14,26,0
2051,489,235,0,0,0,1,0,0,1,0,0,0,0,0,0,1,0,20,28,26,0
2631,121,43,0,0,0,1,0,0,0,1,0,0,1,0,0,0,0,7,10,5,0
6274,35,70,0,0,0,1,0,0,0,0,1,0,0,0,0,0,1,15,10,27,0
9003,835,102,0,1,0,0,0,0,0,0,1,0,0,0,0,1,0,15,15,19,0
9265,768,167,0,0,0,1,0,0,1,0,0,0,0,0,0,0,1,21,13,12,0
889,191,87,0,1,0,0,0,0,1,0,0,0,0,0,1,0,0,13,13,20,0
3172,709,63,1,0,0,0,0,0,1,0,0,1,0,0,0,0,0,23,0,27,0
6,905,177,1,0,0,0,0,0,0,0,1,1,0,0,0,0,0,16,10,15,0
4104,231,68,0,1,0,0,0,0,1,0,0,0,1,0,0,0,0,21,2,8,0
4375,972,186,1,0,0,0,0,0,0,0,1,0,0,0,0,0,1,23,1,7,0
2407,463,66,0,1,0,0,0,0,0,0,1,0,0,0,1,0,0,23,8,19,0
1506,692,42,1,0,0,0,0,0,0,1,0,0,1,0,0,0,0,14,26,11,0
7744,488,1,1,0,0,0,1,0,0,0,0,0,0,0,0,1,0,13,25,8,0
4972,211,74,0,0,1,0,0,0,1,0,0,1,0,0,0,0,0,21,23,6,0
5758,324,95,0,0,1,0,0,0,0,0,1,0,0,0,0,0,1,20,15,21,0
7418,135,73,1,0,0,0,0,1,0,0,0,0,0,0,0,1,0,15,4,5,0
6107,885,105,0,0,0,1,0,1,0,0,0,0,0,0,0,1,0,7,8,2,0
9971,446,1719,0,0,0,1,1,0,0,0,0,0,1,0,0,0,0,6,74,78,1
9178,734,24,1,0,0,0,1,0,0,0,0,0,0,0,0,1,0,9,19,0,0
6595,797,121,0,0,0,1,0,0,0,1,0,0,0,0,0,1,0,20,3,6,0
2316,114,105,0,0,1,0,0,1,0,0,0,0,0,0,1,0,0,19,22,15,0
2779,883,71,1,0,0,0,0,0,0,0,1,0,0,0,1,0,0,16,2,25,0
8297,886,170,0,0,0,1,1,0,0,0,0,1,0,0,0,0,0,13,6,28,0
2470,660,69,0,0,1,0,0,0,0,0,1,0,0,0,1,0,0,16,8,17,0
1516,735,97,0,0,1,0,0,0,1,0,0,0,0,0,0,1,0,7,7,27,0
3460,259,62,0,0,1,0,0,0,1,0,0,0,0,0,0,1,0,13,3,12,0
4432,368,47,0,0,1,0,1,0,0,0,0,1,0,0,0,0,0,19,8,19,0
6303,65,35,0,0,1,0,1,0,0,0,0,1,0,0,0,0,0,8,2,6,0
6829,914,187,0,0,0,1,0,0,0,1,0,0,1,0,0,0,0,21,27,27,0
750,627,98,1,0,0,0,0,0,1,0,0,0,0,0,0,1,0,16,9,10,0
131,445,100,1,0,0,0,0,0,0,0,1,0,0,0,0,1,0,11,2,5,0
7797,93,63,0,0,1,0,0,0,1,0,0,0,0,0,1,0,0,17,6,10,0
1438,238,90,0,0,1,0,1,0,0,0,0,0,0,0,1,0,0,19,25,8,0
2440,627,230,0,0,0,1,1,0,0,0,0,0,0,0,1,0,0,13,3,17,0
9631,272,307,0,1,0,0,0,0,0,0,1,0,1,0,0,0,0,8,70,89,1
4882,815,176,1,0,0,0,0,0,0,1,0,1,0,0,0,0,0,10,2,9,0
9638,504,8065,0,0,0,1,0,0,0,1,0,0,0,0,0,0,1,4,89,77,1
2380,587,101,0,0,0,1,1,0,0,0,0,0,0,0,0,0,1,17,5,28,0
3201,864,97,0,0,1,0,0,1,0,0,0,0,0,0,0,0,1,18,20,22,0
1023,360,43,1,0,0,0,0,0,0,0,1,0,0,0,0,0,1,12,1,14,0
2291,505,97,0,1,0,0,0,0,1,0,0,0,0,0,1,0,0,15,29,25,0
6438,113,145,0,1,0,0,0,0,0,1,0,0,1,0,0,0,0,19,5,14,0
4557,26,105,0,0,0,1,0,0,0,0,1,0,0,0,0,1,0,7,3,18,0
7179,221,169,0,0,1,0,0,1,0,0,0,0,0,0,0,1,0,9,9,27,0
3616,196,93,0,0,0,1,0,0,0,0,1,0,1,0,0,0,0,10,21,23,0
7503,439,93,0,0,0,1,0,0,1,0,0,0,0,0,0,0,1,20,4,10,0
1791,338,140,1,0,0,0,0,0,0,0,1,1,0,0,0,0,0,20,2,10,0
2490,236,8,0,1,0,0,0,1,0,0,0,0,1,0,0,0,0,23,28,14,0
4076,955,74,0,0,0,1,0,0,0,1,0,0,0,0,1,0,0,12,1,10,0
7972,383,141,0,0,1,0,0,0,0,1,0,0,0,0,0,1,0,23,13,23,0
3247,527,137,0,0,0,1,0,0,0,1,0,0,0,0,1,0,0,21,27,0,0
1279,128,130,0,0,0,1,1,0,0,0,0,0,0,0,0,0,1,23,8,1,0
4249,255,116,0,1,0,0,1,0,0,0,0,1,0,0,0,0,0,13,19,28,0
6939,529,133,0,0,0,1,1,0,0,0,0,0,1,0,0,0,0,7,15,15,0
8709,790,176,0,0,0,1,0,1,0,0,0,0,1,0,0,0,0,6,8,20,0
1171,945,106,0,0,0,1,0,0,0,0,1,0,0,0,0,1,0,12,0,17,0
1381,605,120,0,1,0,0,1,0,0,0,0,1,0,0,0,0,0,15,23,2,0
5101,861,129,0,1,0,0,0,0,1,0,0,0,0,0,0,1,0,23,9,22,0
2639,326,91,0,0,0,1,1,0,0,0,0,0,0,0,0,0,1,15,4,9,0
9192,549,33,1,0,0,0,1,0,0,0,0,0,0,0,0,1,0,8,15,0,0
2023,789,215,0,0,1,0,0,0,1,0,0,0,0,0,0,1,0,13,23,13,0
3407,272,107,0,1,0,0,0,0,0,0,1,0,0,0,1,0,0,23,25,25,0
7656,856,54,0,0,1,0,0,1,0,0,0,1,0,0,0,0,0,23,23,17,0
429,630,57,0,1,0,0,0,1,0,0,0,1,0,0,0,0,0,6,2,20,0
97,507,47,1,0,0,0,0,0,0,0,1,0,0,0,1,0,0,20,0,9,0
1339,136,102,1,0,0,0,0,0,0,0,1,0,0,0,0,0,1,12,17,20,0
5846,905,85,0,0,1,0,0,0,0,1,0,0,0,0,0,1,0,11,22,1,0
6030,494,121,0,0,0,1,0,0,0,1,0,1,0,0,0,0,0,23,2,0,0
543,331,28,0,0,0,1,0,0,0,0,1,1,0,0,0,0,0,21,20,1,0
8337,540,149,0,0,1,0,1,0,0,0,0,0,0,0,1,0,0,6,28,3,0
5149,15,43,0,1,0,0,1,0,0,0,0,0,0,0,0,1,0,11,25,11,0
4976,476,112,0,1,0,0,0,0,1,0,0,0,0,0,1,0,0,19,22,7,0
1308,443,65,0,1,0,0,0,0,0,1,0,0,1,0,0,0,0,9,1,3,0
5649,507,36,0,0,1,0,0,0,1,0,0,0,1,0,0,0,0,13,20,10,0
232,234,1,0,0,0,1,1,0,0,0,0,1,0,0,0,0,0,22,26,21,0
5163,844,91,0,1,0,0,0,0,1,0,0,0,0,0,0,0,1,9,25,17,0
7803,10,99,1,0,0,0,0,1,0,0,0,1,0,0,0,0,0,8,2,27,0
1336,880,166,0,0,0,1,0,1,0,0,0,0,0,0,0,1,0,15,27,27,0
8294,986,87,1,0,0,0,1,0,0,0,0,1,0,0,0,0,0,9,23,26,0
494,735,134,0,0,0,1,1,0,0,0,0,0,1,0,0,0,0,14,5,19,0
5770,954,56,0,1,0,0,0,0,0,1,0,0,0,0,0,1,0,13,13,2,0
4339,529,94,0,0,1,0,0,1,0,0,0,1,0,0,0,0,0,12,11,2,0
3005,106,115,0,0,0,1,0,1,0,0,0,0,0,0,1,0,0,17,18,17,0
1905,149,59,1,0,0,0,0,1,0,0,0,0,1,0,0,0,0,14,13,0,0
1298,620,188,0,0,0,1,0,0,0,0,1,0,1,0,0,0,0,21,0,29,0
1721,766,111,0,0,0,1,1,0,0,0,0,0,1,0,0,0,0,7,19,19,0
8383,908,110,1,0,0,0,1,0,0,0,0,0,0,0,0,1,0,7,17,0,0
6697,943,119,0,0,1,0,0,0,0,0,1,0,0,0,1,0,0,18,15,28,0
5244,180,124,1,0,0,0,0,0,0,0,1,0,0,0,0,0,1,15,18,28,0
282,821,182,0,0,0,1,0,0,0,1,0,0,0,0,1,0,0,15,26,10,0
557,619,121,0,0,0,1,1,0,0,0,0,1,0,0,0,0,0,9,17,0,0
6793,522,70,0,1,0,0,0,0,0,1,0,0,0,0,1,0,0,10,8,26,0
6869,941,73,0,1,0,0,0,0,0,0,1,0,1,0,0,0,0,8,4,2,0
7799,224,70,0,0,1,0,0,0,0,1,0,0,0,0,1,0,0,9,22,1,0
7077,676,61,0,0,0,1,0,1,0,0,0,0,0,0,0,1,0,15,2,21,0
8694,176,151,0,1,0,0,0,0,0,1,0,1,0,0,0,0,0,10,7,21,0
1088,72,101,0,0,0,1,0,0,0,1,0,0,0,0,1,0,0,10,13,13,0
6840,789,34,0,0,1,0,0,0,0,1,0,0,0,0,0,1,0,16,7,13,0
2391,919,171,0,1,0,0,1,0,0,0,0,1,0,0,0,0,0,16,4,5,0
1753,399,159,0,1,0,0,0,1,0,0,0,0,0,0,0,0,1,8,0,4,0
7167,395,157,0,0,0,1,0,0,0,1,0,0,0,0,0,0,1,16,2,22,0
5085,176,89,0,0,1,0,0,0,0,1,0,0,0,0,0,1,0,13,1,13,0
5300,335,99,1,0,0,0,0,0,0,0,1,0,0,0,0,1,0,13,21,16,0
2718,617,88,0,0,1,0,0,0,0,1,0,1,0,0,0,0,0,21,15,10,0
7258,934,203,1,0,0,0,1,0,0,0,0,0,0,0,0,1,0,18,13,5,0
7265,753,93,1,0,0,0,0,1,0,0,0,0,0,0,1,0,0,6,6,19,0
8240,380,102,0,0,1,0,0,0,1,0,0,0,0,0,0,1,0,23,25,2,0
8187,669,96,0,0,0,1,0,0,0,0,1,1,0,0,0,0,0,9,1,5,0
8840,147,153,1,0,0,0,0,0,1,0,0,0,1,0,0,0,0,15,8,17,0
5781,619,37,0,0,0,1,0,1,0,0,0,0,1,0,0,0,0,8,15,24,0
1057,585,131,0,1,0,0,0,0,0,1,0,0,0,0,0,0,1,15,26,3,0
9171,333,1,0,0,1,0,1,0,0,0,0,0,0,0,0,0,1,18,17,11,0
6803,100,74,0,1,0,0,0,1,0,0,0,0,1,0,0,0,0,14,18,2,0
8438,911,185,0,1,0,0,0,0,0,1,0,0,0,0,0,0,1,21,9,1,0
9309,937,40,0,1,0,0,0,0,1,0,0,0,1,0,0,0,0,6,10,12,0
8965,209,143,0,0,0,1,0,0,0,0,1,0,0,0,0,0,1,17,17,3,0
6132,540,29,0,0,0,1,0,0,1,0,0,0,1,0,0,0,0,19,24,18,0
1602,894,140,0,0,0,1,0,0,1,0,0,0,0,0,1,0,0,12,7,9,0
1254,251,117,1,0,0,0,0,0,0,1,0,1,0,0,0,0,0,16,16,10,0
1021,830,63,0,0,1,0,0,1,0,0,0,0,0,0,1,0,0,13,22,12,0
1751,350,149,1,0,0,0,0,0,1,0,0,0,0,0,0,0,1,6,10,3,0
460,862,140,0,0,1,0,0,0,0,0,1,0,0,0,1,0,0,11,23,11,0
933,831,145,0,0,1,0,0,1,0,0,0,0,0,0,0,0,1,16,27,25,0
113,320,142,1,0,0,0,0,0,0,1,0,1,0,0,0,0,0,13,0,17,0
7512,566,82,0,1,0,0,0,1,0,0,0,0,0,0,0,0,1,18,24,2,0
7673,648,88,1,0,0,0,0,0,0,0,1,0,0,0,1,0,0,20,14,23,0
2784,923,107,0,1,0,0,0,1,0,0,0,0,0,0,0,0,1,14,1,24,0
1618,756,125,0,1,0,0,0,0,0,0,1,0,0,0,0,0,1,14,24,7,0
3851,939,89,0,0,0,1,0,0,1,0,0,0,1,0,0,0,0,16,7,24,0
3543,629,91,0,0,1,0,0,0,1,0,0,0,0,0,0,0,1,9,28,4,0
6478,811,158,0,1,0,0,1,0,0,0,0,0,0,0,0,1,0,19,18,17,0
3244,924,24,0,0,1,0,0,1,0,0,0,1,0,0,0,0,0,7,14,18,0
6502,810,105,1,0,0,0,1,0,0,0,0,1,0,0,0,0,0,7,23,19,0
8494,842,66,1,0,0,0,0,1,0,0,0,0,1,0,0,0,0,10,8,6,0
4771,128,1,1,0,0,0,1,0,0,0,0,0,1,0,0,0,0,6,29,21,0
1238,548,97,1,0,0,0,0,0,0,0,1,1,0,0,0,0,0,20,21,27,0
1518,533,63,0,0,1,0,0,1,0,0,0,0,0,0,1,0,0,6,11,22,0
4950,80,51,1,0,0,0,0,0,0,0,1,0,0,0,0,1,0,10,9,7,0
3049,961,177,0,0,1,0,1,0,0,0,0,0,0,0,1,0,0,8,24,10,0
5742,331,52,0,1,0,0,0,0,0,1,0,0,0,0,0,0,1,10,4,10,0
9087,868,119,0,1,0,0,0,0,0,0,1,0,0,0,1,0,0,23,22,25,0
6865,716,199,0,0,0,1,0,1,0,0,0,0,1,0,0,0,0,9,28,14,0
6412,312,203,0,0,1,0,0,1,0,0,0,0,0,0,0,0,1,20,28,22,0
1993,906,58,0,0,1,0,0,0,0,0,1,0,1,0,0,0,0,10,15,19,0
2329,961,134,1,0,0,0,1,0,0,0,0,0,1,0,0,0,0,19,21,1,0
4214,252,85,0,1,0,0,0,0,1,0,0,0,0,0,0,0,1,9,19,29,0
608,321,75,0,1,0,0,1,0,0,0,0,0,0,0,0,1,0,12,12,13,0
2255,307,119,0,0,0,1,0,0,1,0,0,0,0,0,1,0,0,13,17,21,0
7691,330,46,0,0,1,0,0,0,1,0,0,0,0,0,1,0,0,22,5,25,0
9061,887,144,0,0,1,0,0,0,1,0,0,1,0,0,0,0,0,13,27,24,0
5283,938,191,0,0,1,0,0,0,0,0,1,1,0,0,0,0,0,22,27,4,0
3617,553,89,0,1,0,0,1,0,0,0,0,0,1,0,0,0,0,19,20,27,0
6666,758,78,1,0,0,0,1,0,0,0,0,0,0,0,0,0,1,23,1,0,0
3054,693,127,0,0,1,0,0,1,0,0,0,0,0,0,0,1,0,8,13,12,0
4270,920,106,0,0,0,1,0,0,0,1,0,0,0,0,0,0,1,7,4,7,0
6168,564,128,0,0,1,0,0,0,0,1,0,1,0,0,0,0,0,20,8,27,0
2592,569,1,0,0,1,0,1,0,0,0,0,0,0,0,1,0,0,7,2,5,0
9959,150,1240,1,0,0,0,0,0,1,0,0,0,0,0,1,0,0,19,97,89,1
4591,582,93,1,0,0,0,0,0,0,1,0,0,0,0,1,0,0,7,1,11,0
1463,752,97,0,0,0,1,1,0,0,0,0,0,0,0,1,0,0,19,8,17,0
9884,591,911,0,1,0,0,0,0,0,0,1,0,0,0,1,0,0,4,88,94,1
6763,755,96,1,0,0,0,0,0,0,0,1,0,0,0,1,0,0,18,2,22,0
7142,259,112,0,0,1,0,0,1,0,0,0,0,0,0,0,1,0,18,26,0,0
6665,837,21,0,1,0,0,1,0,0,0,0,0,0,0,0,0,1,18,7,24,0
7420,420,128,0,0,0,1,0,0,0,1,0,1,0,0,0,0,0,16,7,7,0
3843,462,138,0,1,0,0,0,0,0,0,1,1,0,0,0,0,0,10,23,19,0
8582,252,74,0,0,0,1,0,0,0,0,1,0,1,0,0,0,0,17,13,23,0
2502,751,79,0,0,0,1,0,0,0,0,1,0,0,0,0,1,0,18,25,3,0
1662,194,73,0,1,0,0,0,1,0,0,0,0,0,0,0,0,1,23,29,19,0
8692,463,33,1,0,0,0,0,1,0,0,0,0,0,0,0,1,0,7,6,23,0
3785,438,156,1,0,0,0,0,1,0,0,0,0,0,0,0,1,0,20,24,21,0
2366,446,33,0,0,0,1,0,0,1,0,0,1,0,0,0,0,0,8,17,15,0
5913,81,156,0,0,0,1,1,0,0,0,0,0,0,0,0,1,0,15,5,20,0
8687,636,26,0,0,0,1,1,0,0,0,0,0,0,0,1,0,0,11,20,10,0
1492,946,154,0,0,1,0,0,0,0,1,0,0,0,0,0,1,0,19,1,13,0
9841,865,1026,1,0,0,0,1,0,0,0,0,1,0,0,0,0,0,11,71,70,1
5175,415,97,0,1,0,0,0,0,1,0,0,0,0,0,0,1,0,8,19,9,0
2338,176,44,0,1,0,0,0,0,0,1,0,0,0,0,1,0,0,19,5,11,0
1576,47,128,1,0,0,0,0,0,1,0,0,1,0,0,0,0,0,11,3,14,0
6990,65,132,1,0,0,0,0,0,0,0,1,0,0,0,0,0,1,7,10,9,0
9672,304,10,1,0,0,0,0,0,0,1,0,0,0,0,0,1,0,6,88,84,1
6756,539,131,1,0,0,0,1,0,0,0,0,0,1,0,0,0,0,22,8,3,0
9090,933,88,0,1,0,0,1,0,0,0,0,1,0,0,0,0,0,11,21,0,0
6164,5,45,1,0,0,0,1,0,0,0,0,0,0,0,0,0,1,18,16,27,0
620,652,78,1,0,0,0,0,0,0,1,0,0,1,0,0,0,0,13,5,15,0
4809,619,81,0,1,0,0,0,0,0,0,1,0,0,0,0,0,1,14,4,0,0
5531,372,126,0,0,0,1,0,0,0,0,1,1,0,0,0,0,0,21,5,13,0
9243,1,43,1,0,0,0,1,0,0,0,0,1,0,0,0,0,0,16,5,21,0
8893,206,100,0,0,0,1,1,0,0,0,0,0,0,0,1,0,0,19,3,15,0
3887,961,35,0,1,0,0,1,0,0,0,0,0,1,0,0,0,0,23,6,17,0
143,411,105,0,0,0,1,0,0,0,1,0,1,0,0,0,0,0,12,12,14,0
1799,449,171,0,1,0,0,0,1,0,0,0,1,0,0,0,0,0,22,7,10,0
9319,576,117,0,0,0,1,0,0,0,0,1,0,0,0,1,0,0,17,24,15,0
1914,339,168,0,1,0,0,0,0,1,0,0,0,0,0,0,1,0,22,11,2,0
7473,629,197,0,0,1,0,0,0,1,0,0,0,0,0,0,1,0,21,24,6,0
4711,131,35,1,0,0,0,0,0,0,0,1,0,0,0,0,1,0,8,10,27,0
2160,798,73,0,0,0,1,0,0,1,0,0,1,0,0,0,0,0,8,16,13,0
2492,310,106,0,1,0,0,0,1,0,0,0,0,1,0,0,0,0,17,16,28,0
9717,459,10,0,0,0,1,0,1,0,0,0,0,0,0,0,0,1,21,82,87,1
763,565,74,0,0,1,0,0,0,0,1,0,1,0,0,0,0,0,22,3,0,0
4477,939,35,0,1,0,0,0,0,1,0,0,1,0,0,0,0,0,22,14,27,0
6458,674,104,0,0,1,0,0,0,0,1,0,1,0,0,0,0,0,15,12,10,0
82,656,204,1,0,0,0,0,1,0,0,0,0,0,0,0,0,1,23,14,25,0
7124,74,207,1,0,0,0,0,0,0,1,0,0,1,0,0,0,0,22,3,29,0
4428,839,72,1,0,0,0,0,0,0,0,1,1,0,0,0,0,0,20,23,26,0
6104,803,73,0,0,0,1,0,1,0,0,0,0,0,0,0,1,0,10,11,23,0
9437,714,202,0,0,0,1,0,0,1,0,0,1,0,0,0,0,0,12,29,23,0
5961,904,146,0,0,1,0,0,0,0,1,0,0,0,0,0,0,1,12,23,20,0
2411,459,112,0,0,1,0,0,0,0,1,0,0,0,0,0,0,1,19,18,18,0
5972,28,77,0,0,0,1,0,0,0,1,0,0,0,0,0,1,0,19,8,1,0
8599,861,100,1,0,0,0,0,0,1,0,0,0,0,0,0,0,1,12,21,8,0
6275,438,8,0,0,1,0,0,1,0,0,0,0,0,0,0,1,0,15,1,19,0
3105,434,7,1,0,0,0,0,0,0,0,1,0,0,0,1,0,0,22,1,15,0
4060,731,88,1,0,0,0,0,0,0,0,1,0,0,0,1,0,0,8,18,21,0
1573,316,176,1,0,0,0,0,0,0,0,1,1,0,0,0,0,0,23,17,17,0
4088,491,14,0,0,1,0,1,0,0,0,0,0,0,0,0,0,1,8,14,29,0
6850,414,128,0,1,0,0,0,0,1,0,0,0,0,0,0,1,0,9,27,19,0
8493,476,133,0,0,1,0,0,0,0,1,0,0,0,0,0,0,1,15,23,21,0
3759,760,179,0,0,1,0,0,0,0,0,1,1,0,0,0,0,0,19,7,2,0
8951,955,75,1,0,0,0,0,0,1,0,0,0,0,0,0,1,0,20,11,16,0
7621,611,119,1,0,0,0,0,0,1,0,0,0,1,0,0,0,0,9,4,6,0
1415,362,45,0,0,0,1,1,0,0,0,0,0,0,0,1,0,0,23,23,1,0
2827,783,244,0,0,1,0,0,1,0,0,0,1,0,0,0,0,0,12,11,7,0
3642,348,159,0,1,0,0,0,0,0,1,0,0,0,0,0,1,0,11,10,28,0
1657,383,81,0,0,0,1,0,0,0,0,1,0,1,0,0,0,0,15,5,18,0
6432,233,55,0,0,0,1,0,0,0,0,1,0,0,0,0,0,1,9,20,10,0
4389,761,15,0,1,0,0,0,0,0,0,1,0,0,0,0,1,0,16,29,28,0
7625,443,34,0,0,0,1,0,0,1,0,0,1,0,0,0,0,0,15,17,5,0
7631,934,125,0,0,1,0,0,0,0,0,1,0,0,0,0,0,1,6,20,18,0
3504,277,103,0,1,0,0,0,0,0,1,0,0,1,0,0,0,0,7,4,2,0
1865,942,53,0,0,1,0,0,0,1,0,0,1,0,0,0,0,0,14,17,21,0
8580,280,1,1,0,0,0,1,0,0,0,0,0,0,0,1,0,0,10,18,0,0
5523,865,102,0,1,0,0,0,1,0,0,0,0,0,0,1,0,0,7,12,26,0
8886,385,164,0,0,0,1,0,0,1,0,0,0,0,0,0,0,1,17,29,2,0
7098,503,68,0,1,0,0,0,1,0,0,0,0,0,0,0,0,1,14,16,18,0
3031,791,67,0,0,1,0,0,0,0,0,1,0,0,0,0,0,1,12,13,24,0
7242,992,64,0,0,1,0,0,0,0,0,1,0,0,0,0,0,1,7,15,7,0
5702,449,45,0,1,0,0,0,0,1,0,0,0,1,0,0,0,0,13,27,5,0
2157,75,57,0,1,0,0,0,0,1,0,0,0,1,0,0,0,0,13,23,18,0
9014,167,1,0,0,0,1,0,0,0,0,1,0,0,0,1,0,0,21,27,6,0
9194,867,26,0,0,1,0,0,1,0,0,0,0,0,0,1,0,0,22,14,22,0
3463,477,107,0,0,0,1,0,0,0,0,1,0,0,0,0,1,0,17,0,23,0
7298,57,38,0,0,0,1,0,0,1,0,0,0,0,0,0,0,1,17,4,18,0
6324,100,79,1,0,0,0,0,0,0,1,0,0,0,0,0,1,0,8,8,17,0
5762,730,55,0,1,0,0,0,0,0,1,0,0,0,0,1,0,0,12,8,4,0
7145,967,66,0,0,0,1,0,0,1,0,0,0,0,0,0,1,0,10,15,10,0
2956,516,120,0,0,0,1,0,0,1,0,0,0,0,0,0,0,1,11,6,24,0
4229,78,129,1,0,0,0,0,1,0,0,0,0,0,0,1,0,0,9,6,0,0
7812,652,126,0,0,0,1,0,1,0,0,0,1,0,0,0,0,0,20,8,18,0
250,292,138,0,1,0,0,0,0,0,1,0,0,0,0,0,0,1,18,24,18,0
2553,334,127,0,0,0,1,1,0,0,0,0,0,0,0,1,0,0,6,7,11,0
8995,753,49,0,1,0,0,0,0,1,0,0,0,0,0,0,1,0,16,17,23,0
3660,495,158,0,0,1,0,0,0,0,0,1,0,0,0,0,0,1,7,13,28,0
7830,897,48,0,0,0,1,0,1,0,0,0,0,0,0,0,1,0,12,12,3,0
528,862,94,0,1,0,0,0,0,1,0,0,0,0,0,0,1,0,16,12,28,0
7494,234,119,1,0,0,0,0,1,0,0,0,1,0,0,0,0,0,17,19,22,0
8644,475,175,0,0,0,1,0,1,0,0,0,0,0,0,1,0,0,14,15,10,0
2395,281,137,0,0,1,0,0,0,0,0,1,0,0,0,0,0,1,19,13,20,0
1722,924,148,0,0,0,1,1,0,0,0,0,0,1,0,0,0,0,10,11,2,0
651,684,119,1,0,0,0,0,1,0,0,0,0,0,0,1,0,0,20,29,21,0
8005,891,106,1,0,0,0,0,0,1,0,0,1,0,0,0,0,0,15,3,4,0
4358,438,154,0,0,1,0,1,0,0,0,0,0,0,0,0,0,1,21,8,12,0
9037,287,60,0,1,0,0,0,1,0,0,0,1,0,0,0,0,0,15,3,20,0
9650,663,10,0,1,0,0,0,0,0,0,1,0,0,1,0,0,0,17,80,72,1
1202,303,155,0,0,0,1,0,0,0,0,1,0,0,0,0,0,1,17,2,2,0
1615,803,171,0,0,0,1,1,0,0,0,0,0,0,0,1,0,0,15,15,7,0
254,501,82,1,0,0,0,0,0,0,1,0,0,0,0,0,1,0,17,15,13,0
5842,893,9,0,1,0,0,0,0,0,1,0,0,1,0,0,0,0,17,7,12,0
881,336,146,0,1,0,0,1,0,0,0,0,0,1,0,0,0,0,9,27,17,0
9596,316,3191,0,1,0,0,0,0,0,0,1,0,0,0,1,0,0,11,75,75,1
9391,703,99,1,0,0,0,0,1,0,0,0,1,0,0,0,0,0,16,4,23,0
6428,580,91,0,0,1,0,1,0,0,0,0,0,0,0,0,0,1,6,19,24,0
7454,275,94,0,0,0,1,0,1,0,0,0,0,0,0,1,0,0,14,26,6,0
7358,235,101,0,1,0,0,0,1,0,0,0,0,0,0,0,1,0,12,17,27,0
4197,698,65,1,0,0,0,0,0,0,0,1,0,1,0,0,0,0,17,22,19,0
3436,721,167,0,0,1,0,1,0,0,0,0,1,0,0,0,0,0,20,28,20,0
7250,281,191,0,1,0,0,0,0,0,1,0,0,1,0,0,0,0,19,26,24,0
8132,291,85,1,0,0,0,1,0,0,0,0,0,0,0,1,0,0,8,15,19,0
6010,125,83,1,0,0,0,1,0,0,0,0,0,0,0,0,0,1,18,16,6,0
3089,11,28,0,0,0,1,0,0,1,0,0,0,0,0,0,1,0,11,1,16,0
2409,270,145,1,0,0,0,1,0,0,0,0,0,1,0,0,0,0,16,7,19,0
2133,733,116,0,0,1,0,0,1,0,0,0,0,1,0,0,0,0,19,13,1,0
6111,406,106,0,1,0,0,0,0,1,0,0,0,0,0,1,0,0,11,6,6,0
72,991,30,0,0,0,1,1,0,0,0,0,0,0,0,0,1,0,14,16,23,0
4929,962,151,0,0,0,1,0,0,1,0,0,0,0,0,1,0,0,6,20,15,0
3838,157,86,0,1,0,0,0,1,0,0,0,0,0,0,0,0,1,6,4,18,0
315,48,87,0,0,0,1,1,0,0,0,0,1,0,0,0,0,0,13,12,4,0
7116,875,154,0,0,0,1,0,1,0,0,0,1,0,0,0,0,0,10,9,26,0
6069,829,34,1,0,0,0,0,0,0,0,1,0,1,0,0,0,0,15,12,12,0
8696,957,150,0,0,1,0,0,1,0,0,0,0,1,0,0,0,0,18,25,26,0
8528,693,131,0,0,1,0,0,0,0,1,0,0,0,0,0,1,0,8,4,26,0
4324,833,85,0,0,0,1,1,0,0,0,0,0,0,0,1,0,0,12,29,1,0
2192,910,59,0,0,0,1,0,0,0,1,0,1,0,0,0,0,0,7,23,16,0
7441,988,181,1,0,0,0,0,0,0,1,0,1,0,0,0,0,0,16,12,13,0
3350,266,82,1,0,0,0,1,0,0,0,0,0,1,0,0,0,0,8,20,9,0
5167,177,82,0,0,1,0,0,1,0,0,0,0,0,0,0,1,0,15,15,27,0
1660,504,51,0,0,1,0,0,1,0,0,0,1,0,0,0,0,0,12,14,19,0
7936,269,99,0,0,1,0,1,0,0,0,0,0,0,0,0,1,0,21,22,9,0
8277,699,85,0,0,1,0,0,1,0,0,0,0,0,0,1,0,0,22,0,8,0
2516,890,137,0,0,0,1,0,0,0,0,1,0,0,0,1,0,0,9,20,25,0
4671,228,192,1,0,0,0,0,0,1,0,0,1,0,0,0,0,0,12,24,23,0
8370,132,116,0,0,1,0,0,1,0,0,0,0,1,0,0,0,0,6,0,5,0
4051,747,178,0,0,1,0,0,0,0,0,1,0,0,0,0,1,0,11,6,28,0
2213,472,71,0,1,0,0,1,0,0,0,0,0,1,0,0,0,0,9,12,29,0
4898,92,96,1,0,0,0,0,1,0,0,0,0,0,0,1,0,0,22,26,22,0
8998,724,147,0,1,0,0,0,0,0,0,1,1,0,0,0,0,0,10,20,26,0
1881,117,137,0,0,0,1,0,0,0,0,1,1,0,0,0,0,0,10,19,19,0
7728,44,34,0,0,1,0,1,0,0,0,0,0,0,0,0,0,1,14,13,10,0
3727,813,63,0,1,0,0,0,1,0,0,0,0,1,0,0,0,0,6,9,18,0
9444,382,137,0,0,1,0,0,0,0,1,0,0,0,0,0,0,1,9,4,11,0
7684,787,87,0,1,0,0,0,0,0,0,1,0,0,0,1,0,0,6,13,28,0
7310,619,107,0,0,1,0,0,0,0,1,0,1,0,0,0,0,0,9,4,23,0
9873,485,22,0,0,0,1,1,0,0,0,0,0,0,1,0,0,0,18,99,91,1
7391,418,124,0,0,1,0,0,0,0,1,0,0,1,0,0,0,0,15,15,13,0
218,470,69,1,0,0,0,0,0,0,0,1,0,0,0,1,0,0,14,2,29,0
5805,473,68,0,1,0,0,0,0,1,0,0,1,0,0,0,0,0,20,25,16,0
1854,832,1,0,0,1,0,0,1,0,0,0,0,0,0,0,0,1,12,0,1,0
9686,888,10,0,0,1,0,1,0,0,0,0,0,0,0,0,1,0,4,89,90,1
3494,550,60,1,0,0,0,1,0,0,0,0,0,0,0,0,0,1,17,5,3,0
7628,912,104,0,0,0,1,0,0,1,0,0,0,1,0,0,0,0,9,8,3,0
2423,470,121,0,1,0,0,1,0,0,0,0,0,0,0,0,0,1,15,5,15,0
5126,615,114,1,0,0,0,0,0,0,0,1,0,1,0,0,0,0,13,21,6,0
2515,716,123,1,0,0,0,0,0,0,0,1,0,0,0,1,0,0,18,16,16,0
3148,728,69,1,0,0,0,0,1,0,0,0,0,0,0,0,0,1,13,26,28,0
9432,986,30,0,0,0,1,1,0,0,0,0,0,0,0,0,1,0,15,11,2,0
300,325,61,0,0,1,0,0,0,0,0,1,0,0,0,1,0,0,18,1,10,0
5984,101,154,0,0,0,1,0,0,1,0,0,0,0,0,1,0,0,9,7,12,0
7758,322,131,1,0,0,0,0,0,0,1,0,0,0,0,0,1,0,9,22,12,0
8073,810,56,0,0,0,1,0,0,1,0,0,0,1,0,0,0,0,21,6,0,0
3286,170,147,0,0,0,1,0,0,0,0,1,0,1,0,0,0,0,14,19,25,0
1464,573,100,0,0,0,1,0,0,0,1,0,0,0,0,0,0,1,10,19,11,0
2433,669,269,0,0,1,0,0,1,0,0,0,0,0,0,0,1,0,15,20,7,0
4260,888,107,0,0,0,1,1,0,0,0,0,0,0,0,1,0,0,6,26,29,0
1769,597,70,0,1,0,0,0,0,0,0,1,0,0,0,0,0,1,6,17,10,0
4537,872,195,1,0,0,0,0,1,0,0,0,0,0,0,0,0,1,12,4,6,0
834,784,117,0,0,1,0,0,0,1,0,0,0,0,0,1,0,0,20,18,17,0
4309,998,70,0,1,0,0,0,0,1,0,0,0,0,0,0,1,0,9,10,12,0
359,464,176,0,0,0,1,0,1,0,0,0,0,0,0,0,1,0,12,26,27,0
6949,994,28,0,0,1,0,0,1,0,0,0,0,1,0,0,0,0,13,9,20,0
727,994,132,0,0,0,1,0,0,0,1,0,0,0,0,0,0,1,19,23,28,0
105,893,46,0,0,0,1,0,0,1,0,0,0,1,0,0,0,0,22,1,7,0
2791,585,1,1,0,0,0,0,0,0,0,1,0,1,0,0,0,0,6,28,28,0
1000,558,112,0,1,0,0,0,0,0,0,1,0,1,0,0,0,0,13,17,15,0
6171,505,93,0,0,1,0,0,0,0,1,0,0,0,0,0,0,1,22,16,10,0
7105,273,133,1,0,0,0,0,0,1,0,0,1,0,0,0,0,0,21,25,9,0
5233,844,61,1,0,0,0,1,0,0,0,0,0,0,0,0,0,1,15,14,6,0
8462,788,88,0,0,1,0,0,1,0,0,0,1,0,0,0,0,0,9,6,13,0
917,924,64,0,0,1,0,1,0,0,0,0,1,0,0,0,0,0,17,14,7,0
6497,312,67,0,0,1,0,0,1,0,0,0,0,0,0,0,0,1,13,2,27,0
5313,858,87,1,0,0,0,0,0,0,0,1,0,0,0,0,0,1,13,28,22,0
9827,690,22,0,0,0,1,0,0,0,0,1,1,0,0,0,0,0,12,93,92,1
3300,967,58,0,1,0,0,1,0,0,0,0,0,0,0,1,0,0,12,3,13,0
3763,34,103,0,0,1,0,0,0,1,0,0,0,0,0,1,0,0,6,9,28,0
7152,953,139,1,0,0,0,0,0,0,0,1,0,0,0,1,0,0,8,20,25,0
439,277,45,1,0,0,0,0,0,0,0,1,0,0,0,0,1,0,20,2,19,0
1303,963,48,1,0,0,0,0,0,1,0,0,0,1,0,0,0,0,20,0,29,0
73,289,27,0,1,0,0,0,0,0,1,0,0,1,0,0,0,0,17,1,19,0
5210,820,70,0,1,0,0,0,1,0,0,0,1,0,0,0,0,0,7,12,25,0
7898,339,78,0,0,0,1,1,0,0,0,0,0,0,0,0,0,1,7,27,6,0
4922,237,36,0,1,0,0,0,0,0,0,1,0,0,0,1,0,0,14,9,19,0
9938,659,832,0,0,1,0,0,0,1,0,0,0,0,0,0,1,0,0,86,91,1
7062,958,66,1,0,0,0,0,1,0,0,0,1,0,0,0,0,0,18,0,4,0
3970,380,136,1,0,0,0,1,0,0,0,0,0,0,0,0,0,1,17,14,12,0
5691,139,171,0,0,0,1,0,1,0,0,0,0,0,0,0,0,1,7,8,12,0
1317,889,1,1,0,0,0,0,0,0,0,1,0,0,0,1,0,0,14,15,13,0
2393,629,76,0,1,0,0,1,0,0,0,0,0,1,0,0,0,0,15,10,22,0
1426,174,140,0,0,1,0,0,0,0,1,0,0,0,0,0,0,1,13,19,3,0
5856,65,111,0,0,0,1,0,1,0,0,0,0,0,0,0,1,0,10,13,26,0
4838,379,37,1,0,0,0,0,1,0,0,0,0,0,0,0,1,0,7,5,1,0
4762,774,145,0,0,1,0,0,0,1,0,0,1,0,0,0,0,0,10,27,2,0
7827,701,168,0,1,0,0,0,1,0,0,0,0,0,0,1,0,0,10,3,9,0
7319,73,185,1,0,0,0,0,1,0,0,0,0,0,0,1,0,0,7,27,25,0
6585,268,99,1,0,0,0,0,0,0,1,0,0,1,0,0,0,0,6,16,8,0
9955,291,10,0,0,1,0,1,0,0,0,0,0,1,0,0,0,0,4,88,92,1
8931,102,133,1,0,0,0,0,1,0,0,0,0,0,0,0,1,0,7,0,24,0
2844,699,148,0,1,0,0,0,0,1,0,0,0,0,0,0,0,1,15,7,26,0
9772,571,624,0,1,0,0,0,0,1,0,0,0,1,0,0,0,0,8,83,78,1
2203,775,90,1,0,0,0,0,1,0,0,0,0,0,0,0,1,0,16,22,9,0
7615,903,131,0,1,0,0,1,0,0,0,0,1,0,0,0,0,0,11,10,12,0
8866,351,94,0,1,0,0,0,0,0,0,1,0,0,0,0,1,0,23,24,4,0
472,568,122,0,1,0,0,0,0,0,1,0,0,0,0,0,0,1,9,6,9,0
5445,48,115,0,0,1,0,0,0,0,1,0,0,0,0,0,1,0,20,3,15,0
2986,606,96,0,0,0,1,0,0,1,0,0,0,1,0,0,0,0,23,20,15,0
5812,443,37,1,0,0,0,0,1,0,0,0,0,0,0,0,1,0,23,18,17,0
3362,628,86,0,0,1,0,0,0,0,1,0,0,0,0,0,1,0,18,19,0,0
6536,114,133,1,0,0,0,0,1,0,0,0,1,0,0,0,0,0,16,27,25,0
879,244,70,1,0,0,0,0,0,0,0,1,0,0,0,0,1,0,22,5,24,0
53,103,55,0,0,1,0,0,0,0,0,1,0,0,0,0,0,1,7,15,28,0
6923,397,127,0,1,0,0,1,0,0,0,0,1,0,0,0,0,0,19,0,12,0
8820,190,49,0,1,0,0,0,1,0,0,0,0,0,0,0,1,0,14,14,24,0
4829,745,187,0,1,0,0,1,0,0,0,0,0,0,0,1,0,0,15,16,23,0
8057,145,51,1,0,0,0,0,0,0,1,0,0,0,0,0,1,0,18,27,24,0
1085,718,177,0,1,0,0,0,0,0,0,1,1,0,0,0,0,0,21,18,15,0
7582,597,68,0,0,0,1,0,0,0,1,0,0,0,0,1,0,0,11,11,1,0
4808,397,73,0,1,0,0,0,0,0,1,0,1,0,0,0,0,0,8,5,17,0
7392,753,51,0,0,0,1,0,0,0,1,0,0,0,0,0,1,0,16,15,17,0
1197,160,31,0,0,1,0,0,1,0,0,0,0,0,0,0,1,0,11,22,12,0
3040,330,94,0,0,0,1,0,0,0,0,1,1,0,0,0,0,0,17,21,8,0
1300,595,199,0,1,0,0,1,0,0,0,0,0,0,0,0,1,0,13,1,9,0
1355,413,115,0,0,0,1,0,0,0,0,1,1,0,0,0,0,0,20,15,10,0
7136,371,173,0,0,1,0,0,1,0,0,0,0,0,0,1,0,0,15,8,1,0
3104,320,71,1,0,0,0,0,1,0,0,0,0,0,0,0,1,0,11,10,19,0
4951,329,62,1,0,0,0,0,1,0,0,0,0,0,0,1,0,0,20,24,11,0
4035,614,144,0,1,0,0,0,0,0,0,1,1,0,0,0,0,0,10,15,7,0
9625,547,1210,0,0,1,0,0,1,0,0,0,0,0,1,0,0,0,4,91,91,1
4726,246,138,0,1,0,0,0,0,1,0,0,1,0,0,0,0,0,11,4,18,0
2508,29,175,0,0,1,0,0,0,0,0,1,0,0,0,0,0,1,14,20,20,0
3118,612,86,0,0,0,1,0,0,1,0,0,0,1,0,0,0,0,13,26,9,0
7217,673,76,0,1,0,0,0,0,1,0,0,0,0,0,0,0,1,14,5,24,0
4170,311,47,1,0,0,0,0,0,1,0,0,0,0,0,0,0,1,11,25,20,0
4606,102,91,0,0,1,0,0,0,1,0,0,0,1,0,0,0,0,23,11,25,0
6008,897,1,0,0,1,0,0,0,0,1,0,0,1,0,0,0,0,10,21,22,0
5164,168,75,1,0,0,0,0,0,1,0,0,1,0,0,0,0,0,6,10,4,0
9470,121,199,1,0,0,0,0,0,1,0,0,0,1,0,0,0,0,7,10,25,0
9196,202,27,0,1,0,0,1,0,0,0,0,0,0,0,1,0,0,9,0,6,0
2540,438,121,0,0,0,1,0,0,1,0,0,0,0,0,0,0,1,18,10,16,0
6508,483,4,0,0,0,1,0,0,0,0,1,0,1,0,0,0,0,19,19,13,0
6944,949,51,0,1,0,0,0,0,0,1,0,0,1,0,0,0,0,19,16,7,0
4003,94,128,0,0,0,1,0,0,0,0,1,1,0,0,0,0,0,13,25,5,0
5605,923,134,0,0,0,1,0,0,0,0,1,0,0,0,1,0,0,15,23,15,0
5571,387,96,1,0,0,0,0,1,0,0,0,0,0,0,1,0,0,7,3,1,0
9649,907,2085,1,0,0,0,0,0,0,0,1,0,0,0,1,0,0,10,72,77,1
4815,928,12,0,0,1,0,0,1,0,0,0,0,0,0,0,1,0,12,6,10,0
6184,960,201,1,0,0,0,0,0,0,0,1,0,1,0,0,0,0,11,14,11,0
9777,222,5238,0,0,1,0,0,0,0,0,1,0,0,0,1,0,0,18,90,72,1
7787,292,197,0,0,0,1,1,0,0,0,0,0,0,0,1,0,0,6,1,17,0
9538,144,8893,0,0,1,0,0,0,0,1,0,0,1,0,0,0,0,7,86,93,1
9096,72,76,0,0,0,1,0,0,1,0,0,0,1,0,0,0,0,15,24,13,0
3126,621,171,1,0,0,0,0,0,0,1,0,0,1,0,0,0,0,13,15,20,0
4824,923,84,0,0,1,0,0,0,1,0,0,0,0,0,1,0,0,13,3,29,0
1124,67,79,0,1,0,0,0,0,0,0,1,0,0,0,0,1,0,21,3,13,0
5543,117,84,1,0,0,0,0,1,0,0,0,0,0,0,0,0,1,18,24,13,0
3135,331,68,0,1,0,0,0,0,0,0,1,0,1,0,0,0,0,20,26,5,0
199,922,115,0,1,0,0,0,0,0,0,1,0,1,0,0,0,0,13,26,16,0
667,854,161,0,0,0,1,0,0,0,0,1,0,1,0,0,0,0,17,2,16,0
7640,223,100,0,0,0,1,0,0,0,0,1,0,0,0,0,0,1,19,18,13,0
4301,129,95,0,0,1,0,0,0,0,1,0,0,1,0,0,0,0,23,20,24,0
1429,945,132,0,0,0,1,0,1,0,0,0,0,1,0,0,0,0,9,2,3,0
3200,42,85,0,0,1,0,0,1,0,0,0,0,0,0,0,1,0,8,0,4,0
139,159,67,0,1,0,0,0,0,0,1,0,0,0,0,1,0,0,12,19,24,0
9350,489,159,0,1,0,0,0,0,0,1,0,0,0,0,1,0,0,9,20,17,0
8774,622,43,0,1,0,0,0,1,0,0,0,0,1,0,0,0,0,20,2,3,0
9898,309,189,1,0,0,0,0,1,0,0,0,1,0,0,0,0,0,10,97,97,1
0,21,60,1,0,0,0,0,0,0,0,1,0,0,0,0,0,1,17,15,27,0
7137,479,23,0,1,0,0,0,1,0,0,0,1,0,0,0,0,0,14,21,24,0
2691,797,148,1,0,0,0,1,0,0,0,0,0,1,0,0,0,0,19,19,24,0
4030,129,77,1,0,0,0,1,0,0,0,0,0,0,0,1,0,0,20,10,16,0
9308,966,99,1,0,0,0,0,0,0,0,1,0,1,0,0,0,0,13,16,24,0
8384,909,132,1,0,0,0,0,0,0,1,0,0,0,0,1,0,0,14,13,25,0
5606,919,79,0,0,1,0,0,0,1,0,0,0,0,0,0,1,0,14,22,11,0
9887,913,295,1,0,0,0,1,0,0,0,0,0,1,0,0,0,0,14,97,94,1
764,325,152,0,0,0,1,0,0,0,1,0,0,0,0,0,1,0,16,19,14,0
5672,193,88,0,0,1,0,0,0,1,0,0,0,0,0,1,0,0,18,9,6,0
6592,17,179,0,0,1,0,0,1,0,0,0,0,1,0,0,0,0,18,7,16,0
7453,64,105,1,0,0,0,1,0,0,0,0,0,0,0,0,1,0,9,24,24,0
1687,790,1,1,0,0,0,0,0,0,0,1,0,0,0,0,1,0,11,29,5,0
4942,213,173,0,0,1,0,0,0,1,0,0,1,0,0,0,0,0,15,0,7,0
7002,768,58,1,0,0,0,0,1,0,0,0,0,0,0,0,1,0,11,1,11,0
4925,521,28,0,0,0,1,1,0,0,0,0,1,0,0,0,0,0,20,8,6,0
1195,829,25,0,0,0,1,0,0,1,0,0,0,0,0,0,1,0,16,20,28,0
8154,162,129,0,0,1,0,0,1,0,0,0,0,1,0,0,0,0,11,29,23,0
2154,386,163,0,1,0,0,0,0,0,1,0,0,0,0,1,0,0,21,20,20,0
6825,512,87,0,0,0,1,0,1,0,0,0,0,1,0,0,0,0,6,10,11,0
4712,337,69,0,0,1,0,1,0,0,0,0,0,0,0,0,0,1,19,12,23,0
5718,673,103,0,0,0,1,0,0,1,0,0,0,1,0,0,0,0,20,4,28,0
3345,51,90,1,0,0,0,0,0,0,0,1,0,0,0,0,1,0,7,4,15,0
4563,566,135,0,0,0,1,0,0,0,0,1,0,1,0,0,0,0,12,27,17,0
6871,991,135,0,0,0,1,0,0,0,1,0,0,0,0,0,1,0,9,7,7,0
8467,353,24,0,0,0,1,1,0,0,0,0,0,1,0,0,0,0,23,24,6,0
7019,542,38,0,1,0,0,0,0,0,0,1,0,1,0,0,0,0,13,22,20,0
777,690,27,1,0,0,0,0,1,0,0,0,0,1,0,0,0,0,13,10,5,0
2188,949,157,0,1,0,0,0,0,1,0,0,1,0,0,0,0,0,12,12,24,0
2233,980,131,1,0,0,0,0,0,1,0,0,0,0,0,0,0,1,15,23,0,0
138,659,106,0,1,0,0,1,0,0,0,0,0,1,0,0,0,0,20,29,7,0
4611,669,137,0,0,1,0,0,1,0,0,0,0,0,0,0,0,1,21,9,17,0
1216,969,102,0,0,0,1,0,0,1,0,0,0,0,0,0,0,1,10,15,13,0
6212,483,94,0,0,1,0,1,0,0,0,0,0,0,0,0,0,1,23,16,0,0
5371,502,85,0,1,0,0,1,0,0,0,0,0,0,0,1,0,0,20,27,0,0
8093,371,219,0,1,0,0,0,1,0,0,0,0,1,0,0,0,0,11,21,12,0
9619,688,1703,1,0,0,0,0,0,0,1,0,1,0,0,0,0,0,11,73,83,1
4032,823,57,1,0,0,0,0,1,0,0,0,1,0,0,0,0,0,19,23,10,0
4890,377,84,0,0,0,1,0,0,1,0,0,0,0,0,0,1,0,9,26,21,0
7409,650,96,0,0,0,1,0,1,0,0,0,1,0,0,0,0,0,22,8,18,0
169,560,48,0,1,0,0,0,0,0,1,0,0,1,0,0,0,0,7,17,22,0
1870,433,33,0,1,0,0,0,1,0,0,0,0,1,0,0,0,0,16,0,6,0
3728,248,53,0,0,0,1,0,0,1,0,0,0,0,0,1,0,0,19,11,17,0
5875,918,176,0,1,0,0,0,0,0,1,0,0,0,0,1,0,0,9,26,22,0
98,289,154,0,1,0,0,0,0,0,1,0,0,1,0,0,0,0,21,4,29,0
8421,264,120,0,0,1,0,0,0,0,0,1,0,1,0,0,0,0,22,26,25,0
8889,345,190,1,0,0,0,0,0,0,1,0,0,0,0,1,0,0,18,14,7,0
1871,403,111,1,0,0,0,0,1,0,0,0,1,0,0,0,0,0,7,12,5,0
1378,645,68,1,0,0,0,0,1,0,0,0,0,0,0,0,1,0,15,1,13,0
4581,546,116,0,1,0,0,1,0,0,0,0,0,1,0,0,0,0,13,25,8,0
3700,964,76,1,0,0,0,0,0,0,1,0,1,0,0,0,0,0,17,11,10,0
3958,872,98,0,0,1,0,0,0,1,0,0,0,0,0,1,0,0,22,6,0,0
1276,835,93,0,0,0,1,0,0,1,0,0,0,1,0,0,0,0,9,20,15,0
4174,386,143,0,1,0,0,0,0,1,0,0,0,0,0,1,0,0,14,27,16,0
3601,909,142,0,0,0,1,0,1,0,0,0,0,1,0,0,0,0,7,19,2,0
1296,454,36,0,0,1,0,0,0,1,0,0,1,0,0,0,0,0,22,20,6,0
9853,169,1234,0,1,0,0,0,0,0,0,1,0,0,0,0,1,0,18,78,84,1
30,541,97,1,0,0,0,0,0,0,0,1,0,0,0,1,0,0,21,26,18,0
2517,967,94,0,1,0,0,0,0,0,0,1,0,0,0,0,1,0,17,7,9,0
6530,541,147,0,0,0,1,0,0,0,0,1,0,0,0,0,1,0,22,22,13,0
774,211,42,1,0,0,0,0,0,0,1,0,1,0,0,0,0,0,17,28,29,0
2927,786,106,0,0,1,0,0,0,0,1,0,0,0,0,0,0,1,9,6,8,0
7424,545,91,0,1,0,0,0,0,0,0,1,1,0,0,0,0,0,8,22,6,0
9034,29,109,0,0,1,0,0,1,0,0,0,0,1,0,0,0,0,11,15,21,0
5538,321,168,0,0,0,1,0,0,0,0,1,0,0,0,1,0,0,14,8,21,0
6507,715,160,0,0,1,0,0,0,0,1,0,0,0,0,0,1,0,11,0,18,0
9551,951,591,1,0,0,0,1,0,0,0,0,1,0,0,0,0,0,4,87,72,1
1564,897,113,0,0,1,0,1,0,0,0,0,0,0,0,1,0,0,8,29,26,0
6521,277,89,0,0,1,0,0,0,0,0,1,1,0,0,0,0,0,19,18,4,0
9118,537,138,1,0,0,0,0,1,0,0,0,0,1,0,0,0,0,20,15,10,0
9089,865,45,0,0,0,1,0,0,1,0,0,0,0,0,1,0,0,15,4,20,0
7166,66,77,0,0,0,1,0,0,0,0,1,0,1,0,0,0,0,17,5,8,0
8559,449,151,1,0,0,0,1,0,0,0,0,0,1,0,0,0,0,6,29,19,0
7963,112,108,0,0,0,1,0,1,0,0,0,0,1,0,0,0,0,17,0,4,0
4401,469,129,1,0,0,0,1,0,0,0,0,0,0,0,1,0,0,23,10,20,0
8906,417,46,0,1,0,0,0,0,0,1,0,0,0,0,0,1,0,21,1,0,0
533,271,82,1,0,0,0,0,0,0,0,1,0,0,0,1,0,0,23,7,4,0
7813,534,98,0,0,1,0,0,0,0,1,0,0,0,0,1,0,0,21,3,18,0
426,601,125,0,0,0,1,0,0,0,1,0,0,1,0,0,0,0,17,14,7,0
5269,847,155,1,0,0,0,0,0,1,0,0,1,0,0,0,0,0,6,22,1,0
7426,78,168,1,0,0,0,0,0,1,0,0,0,0,0,0,1,0,15,7,24,0
9840,752,762,1,0,0,0,0,1,0,0,0,0,0,1,0,0,0,21,77,84,1
522,720,114,0,0,1,0,0,1,0,0,0,0,0,0,0,1,0,22,23,0,0
9639,93,22,0,0,0,1,0,0,0,1,0,0,0,0,1,0,0,4,73,98,1
1280,822,143,0,0,0,1,0,0,0,1,0,0,0,0,0,1,0,7,6,5,0
3389,790,19,0,1,0,0,0,1,0,0,0,1,0,0,0,0,0,23,2,14,0
463,490,132,1,0,0,0,0,1,0,0,0,0,0,0,0,1,0,19,21,12,0
2301,613,53,0,0,0,1,1,0,0,0,0,0,0,0,1,0,0,18,16,20,0
8108,64,168,0,0,1,0,0,0,0,0,1,0,1,0,0,0,0,15,3,26,0
6219,949,99,0,1,0,0,0,0,1,0,0,0,1,0,0,0,0,22,26,21,0
1405,558,63,1,0,0,0,1,0,0,0,0,0,1,0,0,0,0,14,15,18,0
2706,452,163,0,0,0,1,0,1,0,0,0,0,0,0,1,0,0,12,14,2,0
9393,79,136,0,1,0,0,0,0,1,0,0,0,0,0,0,0,1,7,7,3,0
4005,7,44,0,0,1,0,0,0,0,0,1,0,0,0,0,0,1,17,23,16,0
9154,898,59,0,0,1,0,1,0,0,0,0,1,0,0,0,0,0,6,13,3,0
4800,574,92,1,0,0,0,0,0,0,0,1,1,0,0,0,0,0,8,14,1,0
5424,972,1,0,0,1,0,0,0,1,0,0,1,0,0,0,0,0,10,17,23,0
1852,917,56,0,0,1,0,0,0,1,0,0,0,0,0,0,0,1,14,0,24,0
4348,124,172,0,0,0,1,0,1,0,0,0,0,1,0,0,0,0,8,21,19,0
5294,254,125,0,0,0,1,0,1,0,0,0,0,1,0,0,0,0,8,6,24,0
7873,323,102,0,1,0,0,1,0,0,0,0,1,0,0,0,0,0,11,16,26,0
5161,329,36,1,0,0,0,1,0,0,0,0,0,0,0,0,0,1,6,0,16,0
3904,884,158,0,0,0,1,0,1,0,0,0,0,0,0,0,0,1,20,5,15,0
2362,209,100,1,0,0,0,0,1,0,0,0,1,0,0,0,0,0,14,6,9,0
6027,501,108,0,0,1,0,0,1,0,0,0,0,1,0,0,0,0,14,0,6,0
2500,584,127,1,0,0,0,0,0,0,0,1,0,0,0,0,1,0,13,10,27,0
4082,383,36,0,0,0,1,0,1,0,0,0,1,0,0,0,0,0,9,16,21,0
467,563,27,0,1,0,0,0,1,0,0,0,0,1,0,0,0,0,9,17,14,0
8485,358,171,0,0,1,0,0,0,0,0,1,0,0,0,1,0,0,11,19,27,0
4485,476,79,0,0,0,1,0,1,0,0,0,0,0,0,0,0,1,22,14,21,0
469,215,133,1,0,0,0,0,1,0,0,0,1,0,0,0,0,0,11,1,18,0
2108,908,145,0,0,1,0,0,0,0,0,1,0,1,0,0,0,0,21,2,29,0
8573,825,57,1,0,0,0,0,0,1,0,0,1,0,0,0,0,0,13,28,20,0
6664,442,131,0,0,1,0,0,0,0,0,1,0,1,0,0,0,0,23,12,22,0
5468,554,107,0,0,1,0,0,0,0,0,1,1,0,0,0,0,0,17,24,11,0
7233,617,11,0,1,0,0,0,0,1,0,0,0,0,0,1,0,0,15,26,10,0
8265,569,24,0,0,0,1,0,0,1,0,0,1,0,0,0,0,0,11,6,7,0
2715,918,109,1,0,0,0,1,0,0,0,0,0,1,0,0,0,0,21,0,6,0
945,451,91,1,0,0,0,0,0,0,0,1,0,1,0,0,0,0,6,23,17,0
8159,697,47,0,1,0,0,0,0,1,0,0,0,0,0,0,1,0,15,21,28,0
2196,57,115,1,0,0,0,0,1,0,0,0,0,1,0,0,0,0,6,17,0,0
406,455,63,1,0,0,0,1,0,0,0,0,0,0,0,0,0,1,15,3,28,0
7997,447,65,0,1,0,0,0,1,0,0,0,0,0,0,0,0,1,17,20,17,0
9423,738,174,0,0,0,1,1,0,0,0,0,1,0,0,0,0,0,10,7,1,0
2182,625,139,1,0,0,0,0,1,0,0,0,0,0,0,0,1,0,8,2,25,0
9669,788,3139,0,0,1,0,0,1,0,0,0,0,0,0,0,0,1,12,90,97,1
458,359,101,1,0,0,0,0,1,0,0,0,0,0,0,0,1,0,19,1,9,0
1828,920,126,0,0,0,1,0,0,0,0,1,0,0,0,0,1,0,20,7,20,0
5272,280,23,0,0,0,1,0,0,0,0,1,1,0,0,0,0,0,13,21,1,0
4241,972,84,1,0,0,0,0,0,0,1,0,1,0,0,0,0,0,14,10,22,0
2210,228,102,0,1,0,0,0,0,1,0,0,0,1,0,0,0,0,23,3,6,0
8863,88,173,0,0,1,0,0,0,0,0,1,0,1,0,0,0,0,23,5,8,0
2125,671,182,0,0,0,1,0,0,0,1,0,1,0,0,0,0,0,10,21,24,0
3982,208,61,0,0,0,1,1,0,0,0,0,0,1,0,0,0,0,12,25,17,0
1208,274,86,1,0,0,0,0,0,0,1,0,0,0,0,0,1,0,17,1,5,0
6732,505,57,0,1,0,0,0,0,0,1,0,0,1,0,0,0,0,14,23,7,0
4025,73,97,0,0,0,1,0,0,0,1,0,1,0,0,0,0,0,6,4,22,0
70,972,135,0,0,0,1,0,0,1,0,0,1,0,0,0,0,0,6,28,5,0
6911,756,90,0,1,0,0,0,1,0,0,0,0,1,0,0,0,0,9,24,10,0
4295,624,77,0,0,1,0,0,1,0,0,0,0,0,0,0,0,1,10,25,11,0
2414,555,144,0,0,0,1,1,0,0,0,0,0,0,0,0,0,1,23,3,11,0
7231,279,126,0,0,0,1,0,0,0,1,0,0,0,0,0,0,1,19,18,25,0
3048,181,92,0,0,1,0,0,0,1,0,0,0,0,0,0,0,1,14,5,23,0
7740,266,218,0,1,0,0,0,1,0,0,0,0,0,0,1,0,0,8,5,6,0
8413,292,189,1,0,0,0,0,1,0,0,0,0,0,0,1,0,0,12,25,19,0
8901,622,88,0,1,0,0,0,1,0,0,0,0,0,0,0,1,0,6,8,14,0
6993,436,98,0,0,0,1,0,0,0,1,0,0,0,0,0,1,0,13,13,16,0
2676,158,159,0,0,0,1,0,0,0,0,1,0,1,0,0,0,0,21,26,25,0
2546,832,130,0,1,0,0,0,0,0,0,1,0,0,0,0,0,1,17,14,24,0
6623,924,49,0,0,1,0,0,0,0,0,1,0,1,0,0,0,0,10,5,9,0
4090,546,1,0,0,0,1,0,0,1,0,0,1,0,0,0,0,0,14,0,21,0
5624,95,145,0,0,0,1,0,0,1,0,0,0,0,0,0,0,1,15,0,26,0
152,204,130,0,0,1,0,1,0,0,0,0,0,0,0,1,0,0,10,6,3,0
5128,697,36,0,0,0,1,0,0,0,0,1,1,0,0,0,0,0,15,6,27,0
7117,459,98,0,0,1,0,0,0,0,1,0,1,0,0,0,0,0,13,3,5,0
7268,489,92,1,0,0,0,0,1,0,0,0,1,0,0,0,0,0,18,14,10,0
1401,10,137,0,1,0,0,0,0,1,0,0,0,0,0,0,1,0,11,28,19,0
1565,61,144,1,0,0,0,0,0,0,1,0,0,1,0,0,0,0,8,4,27,0
3311,136,101,0,0,0,1,0,0,0,1,0,0,0,0,0,0,1,17,5,14,0
7841,15,77,1,0,0,0,1,0,0,0,0,0,0,0,0,1,0,14,23,15,0
8502,665,87,0,1,0,0,0,0,0,1,0,0,0,0,1,0,0,13,13,21,0
5062,257,87,0,1,0,0,0,0,1,0,0,0,1,0,0,0,0,12,6,1,0
5669,408,112,1,0,0,0,0,0,0,1,0,0,0,0,0,1,0,20,3,1,0
4902,404,122,1,0,0,0,0,0,1,0,0,0,0,0,0,0,1,23,9,22,0
9921,528,10,0,1,0,0,0,1,0,0,0,0,1,0,0,0,0,12,90,83,1
3162,698,150,1,0,0,0,0,1,0,0,0,0,1,0,0,0,0,12,1,1,0
1747,450,131,0,0,0,1,1,0,0,0,0,0,0,0,0,1,0,15,3,13,0
1951,275,29,1,0,0,0,1,0,0,0,0,0,0,0,0,1,0,16,6,24,0
9322,37,43,0,0,0,1,0,0,0,1,0,0,0,0,0,0,1,20,4,18,0
6894,329,51,0,1,0,0,0,0,1,0,0,1,0,0,0,0,0,18,1,2,0
5393,974,90,0,0,1,0,0,0,1,0,0,0,0,0,0,1,0,13,2,2,0
3095,521,139,0,1,0,0,0,0,0,0,1,0,0,0,0,0,1,18,13,12,0
7781,877,67,0,1,0,0,1,0,0,0,0,0,1,0,0,0,0,23,25,18,0
145,52,51,0,0,1,0,1,0,0,0,0,0,0,0,1,0,0,23,4,15,0
9655,893,400,0,0,1,0,1,0,0,0,0,0,0,0,0,0,1,2,86,85,1
9942,917,842,0,1,0,0,0,0,0,0,1,0,1,0,0,0,0,13,81,74,1
3258,848,29,0,0,1,0,1,0,0,0,0,0,1,0,0,0,0,14,24,1,0
874,140,44,0,1,0,0,0,0,0,0,1,0,1,0,0,0,0,7,24,19,0
2523,731,87,0,0,0,1,0,0,0,0,1,0,0,0,1,0,0,17,15,27,0
5715,502,89,1,0,0,0,0,0,0,0,1,0,0,0,0,1,0,19,15,3,0
925,192,118,1,0,0,0,0,0,0,0,1,0,0,0,0,0,1,20,29,23,0
1902,875,63,1,0,0,0,0,1,0,0,0,0,0,0,0,1,0,7,1,27,0
1651,857,47,0,1,0,0,0,0,0,0,1,0,0,0,0,0,1,18,4,3,0
6628,245,20,0,0,1,0,0,1,0,0,0,0,0,0,0,0,1,12,18,20,0
397,306,100,0,0,0,1,0,1,0,0,0,0,1,0,0,0,0,18,4,23,0
286,99,131,0,1,0,0,0,0,0,1,0,0,0,0,0,0,1,19,16,25,0
67,770,75,0,0,0,1,1,0,0,0,0,0,0,0,0,1,0,13,26,28,0
864,166,21,1,0,0,0,0,1,0,0,0,0,0,0,0,1,0,7,0,15,0
3623,806,153,1,0,0,0,0,0,1,0,0,0,0,0,0,0,1,15,17,29,0
1979,563,134,0,0,0,1,0,0,1,0,0,0,0,0,0,0,1,15,7,22,0
8885,288,42,0,0,0,1,0,0,0,0,1,0,1,0,0,0,0,9,18,28,0
4660,116,87,0,0,1,0,1,0,0,0,0,0,0,0,0,0,1,9,2,25,0
2198,730,109,0,0,1,0,0,0,0,0,1,0,1,0,0,0,0,6,13,15,0
7707,823,22,1,0,0,0,0,0,1,0,0,1,0,0,0,0,0,16,13,19,0
1511,657,46,0,1,0,0,0,0,0,0,1,0,0,0,1,0,0,8,4,25,0
6394,719,176,0,0,1,0,0,0,0,0,1,0,1,0,0,0,0,8,7,6,0
9075,117,44,0,0,1,0,0,0,1,0,0,0,0,0,1,0,0,21,14,12,0
5168,654,36,0,0,0,1,0,0,0,1,0,0,0,0,1,0,0,14,9,13,0
7883,968,193,1,0,0,0,0,1,0,0,0,0,0,0,0,1,0,22,16,13,0
2853,282,97,1,0,0,0,0,1,0,0,0,0,0,0,1,0,0,8,11,18,0
8017,804,205,0,1,0,0,0,0,0,0,1,0,0,0,0,1,0,18,7,20,0
2580,821,124,0,0,1,0,0,0,0,1,0,0,0,0,0,1,0,21,13,6,0
4235,246,55,1,0,0,0,0,0,0,0,1,0,0,0,0,0,1,16,28,16,0
6158,425,143,0,0,0,1,0,0,0,1,0,0,0,0,0,0,1,22,3,24,0
3800,610,174,0,1,0,0,0,0,0,0,1,0,0,0,0,0,1,19,28,4,0
5699,907,78,0,0,0,1,0,0,0,1,0,1,0,0,0,0,0,9,16,10,0
9823,282,1396,0,1,0,0,0,0,1,0,0,0,0,1,0,0,0,21,86,73,1
7020,983,105,0,0,0,1,1,0,0,0,0,0,0,0,0,0,1,23,7,28,0
1012,402,91,0,0,0,1,0,0,1,0,0,0,0,0,0,1,0,17,3,2,0
1042,424,122,0,1,0,0,0,0,1,0,0,0,0,0,0,1,0,21,0,9,0
3808,637,93,0,0,1,0,0,0,1,0,0,0,0,0,0,1,0,11,12,23,0
8157,164,25,0,1,0,0,0,0,0,0,1,0,0,0,0,1,0,18,11,22,0
681,732,110,0,1,0,0,0,0,0,1,0,0,0,0,1,0,0,21,3,8,0
4250,221,31,0,1,0,0,0,1,0,0,0,0,0,0,0,0,1,14,29,26,0
55,264,161,0,1,0,0,0,0,1,0,0,0,0,0,0,0,1,14,17,10,0
8472,114,148,1,0,0,0,0,0,0,1,0,1,0,0,0,0,0,19,19,29,0
8956,576,89,0,1,0,0,0,0,0,0,1,1,0,0,0,0,0,21,26,14,0
3387,214,76,0,0,1,0,0,0,0,1,0,0,0,0,0,0,1,10,10,13,0
1358,725,139,0,1,0,0,0,1,0,0,0,1,0,0,0,0,0,9,10,12,0
891,848,1,0,0,1,0,0,0,0,0,1,0,0,0,1,0,0,21,12,3,0
3483,507,27,0,0,1,0,0,0,0,1,0,1,0,0,0,0,0,6,18,1,0
5047,842,19,1,0,0,0,0,0,1,0,0,0,0,0,0,1,0,14,20,2,0
8838,521,134,0,0,1,0,0,1,0,0,0,0,0,0,1,0,0,9,6,13,0
732,279,183,0,0,0,1,0,0,1,0,0,0,0,0,0,1,0,14,29,24,0
8355,104,122,0,0,1,0,0,0,0,0,1,0,0,0,1,0,0,12,0,14,0
6559,166,19,0,0,0,1,0,1,0,0,0,0,0,0,0,1,0,10,29,18,0
8324,596,60,0,0,1,0,0,0,0,0,1,0,0,0,0,0,1,14,26,23,0
8649,880,142,0,0,1,0,1,0,0,0,0,1,0,0,0,0,0,16,29,15,0
1872,433,78,0,1,0,0,0,0,0,0,1,0,0,0,0,0,1,9,6,21,0
1816,314,154,0,0,0,1,0,1,0,0,0,0,1,0,0,0,0,22,0,28,0
4101,984,111,0,1,0,0,0,1,0,0,0,1,0,0,0,0,0,20,1,24,0
1921,518,56,0,0,1,0,0,0,0,0,1,0,0,0,1,0,0,20,4,3,0
6445,797,63,0,0,0,1,0,0,0,0,1,0,1,0,0,0,0,10,11,11,0
8089,70,134,1,0,0,0,1,0,0,0,0,0,0,0,1,0,0,16,12,14,0
246,851,216,0,0,0,1,0,0,1,0,0,0,0,0,1,0,0,13,9,3,0
8567,238,156,1,0,0,0,0,0,0,0,1,0,0,0,0,1,0,9,29,18,0
8546,131,69,0,0,1,0,0,0,1,0,0,0,0,0,0,0,1,22,21,19,0
1108,314,73,0,0,1,0,0,1,0,0,0,0,0,0,1,0,0,16,23,26,0
5044,745,96,1,0,0,0,0,0,0,0,1,0,0,0,1,0,0,18,26,15,0
7620,616,149,0,0,1,0,0,0,0,1,0,0,0,0,1,0,0,12,17,5,0
9084,389,174,0,0,0,1,0,0,1,0,0,0,1,0,0,0,0,11,22,6,0
385,824,129,0,0,1,0,0,0,1,0,0,0,0,0,1,0,0,16,23,10,0
4487,932,90,0,1,0,0,0,1,0,0,0,0,0,0,0,1,0,17,19,19,0
411,615,98,1,0,0,0,0,0,0,0,1,0,1,0,0,0,0,23,10,24,0
8845,701,130,0,0,1,0,0,0,1,0,0,0,0,0,0,1,0,11,14,27,0
5423,296,125,0,0,1,0,0,0,0,1,0,0,1,0,0,0,0,9,4,28,0
2625,418,123,0,0,0,1,0,0,0,1,0,0,1,0,0,0,0,15,0,4,0
9461,546,33,0,0,1,0,0,0,0,1,0,0,0,0,1,0,0,21,16,10,0
2498,860,114,0,0,1,0,0,0,0,0,1,0,0,0,0,0,1,16,29,0,0
2671,757,102,0,0,1,0,0,0,0,1,0,0,0,0,0,0,1,6,21,14,0
8898,269,94,0,0,0,1,0,0,0,1,0,0,0,0,0,1,0,17,9,28,0
1307,139,130,0,0,0,1,1,0,0,0,0,0,1,0,0,0,0,21,29,13,0
4720,204,94,1,0,0,0,0,1,0,0,0,1,0,0,0,0,0,20,0,19,0
7960,977,108,0,0,1,0,1,0,0,0,0,0,0,0,1,0,0,11,7,29,0
781,987,50,1,0,0,0,0,0,1,0,0,1,0,0,0,0,0,7,14,12,0
9691,842,512,1,0,0,0,0,0,0,0,1,0,0,0,0,0,1,16,73,79,1
1283,933,61,0,0,0,1,0,0,0,0,1,0,0,0,0,1,0,12,29,24,0
1596,43,263,0,1,0,0,0,0,0,0,1,0,1,0,0,0,0,6,5,0,0
8634,75,96,1,0,0,0,0,0,0,1,0,0,0,0,1,0,0,17,6,24,0
4849,511,80,0,0,1,0,0,1,0,0,0,0,0,0,0,1,0,10,7,25,0
7765,261,189,1,0,0,0,1,0,0,0,0,0,1,0,0,0,0,20,13,10,0
4556,43,1,0,1,0,0,0,1,0,0,0,0,0,0,0,1,0,10,29,1,0
6467,575,108,0,0,1,0,0,0,0,1,0,1,0,0,0,0,0,16,12,4,0
8289,70,109,0,0,0,1,0,0,0,1,0,0,0,0,1,0,0,11,16,3,0
7294,365,109,0,0,1,0,0,0,0,1,0,1,0,0,0,0,0,10,15,0,0
8255,643,130,1,0,0,0,0,0,1,0,0,1,0,0,0,0,0,14,19,23,0
6244,314,154,0,0,0,1,0,1,0,0,0,1,0,0,0,0,0,16,28,15,0
5457,170,85,0,0,1,0,1,0,0,0,0,0,0,0,1,0,0,19,15,26,0
326,676,1,0,1,0,0,0,0,0,0,1,1,0,0,0,0,0,13,12,0,0
5614,659,170,0,0,0,1,0,1,0,0,0,1,0,0,0,0,0,19,22,12,0
2919,223,22,0,0,0,1,1,0,0,0,0,1,0,0,0,0,0,9,7,3,0
3767,749,72,0,0,1,0,0,0,0,0,1,0,0,0,0,1,0,9,26,0,0
9477,62,142,0,0,0,1,1,0,0,0,0,0,0,0,0,1,0,20,5,7,0
5633,26,145,0,1,0,0,0,0,0,0,1,0,0,0,0,0,1,20,9,8,0
7703,112,75,1,0,0,0,1,0,0,0,0,0,0,0,0,1,0,17,25,21,0
4646,600,150,0,1,0,0,0,1,0,0,0,0,0,0,0,1,0,14,3,26,0
1470,386,83,0,0,0,1,0,0,1,0,0,0,0,0,1,0,0,16,23,23,0
9141,432,96,1,0,0,0,1,0,0,0,0,0,0,0,0,1,0,22,18,9,0
8180,384,90,1,0,0,0,0,0,0,0,1,0,1,0,0,0,0,22,22,27,0
3131,909,66,0,1,0,0,0,1,0,0,0,0,0,0,0,0,1,12,20,12,0
7377,288,129,0,1,0,0,0,0,1,0,0,0,1,0,0,0,0,21,3,1,0
1702,69,56,0,1,0,0,0,0,0,0,1,0,0,0,0,0,1,17,22,19,0
1214,685,91,0,0,1,0,1,0,0,0,0,1,0,0,0,0,0,6,21,2,0
569,929,186,0,1,0,0,0,0,1,0,0,0,1,0,0,0,0,19,14,15,0
5060,288,9,0,0,1,0,1,0,0,0,0,0,1,0,0,0,0,19,28,29,0
2164,701,60,0,0,1,0,0,0,1,0,0,0,0,0,1,0,0,15,7,22,0
352,229,135,0,0,1,0,1,0,0,0,0,1,0,0,0,0,0,10,12,4,0
2817,447,108,0,0,0,1,1,0,0,0,0,0,0,0,0,1,0,10,17,27,0
2881,629,42,0,0,1,0,0,0,0,0,1,1,0,0,0,0,0,10,24,0,0
7971,376,157,0,1,0,0,0,1,0,0,0,0,0,0,0,1,0,23,0,18,0
6877,648,96,1,0,0,0,0,1,0,0,0,1,0,0,0,0,0,8,25,24,0
5520,435,84,0,1,0,0,0,0,1,0,0,0,0,0,0,0,1,9,26,9,0
6452,579,98,0,0,1,0,0,1,0,0,0,0,0,0,0,0,1,18,10,23,0
8107,394,81,0,0,1,0,0,1,0,0,0,0,0,0,1,0,0,9,7,8,0
3381,6,72,0,0,0,1,0,0,0,1,0,0,0,0,0,1,0,11,22,27,0
8509,425,72,1,0,0,0,1,0,0,0,0,0,1,0,0,0,0,10,3,29,0
2884,75,163,0,1,0,0,0,1,0,0,0,0,1,0,0,0,0,8,11,7,0
9439,979,1,1,0,0,0,0,0,0,0,1,0,0,0,0,0,1,12,13,0,0
3962,286,133,1,0,0,0,1,0,0,0,0,1,0,0,0,0,0,10,24,0,0
7072,395,83,1,0,0,0,0,1,0,0,0,0,1,0,0,0,0,15,16,11,0
640,628,92,0,0,1,0,0,1,0,0,0,0,1,0,0,0,0,20,18,7,0
44,187,38,0,1,0,0,0,1,0,0,0,1,0,0,0,0,0,14,4,10,0
3708,795,122,0,0,1,0,0,1,0,0,0,0,0,0,1,0,0,18,4,1,0
5032,824,86,0,0,1,0,0,0,0,1,0,0,1,0,0,0,0,6,10,24,0
8135,23,187,0,0,0,1,0,0,0,0,1,0,0,0,0,1,0,20,20,23,0
2374,491,84,0,0,1,0,1,0,0,0,0,0,0,0,1,0,0,7,27,26,0
7054,873,56,0,1,0,0,0,1,0,0,0,0,0,0,0,0,1,22,13,24,0
3749,969,64,0,0,1,0,0,1,0,0,0,0,1,0,0,0,0,16,4,8,0
8276,392,142,0,0,0,1,0,0,1,0,0,0,0,0,1,0,0,21,8,4,0
5798,760,149,1,0,0,0,0,0,0,0,1,0,1,0,0,0,0,10,2,4,0
3484,412,117,0,0,0,1,0,1,0,0,0,0,0,0,1,0,0,13,25,4,0
4701,723,63,0,0,0,1,1,0,0,0,0,0,0,0,0,1,0,21,1,28,0
800,205,1,0,0,0,1,0,0,0,1,0,0,0,0,1,0,0,11,11,3,0
6681,605,65,0,0,1,0,0,1,0,0,0,0,0,0,0,1,0,9,21,4,0
8437,105,53,1,0,0,0,1,0,0,0,0,0,0,0,0,0,1,14,0,29,0
4073,978,141,0,0,0,1,0,0,0,1,0,0,0,0,0,1,0,14,0,1,0
1329,621,81,0,0,0,1,1,0,0,0,0,0,0,0,1,0,0,7,8,3,0
2104,344,176,0,0,1,0,0,1,0,0,0,0,0,0,1,0,0,7,28,3,0
9353,48,134,0,0,0,1,0,0,0,0,1,0,0,0,0,0,1,7,12,23,0
4112,553,188,0,0,0,1,0,0,0,0,1,0,0,0,1,0,0,20,11,6,0
9048,697,195,1,0,0,0,0,0,0,1,0,1,0,0,0,0,0,18,11,25,0
2935,867,123,0,1,0,0,0,1,0,0,0,0,0,0,0,0,1,11,25,16,0
214,690,63,0,1,0,0,0,0,1,0,0,0,1,0,0,0,0,16,27,24,0
5623,826,89,0,1,0,0,0,0,1,0,0,1,0,0,0,0,0,22,16,2,0
6380,142,41,1,0,0,0,0,0,0,0,1,1,0,0,0,0,0,7,3,17,0
1277,987,60,0,0,1,0,1,0,0,0,0,0,0,0,0,1,0,10,12,29,0
3706,554,67,1,0,0,0,1,0,0,0,0,0,0,0,0,1,0,6,16,1,0
5430,357,54,0,0,0,1,0,0,0,1,0,1,0,0,0,0,0,15,21,12,0
3649,174,157,0,1,0,0,0,0,0,0,1,0,0,0,1,0,0,21,17,2,0
6222,270,139,1,0,0,0,1,0,0,0,0,0,1,0,0,0,0,8,12,10,0
3827,488,86,1,0,0,0,0,0,0,1,0,0,0,0,1,0,0,15,29,27,0
2578,444,140,1,0,0,0,0,0,0,0,1,0,0,0,0,1,0,23,7,0,0
1424,329,181,0,0,1,0,0,1,0,0,0,0,0,0,0,1,0,15,20,21,0
8842,363,127,0,1,0,0,1,0,0,0,0,0,0,0,0,1,0,17,1,7,0
3774,704,110,1,0,0,0,0,0,1,0,0,0,0,0,0,0,1,6,22,5,0
8579,413,100,1,0,0,0,0,1,0,0,0,0,0,0,0,0,1,12,12,2,0
771,933,37,0,0,1,0,0,0,0,0,1,0,1,0,0,0,0,20,12,13,0
1561,858,36,0,0,0,1,0,0,0,1,0,0,0,0,0,0,1,18,10,8,0
5653,392,180,0,0,1,0,0,0,0,0,1,0,0,0,0,0,1,13,20,14,0
9948,889,22,0,1,0,0,0,0,1,0,0,0,0,1,0,0,0,22,92,89,1
3709,657,130,0,0,1,0,0,0,1,0,0,0,0,0,1,0,0,13,16,13,0
4631,666,54,0,1,0,0,0,1,0,0,0,0,0,0,0,0,1,23,12,21,0
5686,216,98,0,1,0,0,0,0,0,0,1,0,0,0,1,0,0,18,23,7,0
1918,941,22,0,0,0,1,0,0,0,0,1,0,0,0,0,0,1,12,19,4,0
9571,465,22,0,0,0,1,1,0,0,0,0,0,0,0,0,1,0,6,96,95,1
1258,91,4,0,0,1,0,0,0,1,0,0,0,0,0,1,0,0,12,10,25,0
8759,704,82,0,0,0,1,0,1,0,0,0,1,0,0,0,0,0,18,1,24,0
4863,17,81,0,1,0,0,0,0,1,0,0,0,0,0,0,1,0,8,8,23,0
8250,201,71,1,0,0,0,0,0,0,0,1,0,0,0,0,0,1,10,1,16,0
9578,862,22,0,0,0,1,0,0,1,0,0,1,0,0,0,0,0,4,89,87,1
2886,925,142,0,1,0,0,0,0,0,0,1,0,0,0,1,0,0,12,1,26,0
9300,430,169,1,0,0,0,1,0,0,0,0,1,0,0,0,0,0,9,10,21,0
2928,470,82,0,0,0,1,0,0,0,0,1,0,1,0,0,0,0,15,15,4,0
5987,602,102,0,0,0,1,0,0,1,0,0,1,0,0,0,0,0,13,2,15,0
2354,251,143,0,1,0,0,1,0,0,0,0,0,0,0,1,0,0,23,2,25,0
5200,662,101,1,0,0,0,0,0,0,0,1,1,0,0,0,0,0,22,22,28,0
4725,996,76,0,0,0,1,0,1,0,0,0,0,0,0,1,0,0,8,2,28,0
7156,242,102,0,1,0,0,0,0,0,0,1,1,0,0,0,0,0,12,3,19,0
502,573,120,1,0,0,0,0,0,0,1,0,1,0,0,0,0,0,11,11,15,0
1145,794,35,0,0,0,1,0,0,0,1,0,0,0,0,1,0,0,17,20,22,0
1863,725,131,0,0,1,0,0,0,0,0,1,0,0,0,0,0,1,22,4,0,0
233,12,100,0,0,0,1,1,0,0,0,0,0,1,0,0,0,0,10,27,1,0
3845,916,88,0,0,1,0,0,0,0,0,1,0,0,0,0,1,0,15,15,7,0
3186,309,30,1,0,0,0,0,1,0,0,0,0,0,0,0,0,1,15,11,3,0
7110,713,161,0,0,1,0,0,0,1,0,0,0,1,0,0,0,0,18,3,29,0
1654,317,58,0,1,0,0,0,0,1,0,0,0,0,0,0,0,1,16,7,13,0
9155,502,113,1,0,0,0,1,0,0,0,0,0,0,0,1,0,0,9,26,17,0
3472,291,154,1,0,0,0,1,0,0,0,0,0,1,0,0,0,0,21,9,12,0
9222,273,89,0,0,0,1,0,0,1,0,0,0,0,0,0,0,1,19,26,5,0
2035,265,40,1,0,0,0,0,0,1,0,0,0,0,0,0,0,1,12,12,11,0
2849,641,163,0,0,0,1,1,0,0,0,0,0,0,0,1,0,0,12,10,26,0
4839,129,79,0,1,0,0,0,1,0,0,0,0,0,0,1,0,0,20,16,14,0
4539,128,41,0,1,0,0,0,0,0,1,0,1,0,0,0,0,0,6,8,2,0
5705,989,79,0,0,1,0,1,0,0,0,0,0,0,0,0,0,1,11,13,1,0
6929,358,145,0,0,0,1,1,0,0,0,0,1,0,0,0,0,0,13,22,3,0
99,294,110,0,0,1,0,0,1,0,0,0,0,1,0,0,0,0,14,13,5,0
1183,574,218,0,0,1,0,0,0,0,1,0,1,0,0,0,0,0,11,19,4,0
5548,787,129,0,0,1,0,1,0,0,0,0,0,1,0,0,0,0,23,21,12,0
3249,531,1,0,0,1,0,0,0,0,0,1,1,0,0,0,0,0,10,4,9,0
9191,5,60,0,0,0,1,0,0,0,0,1,1,0,0,0,0,0,9,28,0,0
9931,677,1739,0,0,0,1,0,0,1,0,0,0,1,0,0,0,0,4,80,84,1
9540,121,10,0,1,0,0,0,1,0,0,0,0,0,0,1,0,0,15,78,80,1
3999,937,92,0,0,1,0,0,0,0,0,1,0,1,0,0,0,0,14,12,15,0
617,348,30,0,0,1,0,0,0,0,1,0,0,0,0,1,0,0,19,3,20,0
1732,181,35,1,0,0,0,0,1,0,0,0,0,0,0,0,1,0,16,4,10,0
1311,745,143,1,0,0,0,0,1,0,0,0,0,1,0,0,0,0,23,18,27,0
1190,295,132,1,0,0,0,0,0,0,1,0,0,0,0,1,0,0,13,11,9,0
5112,820,122,0,0,0,1,0,0,0,0,1,1,0,0,0,0,0,19,1,29,0
2811,404,90,0,1,0,0,0,0,0,0,1,0,0,0,0,1,0,22,16,13,0
8518,143,163,0,0,0,1,0,0,0,1,0,0,1,0,0,0,0,18,6,11,0
1611,898,14,1,0,0,0,0,0,0,1,0,1,0,0,0,0,0,11,11,11,0
4966,650,66,0,0,1,0,0,0,1,0,0,0,0,0,0,0,1,15,23,26,0
4040,150,64,0,0,0,1,0,0,0,1,0,0,0,0,0,1,0,12,20,15,0
4854,673,225,0,0,1,0,0,0,0,1,0,0,1,0,0,0,0,14,29,28,0
1142,656,155,0,1,0,0,1,0,0,0,0,1,0,0,0,0,0,15,23,2,0
1226,720,212,1,0,0,0,0,1,0,0,0,0,1,0,0,0,0,22,5,6,0
440,232,117,1,0,0,0,0,0,0,0,1,1,0,0,0,0,0,16,22,20,0
6201,491,117,1,0,0,0,1,0,0,0,0,0,0,0,0,1,0,19,7,19,0
2611,525,8,0,0,0,1,1,0,0,0,0,0,0,0,0,1,0,18,24,19,0
4209,610,232,0,1,0,0,0,0,0,0,1,0,1,0,0,0,0,9,4,18,0
921,992,109,1,0,0,0,0,0,0,0,1,1,0,0,0,0,0,17,7,25,0
5315,930,81,1,0,0,0,0,1,0,0,0,0,0,0,0,1,0,7,11,6,0
7643,235,18,0,0,1,0,0,0,0,1,0,0,1,0,0,0,0,13,22,23,0
1560,95,172,0,1,0,0,0,0,0,1,0,0,0,0,1,0,0,17,23,25,0
8862,510,139,1,0,0,0,1,0,0,0,0,0,0,0,0,0,1,10,27,5,0
4733,153,84,0,0,1,0,0,1,0,0,0,0,1,0,0,0,0,22,24,26,0
3373,565,78,0,1,0,0,0,0,1,0,0,0,0,0,0,0,1,15,26,12,0
6575,644,120,0,0,1,0,0,0,1,0,0,0,1,0,0,0,0,19,2,24,0
267,872,76,0,1,0,0,0,0,1,0,0,0,0,0,0,1,0,16,10,11,0
3571,420,98,1,0,0,0,0,0,0,0,1,0,1,0,0,0,0,19,22,6,0
7523,438,154,0,0,1,0,0,0,0,1,0,0,0,0,1,0,0,14,17,17,0
9331,808,87,0,0,0,1,0,0,0,1,0,0,1,0,0,0,0,11,26,18,0
5853,586,49,1,0,0,0,0,0,0,1,0,1,0,0,0,0,0,18,22,19,0
101,903,124,1,0,0,0,0,0,0,1,0,0,1,0,0,0,0,11,2,16,0
7889,773,43,0,0,0,1,0,1,0,0,0,0,0,0,1,0,0,21,27,26,0
8253,643,72,1,0,0,0,0,1,0,0,0,0,0,0,1,0,0,21,5,8,0
7622,601,159,0,1,0,0,0,0,0,1,0,0,0,0,0,1,0,18,12,10,0
311,234,163,1,0,0,0,0,1,0,0,0,0,1,0,0,0,0,12,7,20,0
2590,708,94,0,1,0,0,0,0,0,1,0,0,1,0,0,0,0,8,3,8,0
3203,286,112,0,1,0,0,0,0,1,0,0,0,0,0,0,0,1,10,4,9,0
7563,821,142,0,0,0,1,0,0,0,0,1,0,0,0,1,0,0,14,13,29,0
5737,853,119,0,1,0,0,0,0,0,0,1,0,0,0,0,1,0,11,11,1,0
1155,366,19,0,0,1,0,0,1,0,0,0,0,1,0,0,0,0,21,14,19,0
78,357,151,0,1,0,0,0,0,0,0,1,1,0,0,0,0,0,22,5,17,0
6653,897,94,0,0,1,0,0,0,1,0,0,0,0,0,0,0,1,6,6,1,0
7169,11,112,0,0,0,1,1,0,0,0,0,0,0,0,1,0,0,23,25,17,0
2633,43,21,0,0,0,1,0,1,0,0,0,0,0,0,1,0,0,18,13,10,0
7927,716,121,0,1,0,0,0,1,0,0,0,0,0,0,1,0,0,16,3,5,0
6774,68,59,0,0,0,1,0,1,0,0,0,0,0,0,0,0,1,10,26,15,0
2371,369,132,0,1,0,0,0,1,0,0,0,0,1,0,0,0,0,9,24,20,0
2550,693,129,0,0,1,0,0,0,1,0,0,0,0,0,1,0,0,22,18,10,0
8030,50,79,0,0,1,0,0,0,0,1,0,1,0,0,0,0,0,13,0,24,0
1220,602,172,0,1,0,0,0,0,0,1,0,0,0,0,0,1,0,18,10,13,0
3842,854,137,0,0,1,0,1,0,0,0,0,1,0,0,0,0,0,11,22,6,0
5583,663,1,0,0,1,0,0,1,0,0,0,0,0,0,0,0,1,7,0,25,0
2061,88,31,0,0,1,0,0,0,1,0,0,1,0,0,0,0,0,9,16,11,0
2768,112,53,1,0,0,0,0,1,0,0,0,0,0,0,1,0,0,12,25,20,0
9949,246,539,0,0,1,0,1,0,0,0,0,1,0,0,0,0,0,4,82,91,1
2004,48,148,0,1,0,0,1,0,0,0,0,0,0,0,0,1,0,21,12,10,0
2272,952,42,1,0,0,0,0,0,0,1,0,0,0,0,0,1,0,6,2,8,0
8818,704,153,1,0,0,0,0,0,1,0,0,0,0,0,0,0,1,8,25,27,0
3358,877,87,0,1,0,0,1,0,0,0,0,0,0,0,0,0,1,23,28,0,0
2153,905,102,1,0,0,0,0,0,1,0,0,0,0,0,0,1,0,12,10,13,0
1563,234,134,0,0,1,0,0,1,0,0,0,0,1,0,0,0,0,14,5,23,0
8916,579,79,0,1,0,0,0,0,1,0,0,0,0,0,0,1,0,9,19,5,0
2885,612,94,0,1,0,0,0,0,0,1,0,1,0,0,0,0,0,10,17,28,0
398,456,76,0,0,0,1,0,0,0,1,0,1,0,0,0,0,0,23,6,23,0
3022,991,61,0,1,0,0,0,0,1,0,0,1,0,0,0,0,0,7,4,7,0
768,679,125,0,0,1,0,0,1,0,0,0,0,0,0,1,0,0,19,6,11,0
8521,588,61,0,0,0,1,0,0,1,0,0,0,0,0,1,0,0,16,19,25,0
2569,495,106,1,0,0,0,1,0,0,0,0,0,0,0,0,0,1,10,0,9,0
3597,566,119,0,1,0,0,1,0,0,0,0,0,0,0,1,0,0,11,2,10,0
8127,285,144,0,0,1,0,0,0,1,0,0,0,0,0,0,1,0,12,6,3,0
9406,572,125,0,0,0,1,0,0,1,0,0,1,0,0,0,0,0,14,16,15,0
3392,746,55,1,0,0,0,1,0,0,0,0,0,0,0,1,0,0,6,12,2,0
6055,46,67,1,0,0,0,0,0,0,0,1,1,0,0,0,0,0,16,9,7,0
9286,384,138,0,0,1,0,0,1,0,0,0,1,0,0,0,0,0,7,28,17,0
34,291,55,1,0,0,0,1,0,0,0,0,1,0,0,0,0,0,13,22,5,0
111,564,55,1,0,0,0,0,1,0,0,0,0,0,0,1,0,0,11,7,24,0
1969,363,85,0,0,0,1,0,0,1,0,0,0,0,0,1,0,0,17,21,0,0
422,470,118,0,0,0,1,0,0,0,0,1,0,1,0,0,0,0,19,0,28,0
7351,712,9,0,0,1,0,1,0,0,0,0,0,1,0,0,0,0,11,5,3,0
605,169,49,1,0,0,0,1,0,0,0,0,0,0,0,0,0,1,16,7,2,0
742,3,129,0,0,0,1,0,0,0,1,0,1,0,0,0,0,0,6,2,11,0
6259,643,108,1,0,0,0,1,0,0,0,0,0,0,0,0,0,1,20,17,22,0
7026,272,87,0,0,0,1,1,0,0,0,0,0,1,0,0,0,0,13,25,7,0
3965,755,110,1,0,0,0,0,0,1,0,0,0,0,0,1,0,0,13,11,21,0
3420,617,98,0,0,0,1,0,0,0,1,0,0,0,0,0,1,0,7,28,11,0
485,458,114,0,1,0,0,0,1,0,0,0,0,1,0,0,0,0,16,11,29,0
8673,445,51,0,0,1,0,1,0,0,0,0,0,0,0,1,0,0,18,26,26,0
5724,178,86,0,1,0,0,0,0,0,1,0,0,0,0,1,0,0,12,24,0,0
7178,646,75,0,1,0,0,0,0,0,1,0,0,0,0,1,0,0,6,16,13,0
6815,659,55,0,0,1,0,1,0,0,0,0,0,0,0,0,1,0,12,12,20,0
8043,953,102,0,1,0,0,0,0,0,1,0,0,0,0,0,1,0,8,22,2,0
3161,399,107,0,1,0,0,0,0,1,0,0,0,0,0,0,1,0,18,6,1,0
8298,161,122,0,0,1,0,0,0,1,0,0,1,0,0,0,0,0,6,26,0,0
5240,74,129,0,0,0,1,0,0,0,0,1,0,0,0,0,0,1,6,16,22,0
6144,41,55,1,0,0,0,1,0,0,0,0,0,0,0,1,0,0,12,21,6,0
7876,624,48,0,0,0,1,1,0,0,0,0,0,0,0,1,0,0,22,16,14,0
1683,974,131,1,0,0,0,0,1,0,0,0,0,1,0,0,0,0,17,21,12,0
5831,39,138,1,0,0,0,0,1,0,0,0,1,0,0,0,0,0,10,2,9,0
9514,261,1745,0,0,0,1,0,1,0,0,0,0,1,0,0,0,0,3,87,95,1
9320,238,25,0,0,0,1,0,0,0,1,0,0,0,0,1,0,0,19,28,23,0
5138,484,79,0,0,0,1,0,0,0,0,1,0,1,0,0,0,0,13,16,27,0
1038,964,37,0,1,0,0,0,0,0,1,0,0,1,0,0,0,0,13,7,18,0
5707,121,75,0,0,1,0,1,0,0,0,0,0,1,0,0,0,0,21,16,16,0
6753,197,139,0,1,0,0,0,0,1,0,0,0,0,0,1,0,0,14,13,7,0
8780,624,129,1,0,0,0,1,0,0,0,0,0,1,0,0,0,0,18,18,25,0
5695,177,86,0,0,1,0,0,0,1,0,0,0,1,0,0,0,0,18,15,1,0
6022,414,195,0,1,0,0,1,0,0,0,0,0,0,0,0,1,0,14,29,10,0
6189,627,133,1,0,0,0,0,0,0,0,1,0,0,0,0,1,0,9,10,21,0
1534,556,135,0,1,0,0,0,0,1,0,0,0,0,0,0,0,1,15,28,10,0
6714,719,92,1,0,0,0,0,0,0,1,0,0,0,0,0,1,0,6,15,6,0
735,958,123,0,0,0,1,0,0,0,1,0,0,0,0,0,0,1,10,0,15,0
6557,681,16,0,0,1,0,1,0,0,0,0,0,0,0,1,0,0,12,10,9,0
6291,355,136,0,1,0,0,0,1,0,0,0,0,0,0,1,0,0,17,7,7,0
393,972,53,0,0,1,0,1,0,0,0,0,1,0,0,0,0,0,13,4,19,0
8935,883,165,0,0,0,1,0,0,0,1,0,0,0,0,0,0,1,11,22,3,0
305,821,144,0,0,1,0,1,0,0,0,0,0,0,0,1,0,0,18,27,7,0
9454,554,35,0,0,1,0,1,0,0,0,0,0,0,0,0,0,1,9,7,6,0
9216,72,111,0,0,1,0,0,0,0,0,1,1,0,0,0,0,0,18,27,21,0
6237,977,175,1,0,0,0,0,0,1,0,0,1,0,0,0,0,0,9,15,22,0
2855,71,89,1,0,0,0,1,0,0,0,0,0,0,0,1,0,0,9,21,24,0
3152,163,123,0,0,0,1,0,0,0,0,1,1,0,0,0,0,0,9,16,23,0
3611,428,69,0,1,0,0,0,1,0,0,0,0,0,0,0,0,1,12,10,27,0
8388,991,46,0,0,1,0,0,0,1,0,0,1,0,0,0,0,0,9,28,19,0
551,869,66,0,1,0,0,0,1,0,0,0,0,0,0,0,0,1,23,10,24,0
7895,448,45,0,0,1,0,0,1,0,0,0,1,0,0,0,0,0,13,4,4,0
9356,412,122,0,0,1,0,0,0,1,0,0,1,0,0,0,0,0,12,28,15,0
3551,758,58,0,1,0,0,0,0,0,0,1,1,0,0,0,0,0,17,6,23,0
2822,120,125,0,0,0,1,0,0,1,0,0,0,0,0,0,1,0,12,1,14,0
6647,500,111,1,0,0,0,1,0,0,0,0,0,1,0,0,0,0,14,22,18,0
4601,572,62,1,0,0,0,0,0,0,0,1,0,0,0,0,0,1,12,15,22,0
8554,395,136,0,0,1,0,0,0,0,1,0,1,0,0,0,0,0,10,14,9,0
7989,938,100,1,0,0,0,0,0,0,0,1,0,1,0,0,0,0,19,4,22,0
4820,609,65,0,0,0,1,0,1,0,0,0,0,0,0,0,1,0,10,19,26,0
7871,705,67,1,0,0,0,0,1,0,0,0,0,0,0,0,1,0,7,9,23,0
2098,17,138,0,0,0,1,1,0,0,0,0,1,0,0,0,0,0,23,10,25,0
3681,711,125,1,0,0,0,0,0,0,0,1,0,0,0,0,0,1,10,4,20,0
3731,921,64,0,0,1,0,0,0,0,1,0,1,0,0,0,0,0,18,14,12,0
3063,443,22,0,1,0,0,0,0,0,0,1,0,0,0,0,1,0,6,29,1,0
9295,686,103,0,1,0,0,0,0,0,1,0,0,0,0,1,0,0,7,24,26,0
8969,752,114,0,0,0,1,0,1,0,0,0,0,0,0,1,0,0,17,6,21,0
7045,36,191,1,0,0,0,0,0,1,0,0,0,1,0,0,0,0,13,9,17,0
1459,816,105,0,0,1,0,1,0,0,0,0,0,0,0,0,0,1,18,28,5,0
4735,91,116,1,0,0,0,0,1,0,0,0,0,0,0,0,0,1,12,23,12,0
600,937,128,0,0,0,1,0,0,1,0,0,0,0,0,0,0,1,16,25,0,0
9102,709,59,1,0,0,0,0,0,1,0,0,0,1,0,0,0,0,8,14,22,0
4133,685,56,1,0,0,0,0,0,0,0,1,0,0,0,1,0,0,10,27,0,0
1736,687,98,0,0,0,1,1,0,0,0,0,0,0,0,0,1,0,12,28,27,0
7068,99,59,0,0,0,1,1,0,0,0,0,0,1,0,0,0,0,20,20,15,0
3607,630,56,0,1,0,0,0,0,0,0,1,0,0,0,0,1,0,14,3,17,0
9716,521,10,0,0,1,0,0,1,0,0,0,0,0,0,0,1,0,20,95,83,1
7223,604,86,0,1,0,0,0,1,0,0,0,0,0,0,0,0,1,18,2,16,0
7181,653,157,0,0,0,1,0,0,0,0,1,0,0,0,0,1,0,11,26,28,0
9808,233,10,0,0,1,0,0,0,1,0,0,0,0,0,0,0,1,19,74,97,1
3331,274,159,1,0,0,0,0,0,0,1,0,0,0,0,1,0,0,16,13,15,0
1015,476,95,1,0,0,0,0,0,1,0,0,1,0,0,0,0,0,12,26,23,0
9170,613,73,1,0,0,0,1,0,0,0,0,0,0,0,0,1,0,23,25,9,0
2562,784,76,1,0,0,0,1,0,0,0,0,1,0,0,0,0,0,21,8,27,0
8464,824,43,0,0,0,1,0,1,0,0,0,0,0,0,1,0,0,10,29,12,0
1715,216,189,0,0,1,0,1,0,0,0,0,0,1,0,0,0,0,23,13,2,0
7094,601,116,0,0,1,0,1,0,0,0,0,0,1,0,0,0,0,12,20,10,0
991,49,54,0,1,0,0,0,0,0,1,0,0,1,0,0,0,0,13,28,0,0
5311,367,107,0,0,1,0,0,0,0,1,0,0,0,0,0,1,0,17,5,23,0
7237,455,38,0,1,0,0,0,0,0,1,0,0,0,0,0,0,1,11,3,8,0
8721,229,89,0,0,0,1,0,1,0,0,0,0,0,0,0,0,1,18,19,1,0
1551,573,69,0,0,1,0,0,0,0,1,0,0,0,0,0,0,1,16,8,28,0
7290,774,95,0,0,1,0,0,0,1,0,0,0,1,0,0,0,0,10,15,13,0
2162,254,54,0,1,0,0,0,1,0,0,0,0,0,0,0,0,1,15,13,11,0
6173,598,40,0,0,0,1,0,0,0,1,0,0,1,0,0,0,0,16,28,17,0
4688,714,117,1,0,0,0,0,0,0,0,1,0,0,0,0,1,0,8,22,12,0
7557,620,8,0,1,0,0,0,1,0,0,0,0,1,0,0,0,0,13,14,21,0
7770,691,100,0,0,1,0,0,0,0,1,0,0,0,0,0,1,0,16,29,27,0
8593,227,54,1,0,0,0,0,1,0,0,0,1,0,0,0,0,0,21,21,28,0
4569,129,77,0,0,0,1,0,0,1,0,0,0,0,0,0,0,1,11,26,13,0
7205,320,77,0,0,1,0,0,0,0,0,1,0,0,0,0,0,1,12,4,8,0
8771,9,155,0,0,1,0,1,0,0,0,0,1,0,0,0,0,0,9,2,0,0
8749,54,90,0,1,0,0,1,0,0,0,0,0,1,0,0,0,0,20,14,21,0
4559,96,123,0,0,0,1,0,0,0,1,0,0,0,0,0,0,1,17,18,25,0
8770,578,152,0,1,0,0,1,0,0,0,0,0,0,0,0,1,0,18,29,18,0
2269,480,13,1,0,0,0,0,0,1,0,0,0,0,0,0,0,1,22,0,0,0
9751,649,22,0,0,0,1,0,1,0,0,0,0,0,0,0,1,0,4,75,88,1
7029,419,28,0,0,0,1,0,0,1,0,0,0,0,0,1,0,0,13,15,22,0
9782,800,2056,1,0,0,0,1,0,0,0,0,0,0,0,1,0,0,3,75,94,1
5945,425,83,0,0,0,1,0,0,1,0,0,0,1,0,0,0,0,6,20,26,0
7448,773,19,0,0,1,0,0,0,1,0,0,0,0,0,1,0,0,22,20,16,0
9675,124,1210,1,0,0,0,1,0,0,0,0,0,1,0,0,0,0,7,70,74,1
7635,607,144,1,0,0,0,0,0,1,0,0,1,0,0,0,0,0,21,28,20,0
728,420,64,0,0,1,0,0,1,0,0,0,0,0,0,1,0,0,12,27,26,0
7848,635,71,0,0,1,0,0,0,0,1,0,1,0,0,0,0,0,6,11,21,0
7748,995,107,0,0,1,0,0,0,0,1,0,0,1,0,0,0,0,14,8,14,0
4269,764,137,0,1,0,0,1,0,0,0,0,0,1,0,0,0,0,10,12,27,0
1447,639,88,0,1,0,0,0,0,1,0,0,1,0,0,0,0,0,17,10,25,0
5403,419,72,0,0,1,0,0,0,0,0,1,0,1,0,0,0,0,11,3,24,0
1820,779,67,0,0,0,1,0,0,1,0,0,0,0,0,0,0,1,16,22,17,0
2224,12,96,0,1,0,0,0,0,0,1,0,0,0,0,0,1,0,16,15,12,0
8401,314,56,0,1,0,0,0,1,0,0,0,0,1,0,0,0,0,18,1,23,0
2450,877,35,1,0,0,0,0,0,0,0,1,0,1,0,0,0,0,20,29,19,0
91,449,188,1,0,0,0,0,0,0,0,1,0,0,0,1,0,0,12,0,15,0
7388,136,1,1,0,0,0,0,0,1,0,0,0,0,0,1,0,0,19,15,10,0
7030,767,85,0,0,0,1,1,0,0,0,0,0,0,0,0,1,0,18,25,24,0
5153,187,106,0,0,1,0,0,0,0,0,1,0,0,0,0,0,1,18,26,18,0
2451,947,62,0,0,0,1,0,1,0,0,0,0,0,0,0,0,1,18,11,6,0
2290,415,117,0,0,1,0,0,1,0,0,0,0,1,0,0,0,0,10,15,20,0
984,845,155,0,1,0,0,0,1,0,0,0,0,0,0,1,0,0,11,6,7,0
3036,970,42,0,1,0,0,0,0,1,0,0,0,0,0,1,0,0,23,12,19,0
3339,219,153,0,0,1,0,0,0,0,0,1,1,0,0,0,0,0,9,16,10,0
2702,170,86,0,0,1,0,0,0,1,0,0,0,1,0,0,0,0,14,26,2,0
3519,441,71,0,0,1,0,0,0,0,1,0,0,1,0,0,0,0,21,20,9,0
9797,619,2973,0,0,1,0,0,0,1,0,0,0,0,0,0,0,1,18,93,95,1
4016,484,40,0,0,0,1,1,0,0,0,0,0,0,0,0,1,0,20,21,25,0
4052,182,198,1,0,0,0,0,0,1,0,0,0,0,0,1,0,0,7,19,6,0
4724,987,128,0,0,0,1,1,0,0,0,0,0,0,0,0,1,0,14,25,5,0
8018,133,82,0,0,0,1,1,0,0,0,0,0,0,0,0,0,1,16,21,21,0
4662,40,131,0,0,1,0,0,0,1,0,0,0,0,0,1,0,0,8,17,16,0
1637,605,101,0,0,1,0,1,0,0,0,0,0,0,0,0,1,0,6,17,13,0
4881,356,136,0,0,1,0,0,0,1,0,0,0,0,0,1,0,0,20,10,1,0
61,413,49,0,1,0,0,0,0,0,0,1,0,0,0,0,1,0,22,6,6,0
1072,147,66,1,0,0,0,0,1,0,0,0,0,0,0,1,0,0,19,5,25,0
1840,470,83,0,0,1,0,0,1,0,0,0,1,0,0,0,0,0,15,17,17,0
4893,692,73,1,0,0,0,0,0,1,0,0,0,0,0,0,1,0,18,27,12,0
7806,34,67,1,0,0,0,0,0,1,0,0,0,1,0,0,0,0,16,17,24,0
8328,207,83,1,0,0,0,1,0,0,0,0,0,0,0,1,0,0,20,1,5,0
8697,560,93,0,1,0,0,0,1,0,0,0,1,0,0,0,0,0,17,15,1,0
7839,28,91,0,0,0,1,0,0,0,1,0,0,0,0,1,0,0,8,9,22,0
8639,409,125,0,0,1,0,0,1,0,0,0,0,0,0,1,0,0,10,27,29,0
2357,871,78,0,1,0,0,0,0,0,0,1,0,0,0,0,1,0,12,21,6,0
6498,125,63,0,0,0,1,1,0,0,0,0,0,0,0,0,0,1,6,9,3,0
9993,328,1637,0,0,0,1,0,0,0,1,0,0,0,0,0,0,1,13,93,99,1
4680,336,48,0,0,0,1,0,0,0,1,0,0,0,0,1,0,0,14,1,6,0
6578,884,78,0,0,0,1,0,1,0,0,0,0,1,0,0,0,0,15,3,26,0
1394,649,204,0,0,1,0,0,0,0,0,1,0,0,0,0,0,1,20,17,21,0
8919,372,83,0,0,0,1,0,0,1,0,0,0,0,0,0,0,1,7,3,24,0
9068,799,81,0,0,1,0,0,0,0,0,1,0,0,0,1,0,0,16,11,13,0
4453,424,130,0,0,0,1,1,0,0,0,0,0,0,0,1,0,0,8,22,22,0
8963,765,133,1,0,0,0,0,1,0,0,0,0,0,0,1,0,0,18,0,25,0
3190,772,166,0,0,0,1,0,0,0,0,1,1,0,0,0,0,0,16,27,22,0
8670,912,123,0,1,0,0,0,1,0,0,0,0,0,0,0,0,1,16,1,0,0
2495,442,97,1,0,0,0,0,0,1,0,0,0,0,0,0,0,1,6,18,2,0
7977,626,141,0,0,0,1,0,0,0,1,0,0,1,0,0,0,0,22,19,7,0
6544,895,21,0,0,1,0,0,0,0,1,0,0,0,0,1,0,0,17,16,8,0
2476,191,219,1,0,0,0,1,0,0,0,0,1,0,0,0,0,0,7,10,13,0
1836,566,88,0,1,0,0,0,0,0,1,0,0,0,0,1,0,0,16,24,25,0
1455,304,79,1,0,0,0,0,0,1,0,0,0,0,0,1,0,0,21,24,24,0
9915,0,10,0,1,0,0,0,0,0,1,0,0,0,0,0,1,0,22,83,82,1
7390,86,157,1,0,0,0,0,0,1,0,0,0,0,0,1,0,0,6,20,4,0
9524,720,1068,0,0,1,0,0,0,1,0,0,0,0,1,0,0,0,11,95,71,1
6476,57,88,0,1,0,0,0,0,0,1,0,0,0,0,1,0,0,18,25,9,0
1940,464,134,0,1,0,0,0,0,0,0,1,0,0,0,1,0,0,18,29,19,0
9494,188,1,0,1,0,0,1,0,0,0,0,0,0,0,0,0,1,7,28,22,0
6752,378,138,0,1,0,0,1,0,0,0,0,0,0,0,1,0,0,11,1,22,0
4071,191,95,0,0,0,1,0,0,1,0,0,0,0,0,1,0,0,18,26,15,0
4919,805,168,0,0,1,0,1,0,0,0,0,0,0,0,1,0,0,20,25,7,0
958,374,112,0,1,0,0,0,0,0,0,1,0,0,0,0,0,1,19,19,15,0
901,368,172,0,0,1,0,0,0,0,0,1,0,0,0,0,1,0,6,18,13,0
7478,717,131,0,0,0,1,0,0,1,0,0,0,0,0,0,1,0,23,10,1,0
374,133,10,1,0,0,0,0,0,0,0,1,1,0,0,0,0,0,20,3,3,0
4864,523,61,0,1,0,0,0,0,1,0,0,0,0,0,0,1,0,17,6,2,0
9130,572,84,0,1,0,0,0,0,0,1,0,0,0,0,0,1,0,23,21,2,0
2117,269,57,0,0,1,0,1,0,0,0,0,0,1,0,0,0,0,9,6,25,0
8396,456,101,0,1,0,0,1,0,0,0,0,0,1,0,0,0,0,20,13,5,0
8238,327,36,0,0,0,1,0,0,1,0,0,0,1,0,0,0,0,8,15,24,0
946,427,120,0,0,0,1,1,0,0,0,0,1,0,0,0,0,0,16,20,1,0
5680,892,44,0,1,0,0,0,1,0,0,0,0,1,0,0,0,0,6,13,10,0
1821,561,54,1,0,0,0,0,0,1,0,0,0,0,0,0,1,0,11,15,10,0
5349,727,11,1,0,0,0,1,0,0,0,0,0,0,0,0,0,1,14,13,25,0
8910,354,118,1,0,0,0,0,0,0,1,0,0,0,0,0,1,0,13,18,10,0
8221,238,107,1,0,0,0,0,1,0,0,0,0,0,0,0,0,1,10,4,14,0
5969,893,34,0,0,1,0,0,0,0,0,1,0,0,0,0,0,1,7,20,29,0
293,727,6,0,0,0,1,0,0,0,1,0,0,1,0,0,0,0,14,1,10,0
5533,496,81,1,0,0,0,1,0,0,0,0,0,0,0,1,0,0,20,4,19,0
6492,566,65,0,0,1,0,0,1,0,0,0,0,1,0,0,0,0,10,14,2,0
351,857,185,0,1,0,0,0,0,0,1,0,0,0,0,1,0,0,12,4,20,0
9617,773,3711,0,0,0,1,0,0,0,1,0,0,0,1,0,0,0,0,94,75,1
7008,462,132,0,0,1,0,1,0,0,0,0,1,0,0,0,0,0,10,10,0,0
8891,344,90,0,0,0,1,0,0,0,1,0,0,0,0,0,0,1,17,18,11,0
2823,809,189,0,1,0,0,0,0,1,0,0,0,0,0,1,0,0,19,3,23,0
7334,770,105,0,1,0,0,0,1,0,0,0,0,0,0,0,0,1,8,19,10,0
8651,76,210,1,0,0,0,1,0,0,0,0,0,1,0,0,0,0,18,10,14,0
4198,382,154,1,0,0,0,1,0,0,0,0,0,0,0,1,0,0,13,2,12,0
3465,456,151,0,0,1,0,0,0,1,0,0,0,0,0,0,0,1,12,20,6,0
3726,67,214,1,0,0,0,0,0,0,0,1,0,0,0,1,0,0,9,10,25,0
6283,306,109,1,0,0,0,0,0,1,0,0,0,0,0,0,0,1,18,15,14,0
6535,328,86,0,0,0,1,1,0,0,0,0,0,0,0,1,0,0,14,9,25,0
1712,689,93,0,0,1,0,0,1,0,0,0,1,0,0,0,0,0,15,12,18,0
9268,877,183,0,0,0,1,0,0,0,0,1,0,0,0,0,1,0,14,17,9,0
3230,730,40,0,0,0,1,0,0,1,0,0,0,0,0,1,0,0,10,25,24,0
6917,788,138,0,1,0,0,0,0,0,1,0,1,0,0,0,0,0,16,25,12,0
7674,313,125,0,0,0,1,0,0,0,0,1,0,1,0,0,0,0,7,12,5,0
7697,53,136,1,0,0,0,0,1,0,0,0,0,0,0,0,0,1,9,7,19,0
6776,84,112,0,1,0,0,0,1,0,0,0,0,0,0,0,1,0,18,18,0,0
128,182,85,0,0,1,0,1,0,0,0,0,0,0,0,1,0,0,18,23,29,0
9230,328,163,0,0,0,1,0,0,0,0,1,0,0,0,0,1,0,13,3,2,0
884,75,95,0,0,1,0,0,1,0,0,0,0,0,0,0,1,0,16,23,6,0
7490,844,227,1,0,0,0,0,0,0,0,1,0,0,0,0,0,1,17,24,27,0
3003,244,76,0,1,0,0,0,0,1,0,0,0,0,0,0,0,1,20,13,16,0
8352,915,93,0,0,1,0,0,0,1,0,0,0,0,0,1,0,0,12,2,12,0
1909,295,38,0,0,1,0,0,0,1,0,0,1,0,0,0,0,0,16,2,26,0
5849,161,123,1,0,0,0,1,0,0,0,0,0,0,0,0,1,0,23,16,11,0
4803,67,221,0,0,0,1,0,0,0,1,0,0,0,0,1,0,0,20,24,3,0
6103,591,78,0,0,0,1,0,1,0,0,0,0,0,0,0,1,0,15,6,1,0
519,234,146,0,0,1,0,1,0,0,0,0,0,0,0,1,0,0,6,4,3,0
69,187,15,0,1,0,0,1,0,0,0,0,0,0,0,0,0,1,7,22,28,0
4655,73,67,0,0,0,1,1,0,0,0,0,0,1,0,0,0,0,11,9,18,0
4169,199,141,0,0,1,0,0,1,0,0,0,0,0,0,1,0,0,14,14,27,0
8081,620,37,0,0,0,1,1,0,0,0,0,0,0,0,1,0,0,12,6,13,0
9415,542,55,1,0,0,0,0,1,0,0,0,0,0,0,0,0,1,19,27,23,0
5267,862,43,0,0,0,1,0,0,0,1,0,0,0,0,1,0,0,10,0,15,0
1033,569,139,1,0,0,0,1,0,0,0,0,0,0,0,0,1,0,21,11,7,0
3894,248,78,0,0,0,1,1,0,0,0,0,0,0,0,0,0,1,13,23,16,0
9698,233,10,1,0,0,0,0,0,0,0,1,0,0,1,0,0,0,4,96,80,1
3518,382,158,0,0,0,1,0,0,0,0,1,1,0,0,0,0,0,16,19,28,0
8155,810,82,0,1,0,0,0,0,0,0,1,1,0,0,0,0,0,13,22,0,0
2842,297,188,0,1,0,0,0,0,1,0,0,1,0,0,0,0,0,13,20,27,0
9018,434,83,0,0,1,0,0,0,1,0,0,0,1,0,0,0,0,14,7,4,0
2464,363,151,0,0,0,1,0,0,1,0,0,0,0,0,1,0,0,22,18,20,0
7945,631,56,0,0,1,0,0,0,1,0,0,0,0,0,1,0,0,9,12,17,0
3370,600,126,0,0,1,0,0,0,1,0,0,0,1,0,0,0,0,15,0,29,0
3451,948,104,0,0,0,1,1,0,0,0,0,0,1,0,0,0,0,19,26,20,0
5447,144,139,0,0,0,1,0,0,0,0,1,0,0,0,1,0,0,21,17,19,0
7978,318,68,0,0,1,0,1,0,0,0,0,0,1,0,0,0,0,18,6,9,0
9193,680,174,0,1,0,0,0,0,0,0,1,0,0,0,1,0,0,22,21,5,0
7433,307,64,0,1,0,0,1,0,0,0,0,0,1,0,0,0,0,19,18,19,0
2167,126,85,0,0,0,1,0,0,0,1,0,0,0,0,0,1,0,10,22,4,0
3598,762,91,1,0,0,0,0,0,0,0,1,1,0,0,0,0,0,18,14,4,0
7583,381,89,0,0,1,0,0,0,1,0,0,1,0,0,0,0,0,7,17,0,0
9297,881,12,0,1,0,0,0,0,1,0,0,0,0,0,0,1,0,8,10,18,0
6416,886,143,0,0,0,1,0,0,1,0,0,1,0,0,0,0,0,9,3,23,0
4760,884,138,1,0,0,0,0,0,0,1,0,0,1,0,0,0,0,23,11,26,0
5391,164,129,0,0,1,0,0,0,0,0,1,0,1,0,0,0,0,17,10,7,0
9779,157,3725,1,0,0,0,0,0,0,0,1,0,1,0,0,0,0,6,85,73,1
9532,992,1448,0,0,0,1,0,1,0,0,0,0,0,0,0,0,1,16,94,70,1
2596,929,205,1,0,0,0,0,1,0,0,0,0,0,0,0,1,0,6,9,3,0
2860,941,113,0,1,0,0,0,0,0,1,0,0,0,0,0,1,0,22,29,15,0
3559,691,79,0,0,0,1,0,0,1,0,0,0,0,0,0,1,0,16,13,26,0
5568,547,166,0,0,0,1,0,0,0,0,1,0,0,0,1,0,0,16,4,22,0
8977,841,122,1,0,0,0,0,0,1,0,0,0,1,0,0,0,0,6,14,8,0
6099,665,144,0,0,1,0,0,0,0,1,0,0,0,0,1,0,0,8,8,1,0
2326,183,97,0,0,0,1,0,0,0,0,1,0,0,0,0,1,0,9,12,28,0
123,312,189,0,0,1,0,0,0,0,1,0,0,0,0,0,0,1,20,1,1,0
1467,536,132,1,0,0,0,0,0,0,0,1,1,0,0,0,0,0,6,29,26,0
9010,790,159,0,1,0,0,0,0,0,0,1,1,0,0,0,0,0,17,9,4,0
2145,246,46,0,0,1,0,0,0,0,1,0,0,0,0,1,0,0,19,18,6,0
1270,255,149,1,0,0,0,0,0,0,0,1,0,0,0,0,0,1,18,22,6,0
6935,749,105,0,0,1,0,0,0,1,0,0,0,0,0,1,0,0,21,21,2,0
4127,133,137,0,1,0,0,1,0,0,0,0,0,0,0,1,0,0,17,4,3,0
9205,590,140,0,0,1,0,1,0,0,0,0,0,1,0,0,0,0,22,8,29,0
892,962,97,0,0,0,1,0,1,0,0,0,0,0,0,1,0,0,18,11,19,0
6346,655,85,1,0,0,0,1,0,0,0,0,0,0,0,1,0,0,23,15,11,0
5262,181,102,1,0,0,0,0,1,0,0,0,0,0,0,0,0,1,19,1,7,0
8404,709,111,1,0,0,0,0,1,0,0,0,0,0,0,1,0,0,17,1,15,0
762,699,81,1,0,0,0,0,0,0,0,1,1,0,0,0,0,0,14,8,28,0
3468,519,144,0,1,0,0,0,1,0,0,0,0,0,0,1,0,0,16,18,1,0
9328,416,60,1,0,0,0,0,0,0,0,1,0,1,0,0,0,0,9,4,3,0
160,973,41,1,0,0,0,0,0,1,0,0,0,1,0,0,0,0,16,29,11,0
9733,226,1290,0,0,0,1,1,0,0,0,0,0,0,0,0,1,0,12,82,87,1
7693,103,171,0,0,0,1,0,1,0,0,0,0,0,0,1,0,0,17,7,12,0
8340,521,103,1,0,0,0,0,0,0,0,1,0,0,0,0,1,0,19,21,23,0
6547,726,36,0,0,1,0,0,0,1,0,0,0,0,0,1,0,0,15,22,4,0
6549,551,90,0,0,1,0,0,0,0,1,0,1,0,0,0,0,0,21,26,6,0
2837,363,141,0,0,0,1,0,0,1,0,0,1,0,0,0,0,0,11,5,23,0
2803,115,76,0,1,0,0,0,0,0,1,0,0,0,0,0,0,1,11,1,28,0
986,117,18,0,0,0,1,0,1,0,0,0,0,0,0,1,0,0,10,2,28,0
9549,984,3788,1,0,0,0,0,0,0,0,1,0,0,1,0,0,0,4,79,73,1
8184,105,124,1,0,0,0,0,0,0,0,1,0,0,0,0,1,0,22,10,9,0
6734,767,94,0,1,0,0,0,1,0,0,0,1,0,0,0,0,0,19,18,22,0
334,137,75,0,1,0,0,0,1,0,0,0,1,0,0,0,0,0,10,3,29,0
7446,196,54,0,0,0,1,1,0,0,0,0,0,1,0,0,0,0,22,0,7,0
5382,697,70,1,0,0,0,0,0,0,1,0,0,1,0,0,0,0,11,15,8,0
5279,520,80,0,0,1,0,0,1,0,0,0,0,1,0,0,0,0,10,15,16,0
2346,976,234,1,0,0,0,0,0,1,0,0,0,0,0,1,0,0,19,2,14,0
3402,781,51,0,0,1,0,1,0,0,0,0,0,1,0,0,0,0,14,14,25,0
9253,997,164,0,0,0,1,0,0,0,0,1,0,0,0,0,0,1,8,10,6,0
6728,231,166,0,0,0,1,0,1,0,0,0,0,1,0,0,0,0,13,28,29,0
5708,16,101,0,1,0,0,0,0,0,0,1,0,0,0,0,1,0,16,3,3,0
8527,415,134,0,0,1,0,1,0,0,0,0,1,0,0,0,0,0,20,17,13,0
588,853,102,1,0,0,0,0,0,0,1,0,1,0,0,0,0,0,23,21,4,0
229,22,105,0,1,0,0,0,0,0,1,0,0,1,0,0,0,0,13,1,4,0
7842,422,102,0,0,0,1,0,0,0,1,0,0,0,0,1,0,0,19,11,29,0
9718,592,703,0,0,1,0,0,0,0,1,0,0,0,0,0,1,0,8,85,79,1
9592,793,4601,0,0,0,1,0,0,1,0,0,0,0,0,1,0,0,12,94,81,1
1332,313,95,1,0,0,0,0,0,1,0,0,0,0,0,1,0,0,13,15,25,0
9774,990,2767,0,1,0,0,1,0,0,0,0,0,0,0,0,1,0,16,93,73,1
2781,726,21,0,0,1,0,0,1,0,0,0,0,0,0,1,0,0,8,3,25,0
9911,593,3198,0,0,0,1,0,1,0,0,0,0,0,0,0,0,1,19,70,73,1
4217,94,88,0,0,0,1,0,1,0,0,0,0,0,0,1,0,0,18,23,17,0
1748,364,157,0,1,0,0,0,0,0,0,1,0,0,0,0,0,1,9,3,26,0
6161,693,129,0,0,0,1,0,1,0,0,0,0,1,0,0,0,0,22,10,2,0
9559,271,2836,1,0,0,0,1,0,0,0,0,0,0,0,1,0,0,4,85,80,1
8304,224,122,1,0,0,0,0,1,0,0,0,0,0,0,1,0,0,7,13,29,0
9169,649,43,0,1,0,0,0,0,0,1,0,0,0,0,0,0,1,16,11,27,0
278,648,119,1,0,0,0,0,0,0,1,0,0,0,0,1,0,0,6,23,17,0
9804,967,769,1,0,0,0,1,0,0,0,0,0,0,0,1,0,0,1,75,73,1
9646,694,1909,0,1,0,0,0,1,0,0,0,0,0,0,0,0,1,11,99,88,1
1005,83,77,0,0,1,0,1,0,0,0,0,0,1,0,0,0,0,10,29,2,0
9750,344,163,0,0,0,1,0,1,0,0,0,0,0,1,0,0,0,4,72,85,1
3125,905,111,0,0,1,0,0,0,0,1,0,0,0,0,0,0,1,10,21,12,0
3595,184,21,1,0,0,0,1,0,0,0,0,0,0,0,0,0,1,17,14,2,0
9428,457,64,0,0,0,1,0,0,1,0,0,0,1,0,0,0,0,16,28,28,0
3815,443,103,0,1,0,0,0,0,0,1,0,0,0,0,0,0,1,11,16,16,0
7760,180,169,0,0,1,0,0,1,0,0,0,0,1,0,0,0,0,19,13,7,0
8800,166,123,0,0,0,1,0,0,0,0,1,0,0,0,0,0,1,11,16,19,0
9426,557,41,0,0,1,0,1,0,0,0,0,0,0,0,0,0,1,17,17,21,0
8364,265,59,0,0,0,1,0,0,1,0,0,1,0,0,0,0,0,9,1,24,0
1043,944,105,0,1,0,0,0,0,1,0,0,1,0,0,0,0,0,10,20,18,0
7425,863,40,0,0,1,0,0,0,0,1,0,0,0,0,0,0,1,6,28,2,0
210,197,97,0,0,0,1,0,1,0,0,0,1,0,0,0,0,0,15,1,19,0
6542,842,180,0,0,1,0,1,0,0,0,0,0,1,0,0,0,0,22,26,20,0
4897,386,211,1,0,0,0,0,1,0,0,0,0,0,0,1,0,0,8,29,23,0
9519,95,984,1,0,0,0,0,1,0,0,0,0,0,0,0,0,1,7,96,72,1
2106,829,33,1,0,0,0,0,0,0,1,0,0,1,0,0,0,0,10,9,15,0
427,103,170,0,0,0,1,0,0,0,0,1,0,0,0,1,0,0,13,5,11,0
2741,451,154,0,1,0,0,0,1,0,0,0,0,1,0,0,0,0,19,25,18,0
1669,684,29,0,1,0,0,0,0,1,0,0,0,1,0,0,0,0,12,29,10,0
8592,464,54,0,0,1,0,0,0,0,0,1,0,0,0,0,0,1,19,21,18,0
1132,419,46,0,1,0,0,0,0,0,1,0,0,0,0,0,0,1,7,25,4,0
1130,896,48,0,0,1,0,0,0,0,0,1,0,0,0,1,0,0,13,8,3,0
4584,854,152,1,0,0,0,1,0,0,0,0,0,0,0,0,0,1,14,0,17,0
8338,638,128,0,1,0,0,1,0,0,0,0,0,0,0,1,0,0,19,10,13,0
7636,856,121,1,0,0,0,0,0,0,0,1,0,1,0,0,0,0,11,4,2,0
936,658,24,1,0,0,0,0,1,0,0,0,0,1,0,0,0,0,16,20,6,0
3772,727,149,1,0,0,0,0,0,0,0,1,1,0,0,0,0,0,12,25,6,0
249,651,98,0,1,0,0,1,0,0,0,0,0,1,0,0,0,0,15,27,29,0
1643,206,147,1,0,0,0,0,0,1,0,0,0,1,0,0,0,0,9,17,1,0
2020,894,113,0,1,0,0,0,1,0,0,0,0,0,0,1,0,0,19,25,12,0
1261,62,31,0,1,0,0,0,0,0,1,0,0,0,0,1,0,0,13,26,4,0
497,276,177,0,0,0,1,0,0,0,1,0,0,0,0,0,0,1,19,6,7,0
4989,477,145,1,0,0,0,1,0,0,0,0,0,0,0,1,0,0,12,5,23,0
7147,632,81,0,0,1,0,0,0,0,1,0,0,0,0,0,0,1,23,21,6,0
2740,958,113,0,0,0,1,0,0,1,0,0,0,1,0,0,0,0,14,5,4,0
5134,107,102,0,0,0,1,0,0,1,0,0,1,0,0,0,0,0,13,20,3,0
8792,75,53,0,1,0,0,0,1,0,0,0,0,0,0,0,1,0,21,23,12,0
7286,906,164,0,0,1,0,0,0,1,0,0,0,0,0,0,0,1,20,8,16,0
2620,574,38,0,0,1,0,0,0,0,0,1,0,0,0,0,1,0,10,13,15,0
3039,170,155,0,0,0,1,1,0,0,0,0,0,0,0,1,0,0,23,4,10,0
2099,911,85,0,1,0,0,1,0,0,0,0,0,1,0,0,0,0,9,20,18,0
7767,199,111,0,0,0,1,0,0,1,0,0,0,0,0,0,0,1,9,6,6,0
3657,15,58,0,0,0,1,0,0,0,0,1,0,0,0,1,0,0,14,14,28,0
7679,45,74,0,1,0,0,0,0,0,0,1,0,0,0,1,0,0,15,17,15,0
2486,572,122,1,0,0,0,0,1,0,0,0,0,0,0,0,1,0,16,14,28,0
7509,395,109,0,1,0,0,1,0,0,0,0,0,0,0,1,0,0,14,19,8,0
3313,439,85,1,0,0,0,0,0,1,0,0,1,0,0,0,0,0,17,8,28,0
9044,798,52,0,1,0,0,0,0,1,0,0,0,0,0,1,0,0,22,26,1,0
9595,52,177,1,0,0,0,0,1,0,0,0,0,1,0,0,0,0,4,88,79,1
3939,640,58,1,0,0,0,0,0,0,0,1,0,0,0,0,1,0,10,14,12,0
9573,4,10,0,1,0,0,0,1,0,0,0,0,0,0,1,0,0,23,70,94,1
7554,664,205,0,0,0,1,1,0,0,0,0,0,0,0,0,1,0,8,1,0,0
1081,801,55,0,1,0,0,0,1,0,0,0,0,0,0,1,0,0,14,28,16,0
5331,198,124,0,0,0,1,0,0,0,0,1,0,1,0,0,0,0,15,25,17,0
9433,819,104,0,0,1,0,0,0,0,1,0,0,0,0,1,0,0,16,18,3,0
3344,442,1,0,1,0,0,0,0,0,0,1,0,0,0,0,1,0,9,10,22,0
5406,819,182,0,0,0,1,0,0,1,0,0,0,0,0,1,0,0,8,6,10,0
8282,836,129,0,0,1,0,0,1,0,0,0,0,0,0,0,0,1,16,29,29,0
8624,212,152,1,0,0,0,1,0,0,0,0,0,0,0,1,0,0,11,9,11,0
3240,934,111,1,0,0,0,0,0,0,0,1,0,0,0,1,0,0,20,12,12,0
9290,725,72,0,0,0,1,0,0,0,0,1,0,0,0,0,0,1,15,26,14,0
2962,277,75,0,0,0,1,1,0,0,0,0,0,0,0,0,0,1,15,13,16,0
5342,366,230,0,1,0,0,0,0,0,1,0,0,0,0,0,0,1,11,14,3,0
3734,975,115,1,0,0,0,0,0,0,0,1,0,0,0,1,0,0,11,11,18,0
6663,631,150,0,1,0,0,0,1,0,0,0,0,0,0,0,1,0,21,26,7,0
9032,583,99,1,0,0,0,1,0,0,0,0,0,0,0,0,1,0,7,1,10,0
5273,214,2,0,0,0,1,0,0,1,0,0,0,0,0,1,0,0,8,12,2,0
5308,863,81,0,0,0,1,0,0,0,1,0,0,1,0,0,0,0,12,28,12,0
4020,163,70,0,1,0,0,0,0,0,0,1,0,0,0,0,0,1,9,18,11,0
8810,923,50,0,0,1,0,1,0,0,0,0,0,0,0,0,0,1,11,10,24,0
2122,71,165,1,0,0,0,0,0,0,1,0,0,1,0,0,0,0,8,5,12,0
5750,3,174,0,0,0,1,1,0,0,0,0,0,1,0,0,0,0,7,21,24,0
8227,370,154,0,0,1,0,0,0,1,0,0,0,0,0,1,0,0,19,27,18,0
9151,188,159,0,1,0,0,0,0,0,1,0,0,0,0,0,1,0,17,22,29,0
988,58,126,1,0,0,0,0,0,0,1,0,0,1,0,0,0,0,19,2,6,0
5133,970,156,0,1,0,0,0,1,0,0,0,0,0,0,0,0,1,15,14,0,0
1661,238,159,0,1,0,0,0,0,1,0,0,0,0,0,0,1,0,17,26,3,0
4275,309,102,0,0,0,1,0,1,0,0,0,0,0,0,0,0,1,14,4,17,0
7609,527,133,0,0,1,0,0,0,0,1,0,1,0,0,0,0,0,23,24,26,0
587,753,67,1,0,0,0,0,0,0,1,0,0,1,0,0,0,0,22,1,28,0
4089,950,122,1,0,0,0,0,0,0,1,0,0,0,0,0,1,0,13,27,8,0
6761,679,90,0,0,1,0,0,0,0,0,1,0,0,0,0,1,0,13,29,26,0
3321,438,135,0,0,1,0,0,0,0,0,1,0,0,0,0,0,1,9,10,12,0
6715,841,24,0,0,1,0,0,0,0,0,1,0,1,0,0,0,0,14,5,14,0
4641,291,91,1,0,0,0,0,0,1,0,0,0,0,0,1,0,0,14,15,27,0
7861,572,115,0,0,1,0,0,1,0,0,0,0,1,0,0,0,0,22,5,9,0
8312,61,124,0,1,0,0,0,0,1,0,0,0,0,0,0,1,0,12,6,7,0
6253,175,1,1,0,0,0,0,1,0,0,0,0,0,0,1,0,0,7,2,4,0
3038,817,257,0,0,1,0,0,0,0,1,0,1,0,0,0,0,0,14,5,26,0
1138,799,85,1,0,0,0,0,0,0,1,0,0,0,0,0,1,0,20,0,20,0
2626,914,107,0,0,0,1,0,0,1,0,0,0,1,0,0,0,0,16,17,27,0
5804,170,186,0,0,0,1,0,0,0,0,1,0,1,0,0,0,0,16,10,27,0
9360,951,122,1,0,0,0,0,1,0,0,0,0,0,0,0,1,0,16,19,6,0
5082,905,134,0,0,1,0,1,0,0,0,0,0,1,0,0,0,0,13,25,10,0
558,882,87,0,0,0,1,1,0,0,0,0,0,0,0,0,0,1,7,23,0,0
407,44,56,0,1,0,0,0,1,0,0,0,0,1,0,0,0,0,11,9,6,0
9274,336,101,0,0,0,1,0,0,0,0,1,0,0,0,1,0,0,7,0,19,0
395,227,84,0,0,1,0,1,0,0,0,0,0,0,0,0,0,1,7,0,18,0
8587,222,92,1,0,0,0,0,0,1,0,0,0,1,0,0,0,0,11,26,20,0
1931,87,13,0,0,0,1,0,0,1,0,0,0,1,0,0,0,0,22,10,21,0
2367,459,98,0,1,0,0,0,1,0,0,0,0,0,0,0,0,1,12,24,8,0
8665,367,68,1,0,0,0,1,0,0,0,0,0,0,0,0,1,0,22,0,25,0
8564,284,55,0,0,1,0,0,0,1,0,0,0,0,0,1,0,0,14,18,20,0
8955,27,60,0,0,1,0,0,1,0,0,0,0,1,0,0,0,0,10,7,12,0
12,203,67,0,1,0,0,0,0,0,1,0,0,1,0,0,0,0,18,1,9,0
1281,2,167,0,0,1,0,1,0,0,0,0,0,1,0,0,0,0,16,29,17,0
2897,194,170,0,1,0,0,0,0,0,1,0,0,0,0,1,0,0,9,2,8,0
3041,492,152,0,1,0,0,0,0,1,0,0,0,0,0,0,0,1,15,1,8,0
8465,177,134,0,1,0,0,0,0,0,1,0,0,0,0,0,1,0,8,7,17,0
7187,370,107,0,0,0,1,0,0,0,1,0,0,0,0,0,1,0,21,9,19,0
1959,63,110,0,0,1,0,0,1,0,0,0,0,0,0,1,0,0,16,29,20,0
4767,407,90,0,1,0,0,0,0,0,1,0,0,0,0,0,0,1,19,23,10,0
3717,154,59,0,1,0,0,0,0,1,0,0,1,0,0,0,0,0,15,19,26,0
9979,724,1463,0,0,0,1,0,0,0,0,1,0,0,0,0,0,1,16,88,77,1
6026,675,153,0,1,0,0,0,0,0,1,0,0,1,0,0,0,0,13,12,17,0
2756,758,56,0,0,0,1,0,0,0,1,0,1,0,0,0,0,0,13,8,27,0
9411,213,46,0,0,1,0,0,0,0,1,0,1,0,0,0,0,0,8,22,15,0
9855,69,4542,0,0,1,0,0,0,1,0,0,0,0,0,0,1,0,23,80,80,1
9520,356,2734,1,0,0,0,0,0,0,0,1,0,1,0,0,0,0,1,98,88,1
1705,607,139,0,0,0,1,1,0,0,0,0,1,0,0,0,0,0,10,9,9,0
4364,801,57,0,0,1,0,0,0,0,0,1,0,0,0,1,0,0,9,24,22,0
7793,638,164,0,0,0,1,0,1,0,0,0,0,0,0,1,0,0,22,27,5,0
8366,851,61,0,0,0,1,1,0,0,0,0,0,0,0,0,0,1,11,3,25,0
7890,529,98,1,0,0,0,0,0,0,0,1,1,0,0,0,0,0,8,1,12,0
2135,411,136,0,1,0,0,0,0,0,1,0,1,0,0,0,0,0,6,9,9,0
2345,287,139,0,1,0,0,0,0,0,0,1,0,0,0,1,0,0,6,11,19,0
3182,526,163,0,0,0,1,0,0,0,0,1,0,0,0,0,1,0,15,17,29,0
245,532,124,0,1,0,0,0,0,0,1,0,0,1,0,0,0,0,9,6,18,0
8075,197,171,1,0,0,0,0,0,0,1,0,0,0,0,0,0,1,6,29,25,0
3912,883,17,1,0,0,0,0,1,0,0,0,1,0,0,0,0,0,8,25,4,0
9469,146,123,0,0,0,1,0,0,0,0,1,0,1,0,0,0,0,13,24,22,0
690,587,103,1,0,0,0,1,0,0,0,0,0,0,0,0,1,0,10,17,19,0
6063,833,3,0,0,0,1,0,0,1,0,0,0,0,0,0,1,0,8,10,17,0
3699,133,152,0,0,1,0,0,1,0,0,0,0,1,0,0,0,0,12,0,18,0
8586,135,168,0,0,0,1,1,0,0,0,0,0,1,0,0,0,0,9,22,23,0
699,153,100,0,1,0,0,1,0,0,0,0,0,1,0,0,0,0,8,23,10,0
7320,190,178,0,1,0,0,0,1,0,0,0,0,1,0,0,0,0,20,15,29,0
7505,569,153,1,0,0,0,0,1,0,0,0,0,0,0,0,1,0,18,15,13,0
541,89,125,0,0,1,0,0,0,0,0,1,0,0,0,1,0,0,20,19,18,0
5416,545,89,0,0,1,0,1,0,0,0,0,0,0,0,0,1,0,21,19,25,0
3415,78,91,0,0,0,1,0,0,0,1,0,0,1,0,0,0,0,6,2,25,0
8684,263,182,1,0,0,0,0,1,0,0,0,1,0,0,0,0,0,8,19,22,0
6937,742,74,1,0,0,0,0,0,0,1,0,0,0,0,1,0,0,21,3,10,0
6074,455,111,1,0,0,0,0,0,0,0,1,0,1,0,0,0,0,9,28,1,0
6206,535,126,0,0,0,1,0,0,1,0,0,0,0,0,1,0,0,13,1,7,0
3207,82,98,0,0,0,1,0,0,1,0,0,0,0,0,1,0,0,11,7,11,0
1366,557,85,0,0,0,1,0,0,0,1,0,0,0,0,1,0,0,8,11,28,0
6442,473,75,0,1,0,0,0,0,0,1,0,0,1,0,0,0,0,17,3,19,0
9430,646,137,0,0,0,1,0,1,0,0,0,0,1,0,0,0,0,12,11,9,0
462,970,54,0,0,0,1,0,1,0,0,0,0,1,0,0,0,0,12,2,6,0
513,989,135,0,0,1,0,0,0,0,0,1,0,0,0,0,0,1,6,10,13,0
2836,952,159,0,0,0,1,0,1,0,0,0,0,1,0,0,0,0,15,3,5,0
6948,325,159,1,0,0,0,0,1,0,0,0,0,0,0,0,0,1,10,18,9,0
5739,562,90,0,1,0,0,0,1,0,0,0,0,0,0,0,1,0,14,21,24,0
9167,985,111,0,1,0,0,0,0,0,1,0,0,1,0,0,0,0,16,25,21,0
3562,171,60,0,0,0,1,0,0,0,0,1,0,1,0,0,0,0,12,1,9,0
5146,985,77,0,0,1,0,0,1,0,0,0,0,1,0,0,0,0,12,9,28,0
3140,419,23,0,0,1,0,0,1,0,0,0,0,1,0,0,0,0,22,7,27,0
5907,649,74,0,0,1,0,0,1,0,0,0,1,0,0,0,0,0,13,13,11,0
7964,90,94,0,0,0,1,0,0,0,1,0,0,1,0,0,0,0,23,14,1,0
788,964,110,0,0,1,0,0,0,0,0,1,0,0,0,1,0,0,19,25,11,0
3322,973,135,0,0,1,0,1,0,0,0,0,0,1,0,0,0,0,16,14,15,0
8320,519,106,0,0,1,0,0,0,0,1,0,0,0,0,0,1,0,20,17,16,0
7605,253,111,0,0,1,0,0,0,1,0,0,1,0,0,0,0,0,19,23,18,0
9613,874,4340,0,0,1,0,1,0,0,0,0,1,0,0,0,0,0,4,84,80,1
8572,30,60,0,0,1,0,0,1,0,0,0,1,0,0,0,0,0,16,16,21,0
3475,634,33,1,0,0,0,1,0,0,0,0,0,1,0,0,0,0,11,29,21,0
2431,600,97,0,0,0,1,0,0,0,1,0,0,0,0,0,1,0,23,14,5,0
3366,599,75,0,0,1,0,0,1,0,0,0,0,0,0,1,0,0,11,11,10,0
1740,298,196,0,0,0,1,0,1,0,0,0,0,0,0,0,0,1,10,28,21,0
1137,927,15,0,0,0,1,0,0,1,0,0,0,0,0,0,0,1,17,22,6,0
2777,68,106,0,1,0,0,0,0,0,1,0,1,0,0,0,0,0,15,2,13,0
6596,793,36,0,0,0,1,0,0,0,1,0,0,0,0,0,1,0,15,7,24,0
1105,265,129,1,0,0,0,0,0,0,0,1,0,1,0,0,0,0,6,13,8,0
887,108,159,0,0,0,1,0,0,1,0,0,0,0,0,0,0,1,11,3,5,0
4496,890,55,1,0,0,0,0,1,0,0,0,0,0,0,0,0,1,14,20,29,0
2303,492,59,0,0,0,1,0,0,1,0,0,0,0,0,0,0,1,11,17,24,0
9602,279,3260,0,0,1,0,0,1,0,0,0,1,0,0,0,0,0,4,73,90,1
2898,910,29,0,1,0,0,0,0,0,1,0,0,1,0,0,0,0,11,19,17,0
609,566,92,0,1,0,0,0,1,0,0,0,0,1,0,0,0,0,15,18,18,0
2872,375,127,0,0,1,0,1,0,0,0,0,0,0,0,0,0,1,10,22,8,0
9676,617,2328,1,0,0,0,1,0,0,0,0,0,0,0,1,0,0,13,96,79,1
8303,816,38,1,0,0,0,0,0,0,1,0,0,0,0,1,0,0,19,19,15,0
124,280,204,1,0,0,0,0,0,0,0,1,1,0,0,0,0,0,23,12,10,0
4636,186,133,0,0,0,1,0,1,0,0,0,0,0,0,1,0,0,12,24,23,0
7647,225,61,0,0,1,0,0,0,1,0,0,1,0,0,0,0,0,22,15,27,0
7701,966,132,0,1,0,0,0,0,1,0,0,0,0,0,0,0,1,23,12,27,0
8175,799,49,0,0,1,0,0,0,0,1,0,0,0,0,0,0,1,23,7,12,0
8823,652,142,0,1,0,0,0,0,0,0,1,0,0,0,0,0,1,13,16,9,0
28,487,19,0,1,0,0,1,0,0,0,0,0,1,0,0,0,0,11,5,29,0
4633,720,26,0,0,1,0,0,1,0,0,0,0,0,0,0,1,0,12,18,25,0
3443,380,49,0,0,1,0,0,0,0,0,1,0,0,0,1,0,0,8,15,18,0
4115,172,54,1,0,0,0,1,0,0,0,0,0,0,0,0,0,1,13,13,0,0
2003,539,50,0,0,0,1,0,0,0,0,1,1,0,0,0,0,0,7,2,23,0
5264,521,172,0,0,0,1,0,0,1,0,0,1,0,0,0,0,0,6,8,0,0
8311,168,155,0,0,1,0,0,1,0,0,0,0,0,0,0,1,0,14,4,12,0
8905,71,37,0,0,1,0,0,0,0,1,0,0,0,0,0,0,1,20,22,27,0
9925,888,10,0,1,0,0,0,0,0,1,0,0,0,0,0,0,1,21,93,85,1
5911,687,116,0,1,0,0,0,0,0,0,1,0,0,0,1,0,0,21,28,2,0
4208,445,80,1,0,0,0,0,0,0,0,1,0,0,0,0,0,1,15,4,11,0
8133,452,108,0,0,0,1,0,0,0,0,1,1,0,0,0,0,0,10,15,19,0
6868,600,107,0,0,1,0,0,0,1,0,0,0,0,0,0,1,0,12,14,25,0
4312,68,67,0,0,1,0,0,0,0,0,1,0,0,0,1,0,0,9,2,9,0
6381,389,220,0,0,0,1,1,0,0,0,0,1,0,0,0,0,0,12,28,17,0
629,545,37,1,0,0,0,0,0,1,0,0,0,0,0,0,0,1,14,25,7,0
5586,145,34,0,0,0,1,0,0,1,0,0,0,1,0,0,0,0,12,23,25,0
9969,729,796,0,0,0,1,1,0,0,0,0,0,0,1,0,0,0,20,75,71,1
6183,576,117,1,0,0,0,0,0,0,0,1,0,0,0,0,0,1,18,22,13,0
6820,25,100,0,0,1,0,1,0,0,0,0,0,1,0,0,0,0,23,20,29,0
3980,153,63,1,0,0,0,0,0,0,0,1,0,0,0,0,0,1,16,14,17,0
9668,500,2534,0,0,1,0,0,0,0,1,0,0,0,0,0,1,0,18,81,71,1
6128,602,125,0,0,1,0,0,1,0,0,0,0,1,0,0,0,0,6,4,24,0
3019,224,163,1,0,0,0,1,0,0,0,0,0,0,0,0,0,1,23,1,17,0
9912,232,5975,0,1,0,0,0,1,0,0,0,0,1,0,0,0,0,10,70,87,1
5353,79,80,0,0,1,0,0,0,0,1,0,0,0,0,0,1,0,12,27,15,0
2541,277,191,0,0,0,1,0,0,0,0,1,0,1,0,0,0,0,21,17,5,0
9989,517,10,0,1,0,0,0,0,1,0,0,0,0,1,0,0,0,14,70,99,1
8496,413,176,1,0,0,0,0,0,1,0,0,0,1,0,0,0,0,15,10,26,0
5990,110,69,0,0,1,0,0,0,1,0,0,1,0,0,0,0,0,18,15,5,0
5983,734,61,1,0,0,0,0,0,0,0,1,0,0,0,0,0,1,11,26,11,0
6383,681,130,0,0,1,0,1,0,0,0,0,1,0,0,0,0,0,17,26,24,0
9897,380,641,1,0,0,0,0,1,0,0,0,0,0,0,0,1,0,12,97,94,1
1934,72,47,0,0,1,0,0,0,1,0,0,0,0,0,0,0,1,15,28,9,0
6197,330,64,1,0,0,0,0,0,0,1,0,1,0,0,0,0,0,12,13,8,0
6738,436,176,0,0,0,1,0,0,1,0,0,0,0,0,1,0,0,12,12,25,0
592,136,148,0,0,0,1,0,0,0,1,0,0,0,0,0,1,0,7,23,15,0
1592,354,85,0,0,1,0,0,0,1,0,0,0,0,0,0,1,0,11,5,3,0
9597,672,10,1,0,0,0,0,0,1,0,0,0,0,0,0,0,1,3,77,81,1
9208,906,54,0,1,0,0,0,0,0,0,1,0,0,0,0,1,0,20,29,23,0
9577,797,4765,1,0,0,0,1,0,0,0,0,0,0,0,0,0,1,21,76,75,1
4694,151,145,1,0,0,0,0,0,0,1,0,0,0,0,0,0,1,19,6,9,0
8543,704,88,1,0,0,0,0,0,1,0,0,1,0,0,0,0,0,7,22,9,0
4831,86,108,0,0,1,0,0,0,0,1,0,0,0,0,1,0,0,22,5,20,0
5954,564,154,0,1,0,0,0,0,0,1,0,0,0,0,1,0,0,15,10,20,0
2389,578,64,1,0,0,0,0,0,0,1,0,0,1,0,0,0,0,11,1,6,0
4493,948,178,1,0,0,0,1,0,0,0,0,0,0,0,0,0,1,16,29,4,0
831,9,190,1,0,0,0,0,0,0,0,1,0,0,0,0,0,1,15,25,24,0
7677,975,49,0,0,1,0,0,1,0,0,0,1,0,0,0,0,0,18,29,22,0
7144,845,99,0,0,0,1,1,0,0,0,0,0,0,0,0,0,1,8,5,1,0
2519,959,161,1,0,0,0,0,0,0,1,0,0,1,0,0,0,0,21,17,9,0
5123,796,149,0,1,0,0,0,0,0,1,0,0,1,0,0,0,0,17,27,8,0
8441,756,155,0,0,1,0,1,0,0,0,0,0,0,0,0,0,1,8,28,17,0
5867,395,167,0,1,0,0,0,0,0,1,0,0,0,0,0,1,0,9,21,14,0
4935,870,147,1,0,0,0,0,0,0,0,1,0,1,0,0,0,0,17,6,24,0
1494,744,96,0,0,0,1,0,0,1,0,0,0,0,0,0,0,1,18,28,13,0
7576,578,102,0,1,0,0,0,0,0,1,0,0,1,0,0,0,0,21,23,9,0
9652,694,303,0,0,0,1,0,0,0,0,1,0,0,0,1,0,0,10,86,84,1
8229,486,92,1,0,0,0,0,0,1,0,0,0,1,0,0,0,0,19,12,20,0
7671,132,245,1,0,0,0,0,0,1,0,0,0,0,0,1,0,0,23,3,17,0
7211,667,102,1,0,0,0,0,0,0,1,0,0,1,0,0,0,0,17,9,11,0
3917,701,190,0,0,1,0,0,0,0,0,1,0,0,0,1,0,0,9,1,26,0
9799,816,2170,0,0,0,1,0,0,0,1,0,0,0,0,0,0,1,11,98,98,1
844,752,86,1,0,0,0,1,0,0,0,0,0,0,0,1,0,0,22,28,28,0
2786,236,167,1,0,0,0,1,0,0,0,0,0,0,0,0,1,0,19,29,5,0
9489,596,89,0,0,1,0,0,0,0,0,1,0,0,0,0,1,0,18,24,0,0
7753,949,160,1,0,0,0,0,1,0,0,0,0,0,0,0,1,0,21,1,4,0
4736,432,1,0,0,1,0,0,1,0,0,0,0,0,0,1,0,0,13,29,4,0
8242,577,72,0,0,0,1,0,1,0,0,0,0,0,0,0,0,1,17,12,11,0
9610,647,10,0,0,1,0,0,1,0,0,0,0,1,0,0,0,0,5,83,95,1
906,487,111,1,0,0,0,0,0,0,0,1,0,1,0,0,0,0,6,18,1,0
838,110,118,1,0,0,0,1,0,0,0,0,0,0,0,0,1,0,21,9,23,0
4293,633,79,0,0,0,1,0,0,0,1,0,0,0,0,0,0,1,11,13,12,0
9275,675,81,1,0,0,0,0,0,0,1,0,0,0,0,1,0,0,22,26,13,0
85,745,66,1,0,0,0,0,0,1,0,0,1,0,0,0,0,0,15,7,12,0
8975,939,142,1,0,0,0,0,0,1,0,0,0,0,0,0,0,1,17,12,27,0
673,900,132,0,0,0,1,0,1,0,0,0,1,0,0,0,0,0,17,28,14,0
3178,316,167,0,0,1,0,0,1,0,0,0,1,0,0,0,0,0,10,16,25,0
370,733,149,0,1,0,0,0,0,0,0,1,0,0,0,0,0,1,18,29,16,0
8246,699,104,1,0,0,0,0,0,1,0,0,1,0,0,0,0,0,17,9,24,0
7216,980,139,0,0,1,0,0,0,1,0,0,1,0,0,0,0,0,10,27,5,0
8047,267,51,0,0,1,0,0,0,0,1,0,0,0,0,0,1,0,15,24,16,0
5712,808,254,0,1,0,0,0,1,0,0,0,0,1,0,0,0,0,15,6,8,0
9256,166,165,0,0,1,0,0,0,0,0,1,0,0,0,0,1,0,18,6,26,0
8000,632,44,0,0,0,1,0,0,0,0,1,0,1,0,0,0,0,15,8,17,0
8458,628,66,0,0,1,0,0,0,0,1,0,0,0,0,0,1,0,15,18,23,0
6622,445,131,0,0,1,0,0,0,0,0,1,0,1,0,0,0,0,9,29,23,0
1935,930,189,0,0,1,0,0,1,0,0,0,0,1,0,0,0,0,20,25,3,0
4404,67,88,0,0,0,1,0,0,0,1,0,0,0,0,0,0,1,18,7,2,0
2282,701,157,1,0,0,0,0,1,0,0,0,0,0,0,0,1,0,13,24,7,0
7870,358,85,0,0,0,1,0,1,0,0,0,0,0,0,1,0,0,22,21,8,0
2642,64,121,0,1,0,0,0,0,0,0,1,1,0,0,0,0,0,22,4,3,0
501,293,148,0,1,0,0,0,0,0,0,1,0,0,0,1,0,0,19,22,28,0
3972,478,71,1,0,0,0,0,0,1,0,0,0,0,0,1,0,0,17,5,28,0
5732,356,122,0,0,1,0,0,0,0,1,0,0,1,0,0,0,0,11,7,3,0
5473,265,1,0,0,1,0,1,0,0,0,0,0,0,0,1,0,0,7,9,25,0
9093,603,104,0,0,1,0,1,0,0,0,0,0,0,0,0,1,0,21,16,12,0
3684,984,79,0,0,1,0,0,1,0,0,0,0,1,0,0,0,0,22,6,4,0
3279,678,46,0,0,1,0,0,1,0,0,0,0,0,0,1,0,0,14,3,3,0
4041,668,58,0,0,0,1,0,0,0,1,0,1,0,0,0,0,0,14,5,8,0
4565,218,110,1,0,0,0,0,0,1,0,0,0,1,0,0,0,0,13,17,4,0
3234,640,171,0,1,0,0,1,0,0,0,0,0,1,0,0,0,0,7,25,11,0
7006,225,238,0,0,1,0,1,0,0,0,0,0,1,0,0,0,0,14,1,20,0
2971,617,165,0,0,1,0,0,1,0,0,0,0,0,0,0,1,0,10,17,21,0
1579,135,77,0,1,0,0,0,0,1,0,0,0,0,0,0,1,0,21,8,13,0
4514,692,188,1,0,0,0,0,0,0,0,1,0,0,0,0,0,1,23,14,4,0
2873,803,81,0,0,1,0,0,0,0,1,0,0,0,0,1,0,0,20,10,29,0
6134,816,135,0,1,0,0,0,1,0,0,0,0,0,0,0,0,1,17,19,7,0
3659,194,61,0,1,0,0,0,1,0,0,0,0,0,0,1,0,0,7,6,24,0
6922,185,161,0,0,0,1,1,0,0,0,0,0,1,0,0,0,0,6,16,25,0
9975,554,10,1,0,0,0,0,0,1,0,0,0,0,0,0,1,0,13,73,86,1
1134,236,179,1,0,0,0,0,1,0,0,0,0,0,0,0,1,0,11,22,18,0
7865,978,107,0,1,0,0,0,0,0,0,1,0,0,0,0,1,0,7,16,14,0
8353,137,150,0,0,0,1,1,0,0,0,0,0,0,0,0,1,0,9,3,24,0
693,402,29,1,0,0,0,0,0,1,0,0,0,0,0,0,1,0,7,26,25,0
752,876,152,0,0,0,1,0,0,1,0,0,0,0,0,0,0,1,6,16,1,0
4186,86,48,0,1,0,0,0,0,0,0,1,0,1,0,0,0,0,13,2,28,0
6533,824,32,1,0,0,0,0,0,0,1,0,1,0,0,0,0,0,17,0,15,0
130,543,161,0,0,0,1,1,0,0,0,0,0,0,0,1,0,0,6,23,26,0
1094,442,68,0,0,0,1,0,0,0,1,0,0,0,0,0,0,1,18,9,29,0
5390,527,135,0,0,0,1,0,0,1,0,0,1,0,0,0,0,0,6,12,9,0
1520,715,49,0,0,0,1,1,0,0,0,0,0,1,0,0,0,0,6,18,22,0
3297,853,85,0,0,1,0,0,0,0,1,0,1,0,0,0,0,0,17,22,16,0
196,618,106,0,0,1,0,0,0,0,1,0,0,1,0,0,0,0,15,13,26,0
8890,697,93,0,1,0,0,0,0,0,0,1,1,0,0,0,0,0,22,17,3,0
8469,925,116,1,0,0,0,1,0,0,0,0,0,1,0,0,0,0,8,3,19,0
1713,687,31,0,0,0,1,0,0,0,0,1,0,0,0,1,0,0,15,5,1,0
3283,101,133,1,0,0,0,0,1,0,0,0,1,0,0,0,0,0,10,21,6,0
3453,929,51,0,0,0,1,0,0,1,0,0,1,0,0,0,0,0,12,15,24,0
5075,765,59,1,0,0,0,1,0,0,0,0,0,0,0,0,1,0,18,18,20,0
1291,644,126,0,0,1,0,0,0,1,0,0,0,0,0,0,0,1,6,5,12,0
6898,145,100,0,0,1,0,0,0,0,0,1,1,0,0,0,0,0,10,9,1,0
6203,921,91,1,0,0,0,0,0,0,1,0,0,1,0,0,0,0,19,26,29,0
9004,750,86,0,0,1,0,0,0,0,0,1,0,0,0,0,0,1,10,29,28,0
2606,753,89,0,0,0,1,0,1,0,0,0,0,1,0,0,0,0,13,25,29,0
5449,57,102,0,0,1,0,0,0,0,0,1,0,0,0,1,0,0,20,11,27,0
7598,406,54,1,0,0,0,0,0,0,1,0,1,0,0,0,0,0,20,1,12,0
5692,617,103,0,0,1,0,0,0,0,0,1,0,0,0,0,0,1,14,16,3,0
3382,365,64,0,1,0,0,1,0,0,0,0,0,0,0,0,1,0,20,19,24,0
2309,944,93,0,1,0,0,0,0,0,0,1,0,0,0,0,0,1,12,4,2,0
6153,884,80,0,0,0,1,0,0,1,0,0,0,0,0,0,1,0,10,2,11,0
7869,874,39,0,0,1,0,0,0,0,0,1,1,0,0,0,0,0,22,9,16,0
9875,545,10,0,1,0,0,1,0,0,0,0,0,0,1,0,0,0,17,81,86,1
49,675,110,1,0,0,0,0,0,1,0,0,0,0,0,0,1,0,9,13,28,0
5159,516,111,0,0,1,0,0,1,0,0,0,1,0,0,0,0,0,10,12,16,0
7285,379,108,1,0,0,0,0,0,0,1,0,1,0,0,0,0,0,10,12,29,0
6603,960,76,1,0,0,0,1,0,0,0,0,0,0,0,0,1,0,23,9,20,0
4773,536,189,0,0,0,1,0,0,0,0,1,0,1,0,0,0,0,16,29,3,0
3445,741,132,1,0,0,0,0,0,0,1,0,0,1,0,0,0,0,21,21,1,0
7415,560,100,0,1,0,0,0,1,0,0,0,1,0,0,0,0,0,17,2,24,0
3994,622,29,0,0,0,1,0,0,0,1,0,1,0,0,0,0,0,18,15,6,0
386,637,178,1,0,0,0,0,0,0,1,0,0,0,0,0,0,1,16,14,24,0
7692,885,106,0,1,0,0,0,0,0,0,1,0,0,0,0,0,1,12,11,11,0
4097,518,127,0,0,0,1,1,0,0,0,0,0,0,0,1,0,0,20,26,14,0
9259,281,75,0,0,1,0,0,0,0,1,0,0,0,0,0,1,0,16,27,23,0
4319,487,157,0,1,0,0,0,0,0,0,1,0,1,0,0,0,0,13,2,23,0
3795,252,1,1,0,0,0,0,0,0,1,0,1,0,0,0,0,0,8,15,26,0
8037,738,97,1,0,0,0,0,0,0,1,0,1,0,0,0,0,0,13,15,27,0
1962,924,141,1,0,0,0,0,0,1,0,0,0,0,0,1,0,0,20,12,15,0
1013,127,150,1,0,0,0,0,0,1,0,0,0,0,0,0,1,0,15,8,4,0
7906,400,118,0,1,0,0,0,1,0,0,0,0,0,0,0,1,0,10,20,23,0
8097,871,86,0,1,0,0,0,1,0,0,0,0,1,0,0,0,0,8,19,1,0
4393,834,25,0,1,0,0,0,0,0,0,1,1,0,0,0,0,0,7,11,6,0
9238,950,159,0,0,1,0,0,0,1,0,0,0,0,0,1,0,0,19,10,9,0
7723,393,127,0,1,0,0,0,1,0,0,0,1,0,0,0,0,0,16,23,15,0
7882,454,33,0,0,1,0,0,0,1,0,0,0,0,0,1,0,0,13,9,26,0
2027,10,84,0,0,0,1,0,0,0,0,1,0,0,0,1,0,0,16,23,13,0
1451,70,146,0,0,1,0,0,0,0,0,1,0,0,0,1,0,0,17,17,22,0
2103,186,74,0,0,0,1,0,0,1,0,0,0,0,0,0,0,1,7,19,15,0
6682,451,117,0,0,1,0,0,0,0,0,1,0,0,0,0,1,0,18,4,6,0
4272,13,95,0,0,0,1,0,0,0,0,1,0,0,0,1,0,0,20,24,19,0
6609,557,111,0,1,0,0,0,0,0,0,1,0,0,0,0,1,0,7,23,11,0
9846,296,3010,1,0,0,0,1,0,0,0,0,0,0,0,0,0,1,4,82,97,1
8422,981,85,0,0,0,1,1,0,0,0,0,0,1,0,0,0,0,21,22,23,0
2101,806,12,0,0,1,0,1,0,0,0,0,1,0,0,0,0,0,19,26,27,0
8911,726,75,0,0,1,0,0,0,1,0,0,0,0,0,1,0,0,12,25,9,0
1510,231,93,0,0,0,1,1,0,0,0,0,0,0,0,0,0,1,18,12,5,0
2896,796,56,0,0,1,0,0,0,0,1,0,0,0,0,1,0,0,22,27,4,0
9705,330,1944,0,1,0,0,0,0,0,0,1,0,0,1,0,0,0,17,88,76,1
9557,321,10,0,0,1,0,0,0,0,0,1,0,0,1,0,0,0,4,89,98,1
7749,356,149,0,0,1,0,0,0,1,0,0,1,0,0,0,0,0,20,20,14,0
2350,699,87,1,0,0,0,0,0,1,0,0,0,0,0,0,0,1,23,27,22,0
6318,670,48,1,0,0,0,0,0,0,1,0,1,0,0,0,0,0,10,19,12,0
7481,359,136,0,1,0,0,0,0,0,0,1,0,1,0,0,0,0,7,0,17,0
3353,323,23,0,1,0,0,1,0,0,0,0,1,0,0,0,0,0,13,15,19,0
8933,191,129,0,0,0,1,0,0,0,0,1,0,0,0,0,0,1,21,7,17,0
4336,250,87,1,0,0,0,0,0,1,0,0,1,0,0,0,0,0,16,9,4,0
4397,617,19,0,0,1,0,1,0,0,0,0,0,1,0,0,0,0,12,20,23,0
415,156,44,1,0,0,0,0,1,0,0,0,0,1,0,0,0,0,15,9,5,0
2295,423,153,0,0,1,0,0,0,1,0,0,0,1,0,0,0,0,12,22,11,0
6499,407,175,0,0,0,1,0,0,0,0,1,0,0,0,0,1,0,10,3,5,0
32,578,6,1,0,0,0,0,1,0,0,0,0,1,0,0,0,0,8,6,16,0
1652,790,152,1,0,0,0,0,0,0,0,1,0,0,0,0,0,1,9,25,3,0
5179,751,65,0,1,0,0,0,0,0,0,1,0,0,0,0,0,1,19,3,25,0
1440,559,68,1,0,0,0,0,1,0,0,0,0,0,0,0,0,1,6,0,5,0
7700,241,43,0,1,0,0,0,0,0,1,0,0,0,0,1,0,0,8,0,5,0
5885,763,95,0,1,0,0,0,0,0,0,1,0,1,0,0,0,0,10,23,29,0
4916,13,73,0,0,1,0,0,0,0,0,1,1,0,0,0,0,0,15,20,10,0
8463,849,135,0,1,0,0,0,0,1,0,0,0,0,0,0,0,1,21,29,10,0
619,875,60,1,0,0,0,0,0,0,1,0,0,0,0,0,1,0,7,6,5,0
2847,998,51,1,0,0,0,0,0,0,0,1,0,0,0,0,1,0,19,25,8,0
5808,106,66,0,0,1,0,0,0,0,1,0,0,0,0,0,0,1,16,12,15,0
4751,642,113,1,0,0,0,0,0,0,0,1,0,1,0,0,0,0,20,1,9,0
4700,495,124,0,0,1,0,0,1,0,0,0,0,0,0,0,1,0,8,27,19,0
6486,996,4,0,0,0,1,0,0,0,0,1,0,0,0,0,1,0,16,24,2,0
9756,384,2799,1,0,0,0,0,0,1,0,0,0,0,0,0,1,0,7,81,93,1
5004,555,172,0,0,0,1,0,1,0,0,0,1,0,0,0,0,0,14,18,25,0
5312,250,79,0,1,0,0,1,0,0,0,0,0,1,0,0,0,0,6,2,23,0
5872,394,183,0,0,1,0,0,0,0,0,1,0,0,0,0,0,1,22,2,21,0
8952,584,122,0,0,0,1,1,0,0,0,0,1,0,0,0,0,0,11,22,2,0
5928,836,132,0,0,0,1,0,0,1,0,0,0,0,0,1,0,0,6,28,12,0
5431,986,83,0,0,1,0,0,1,0,0,0,0,1,0,0,0,0,15,19,16,0
7756,551,64,0,0,1,0,0,0,1,0,0,0,0,0,0,1,0,20,7,16,0
5689,696,123,0,0,1,0,0,0,1,0,0,1,0,0,0,0,0,12,24,3,0
1752,654,82,0,0,1,0,1,0,0,0,0,0,0,0,0,0,1,7,2,5,0
4629,526,164,0,0,0,1,0,1,0,0,0,0,1,0,0,0,0,13,4,28,0
6519,557,146,0,0,0,1,1,0,0,0,0,0,0,0,0,0,1,7,20,21,0
3365,820,97,0,0,1,0,1,0,0,0,0,0,0,0,0,1,0,16,4,13,0
7549,967,115,0,1,0,0,0,0,0,1,0,1,0,0,0,0,0,22,11,16,0
2668,193,61,0,0,1,0,0,0,0,0,1,1,0,0,0,0,0,8,27,6,0
4334,156,49,0,0,0,1,1,0,0,0,0,0,1,0,0,0,0,11,24,9,0
9960,284,10,1,0,0,0,0,0,1,0,0,0,0,0,0,1,0,9,83,85,1
595,547,93,1,0,0,0,0,0,1,0,0,0,1,0,0,0,0,13,16,4,0
8056,140,111,0,0,0,1,1,0,0,0,0,0,0,0,0,0,1,13,1,20,0
6033,386,112,0,0,0,1,0,0,1,0,0,0,0,0,0,0,1,19,27,1,0
6439,203,91,0,0,1,0,0,0,0,0,1,0,0,0,0,1,0,10,28,15,0
442,570,113,0,1,0,0,0,1,0,0,0,0,0,0,0,0,1,16,25,18,0
9985,392,10,0,0,0,1,0,0,0,0,1,0,0,0,0,1,0,12,80,94,1
5638,988,165,1,0,0,0,1,0,0,0,0,0,1,0,0,0,0,15,11,21,0
2327,997,20,1,0,0,0,1,0,0,0,0,0,0,0,0,0,1,11,15,23,0
6450,514,26,0,1,0,0,0,1,0,0,0,0,0,0,0,1,0,22,8,25,0
7051,839,137,1,0,0,0,0,1,0,0,0,0,1,0,0,0,0,20,2,28,0
6376,892,150,1,0,0,0,0,0,1,0,0,0,0,0,0,1,0,19,0,4,0
3359,651,163,0,0,0,1,0,0,0,0,1,0,0,0,0,1,0,11,16,24,0
9550,938,10,1,0,0,0,0,1,0,0,0,0,0,1,0,0,0,5,96,80,1
4582,78,162,1,0,0,0,1,0,0,0,0,1,0,0,0,0,0,17,23,0,0
2644,799,20,0,0,1,0,1,0,0,0,0,0,1,0,0,0,0,16,0,13,0
1050,97,60,0,0,1,0,0,0,0,1,0,1,0,0,0,0,0,13,15,20,0
1974,49,153,0,0,1,0,0,1,0,0,0,0,1,0,0,0,0,21,15,2,0
348,739,34,1,0,0,0,0,0,0,0,1,0,0,0,0,1,0,15,16,21,0
8765,291,101,1,0,0,0,0,0,0,1,0,0,0,0,0,0,1,8,4,3,0
4009,365,122,0,0,0,1,0,0,1,0,0,0,0,0,0,0,1,12,5,12,0
1391,498,77,0,0,0,1,0,0,0,0,1,0,0,0,1,0,0,22,25,22,0
6751,361,42,0,0,0,1,0,0,0,0,1,0,0,0,1,0,0,12,18,29,0
1107,78,51,0,1,0,0,0,0,0,0,1,0,1,0,0,0,0,16,7,20,0
1703,892,96,0,0,0,1,0,1,0,0,0,0,0,0,0,0,1,6,5,15,0
3423,180,191,0,1,0,0,0,0,0,0,1,0,0,0,0,1,0,9,29,10,0
2137,236,99,0,1,0,0,0,1,0,0,0,0,0,0,0,0,1,21,26,4,0
5955,910,95,1,0,0,0,1,0,0,0,0,0,0,0,0,1,0,10,15,21,0
601,254,56,0,0,0,1,0,0,0,0,1,1,0,0,0,0,0,13,6,6,0
6784,672,146,0,0,0,1,0,0,0,1,0,0,1,0,0,0,0,10,8,24,0
3683,368,112,0,0,1,0,1,0,0,0,0,0,1,0,0,0,0,23,4,23,0
235,928,32,0,0,1,0,0,0,1,0,0,1,0,0,0,0,0,10,10,9,0
8269,546,17,0,0,0,1,0,0,0,0,1,0,0,0,0,1,0,12,10,25,0
5110,791,82,0,0,1,0,0,1,0,0,0,0,0,0,0,1,0,14,0,9,0
2751,533,85,0,0,0,1,0,1,0,0,0,0,0,0,0,0,1,21,11,8,0
9136,990,98,0,0,1,0,0,1,0,0,0,0,1,0,0,0,0,20,3,13,0
6388,81,53,0,0,0,1,0,1,0,0,0,0,0,0,0,1,0,21,17,20,0
8068,699,127,0,1,0,0,1,0,0,0,0,0,0,0,0,0,1,21,9,29,0
1779,694,125,0,0,0,1,0,0,0,0,1,0,0,0,0,0,1,21,27,5,0
8207,451,13,0,0,1,0,0,0,1,0,0,0,0,0,0,0,1,14,0,17,0
4157,178,172,0,1,0,0,0,1,0,0,0,0,1,0,0,0,0,17,11,2,0
4595,286,65,0,0,1,0,1,0,0,0,0,0,0,0,0,1,0,13,27,13,0
8179,370,121,1,0,0,0,0,0,0,1,0,0,1,0,0,0,0,10,12,13,0
4222,662,85,0,1,0,0,0,0,0,0,1,0,0,0,1,0,0,21,29,13,0
7130,14,27,0,0,0,1,0,0,0,0,1,0,1,0,0,0,0,11,17,7,0
7487,797,139,0,1,0,0,0,0,0,1,0,0,1,0,0,0,0,18,29,19,0
6593,753,132,0,0,1,0,0,1,0,0,0,0,1,0,0,0,0,7,7,6,0
1850,181,11,0,1,0,0,0,0,0,0,1,1,0,0,0,0,0,14,0,27,0
2246,363,143,1,0,0,0,0,0,0,0,1,0,0,0,0,1,0,21,21,6,0
4729,947,156,0,0,0,1,0,1,0,0,0,0,0,0,0,0,1,11,6,22,0
1060,153,147,1,0,0,0,0,0,1,0,0,0,1,0,0,0,0,16,8,6,0
9317,396,125,1,0,0,0,0,0,1,0,0,0,0,0,1,0,0,14,26,27,0
2006,636,114,1,0,0,0,0,0,0,1,0,0,0,0,0,1,0,8,11,16,0
8211,145,169,1,0,0,0,0,0,0,1,0,0,1,0,0,0,0,15,16,7,0
5421,991,47,0,0,1,0,1,0,0,0,0,0,0,0,0,0,1,11,23,18,0
5790,261,6,0,0,0,1,0,0,0,1,0,0,0,0,0,0,1,20,17,0,0
211,623,79,0,1,0,0,0,0,0,1,0,0,0,0,0,1,0,16,24,13,0
5639,81,72,0,0,1,0,0,0,1,0,0,0,0,0,0,1,0,15,10,21,0
1641,299,93,0,0,0,1,0,1,0,0,0,0,0,0,0,0,1,9,10,18,0
8907,897,78,0,1,0,0,1,0,0,0,0,0,0,0,1,0,0,11,22,14,0
1400,539,178,0,0,0,1,1,0,0,0,0,0,0,0,0,0,1,8,1,2,0
3129,657,79,0,0,1,0,0,0,0,0,1,0,0,0,0,1,0,12,6,16,0
2058,776,95,0,1,0,0,0,1,0,0,0,0,1,0,0,0,0,20,8,12,0
6914,432,38,1,0,0,0,0,0,0,1,0,0,0,0,1,0,0,16,2,5,0
8743,557,127,0,0,1,0,0,0,1,0,0,0,0,0,0,1,0,18,13,26,0
490,421,143,0,0,0,1,0,0,0,0,1,1,0,0,0,0,0,13,24,25,0
5346,810,52,0,0,1,0,0,0,0,1,0,0,0,0,1,0,0,19,19,0,0
3142,205,83,0,0,1,0,1,0,0,0,0,0,1,0,0,0,0,7,21,12,0
703,461,66,0,0,0,1,0,0,0,1,0,0,0,0,1,0,0,10,11,22,0
9460,624,102,0,1,0,0,0,0,0,0,1,0,1,0,0,0,0,20,26,9,0
9600,93,1045,0,1,0,0,1,0,0,0,0,0,1,0,0,0,0,18,95,91,1
1031,321,153,0,0,0,1,0,0,0,1,0,0,0,0,1,0,0,18,23,10,0
7123,411,122,0,1,0,0,0,0,0,0,1,1,0,0,0,0,0,12,29,4,0
1374,615,80,0,0,0,1,0,0,1,0,0,0,1,0,0,0,0,15,23,7,0
6251,160,122,0,0,1,0,0,0,0,1,0,1,0,0,0,0,0,9,15,29,0
6473,844,78,0,0,1,0,1,0,0,0,0,1,0,0,0,0,0,16,4,4,0
7296,873,124,1,0,0,0,0,1,0,0,0,0,0,0,0,1,0,23,25,9,0
3943,929,117,0,1,0,0,0,1,0,0,0,0,0,0,1,0,0,16,8,23,0
2403,4,112,0,1,0,0,1,0,0,0,0,0,0,0,1,0,0,23,9,14,0
8760,661,116,1,0,0,0,0,0,0,1,0,0,1,0,0,0,0,18,17,23,0
893,473,80,0,0,0,1,0,0,1,0,0,0,0,0,0,0,1,20,16,11,0
3058,795,141,0,0,0,1,0,0,0,0,1,0,0,0,0,0,1,6,14,26,0
8595,653,118,0,1,0,0,1,0,0,0,0,0,0,0,1,0,0,14,14,21,0
1509,56,70,1,0,0,0,1,0,0,0,0,0,1,0,0,0,0,15,18,26,0
5720,497,116,1,0,0,0,0,0,0,1,0,0,1,0,0,0,0,8,1,14,0
5550,16,129,0,0,1,0,0,0,0,1,0,0,0,0,0,1,0,18,17,1,0
8425,457,53,0,0,1,0,0,0,1,0,0,0,1,0,0,0,0,18,18,15,0
2616,555,188,0,0,1,0,1,0,0,0,0,0,0,0,1,0,0,8,13,21,0
1066,494,1,1,0,0,0,0,0,0,1,0,0,0,0,1,0,0,11,4,16,0
5199,460,55,1,0,0,0,0,0,0,0,1,0,0,0,0,0,1,17,12,7,0
7339,431,145,0,0,0,1,0,0,0,0,1,1,0,0,0,0,0,19,8,17,0
6958,343,1,0,0,1,0,0,0,0,0,1,0,1,0,0,0,0,7,1,8,0
5796,848,101,0,0,0,1,1,0,0,0,0,0,0,0,0,0,1,17,26,15,0
6719,63,93,0,0,1,0,0,1,0,0,0,0,0,0,0,1,0,9,28,16,0
3833,342,160,0,0,1,0,0,0,0,1,0,0,0,0,0,0,1,10,25,25,0
8069,385,158,0,0,1,0,0,0,0,0,1,0,1,0,0,0,0,21,16,25,0
8346,276,97,1,0,0,0,0,0,0,0,1,0,0,0,1,0,0,21,11,26,0
7544,681,96,0,0,0,1,0,0,1,0,0,0,1,0,0,0,0,9,14,29,0
2252,925,113,0,0,0,1,0,0,1,0,0,1,0,0,0,0,0,18,3,10,0
5027,800,116,0,1,0,0,0,1,0,0,0,0,0,0,0,0,1,8,25,16,0
7134,148,159,0,0,0,1,0,0,0,1,0,1,0,0,0,0,0,18,25,25,0
7815,228,52,0,0,1,0,0,0,0,1,0,0,1,0,0,0,0,15,16,3,0
9567,877,5182,0,0,0,1,0,1,0,0,0,1,0,0,0,0,0,4,97,83,1
6712,553,148,0,1,0,0,0,0,1,0,0,0,0,0,1,0,0,12,19,0,0
6369,995,57,0,0,1,0,0,0,0,0,1,1,0,0,0,0,0,6,22,19,0
4648,443,191,0,0,0,1,0,1,0,0,0,0,0,0,1,0,0,8,29,8,0
8574,103,141,0,0,0,1,0,0,0,1,0,0,0,0,1,0,0,20,3,15,0
6166,313,110,0,0,1,0,0,0,0,1,0,0,1,0,0,0,0,14,27,2,0
5237,367,72,0,0,1,0,1,0,0,0,0,1,0,0,0,0,0,6,20,0,0
8003,329,104,1,0,0,0,0,0,0,0,1,0,0,0,1,0,0,23,12,10,0
372,673,97,0,0,0,1,1,0,0,0,0,0,0,0,0,1,0,10,22,14,0
6309,558,69,1,0,0,0,0,0,0,0,1,0,0,0,0,0,1,18,1,21,0
8082,627,42,0,0,0,1,0,0,1,0,0,0,0,0,1,0,0,17,3,10,0
8460,275,67,1,0,0,0,1,0,0,0,0,1,0,0,0,0,0,6,2,19,0
4192,928,113,0,0,0,1,1,0,0,0,0,0,0,0,0,0,1,22,15,29,0
3259,705,172,0,0,0,1,1,0,0,0,0,0,0,0,0,0,1,16,28,26,0
3587,21,31,0,0,1,0,1,0,0,0,0,1,0,0,0,0,0,18,11,11,0
8971,103,151,0,0,0,1,1,0,0,0,0,0,0,0,1,0,0,15,24,11,0
7293,454,104,0,1,0,0,0,0,0,1,0,0,1,0,0,0,0,21,2,6,0
5171,638,81,1,0,0,0,0,0,0,0,1,1,0,0,0,0,0,23,0,20,0
7013,505,165,0,1,0,0,1,0,0,0,0,0,0,0,0,1,0,20,29,29,0
2567,165,122,0,0,0,1,0,0,0,0,1,0,1,0,0,0,0,20,21,12,0
3670,424,118,0,1,0,0,0,1,0,0,0,0,1,0,0,0,0,12,8,20,0
6651,78,142,1,0,0,0,0,0,1,0,0,0,0,0,1,0,0,12,8,28,0
4892,534,99,0,0,1,0,0,0,0,1,0,0,0,0,0,0,1,14,4,19,0
7234,117,132,0,1,0,0,0,0,1,0,0,0,0,0,0,1,0,13,8,7,0
1600,91,170,1,0,0,0,1,0,0,0,0,0,0,0,0,1,0,23,12,8,0
1622,843,28,0,0,0,1,0,0,0,0,1,0,0,0,0,0,1,23,16,8,0
3439,649,40,0,0,1,0,0,1,0,0,0,0,0,0,0,0,1,14,1,16,0
5096,835,204,0,1,0,0,0,0,0,0,1,0,0,0,1,0,0,12,26,27,0
6333,953,1,0,0,0,1,0,0,0,1,0,1,0,0,0,0,0,6,19,21,0
4140,481,65,0,0,1,0,0,1,0,0,0,1,0,0,0,0,0,8,14,11,0
104,631,108,0,0,1,0,0,1,0,0,0,1,0,0,0,0,0,7,1,13,0
8306,699,185,0,0,0,1,0,1,0,0,0,0,0,0,1,0,0,10,22,24,0
6794,342,83,0,0,0,1,0,0,0,1,0,0,0,0,0,1,0,13,28,23,0
1857,259,157,0,0,1,0,0,0,1,0,0,0,1,0,0,0,0,9,20,3,0
2100,438,126,0,1,0,0,0,0,1,0,0,1,0,0,0,0,0,17,16,1,0
1377,484,5,0,0,1,0,0,0,0,1,0,0,0,0,0,1,0,12,27,9,0
2043,827,74,0,0,0,1,0,0,1,0,0,1,0,0,0,0,0,16,26,10,0
2959,637,40,0,0,1,0,0,0,0,1,0,0,1,0,0,0,0,11,10,20,0
492,737,203,1,0,0,0,0,1,0,0,0,0,0,0,1,0,0,6,7,14,0
8653,539,171,0,1,0,0,0,1,0,0,0,1,0,0,0,0,0,22,28,5,0
167,872,160,0,0,1,0,0,0,1,0,0,0,0,0,1,0,0,21,5,19,0
9916,504,10,1,0,0,0,0,1,0,0,0,0,0,1,0,0,0,10,71,98,1
5243,835,7,0,1,0,0,1,0,0,0,0,0,0,0,0,1,0,10,1,23,0
9998,411,3019,0,0,1,0,0,0,1,0,0,0,0,0,0,0,1,23,83,73,1
9015,811,82,0,1,0,0,1,0,0,0,0,0,0,0,0,1,0,13,9,16,0
1517,647,95,0,1,0,0,0,0,1,0,0,0,0,0,0,1,0,20,24,11,0
258,552,58,0,1,0,0,0,1,0,0,0,1,0,0,0,0,0,11,6,7,0
8981,30,54,0,1,0,0,0,0,0,1,0,0,1,0,0,0,0,9,12,15,0
5944,518,106,0,0,0,1,1,0,0,0,0,0,1,0,0,0,0,10,15,0,0
6779,610,144,0,0,1,0,0,0,0,1,0,0,1,0,0,0,0,11,8,2,0
4377,228,50,1,0,0,0,0,0,0,0,1,0,0,0,0,1,0,21,9,1,0
6528,380,123,0,0,1,0,0,0,0,0,1,1,0,0,0,0,0,20,12,5,0
7558,30,72,0,0,1,0,0,0,0,0,1,1,0,0,0,0,0,21,8,7,0
1129,82,185,0,0,0,1,0,1,0,0,0,1,0,0,0,0,0,22,7,20,0
870,762,37,0,0,0,1,1,0,0,0,0,0,1,0,0,0,0,7,27,27,0
6017,257,206,0,1,0,0,0,1,0,0,0,0,0,0,0,1,0,22,16,28,0
826,253,129,0,0,0,1,0,0,0,0,1,0,1,0,0,0,0,17,14,3,0
9206,621,70,0,0,1,0,0,0,0,1,0,1,0,0,0,0,0,15,10,16,0
5857,69,126,1,0,0,0,0,0,0,1,0,0,0,0,0,0,1,10,10,13,0
7637,102,9,0,0,1,0,0,0,1,0,0,0,0,0,1,0,0,19,9,26,0
8428,585,171,0,0,0,1,1,0,0,0,0,0,0,0,0,0,1,19,17,16,0
8855,792,124,0,1,0,0,0,0,0,1,0,0,0,0,1,0,0,15,18,25,0
6772,214,104,0,1,0,0,0,0,0,0,1,0,0,0,0,1,0,9,4,26,0
3848,918,108,1,0,0,0,0,0,0,1,0,1,0,0,0,0,0,23,7,11,0
2687,124,132,0,0,0,1,0,0,0,0,1,0,0,0,0,1,0,6,7,14,0
8023,872,140,0,0,0,1,0,0,0,0,1,0,0,0,0,0,1,21,6,15,0
4945,849,36,0,1,0,0,0,1,0,0,0,0,0,0,1,0,0,11,4,16,0
7608,19,129,0,0,0,1,0,1,0,0,0,0,0,0,1,0,0,19,10,21,0
9388,229,170,0,1,0,0,1,0,0,0,0,0,0,0,0,1,0,14,10,26,0
2147,829,115,0,0,0,1,0,0,0,0,1,1,0,0,0,0,0,14,21,22,0
8339,849,122,0,1,0,0,0,1,0,0,0,0,1,0,0,0,0,6,10,27,0
8173,861,134,0,0,0,1,1,0,0,0,0,0,0,0,1,0,0,19,25,26,0
9817,170,1382,0,0,1,0,0,1,0,0,0,0,0,0,0,0,1,0,97,96,1
9992,152,826,0,0,0,1,0,0,1,0,0,0,0,0,1,0,0,0,80,92,1
7552,269,79,0,0,0,1,0,0,0,1,0,0,0,0,1,0,0,11,27,14,0
1412,411,186,0,0,0,1,1,0,0,0,0,0,0,0,0,1,0,9,3,4,0
4376,112,50,0,0,1,0,0,1,0,0,0,0,0,0,1,0,0,18,4,26,0
212,567,64,0,0,1,0,0,1,0,0,0,1,0,0,0,0,0,23,2,16,0
8316,163,132,1,0,0,0,0,0,0,0,1,0,1,0,0,0,0,7,15,23,0
1679,789,1,0,0,0,1,0,0,1,0,0,0,1,0,0,0,0,8,18,5,0
8120,323,73,0,0,0,1,1,0,0,0,0,0,0,0,0,0,1,10,3,25,0
9534,334,239,0,1,0,0,0,0,0,1,0,0,0,0,1,0,0,3,97,84,1
7318,615,118,1,0,0,0,0,0,0,1,0,0,1,0,0,0,0,12,29,11,0
3394,312,35,0,0,1,0,0,0,0,1,0,0,0,0,0,1,0,11,26,29,0
3720,136,64,0,0,0,1,0,0,0,0,1,0,0,0,0,1,0,7,14,18,0
1389,415,186,0,0,0,1,0,0,0,0,1,0,0,0,0,1,0,18,29,12,0
5921,667,172,0,0,0,1,0,1,0,0,0,0,0,0,1,0,0,22,5,19,0
2832,186,192,0,0,0,1,0,1,0,0,0,0,0,0,1,0,0,11,28,21,0
3546,422,184,0,0,0,1,1,0,0,0,0,0,0,0,0,1,0,12,5,15,0
7099,705,85,0,0,1,0,1,0,0,0,0,1,0,0,0,0,0,15,8,13,0
966,463,135,0,0,0,1,0,0,0,0,1,0,0,0,0,1,0,18,1,23,0
1210,442,79,0,0,1,0,0,0,1,0,0,0,0,0,0,1,0,17,10,2,0
7762,319,265,1,0,0,0,0,0,1,0,0,0,0,0,0,0,1,6,9,25,0
8191,307,181,0,0,1,0,1,0,0,0,0,0,0,0,1,0,0,7,3,12,0
4806,458,69,0,0,0,1,0,0,0,0,1,1,0,0,0,0,0,6,3,26,0
9421,159,1,0,1,0,0,0,1,0,0,0,0,1,0,0,0,0,8,0,11,0
175,153,137,0,1,0,0,0,0,0,1,0,0,1,0,0,0,0,6,2,3,0
357,783,53,0,0,0,1,0,0,0,0,1,0,0,0,0,1,0,14,4,27,0
1685,387,24,1,0,0,0,0,1,0,0,0,0,0,0,1,0,0,9,25,19,0
758,680,67,0,1,0,0,0,0,0,1,0,0,0,0,0,0,1,12,19,9,0
4422,197,1,0,1,0,0,1,0,0,0,0,0,0,0,1,0,0,7,7,18,0
6572,863,53,1,0,0,0,1,0,0,0,0,0,0,0,1,0,0,12,21,23,0
5116,111,134,0,0,1,0,0,0,0,1,0,0,0,0,0,0,1,21,1,23,0
8373,752,92,1,0,0,0,0,1,0,0,0,0,0,0,1,0,0,21,25,25,0
2993,129,158,0,0,0,1,0,0,0,1,0,0,0,0,0,0,1,19,13,13,0
4118,154,71,1,0,0,0,1,0,0,0,0,0,1,0,0,0,0,14,25,20,0
761,760,79,0,1,0,0,0,1,0,0,0,0,0,0,0,1,0,18,18,21,0
9204,760,102,1,0,0,0,0,0,0,1,0,1,0,0,0,0,0,19,7,29,0
9327,987,121,0,1,0,0,1,0,0,0,0,0,0,0,0,1,0,23,24,16,0
9063,773,160,1,0,0,0,1,0,0,0,0,1,0,0,0,0,0,6,20,24,0
1689,837,81,1,0,0,0,0,0,0,0,1,0,1,0,0,0,0,15,4,5,0
8726,939,90,1,0,0,0,0,1,0,0,0,0,0,0,1,0,0,13,19,29,0
431,823,47,0,1,0,0,0,0,0,1,0,0,0,0,0,0,1,6,15,3,0
3503,669,133,1,0,0,0,0,0,1,0,0,0,0,0,0,1,0,9,19,16,0
7888,626,20,0,0,0,1,0,1,0,0,0,0,0,0,0,1,0,12,11,0,0
8071,270,119,0,0,1,0,0,1,0,0,0,1,0,0,0,0,0,13,21,17,0
649,16,48,1,0,0,0,0,0,1,0,0,0,1,0,0,0,0,10,0,15,0
1567,560,85,0,0,0,1,0,0,1,0,0,0,0,0,0,0,1,23,2,19,0
1810,621,99,1,0,0,0,0,0,0,0,1,0,0,0,0,0,1,8,7,27,0
2281,41,71,1,0,0,0,0,0,0,1,0,0,1,0,0,0,0,19,20,17,0
9435,472,27,1,0,0,0,0,0,0,1,0,1,0,0,0,0,0,14,23,29,0
4592,514,2,0,0,1,0,0,0,1,0,0,0,0,0,0,0,1,8,1,27,0
4246,351,113,0,0,0,1,0,1,0,0,0,0,1,0,0,0,0,7,0,28,0
6924,604,75,0,0,0,1,0,0,1,0,0,1,0,0,0,0,0,18,27,20,0
8356,545,124,0,0,0,1,0,0,0,1,0,1,0,0,0,0,0,19,22,11,0
5373,816,73,1,0,0,0,0,0,1,0,0,0,0,0,0,1,0,15,20,26,0
5584,13,166,0,1,0,0,0,0,0,0,1,0,0,0,1,0,0,15,7,17,0
6266,332,79,0,0,0,1,0,0,1,0,0,0,0,0,0,0,1,19,11,12,0
3668,613,129,1,0,0,0,1,0,0,0,0,0,0,0,0,0,1,9,10,26,0
6089,263,102,1,0,0,0,0,0,1,0,0,0,0,0,1,0,0,16,22,23,0
7862,537,79,0,0,1,0,0,1,0,0,0,1,0,0,0,0,0,11,21,14,0
7540,743,110,0,0,1,0,0,0,0,1,0,0,1,0,0,0,0,20,9,25,0
4457,542,69,0,0,1,0,0,0,0,0,1,0,0,0,1,0,0,23,29,15,0
3596,84,46,0,0,1,0,1,0,0,0,0,0,0,0,0,1,0,16,16,7,0
3189,609,102,0,0,0,1,0,1,0,0,0,0,0,0,0,0,1,16,1,0,0
2857,702,143,1,0,0,0,0,0,0,0,1,0,0,0,0,1,0,13,1,21,0
7847,939,110,0,0,1,0,0,1,0,0,0,0,0,0,0,1,0,23,0,14,0
33,64,120,0,1,0,0,0,0,0,1,0,0,0,0,0,0,1,13,24,10,0
6407,254,140,0,0,1,0,1,0,0,0,0,0,0,0,1,0,0,15,18,3,0
489,945,65,0,0,0,1,0,0,0,0,1,0,0,0,0,1,0,16,2,15,0
5947,564,16,0,1,0,0,0,0,1,0,0,1,0,0,0,0,0,7,22,7,0
314,312,58,0,1,0,0,0,0,1,0,0,0,0,0,1,0,0,8,20,26,0
9125,355,105,0,1,0,0,0,1,0,0,0,1,0,0,0,0,0,14,17,5,0
3913,892,34,0,0,1,0,0,0,0,0,1,0,0,0,0,1,0,10,11,28,0
4871,999,151,0,0,0,1,0,0,0,0,1,0,0,0,0,1,0,8,18,14,0
1075,595,40,0,1,0,0,1,0,0,0,0,0,1,0,0,0,0,15,7,3,0
9892,743,2473,0,0,1,0,0,1,0,0,0,0,0,0,0,0,1,18,71,96,1
3619,479,176,0,0,1,0,0,0,0,0,1,0,0,0,0,1,0,11,19,26,0
1757,802,53,0,1,0,0,0,0,0,0,1,0,0,0,0,1,0,10,13,14,0
5883,600,253,1,0,0,0,0,0,0,1,0,0,1,0,0,0,0,16,1,28,0
7382,784,101,1,0,0,0,0,0,0,1,0,0,0,0,0,1,0,8,9,13,0
3784,75,41,0,0,0,1,0,0,0,1,0,1,0,0,0,0,0,7,6,3,0
1508,541,124,0,0,0,1,0,0,0,1,0,0,0,0,0,0,1,15,3,21,0
388,527,207,0,0,0,1,0,1,0,0,0,0,0,0,1,0,0,22,18,9,0
2342,268,74,0,0,1,0,0,0,0,1,0,0,0,0,1,0,0,12,7,15,0
1306,195,16,0,1,0,0,0,0,1,0,0,0,1,0,0,0,0,12,28,26,0
2494,55,51,0,0,1,0,1,0,0,0,0,1,0,0,0,0,0,11,11,25,0
7859,983,137,0,0,0,1,0,0,1,0,0,1,0,0,0,0,0,13,23,2,0
285,992,111,0,1,0,0,0,0,1,0,0,1,0,0,0,0,0,9,4,20,0
2657,186,110,0,1,0,0,0,0,0,1,0,0,1,0,0,0,0,15,26,25,0
4901,153,162,0,0,0,1,1,0,0,0,0,0,0,0,1,0,0,18,14,26,0
1656,368,87,0,0,1,0,0,0,1,0,0,0,0,0,0,0,1,21,14,15,0
1201,605,71,1,0,0,0,1,0,0,0,0,0,0,0,0,0,1,21,26,10,0
9163,113,38,0,0,0,1,0,0,1,0,0,1,0,0,0,0,0,14,11,16,0
782,843,77,0,1,0,0,0,0,1,0,0,0,0,0,1,0,0,9,0,24,0
1568,904,69,0,0,1,0,0,1,0,0,0,0,0,0,0,0,1,18,26,18,0
8432,753,162,0,1,0,0,0,1,0,0,0,1,0,0,0,0,0,7,16,7,0
2806,777,38,0,1,0,0,0,0,0,0,1,0,0,0,0,1,0,11,28,12,0
2219,721,69,0,0,1,0,0,0,0,0,1,0,1,0,0,0,0,13,24,25,0
593,420,167,1,0,0,0,1,0,0,0,0,0,0,0,0,1,0,11,18,4,0
4668,608,95,0,0,1,0,0,0,0,0,1,0,0,0,1,0,0,21,1,13,0
6757,428,123,1,0,0,0,0,0,0,1,0,0,0,0,1,0,0,9,25,20,0
6410,111,156,0,0,0,1,0,0,0,1,0,0,0,0,0,1,0,16,17,22,0
3412,499,33,0,1,0,0,0,0,0,0,1,0,1,0,0,0,0,6,2,3,0
4064,706,106,1,0,0,0,0,0,0,0,1,1,0,0,0,0,0,21,13,10,0
4600,0,129,0,0,1,0,0,0,0,0,1,1,0,0,0,0,0,19,21,23,0
6900,515,20,0,1,0,0,1,0,0,0,0,1,0,0,0,0,0,17,23,3,0
2483,711,118,0,0,1,0,0,0,1,0,0,1,0,0,0,0,0,23,25,24,0
3836,918,182,1,0,0,0,0,0,0,0,1,0,0,0,1,0,0,18,1,27,0
4164,904,194,0,1,0,0,1,0,0,0,0,0,1,0,0,0,0,8,21,2,0
8088,561,124,0,0,1,0,0,0,0,1,0,0,0,0,0,0,1,22,16,25,0
8099,993,65,1,0,0,0,1,0,0,0,0,0,1,0,0,0,0,11,4,16,0
6044,583,157,0,0,1,0,0,1,0,0,0,0,0,0,0,0,1,7,13,15,0
8479,325,145,0,1,0,0,0,1,0,0,0,0,0,0,0,1,0,15,15,3,0
2880,795,1,1,0,0,0,0,0,1,0,0,0,0,0,0,0,1,8,13,24,0
6861,15,156,0,0,0,1,0,0,1,0,0,0,1,0,0,0,0,22,4,23,0
6145,675,71,0,0,1,0,0,0,1,0,0,1,0,0,0,0,0,18,19,16,0
4780,156,45,1,0,0,0,1,0,0,0,0,0,0,0,1,0,0,7,4,7,0
8656,777,79,0,0,0,1,0,0,0,1,0,0,0,0,0,0,1,11,10,1,0
1895,741,144,0,1,0,0,1,0,0,0,0,1,0,0,0,0,0,19,3,24,0
4128,284,71,0,1,0,0,0,0,1,0,0,0,0,0,1,0,0,7,9,23,0
9247,710,80,0,0,1,0,0,0,0,1,0,1,0,0,0,0,0,19,9,11,0
4503,64,102,1,0,0,0,0,0,1,0,0,0,0,0,1,0,0,22,17,14,0
87,655,45,0,0,0,1,0,1,0,0,0,0,0,0,0,1,0,21,25,9,0
9910,436,422,0,1,0,0,0,1,0,0,0,0,0,0,0,1,0,4,74,82,1
8681,720,158,0,0,0,1,0,0,1,0,0,0,0,0,0,0,1,7,10,14,0
2442,468,117,1,0,0,0,0,0,0,0,1,0,0,0,1,0,0,13,16,8,0
4605,517,182,1,0,0,0,0,0,0,0,1,0,0,0,0,1,0,12,2,15,0
6240,296,142,0,1,0,0,0,1,0,0,0,0,0,0,1,0,0,15,6,5,0
2824,977,77,0,0,0,1,1,0,0,0,0,0,0,0,1,0,0,9,18,17,0
7587,602,120,0,0,0,1,0,0,0,0,1,0,0,0,0,0,1,21,2,9,0
5479,953,138,0,0,1,0,0,0,0,1,0,0,0,0,1,0,0,6,8,10,0
815,967,82,1,0,0,0,0,0,1,0,0,1,0,0,0,0,0,10,22,26,0
939,890,78,1,0,0,0,0,0,0,0,1,0,0,0,1,0,0,18,6,13,0
2175,382,34,0,0,1,0,0,1,0,0,0,1,0,0,0,0,0,10,17,26,0
8529,481,156,0,1,0,0,0,1,0,0,0,1,0,0,0,0,0,12,7,20,0
281,458,93,0,0,0,1,0,1,0,0,0,0,0,0,0,1,0,18,1,9,0
8233,336,79,1,0,0,0,0,0,0,1,0,0,0,0,0,1,0,8,4,16,0
2070,270,83,0,0,1,0,1,0,0,0,0,0,1,0,0,0,0,13,20,13,0
5249,199,150,0,0,1,0,0,0,0,1,0,0,1,0,0,0,0,9,13,6,0
4247,700,18,0,0,0,1,1,0,0,0,0,1,0,0,0,0,0,14,6,28,0
7079,540,61,0,0,0,1,0,0,1,0,0,0,0,0,0,0,1,19,18,10,0
7561,889,63,0,0,0,1,1,0,0,0,0,0,0,0,0,1,0,21,2,26,0
4402,505,54,0,1,0,0,0,1,0,0,0,0,0,0,0,1,0,19,1,15,0
835,835,65,0,1,0,0,0,1,0,0,0,0,0,0,0,0,1,10,19,2,0
4384,657,94,0,0,0,1,1,0,0,0,0,1,0,0,0,0,0,7,14,12,0
5843,838,34,0,0,1,0,0,0,1,0,0,0,0,0,0,1,0,15,11,15,0
8394,592,61,0,0,0,1,0,1,0,0,0,0,0,0,0,1,0,13,2,13,0
1786,207,144,0,1,0,0,0,0,1,0,0,1,0,0,0,0,0,17,19,8,0
134,483,45,0,0,0,1,1,0,0,0,0,0,0,0,1,0,0,19,0,20,0
5285,509,1,1,0,0,0,0,0,0,0,1,0,0,0,0,1,0,23,7,22,0
2845,332,111,0,1,0,0,0,0,1,0,0,0,0,0,0,1,0,17,26,1,0
3014,878,102,1,0,0,0,1,0,0,0,0,0,0,0,0,0,1,7,27,16,0
2116,857,43,0,0,1,0,0,1,0,0,0,0,0,0,0,1,0,13,26,8,0
3155,293,125,0,1,0,0,0,0,1,0,0,0,1,0,0,0,0,10,7,29,0
5795,354,24,0,0,1,0,0,0,1,0,0,0,0,0,0,1,0,16,9,29,0
9995,478,2661,0,0,0,1,1,0,0,0,0,0,0,0,0,1,0,18,94,98,1
1707,590,39,1,0,0,0,0,0,1,0,0,0,0,0,1,0,0,23,22,11,0
4783,133,90,0,1,0,0,1,0,0,0,0,0,0,0,0,1,0,8,8,6,0
8112,466,51,0,0,1,0,0,1,0,0,0,1,0,0,0,0,0,14,15,1,0
8164,284,137,1,0,0,0,0,0,1,0,0,0,0,0,0,0,1,15,14,21,0
6284,533,76,1,0,0,0,0,1,0,0,0,0,0,0,1,0,0,21,4,27,0
9825,164,1725,0,0,1,0,0,0,0,0,1,0,1,0,0,0,0,13,85,91,1
9254,733,102,1,0,0,0,0,0,0,1,0,0,1,0,0,0,0,8,28,3,0
1036,317,84,1,0,0,0,1,0,0,0,0,0,0,0,0,1,0,17,26,4,0
6679,650,39,0,0,0,1,0,0,1,0,0,0,1,0,0,0,0,10,19,26,0
3158,479,44,1,0,0,0,0,0,0,1,0,1,0,0,0,0,0,14,8,22,0
2911,284,136,1,0,0,0,0,1,0,0,0,0,1,0,0,0,0,17,1,12,0
8786,348,67,0,0,0,1,0,0,0,1,0,0,1,0,0,0,0,15,8,22,0
9909,638,2990,0,1,0,0,0,0,0,1,0,0,0,0,0,0,1,18,98,75,1
4267,926,136,0,0,1,0,0,1,0,0,0,0,0,0,0,0,1,10,24,18,0
9601,551,1699,0,1,0,0,0,0,0,0,1,0,0,0,1,0,0,8,96,70,1
3714,91,52,0,1,0,0,1,0,0,0,0,1,0,0,0,0,0,18,27,14,0
970,112,183,0,0,1,0,0,0,0,1,0,1,0,0,0,0,0,11,7,17,0
4279,973,108,0,1,0,0,0,0,0,1,0,0,0,0,0,1,0,8,27,13,0
9038,85,75,1,0,0,0,0,0,1,0,0,0,0,0,1,0,0,22,12,10,0
5775,167,28,0,1,0,0,0,0,0,1,0,0,0,0,0,0,1,21,6,15,0
7039,186,136,0,1,0,0,0,0,0,0,1,0,0,0,0,0,1,17,3,24,0
2747,725,144,0,0,1,0,1,0,0,0,0,0,1,0,0,0,0,15,22,0,0
2891,70,92,0,0,1,0,0,0,0,1,0,0,0,0,0,1,0,23,21,20,0
2314,816,113,0,0,0,1,1,0,0,0,0,0,0,0,0,0,1,22,14,11,0
7226,378,38,0,0,0,1,0,0,0,1,0,0,0,0,1,0,0,9,0,0,0
9515,563,10,1,0,0,0,0,1,0,0,0,0,0,1,0,0,0,0,71,83,1
1408,146,89,1,0,0,0,0,0,1,0,0,0,0,0,1,0,0,7,14,20,0
4205,2,107,0,0,1,0,0,0,0,0,1,0,1,0,0,0,0,11,1,15,0
6281,324,96,0,0,0,1,0,1,0,0,0,1,0,0,0,0,0,9,16,11,0
6355,388,142,0,0,1,0,0,0,0,0,1,0,1,0,0,0,0,10,18,3,0
9842,8,280,1,0,0,0,0,0,1,0,0,0,0,1,0,0,0,4,86,81,1
2488,4,106,0,0,0,1,0,0,1,0,0,0,0,0,1,0,0,15,27,4,0
7914,656,64,0,1,0,0,0,0,1,0,0,0,0,0,1,0,0,15,23,18,0
3801,609,96,0,0,1,0,1,0,0,0,0,0,0,0,0,1,0,18,0,2,0
5754,528,135,1,0,0,0,1,0,0,0,0,0,0,0,0,0,1,7,6,3,0
1437,943,53,0,1,0,0,0,1,0,0,0,0,0,0,0,0,1,18,4,0,0
3146,355,43,0,0,0,1,1,0,0,0,0,0,0,0,0,1,0,11,17,29,0
5599,640,163,0,1,0,0,0,0,0,0,1,1,0,0,0,0,0,21,16,22,0
3863,346,10,1,0,0,0,0,0,0,0,1,0,0,0,0,1,0,7,20,7,0
8757,316,115,0,0,1,0,0,0,0,1,0,0,0,0,0,0,1,9,18,27,0
2621,490,89,0,1,0,0,0,1,0,0,0,0,0,0,0,1,0,7,0,21,0
6652,51,80,1,0,0,0,0,0,0,0,1,0,0,0,0,1,0,6,10,6,0
9997,574,6427,0,1,0,0,1,0,0,0,0,0,0,1,0,0,0,15,76,97,1
2390,249,186,1,0,0,0,0,0,0,1,0,0,0,0,0,0,1,20,11,1,0
2605,447,121,1,0,0,0,0,0,0,1,0,1,0,0,0,0,0,19,28,29,0
2415,281,96,0,0,1,0,1,0,0,0,0,0,0,0,0,1,0,14,22,23,0
8986,521,67,0,1,0,0,1,0,0,0,0,0,0,0,1,0,0,18,14,14,0
7467,920,138,1,0,0,0,0,0,0,0,1,0,0,0,0,0,1,21,2,7,0
2565,652,24,0,1,0,0,0,0,0,0,1,0,1,0,0,0,0,19,12,27,0
2012,85,140,0,0,0,1,1,0,0,0,0,0,1,0,0,0,0,12,29,4,0
2075,524,128,0,1,0,0,0,0,0,0,1,0,1,0,0,0,0,17,1,26,0
5078,892,117,0,1,0,0,0,0,0,1,0,0,0,0,0,1,0,15,9,8,0
1746,457,1,0,1,0,0,0,1,0,0,0,0,1,0,0,0,0,12,3,7,0
465,48,48,0,1,0,0,0,1,0,0,0,0,0,0,0,1,0,9,1,5,0
9027,874,150,1,0,0,0,0,1,0,0,0,0,0,0,0,0,1,18,8,4,0
3264,28,105,0,0,0,1,1,0,0,0,0,0,1,0,0,0,0,14,22,1,0
5976,869,149,0,1,0,0,1,0,0,0,0,0,1,0,0,0,0,7,6,20,0
4626,719,106,1,0,0,0,0,0,0,0,1,0,1,0,0,0,0,20,23,29,0
392,483,19,1,0,0,0,0,0,0,0,1,0,1,0,0,0,0,10,14,10,0
7012,909,41,0,0,1,0,0,0,0,0,1,0,1,0,0,0,0,13,18,16,0
1913,639,74,0,0,0,1,0,0,0,0,1,0,1,0,0,0,0,8,19,13,0
4675,888,32,1,0,0,0,0,1,0,0,0,0,0,0,1,0,0,15,6,29,0
7942,143,1,0,0,0,1,0,0,1,0,0,0,0,0,1,0,0,7,11,8,0
8544,329,157,1,0,0,0,0,0,0,1,0,0,0,0,0,0,1,18,12,21,0
2700,571,161,0,0,0,1,0,1,0,0,0,0,1,0,0,0,0,7,8,20,0
5526,950,63,1,0,0,0,0,0,0,1,0,0,0,0,0,0,1,10,4,12,0
9351,745,81,0,1,0,0,0,0,0,0,1,0,0,0,0,0,1,16,20,6,0
9830,616,791,0,0,0,1,1,0,0,0,0,0,0,0,0,1,0,2,85,73,1
9811,942,2283,0,0,0,1,0,0,0,1,0,0,0,1,0,0,0,3,88,87,1
8843,970,171,1,0,0,0,0,0,0,0,1,0,0,0,1,0,0,7,25,21,0
7507,191,91,0,1,0,0,0,0,0,0,1,1,0,0,0,0,0,13,13,25,0
3710,314,68,0,1,0,0,0,0,1,0,0,0,1,0,0,0,0,21,12,18,0
2453,301,137,1,0,0,0,0,0,0,1,0,0,0,0,0,1,0,17,6,24,0
866,637,123,0,0,0,1,0,0,0,0,1,0,0,0,0,1,0,21,0,18,0
1937,211,85,0,0,1,0,0,0,0,0,1,0,0,0,0,1,0,22,16,27,0
4072,324,1,0,0,0,1,0,0,0,1,0,0,1,0,0,0,0,11,21,24,0
4663,428,121,1,0,0,0,0,0,0,1,0,0,0,0,0,0,1,12,0,25,0
9871,21,1758,1,0,0,0,0,0,1,0,0,0,0,0,0,1,0,19,87,74,1
5577,195,39,0,0,1,0,0,0,0,1,0,1,0,0,0,0,0,9,15,1,0
6135,938,163,0,0,0,1,0,0,0,0,1,0,0,0,0,0,1,6,24,18,0
402,224,14,0,0,0,1,1,0,0,0,0,1,0,0,0,0,0,16,20,19,0
48,256,92,1,0,0,0,0,0,0,0,1,1,0,0,0,0,0,21,15,15,0
5657,254,62,0,0,1,0,0,0,1,0,0,0,0,0,0,0,1,19,0,13,0
2680,961,65,0,1,0,0,0,0,1,0,0,0,0,0,0,0,1,18,6,13,0
3963,9,74,0,1,0,0,0,0,0,1,0,0,1,0,0,0,0,22,22,6,0
7151,660,107,0,1,0,0,1,0,0,0,0,0,0,0,0,0,1,12,21,27,0
9505,795,461,0,0,0,1,0,0,1,0,0,0,0,1,0,0,0,23,81,78,1
4013,116,141,1,0,0,0,0,0,0,0,1,0,0,0,0,1,0,10,1,17,0
3721,231,161,0,0,1,0,0,0,1,0,0,1,0,0,0,0,0,6,25,9,0
4175,757,59,0,0,0,1,1,0,0,0,0,0,1,0,0,0,0,12,15,5,0
8268,539,60,0,1,0,0,1,0,0,0,0,1,0,0,0,0,0,8,19,22,0
2069,105,166,0,1,0,0,0,0,1,0,0,0,0,0,0,0,1,19,19,26,0
2055,180,125,0,0,0,1,1,0,0,0,0,0,0,0,0,1,0,16,13,17,0
5141,257,86,0,0,0,1,0,0,1,0,0,0,0,0,0,1,0,11,9,19,0
995,725,72,0,0,1,0,1,0,0,0,0,0,0,0,0,0,1,10,13,2,0
3791,914,32,0,0,0,1,0,0,0,1,0,0,0,0,0,1,0,11,21,15,0
7282,915,100,0,1,0,0,0,0,0,0,1,0,0,0,0,0,1,21,29,27,0
4842,698,63,1,0,0,0,0,1,0,0,0,1,0,0,0,0,0,15,19,10,0
8278,622,60,0,0,1,0,0,1,0,0,0,0,0,0,1,0,0,22,9,29,0
2588,59,1,0,0,1,0,0,0,0,0,1,0,0,0,0,1,0,17,22,18,0
7301,114,85,0,0,1,0,0,1,0,0,0,0,0,0,1,0,0,11,18,8,0
5189,420,143,1,0,0,0,0,1,0,0,0,0,0,0,0,0,1,10,22,13,0
8611,947,147,0,1,0,0,0,0,1,0,0,1,0,0,0,0,0,14,25,24,0
7363,443,160,0,0,0,1,0,1,0,0,0,0,0,0,0,0,1,21,7,9,0
3335,883,88,0,1,0,0,0,0,0,1,0,0,0,0,0,0,1,14,20,3,0
7732,829,73,1,0,0,0,1,0,0,0,0,0,1,0,0,0,0,16,14,10,0
2854,590,131,0,0,0,1,1,0,0,0,0,0,0,0,1,0,0,10,29,14,0
4311,324,212,0,1,0,0,0,1,0,0,0,0,0,0,0,0,1,6,11,19,0
3540,969,1,0,1,0,0,0,0,0,1,0,0,1,0,0,0,0,10,19,1,0
8196,109,119,0,0,1,0,1,0,0,0,0,1,0,0,0,0,0,7,5,12,0
6860,507,42,1,0,0,0,0,0,1,0,0,0,0,0,0,0,1,19,3,0,0
6505,816,62,1,0,0,0,1,0,0,0,0,1,0,0,0,0,0,15,5,16,0
1761,498,107,0,0,0,1,0,0,0,1,0,0,0,0,0,0,1,21,17,19,0
5572,997,116,1,0,0,0,0,0,1,0,0,0,0,0,0,1,0,22,3,9,0
417,225,46,0,1,0,0,1,0,0,0,0,1,0,0,0,0,0,13,22,2,0
793,541,182,0,0,0,1,0,1,0,0,0,0,1,0,0,0,0,9,10,7,0
7127,20,200,0,0,0,1,0,0,1,0,0,0,0,0,0,1,0,20,14,15,0
4997,409,123,1,0,0,0,1,0,0,0,0,1,0,0,0,0,0,17,9,2,0
3143,638,32,0,0,0,1,0,0,0,0,1,0,1,0,0,0,0,11,0,1,0
2485,202,24,0,0,1,0,0,1,0,0,0,0,0,0,0,1,0,15,14,22,0
9022,672,103,0,0,1,0,0,0,0,1,0,0,1,0,0,0,0,15,17,2,0
2612,461,140,0,0,1,0,1,0,0,0,0,1,0,0,0,0,0,6,4,20,0
636,752,175,0,1,0,0,0,1,0,0,0,1,0,0,0,0,0,19,1,19,0
692,882,7,1,0,0,0,0,0,0,1,0,0,0,0,1,0,0,16,9,1,0
1026,217,114,1,0,0,0,0,1,0,0,0,0,0,0,0,0,1,23,8,5,0
2068,398,89,0,1,0,0,0,0,0,0,1,0,0,0,0,1,0,11,7,25,0
1100,451,80,0,0,0,1,1,0,0,0,0,0,1,0,0,0,0,18,3,0,0
4857,237,152,0,0,1,0,0,0,0,1,0,0,0,0,1,0,0,13,16,12,0
1665,221,117,0,0,1,0,1,0,0,0,0,0,1,0,0,0,0,10,19,13,0
4100,304,67,0,0,1,0,0,0,0,1,0,1,0,0,0,0,0,16,27,8,0
19,56,133,0,0,0,1,0,1,0,0,0,1,0,0,0,0,0,13,15,18,0
2711,493,115,0,0,1,0,0,0,0,0,1,0,0,0,0,0,1,23,28,14,0
2924,867,13,0,0,0,1,0,0,0,0,1,0,0,0,0,0,1,11,6,22,0
5254,682,136,0,0,0,1,0,0,0,1,0,0,0,0,0,0,1,21,29,11,0
3132,673,71,1,0,0,0,1,0,0,0,0,0,0,0,0,1,0,12,13,15,0
2318,62,9,0,1,0,0,0,1,0,0,0,0,0,0,0,0,1,22,20,10,0
2695,881,73,0,0,0,1,0,0,1,0,0,0,0,0,0,0,1,18,17,28,0
3560,486,138,0,0,1,0,1,0,0,0,0,0,0,0,0,1,0,15,0,20,0
3936,181,106,0,1,0,0,0,0,0,0,1,0,0,0,1,0,0,7,13,25,0
423,939,124,0,0,1,0,0,1,0,0,0,0,0,0,1,0,0,18,3,26,0
2614,902,110,1,0,0,0,0,0,0,0,1,0,0,0,1,0,0,14,12,24,0
110,230,112,0,1,0,0,1,0,0,0,0,0,0,0,0,1,0,21,1,9,0
794,701,156,0,1,0,0,0,0,0,0,1,0,0,0,1,0,0,12,10,24,0
265,226,92,0,0,1,0,1,0,0,0,0,0,0,0,0,0,1,18,11,28,0
259,354,186,0,0,1,0,0,0,1,0,0,0,0,0,0,0,1,10,23,14,0
3793,890,100,0,1,0,0,0,0,0,1,0,0,0,0,0,0,1,14,2,15,0
1188,943,196,0,0,1,0,0,0,0,1,0,0,0,0,0,0,1,9,28,4,0
726,270,51,1,0,0,0,0,1,0,0,0,0,1,0,0,0,0,10,8,21,0
5824,492,92,0,0,0,1,1,0,0,0,0,0,1,0,0,0,0,11,17,16,0
738,993,134,1,0,0,0,1,0,0,0,0,0,0,0,0,0,1,9,27,12,0
499,452,210,0,1,0,0,1,0,0,0,0,1,0,0,0,0,0,12,20,29,0
335,674,69,0,0,0,1,1,0,0,0,0,0,0,0,0,1,0,6,9,15,0
228,174,82,1,0,0,0,1,0,0,0,0,0,0,0,0,0,1,20,28,19,0
7061,234,21,1,0,0,0,1,0,0,0,0,0,0,0,0,0,1,16,15,9,0
8106,132,70,1,0,0,0,0,0,0,0,1,0,0,0,0,0,1,22,20,5,0
7905,474,221,1,0,0,0,0,1,0,0,0,0,0,0,0,0,1,12,3,24,0
992,879,158,0,1,0,0,0,0,0,1,0,0,0,0,0,0,1,16,26,20,0
219,217,48,0,1,0,0,0,0,0,1,0,1,0,0,0,0,0,12,16,14,0
5560,422,171,0,1,0,0,0,0,1,0,0,0,1,0,0,0,0,22,10,19,0
6655,780,83,0,1,0,0,0,1,0,0,0,0,0,0,1,0,0,20,9,14,0
2882,860,42,0,0,1,0,0,1,0,0,0,0,0,0,0,1,0,21,0,12,0
8715,462,95,1,0,0,0,0,0,0,1,0,0,0,0,1,0,0,15,17,0,0
9762,217,1455,0,0,0,1,0,0,1,0,0,0,0,0,1,0,0,4,89,95,1
1160,72,134,0,1,0,0,0,0,0,1,0,0,1,0,0,0,0,12,3,3,0
5607,699,146,1,0,0,0,0,0,0,0,1,0,0,0,0,0,1,18,11,4,0
6920,56,113,0,1,0,0,0,1,0,0,0,0,0,0,1,0,0,6,7,13,0
9174,338,100,0,1,0,0,0,0,0,1,0,0,0,0,1,0,0,20,22,3,0
7401,763,81,0,0,0,1,1,0,0,0,0,0,0,0,0,0,1,17,1,8,0
1217,869,103,1,0,0,0,0,0,0,1,0,0,0,0,0,1,0,14,7,15,0
9634,185,2231,0,0,0,1,1,0,0,0,0,0,0,0,0,1,0,7,75,72,1
3458,501,85,0,1,0,0,1,0,0,0,0,1,0,0,0,0,0,9,22,27,0
7365,622,78,0,0,1,0,0,0,1,0,0,0,0,0,0,1,0,16,21,21,0
637,834,43,0,0,0,1,0,0,0,1,0,0,0,0,0,1,0,7,8,3,0
8235,729,133,1,0,0,0,0,1,0,0,0,0,0,0,0,1,0,8,19,25,0
6889,830,101,0,1,0,0,0,0,0,0,1,0,0,0,0,0,1,23,21,12,0
3738,605,94,0,0,1,0,0,0,0,0,1,0,0,0,1,0,0,21,29,14,0
3004,926,52,0,1,0,0,0,0,0,0,1,0,0,0,1,0,0,12,17,1,0
6598,716,52,0,1,0,0,0,0,1,0,0,0,0,0,1,0,0,20,24,10,0
4327,611,47,0,0,0,1,1,0,0,0,0,0,1,0,0,0,0,21,9,14,0
3042,194,53,0,0,0,1,0,0,0,1,0,0,0,0,1,0,0,12,16,14,0
6051,655,143,0,0,0,1,0,0,0,0,1,0,0,0,1,0,0,19,3,6,0
2487,191,173,1,0,0,0,0,0,0,1,0,0,0,0,1,0,0,7,27,23,0
663,153,109,1,0,0,0,0,0,0,0,1,0,1,0,0,0,0,21,24,22,0
6426,900,149,0,0,0,1,0,0,0,0,1,0,0,0,0,0,1,8,3,2,0
2146,71,114,0,0,1,0,1,0,0,0,0,1,0,0,0,0,0,17,22,3,0
2340,675,127,0,0,1,0,0,0,0,1,0,0,1,0,0,0,0,22,10,17,0
8540,155,82,1,0,0,0,0,0,0,0,1,1,0,0,0,0,0,21,22,1,0
6955,707,40,1,0,0,0,0,1,0,0,0,0,0,0,1,0,0,7,5,28,0
5731,689,101,0,1,0,0,0,0,1,0,0,0,0,0,0,1,0,18,19,22,0
9695,607,18,0,0,0,1,0,0,0,0,1,0,1,0,0,0,0,12,77,74,1
2719,145,1,1,0,0,0,0,0,1,0,0,0,0,0,0,1,0,19,7,20,0
7661,85,89,1,0,0,0,1,0,0,0,0,0,1,0,0,0,0,21,19,10,0
8671,151,160,0,1,0,0,0,0,0,1,0,0,1,0,0,0,0,12,0,10,0
7042,337,56,0,1,0,0,0,0,0,1,0,0,0,0,1,0,0,17,23,7,0
898,127,102,1,0,0,0,0,0,1,0,0,0,0,0,1,0,0,21,1,13,0
828,976,37,0,0,0,1,0,1,0,0,0,1,0,0,0,0,0,13,23,5,0
8657,381,56,0,0,0,1,0,0,1,0,0,0,1,0,0,0,0,20,28,15,0
2648,825,22,0,0,1,0,1,0,0,0,0,0,0,0,0,0,1,23,29,10,0
140,881,135,1,0,0,0,0,1,0,0,0,0,0,0,1,0,0,9,28,16,0
446,361,201,0,1,0,0,0,0,0,0,1,0,1,0,0,0,0,19,4,0,0
4484,852,92,0,0,1,0,0,1,0,0,0,0,0,0,1,0,0,6,9,1,0
4802,435,19,0,0,1,0,0,1,0,0,0,1,0,0,0,0,0,21,25,1,0
552,885,119,0,0,0,1,0,0,1,0,0,1,0,0,0,0,0,8,2,17,0
1764,925,13,0,1,0,0,0,0,0,0,1,0,0,0,0,0,1,7,26,27,0
7694,160,108,1,0,0,0,0,0,1,0,0,0,0,0,0,0,1,11,15,5,0
4847,807,162,0,1,0,0,0,0,1,0,0,0,1,0,0,0,0,23,16,2,0
4282,93,96,0,0,1,0,1,0,0,0,0,0,0,0,1,0,0,22,9,21,0
3915,748,87,0,0,0,1,0,0,0,0,1,0,1,0,0,0,0,21,23,19,0
8532,296,49,1,0,0,0,0,0,0,0,1,0,0,0,1,0,0,11,28,15,0
4482,896,47,1,0,0,0,0,1,0,0,0,0,1,0,0,0,0,14,2,8,0
4880,618,46,0,0,0,1,0,1,0,0,0,0,0,0,1,0,0,20,26,24,0
932,239,94,0,0,1,0,0,0,0,0,1,0,0,0,1,0,0,11,19,18,0
4617,96,126,1,0,0,0,0,0,0,0,1,1,0,0,0,0,0,11,0,19,0
8742,792,99,0,1,0,0,0,0,1,0,0,0,0,0,0,1,0,16,14,5,0
7093,58,104,0,1,0,0,0,0,0,0,1,1,0,0,0,0,0,6,3,3,0
6016,776,67,1,0,0,0,0,0,1,0,0,0,0,0,0,0,1,22,27,25,0
6262,628,140,0,1,0,0,1,0,0,0,0,0,0,0,0,1,0,9,13,2,0
2228,237,86,1,0,0,0,1,0,0,0,0,0,0,0,0,0,1,10,8,18,0
303,539,77,0,1,0,0,0,1,0,0,0,0,1,0,0,0,0,10,12,8,0
8725,245,111,0,1,0,0,1,0,0,0,0,1,0,0,0,0,0,16,5,27,0
1409,117,1,1,0,0,0,0,0,1,0,0,0,0,0,0,0,1,12,16,15,0
8922,320,163,0,0,0,1,0,0,0,0,1,0,1,0,0,0,0,11,12,19,0
5345,50,242,0,0,1,0,0,1,0,0,0,0,0,0,0,1,0,20,3,25,0
8880,520,77,0,1,0,0,0,0,1,0,0,0,0,0,0,1,0,11,0,18,0
968,123,91,0,0,0,1,0,0,0,0,1,0,0,0,1,0,0,16,15,29,0
4431,240,46,0,0,1,0,0,0,0,0,1,0,0,0,0,1,0,10,7,21,0
6088,787,119,0,1,0,0,0,0,1,0,0,1,0,0,0,0,0,17,2,2,0
127,336,89,1,0,0,0,0,1,0,0,0,0,0,0,1,0,0,22,26,19,0
2434,898,122,0,1,0,0,0,0,0,0,1,0,0,0,0,1,0,9,6,12,0
432,607,9,0,0,1,0,1,0,0,0,0,0,0,0,0,1,0,22,7,24,0
4885,68,136,1,0,0,0,0,0,1,0,0,0,0,0,0,0,1,7,11,0,0
9947,123,1381,0,0,1,0,0,0,1,0,0,0,0,0,0,0,1,19,94,81,1
1562,413,56,1,0,0,0,0,0,1,0,0,0,0,0,0,1,0,12,5,18,0
4741,449,119,1,0,0,0,0,0,0,1,0,0,0,0,0,0,1,23,23,24,0
4122,920,41,0,1,0,0,0,1,0,0,0,1,0,0,0,0,0,18,17,8,0
3955,633,131,0,0,0,1,1,0,0,0,0,1,0,0,0,0,0,14,1,20,0
1139,261,157,0,1,0,0,0,1,0,0,0,0,0,0,1,0,0,12,21,10,0
1891,972,140,0,0,0,1,0,0,1,0,0,0,0,0,1,0,0,15,3,21,0
5517,997,142,0,1,0,0,0,0,0,0,1,0,0,0,0,1,0,8,9,2,0
5379,862,108,1,0,0,0,1,0,0,0,0,0,1,0,0,0,0,9,11,13,0
6494,396,68,1,0,0,0,1,0,0,0,0,0,1,0,0,0,0,6,2,19,0
1047,582,106,0,0,0,1,0,0,0,0,1,0,0,0,0,0,1,7,16,25,0
6295,691,61,0,1,0,0,1,0,0,0,0,0,1,0,0,0,0,19,26,4,0
6242,214,51,0,0,0,1,0,0,0,0,1,0,1,0,0,0,0,10,12,2,0
3578,522,144,0,0,0,1,0,0,0,1,0,0,1,0,0,0,0,13,0,22,0
7241,260,91,0,1,0,0,1,0,0,0,0,0,0,0,0,1,0,16,19,23,0
730,706,93,1,0,0,0,0,1,0,0,0,0,1,0,0,0,0,9,5,4,0
3108,407,9,1,0,0,0,0,0,0,1,0,1,0,0,0,0,0,23,14,13,0
4609,89,74,0,0,0,1,1,0,0,0,0,0,0,0,1,0,0,20,6,0,0
6148,57,19,0,1,0,0,0,1,0,0,0,1,0,0,0,0,0,11,25,7,0
5825,267,30,0,1,0,0,0,0,0,0,1,0,0,0,0,1,0,15,20,1,0
9182,691,111,0,0,0,1,1,0,0,0,0,0,1,0,0,0,0,10,15,27,0
8912,496,66,0,1,0,0,0,1,0,0,0,1,0,0,0,0,0,7,22,13,0
5111,545,72,0,1,0,0,0,0,1,0,0,0,0,0,0,0,1,14,26,26,0
2419,350,102,0,0,1,0,0,0,1,0,0,0,0,0,0,1,0,13,28,19,0
244,712,176,0,0,1,0,0,1,0,0,0,0,1,0,0,0,0,8,20,28,0
8357,379,123,1,0,0,0,0,0,0,0,1,0,0,0,1,0,0,20,27,20,0
8007,355,114,0,0,0,1,0,0,0,1,0,0,0,0,1,0,0,19,1,5,0
6594,116,72,1,0,0,0,0,1,0,0,0,0,0,0,1,0,0,8,12,25,0
8123,789,117,0,0,1,0,0,1,0,0,0,0,0,0,0,0,1,17,2,20,0
717,111,159,1,0,0,0,0,0,1,0,0,0,1,0,0,0,0,10,12,11,0
3347,942,93,1,0,0,0,1,0,0,0,0,0,1,0,0,0,0,9,27,23,0
9493,458,42,0,0,0,1,1,0,0,0,0,0,0,0,1,0,0,20,18,13,0
2917,897,80,0,0,0,1,1,0,0,0,0,0,0,0,0,1,0,12,1,10,0
859,890,95,0,0,0,1,0,1,0,0,0,0,0,0,0,1,0,11,10,24,0
3847,614,89,0,0,1,0,0,0,0,0,1,0,0,0,0,0,1,7,9,14,0
4314,447,101,0,1,0,0,0,0,0,0,1,0,1,0,0,0,0,13,28,10,0
512,2,35,0,1,0,0,0,1,0,0,0,0,0,0,0,1,0,17,0,26,0
1745,572,76,0,0,0,1,1,0,0,0,0,1,0,0,0,0,0,12,16,3,0
7572,998,106,0,0,0,1,1,0,0,0,0,0,0,0,1,0,0,23,6,11,0
3206,475,108,0,0,1,0,0,1,0,0,0,0,1,0,0,0,0,9,4,10,0
954,839,145,0,0,0,1,0,0,0,1,0,1,0,0,0,0,0,15,16,4,0
6529,891,43,1,0,0,0,0,0,1,0,0,0,0,0,0,1,0,11,5,11,0
4116,972,81,0,1,0,0,0,0,0,1,0,0,0,0,1,0,0,17,7,10,0
2509,778,125,0,1,0,0,1,0,0,0,0,0,0,0,0,0,1,9,16,21,0
602,170,29,0,0,0,1,0,1,0,0,0,0,0,0,0,1,0,22,18,19,0
5527,367,92,1,0,0,0,0,1,0,0,0,0,1,0,0,0,0,18,13,2,0
2767,529,7,0,0,1,0,1,0,0,0,0,1,0,0,0,0,0,15,19,2,0
4061,105,140,0,0,1,0,0,0,0,0,1,1,0,0,0,0,0,19,2,2,0
9332,157,113,0,0,0,1,0,0,0,1,0,1,0,0,0,0,0,9,25,22,0
8302,892,1,0,1,0,0,1,0,0,0,0,0,0,0,1,0,0,21,7,21,0
894,782,134,0,0,1,0,1,0,0,0,0,0,0,0,0,0,1,6,11,9,0
3783,849,58,1,0,0,0,1,0,0,0,0,0,0,0,1,0,0,20,12,5,0
8231,164,88,0,0,1,0,0,0,1,0,0,0,0,0,0,1,0,23,1,3,0
7804,328,127,0,1,0,0,0,0,0,0,1,0,1,0,0,0,0,7,20,19,0
5288,225,63,0,0,0,1,0,0,0,0,1,0,1,0,0,0,0,20,25,9,0
5608,418,42,0,1,0,0,0,0,0,0,1,0,0,0,0,0,1,10,21,14,0
6361,170,84,1,0,0,0,1,0,0,0,0,0,0,0,0,1,0,17,21,21,0
7428,894,95,0,1,0,0,0,0,0,0,1,0,0,0,0,0,1,9,22,19,0
5703,585,127,1,0,0,0,0,0,1,0,0,0,1,0,0,0,0,6,6,6,0
8271,636,190,0,0,0,1,0,0,1,0,0,0,0,0,1,0,0,11,6,15,0
1213,503,106,0,0,1,0,0,0,1,0,0,0,0,0,0,0,1,6,7,23,0
6577,731,84,1,0,0,0,0,0,0,0,1,0,0,0,1,0,0,8,20,22,0
8495,975,70,0,0,0,1,0,0,0,0,1,0,0,0,0,0,1,14,9,24,0
3604,223,100,0,0,0,1,1,0,0,0,0,0,0,0,0,1,0,8,9,10,0
6389,753,66,1,0,0,0,0,1,0,0,0,0,1,0,0,0,0,19,19,14,0
7239,474,97,0,0,1,0,0,0,0,0,1,0,1,0,0,0,0,9,18,21,0
1903,935,135,0,0,1,0,0,1,0,0,0,0,0,0,0,1,0,15,6,22,0
2478,551,183,0,1,0,0,1,0,0,0,0,1,0,0,0,0,0,21,18,15,0
2499,196,109,0,0,0,1,0,0,1,0,0,1,0,0,0,0,0,9,0,18,0
3227,940,158,0,1,0,0,0,0,0,1,0,1,0,0,0,0,0,22,24,14,0
8568,269,76,0,0,0,1,0,0,0,0,1,0,0,0,1,0,0,19,3,6,0
8821,50,152,0,1,0,0,0,1,0,0,0,0,0,0,0,1,0,13,6,29,0
7086,270,60,0,1,0,0,0,0,0,0,1,0,0,0,0,0,1,15,24,4,0
4299,441,41,0,0,0,1,0,0,0,1,0,0,0,0,0,1,0,10,11,4,0
7510,6,123,0,0,0,1,0,1,0,0,0,1,0,0,0,0,0,10,20,5,0
178,725,115,1,0,0,0,0,0,0,1,0,1,0,0,0,0,0,22,19,17,0
9457,794,143,0,0,0,1,0,0,1,0,0,0,1,0,0,0,0,7,19,7,0
3859,134,150,0,0,0,1,1,0,0,0,0,0,1,0,0,0,0,21,24,10,0
8915,534,20,0,0,0,1,0,1,0,0,0,0,1,0,0,0,0,16,17,3,0
5417,705,146,0,0,1,0,0,1,0,0,0,0,0,0,0,0,1,17,15,11,0
5764,722,99,0,0,1,0,0,0,1,0,0,0,1,0,0,0,0,10,6,12,0
1058,165,148,0,0,0,1,0,0,0,0,1,0,1,0,0,0,0,18,2,27,0
2156,698,63,1,0,0,0,0,0,1,0,0,0,1,0,0,0,0,15,11,12,0
3070,553,106,0,0,1,0,0,0,0,1,0,0,1,0,0,0,0,12,0,24,0
549,982,76,0,1,0,0,0,1,0,0,0,0,0,0,1,0,0,9,8,19,0
2632,431,102,0,1,0,0,0,0,1,0,0,1,0,0,0,0,0,21,20,18,0
8343,977,145,0,1,0,0,0,0,1,0,0,0,0,0,1,0,0,23,11,13,0
6667,431,68,0,0,1,0,0,0,0,0,1,0,0,0,1,0,0,22,22,3,0
2392,509,120,0,1,0,0,0,1,0,0,0,0,1,0,0,0,0,13,23,7,0
524,330,148,0,0,0,1,0,1,0,0,0,0,0,0,1,0,0,7,7,16,0
1344,661,120,1,0,0,0,0,0,1,0,0,0,0,0,0,1,0,9,26,25,0
9485,321,61,1,0,0,0,0,0,1,0,0,1,0,0,0,0,0,17,13,12,0
7849,530,55,0,0,1,0,0,0,0,1,0,0,0,0,0,1,0,13,13,4,0
3419,357,81,0,0,1,0,0,0,1,0,0,1,0,0,0,0,0,16,9,14,0
3923,507,64,0,0,0,1,0,0,0,1,0,1,0,0,0,0,0,10,10,14,0
3692,367,199,0,1,0,0,0,1,0,0,0,0,1,0,0,0,0,14,24,9,0
4253,780,72,0,0,1,0,0,0,0,0,1,1,0,0,0,0,0,6,19,12,0
9086,584,145,0,0,1,0,0,1,0,0,0,0,0,0,0,1,0,6,16,29,0
8953,51,158,0,1,0,0,1,0,0,0,0,0,0,0,0,0,1,13,13,6,0
8178,25,135,0,0,1,0,0,1,0,0,0,0,0,0,1,0,0,12,8,11,0
1927,943,25,1,0,0,0,0,1,0,0,0,0,0,0,0,0,1,23,28,16,0
342,181,25,0,0,0,1,0,0,0,0,1,0,1,0,0,0,0,23,11,5,0
297,273,153,0,0,1,0,0,0,0,0,1,0,0,0,0,0,1,11,27,19,0
7202,213,123,1,0,0,0,0,0,0,0,1,0,1,0,0,0,0,17,27,17,0
724,835,44,0,1,0,0,0,1,0,0,0,0,0,0,0,0,1,6,21,10,0
2216,886,145,0,1,0,0,0,0,1,0,0,0,0,0,0,1,0,21,24,19,0
5557,18,35,0,0,1,0,0,0,0,1,0,0,0,0,0,0,1,11,29,15,0
7232,647,151,0,0,1,0,0,1,0,0,0,0,0,0,0,1,0,13,9,21,0
3076,533,60,0,0,1,0,1,0,0,0,0,1,0,0,0,0,0,23,21,14,0
5603,264,82,1,0,0,0,0,0,0,1,0,1,0,0,0,0,0,23,23,2,0
6110,838,156,0,1,0,0,0,1,0,0,0,0,0,0,1,0,0,10,8,17,0
7910,931,103,0,1,0,0,0,1,0,0,0,0,0,0,0,0,1,13,19,5,0
4296,938,29,0,1,0,0,1,0,0,0,0,0,0,0,1,0,0,15,0,3,0
1896,833,150,0,0,0,1,0,0,1,0,0,0,1,0,0,0,0,18,12,16,0
9016,981,141,0,0,1,0,1,0,0,0,0,1,0,0,0,0,0,23,17,11,0
1932,255,137,0,0,1,0,0,0,1,0,0,0,0,0,0,1,0,14,6,24,0
8819,401,56,0,0,0,1,1,0,0,0,0,0,0,0,1,0,0,18,10,8,0
9326,570,95,0,0,0,1,0,0,0,1,0,0,0,0,0,0,1,7,14,3,0
4968,308,96,0,1,0,0,1,0,0,0,0,0,0,0,1,0,0,13,29,28,0
7822,454,175,0,0,0,1,0,1,0,0,0,0,0,0,0,1,0,19,11,4,0
4029,198,74,0,0,1,0,0,0,0,1,0,0,1,0,0,0,0,11,15,7,0
9314,925,143,1,0,0,0,0,0,0,0,1,0,0,0,1,0,0,7,16,23,0
2994,193,101,0,0,0,1,0,0,0,0,1,0,1,0,0,0,0,13,0,14,0
6567,366,149,0,0,1,0,0,0,1,0,0,0,0,0,0,1,0,8,28,28,0
4144,165,61,0,0,0,1,0,0,1,0,0,1,0,0,0,0,0,13,1,24,0
2186,716,133,0,0,0,1,0,1,0,0,0,0,0,0,1,0,0,10,4,10,0
9249,625,72,0,0,0,1,0,0,1,0,0,0,0,0,0,0,1,11,9,4,0
1009,214,1,0,0,1,0,0,0,0,0,1,0,0,0,1,0,0,9,3,3,0
3533,606,75,0,0,1,0,0,0,0,1,0,1,0,0,0,0,0,15,1,12,0
6892,207,148,0,0,1,0,0,0,0,1,0,0,0,0,1,0,0,11,13,23,0
9260,64,100,0,1,0,0,0,1,0,0,0,0,0,0,1,0,0,21,17,10,0
1522,184,204,0,1,0,0,0,0,0,1,0,1,0,0,0,0,0,6,1,12,0
2037,127,12,1,0,0,0,0,0,0,1,0,0,0,0,0,0,1,7,3,25,0
6233,482,48,0,0,0,1,1,0,0,0,0,0,0,0,1,0,0,22,21,11,0
5948,186,120,0,0,0,1,0,0,0,1,0,0,1,0,0,0,0,16,29,20,0
9644,953,1546,0,0,1,0,1,0,0,0,0,0,1,0,0,0,0,4,84,92,1
7917,152,126,0,0,0,1,1,0,0,0,0,1,0,0,0,0,0,19,7,27,0
3377,259,5,0,0,0,1,0,0,0,1,0,0,1,0,0,0,0,18,4,10,0
3223,408,40,1,0,0,0,0,1,0,0,0,0,0,0,0,1,0,7,4,28,0
1076,482,58,0,0,1,0,1,0,0,0,0,1,0,0,0,0,0,12,6,8,0
4995,904,139,0,0,1,0,0,0,0,0,1,1,0,0,0,0,0,13,11,28,0
3485,527,71,0,1,0,0,0,0,0,0,1,0,0,0,1,0,0,8,11,26,0
7922,771,21,0,0,0,1,0,0,0,1,0,0,0,0,0,1,0,12,2,29,0
6451,429,54,1,0,0,0,0,1,0,0,0,1,0,0,0,0,0,11,9,4,0
