dataset_order,transaction_id,user_id,amount,transaction_type_ATM,transaction_type_Online,transaction_type_POS,transaction_type_QR,merchant_category_Clothing,merchant_category_Electronics,merchant_category_Food,merchant_category_Grocery,merchant_category_Travel,country_DE,country_FR,country_NG,country_TR,country_UK,country_US,hour,device_risk_score,ip_risk_score,is_fraud
0,363,4922,1,0.0,0.0,0.0,0.0,0.0,0.0,0.0,1,0.0,0.0,0.0,1,0.0,0.0,12,99,94,1
1,692,48,0.0,0.0,0.0,1,0.0,0.0,1,0.0,0.0,0.0,0.0,0.0,0.0,0.0,1,21,16,22,0
2,587,136,0.0,1,0.0,0.0,0.0,0.0,0.0,0.0,1,0.0,0.0,0.0,1,0.0,0.0,14,29,12,0
3,445,80,0.0,0.0,1,0.0,1,0.0,0.0,0.0,0.0,0.0,0.0,0.0,1,0.0,0.0,23,12,15,0
4,729,120,0.0,1,0.0,0.0,0.0,0.0,0.0,1,0.0,0.0,1,0.0,0.0,0.0,0.0,16,9,2,0
5,944,97,0.0,0.0,1,0.0,1,0.0,0.0,0.0,0.0,1,0.0,0.0,0.0,0.0,0.0,17,23,10,0
6,829,166,0.0,1,0.0,0.0,0.0,0.0,0.0,0.0,1,0.0,0.0,0.0,0.0,1,0.0,12,11,22,0
7,845,96,0.0,1,0.0,0.0,0.0,0.0,0.0,1,0.0,0.0,0.0,0.0,0.0,0.0,1,7,8,3,0
8,129,83,0.0,0.0,0.0,1,0.0,0.0,1,0.0,0.0,1,0.0,0.0,0.0,0.0,0.0,16,2,27,0
9,249,89,0.0,0.0,0.0,1,0.0,0.0,0.0,1,0.0,0.0,0.0,0.0,0.0,1,0.0,6,9,13,0
10,701,101,0.0,0.0,0.0,1,0.0,0.0,0.0,0.0,1,0.0,1,0.0,0.0,0.0,0.0,7,16,29,0
11,116,106,0.0,0.0,0.0,1,0.0,0.0,1,0.0,0.0,1,0.0,0.0,0.0,0.0,0.0,23,13,13,0
12,679,55,0.0,1,0.0,0.0,0.0,0.0,1,0.0,0.0,0.0,0.0,0.0,0.0,0.0,1,10,7,12,0
13,559,99,0.0,1,0.0,0.0,0.0,0.0,1,0.0,0.0,1,0.0,0.0,0.0,0.0,0.0,10,8,1,0
14,564,94,1,0.0,0.0,0.0,1,0.0,0.0,0.0,0.0,0.0,0.0,0.0,1,0.0,0.0,20,13,16,0
15,336,133,0.0,0.0,1,0.0,0.0,0.0,1,0.0,0.0,0.0,0.0,0.0,0.0,1,0.0,19,8,28,0
16,166,157,0.0,0.0,0.0,1,0.0,1,0.0,0.0,0.0,0.0,1,0.0,0.0,0.0,0.0,19,20,1,0
17,288,202,0.0,0.0,0.0,1,0.0,0.0,0.0,1,0.0,0.0,0.0,0.0,1,0.0,0.0,23,15,8,0
18,984,88,0.0,0.0,0.0,1,0.0,0.0,0.0,0.0,1,0.0,0.0,0.0,0.0,1,0.0,19,14,20,0
19,137,115,0.0,1,0.0,0.0,0.0,0.0,1,0.0,0.0,0.0,1,0.0,0.0,0.0,0.0,14,20,6,0
20,893,63,0.0,0.0,0.0,1,0.0,0.0,0.0,0.0,1,0.0,1,0.0,0.0,0.0,0.0,12,4,22,0
21,620,113,1,0.0,0.0,0.0,1,0.0,0.0,0.0,0.0,0.0,0.0,0.0,1,0.0,0.0,9,14,3,0
22,600,131,0.0,1,0.0,0.0,1,0.0,0.0,0.0,0.0,0.0,1,0.0,0.0,0.0,0.0,18,3,4,0
23,121,4284,1,0.0,0.0,0.0,0.0,0.0,1,0.0,0.0,0.0,0.0,0.0,1,0.0,0.0,12,73,73,1
24,358,76,0.0,0.0,1,0.0,0.0,0.0,0.0,1,0.0,0.0,0.0,0.0,1,0.0,0.0,7,9,18,0
25,688,138,0.0,0.0,1,0.0,0.0,1,0.0,0.0,0.0,0.0,0.0,0.0,1,0.0,0.0,17,10,20,0
26,832,133,0.0,1,0.0,0.0,0.0,0.0,0.0,0.0,1,1,0.0,0.0,0.0,0.0,0.0,15,5,9,0
27,155,17,0.0,0.0,1,0.0,0.0,1,0.0,0.0,0.0,0.0,1,0.0,0.0,0.0,0.0,7,1,17,0
28,200,1,0.0,0.0,1,0.0,0.0,0.0,1,0.0,0.0,0.0,0.0,0.0,0.0,0.0,1,9,10,18,0
29,865,154,0.0,1,0.0,0.0,0.0,0.0,0.0,1,0.0,0.0,1,0.0,0.0,0.0,0.0,9,16,3,0
30,375,103,1,0.0,0.0,0.0,0.0,0.0,0.0,1,0.0,0.0,0.0,0.0,0.0,0.0,1,17,20,14,0
31,826,54,1,0.0,0.0,0.0,0.0,0.0,0.0,1,0.0,0.0,0.0,0.0,1,0.0,0.0,22,9,1,0
32,847,91,0.0,0.0,0.0,1,0.0,0.0,1,0.0,0.0,0.0,0.0,0.0,1,0.0,0.0,18,26,13,0
33,769,135,0.0,0.0,1,0.0,0.0,0.0,0.0,1,0.0,0.0,1,0.0,0.0,0.0,0.0,16,7,8,0
34,271,64,0.0,0.0,1,0.0,0.0,0.0,0.0,1,0.0,0.0,0.0,0.0,1,0.0,0.0,16,1,24,0
35,568,117,0.0,0.0,1,0.0,0.0,0.0,1,0.0,0.0,1,0.0,0.0,0.0,0.0,0.0,10,12,29,0
36,719,174,0.0,1,0.0,0.0,1,0.0,0.0,0.0,0.0,0.0,1,0.0,0.0,0.0,0.0,6,16,21,0
37,161,98,1,0.0,0.0,0.0,0.0,0.0,1,0.0,0.0,0.0,0.0,0.0,1,0.0,0.0,19,19,5,0
38,557,101,0.0,0.0,1,0.0,0.0,0.0,1,0.0,0.0,0.0,0.0,0.0,1,0.0,0.0,15,7,16,0
39,421,138,0.0,0.0,1,0.0,0.0,1,0.0,0.0,0.0,0.0,1,0.0,0.0,0.0,0.0,8,26,15,0
40,561,118,1,0.0,0.0,0.0,0.0,0.0,0.0,0.0,1,0.0,1,0.0,0.0,0.0,0.0,15,1,5,0
41,920,109,1,0.0,0.0,0.0,0.0,1,0.0,0.0,0.0,0.0,0.0,0.0,1,0.0,0.0,8,5,2,0
42,430,140,0.0,0.0,1,0.0,0.0,0.0,0.0,1,0.0,0.0,0.0,0.0,0.0,0.0,1,9,1,10,0
43,968,120,0.0,0.0,1,0.0,1,0.0,0.0,0.0,0.0,0.0,1,0.0,0.0,0.0,0.0,19,8,22,0
44,927,50,0.0,0.0,1,0.0,0.0,0.0,0.0,0.0,1,0.0,0.0,0.0,1,0.0,0.0,12,28,21,0
45,813,173,1,0.0,0.0,0.0,0.0,1,0.0,0.0,0.0,0.0,0.0,0.0,1,0.0,0.0,9,0,9,0
46,879,53,0.0,0.0,1,0.0,0.0,1,0.0,0.0,0.0,0.0,1,0.0,0.0,0.0,0.0,19,26,9,0
47,984,26,0.0,1,0.0,0.0,0.0,1,0.0,0.0,0.0,0.0,0.0,0.0,0.0,0.0,1,17,25,10,0
48,798,79,1,0.0,0.0,0.0,0.0,0.0,1,0.0,0.0,0.0,0.0,0.0,0.0,0.0,1,8,1,14,0
49,566,3,0.0,0.0,1,0.0,0.0,0.0,1,0.0,0.0,0.0,0.0,0.0,0.0,0.0,1,20,21,23,0
50,94,123,0.0,1,0.0,0.0,0.0,0.0,1,0.0,0.0,0.0,0.0,0.0,0.0,1,0.0,12,21,5,0
51,656,90,0.0,1,0.0,0.0,1,0.0,0.0,0.0,0.0,0.0,0.0,0.0,0.0,0.0,1,19,15,25,0
52,900,49,0.0,0.0,0.0,1,0.0,1,0.0,0.0,0.0,1,0.0,0.0,0.0,0.0,0.0,10,26,6,0
53,822,91,0.0,1,0.0,0.0,1,0.0,0.0,0.0,0.0,0.0,1,0.0,0.0,0.0,0.0,16,13,27,0
54,71,127,0.0,0.0,0.0,1,1,0.0,0.0,0.0,0.0,0.0,0.0,0.0,0.0,1,0.0,15,21,12,0
55,29,115,0.0,1,0.0,0.0,1,0.0,0.0,0.0,0.0,0.0,0.0,0.0,0.0,0.0,1,12,22,24,0
56,370,159,0.0,1,0.0,0.0,0.0,1,0.0,0.0,0.0,1,0.0,0.0,0.0,0.0,0.0,15,18,27,0
57,122,5,1,0.0,0.0,0.0,0.0,0.0,0.0,1,0.0,0.0,1,0.0,0.0,0.0,0.0,15,4,10,0
58,904,139,0.0,1,0.0,0.0,0.0,0.0,0.0,0.0,1,1,0.0,0.0,0.0,0.0,0.0,18,3,16,0
59,550,122,0.0,1,0.0,0.0,1,0.0,0.0,0.0,0.0,0.0,0.0,0.0,0.0,0.0,1,13,0,12,0
60,289,165,0.0,1,0.0,0.0,0.0,1,0.0,0.0,0.0,0.0,0.0,0.0,0.0,1,0.0,18,7,22,0
61,81,132,0.0,0.0,1,0.0,0.0,1,0.0,0.0,0.0,0.0,1,0.0,0.0,0.0,0.0,10,9,16,0
62,851,47,0.0,0.0,1,0.0,0.0,1,0.0,0.0,0.0,0.0,1,0.0,0.0,0.0,0.0,22,16,5,0
63,180,101,1,0.0,0.0,0.0,0.0,0.0,1,0.0,0.0,1,0.0,0.0,0.0,0.0,0.0,23,24,7,0
64,422,107,1,0.0,0.0,0.0,0.0,0.0,0.0,1,0.0,0.0,1,0.0,0.0,0.0,0.0,23,17,7,0
65,886,91,0.0,0.0,0.0,1,0.0,0.0,0.0,1,0.0,0.0,0.0,0.0,1,0.0,0.0,16,23,26,0
66,687,138,0.0,1,0.0,0.0,0.0,1,0.0,0.0,0.0,0.0,0.0,0.0,0.0,1,0.0,7,6,7,0
67,864,103,0.0,0.0,1,0.0,0.0,0.0,0.0,1,0.0,1,0.0,0.0,0.0,0.0,0.0,14,11,20,0
68,383,115,1,0.0,0.0,0.0,0.0,0.0,0.0,0.0,1,0.0,0.0,0.0,0.0,1,0.0,9,24,4,0
69,236,108,1,0.0,0.0,0.0,1,0.0,0.0,0.0,0.0,0.0,0.0,0.0,1,0.0,0.0,17,0,6,0
70,644,101,1,0.0,0.0,0.0,0.0,0.0,0.0,0.0,1,0.0,1,0.0,0.0,0.0,0.0,6,2,16,0
71,963,124,0.0,1,0.0,0.0,0.0,0.0,0.0,0.0,1,0.0,1,0.0,0.0,0.0,0.0,10,5,5,0
72,313,136,1,0.0,0.0,0.0,1,0.0,0.0,0.0,0.0,0.0,1,0.0,0.0,0.0,0.0,6,11,1,0
73,225,96,0.0,0.0,1,0.0,0.0,0.0,0.0,1,0.0,0.0,0.0,0.0,1,0.0,0.0,21,1,1,0
74,469,11,0.0,0.0,1,0.0,0.0,0.0,0.0,0.0,1,0.0,0.0,0.0,0.0,1,0.0,15,1,14,0
75,671,76,0.0,0.0,1,0.0,0.0,0.0,0.0,1,0.0,0.0,0.0,0.0,1,0.0,0.0,6,13,21,0
76,573,46,0.0,0.0,0.0,1,0.0,0.0,1,0.0,0.0,0.0,0.0,0.0,0.0,1,0.0,19,18,10,0
77,49,55,1,0.0,0.0,0.0,0.0,0.0,1,0.0,0.0,0.0,1,0.0,0.0,0.0,0.0,6,8,13,0
78,196,169,0.0,0.0,1,0.0,0.0,0.0,1,0.0,0.0,0.0,0.0,0.0,1,0.0,0.0,15,7,24,0
79,399,136,0.0,1,0.0,0.0,0.0,0.0,1,0.0,0.0,0.0,0.0,0.0,0.0,1,0.0,21,26,15,0
80,935,91,0.0,1,0.0,0.0,0.0,0.0,0.0,0.0,1,0.0,0.0,0.0,0.0,1,0.0,20,16,10,0
81,466,209,0.0,0.0,0.0,1,0.0,0.0,1,0.0,0.0,1,0.0,0.0,0.0,0.0,0.0,19,13,11,0
82,739,50,0.0,0.0,1,0.0,1,0.0,0.0,0.0,0.0,0.0,0.0,0.0,0.0,0.0,1,12,11,20,0
83,507,101,1,0.0,0.0,0.0,0.0,0.0,1,0.0,0.0,1,0.0,0.0,0.0,0.0,0.0,7,12,5,0
84,560,1148,0.0,0.0,1,0.0,0.0,0.0,0.0,0.0,1,1,0.0,0.0,0.0,0.0,0.0,19,94,83,1
85,541,123,0.0,1,0.0,0.0,1,0.0,0.0,0.0,0.0,0.0,0.0,0.0,0.0,0.0,1,7,21,22,0
86,390,184,0.0,0.0,1,0.0,0.0,0.0,1,0.0,0.0,0.0,0.0,0.0,0.0,0.0,1,13,2,20,0
87,935,952,0.0,0.0,0.0,1,0.0,0.0,0.0,0.0,1,0.0,0.0,0.0,0.0,1,0.0,20,78,98,1
88,532,104,0.0,1,0.0,0.0,0.0,0.0,1,0.0,0.0,0.0,1,0.0,0.0,0.0,0.0,6,19,10,0
89,291,2865,1,0.0,0.0,0.0,0.0,0.0,1,0.0,0.0,0.0,0.0,0.0,1,0.0,0.0,13,83,90,1
90,770,94,0.0,0.0,0.0,1,0.0,0.0,0.0,0.0,1,1,0.0,0.0,0.0,0.0,0.0,8,6,5,0
91,310,1,0.0,0.0,1,0.0,0.0,0.0,1,0.0,0.0,1,0.0,0.0,0.0,0.0,0.0,14,11,20,0
92,594,32,0.0,0.0,1,0.0,0.0,0.0,1,0.0,0.0,0.0,0.0,0.0,0.0,1,0.0,17,14,6,0
93,413,78,1,0.0,0.0,0.0,1,0.0,0.0,0.0,0.0,0.0,0.0,0.0,0.0,1,0.0,17,23,12,0
94,384,87,0.0,0.0,1,0.0,0.0,0.0,0.0,0.0,1,0.0,0.0,0.0,1,0.0,0.0,17,17,0,0
95,282,122,0.0,1,0.0,0.0,0.0,1,0.0,0.0,0.0,0.0,1,0.0,0.0,0.0,0.0,13,24,18,0
96,992,74,0.0,0.0,1,0.0,0.0,0.0,0.0,1,0.0,0.0,0.0,0.0,0.0,1,0.0,6,24,4,0
97,471,200,0.0,0.0,0.0,1,0.0,0.0,1,0.0,0.0,0.0,0.0,0.0,0.0,0.0,1,20,17,1,0
98,362,97,0.0,0.0,1,0.0,1,0.0,0.0,0.0,0.0,0.0,1,0.0,0.0,0.0,0.0,9,0,25,0
99,26,111,0.0,0.0,0.0,1,0.0,0.0,0.0,1,0.0,0.0,0.0,0.0,0.0,1,0.0,11,5,2,0
100,116,84,0.0,1,0.0,0.0,0.0,0.0,0.0,1,0.0,1,0.0,0.0,0.0,0.0,0.0,6,10,19,0
101,438,104,0.0,0.0,1,0.0,0.0,1,0.0,0.0,0.0,1,0.0,0.0,0.0,0.0,0.0,16,18,18,0
102,966,96,0.0,0.0,0.0,1,0.0,0.0,0.0,0.0,1,1,0.0,0.0,0.0,0.0,0.0,6,29,3,0
103,332,75,1,0.0,0.0,0.0,0.0,0.0,0.0,1,0.0,1,0.0,0.0,0.0,0.0,0.0,20,10,27,0
104,192,36,1,0.0,0.0,0.0,0.0,0.0,1,0.0,0.0,0.0,0.0,0.0,0.0,0.0,1,7,8,5,0
105,596,102,0.0,1,0.0,0.0,0.0,0.0,0.0,0.0,1,0.0,0.0,0.0,0.0,0.0,1,23,0,11,0
106,666,90,0.0,0.0,1,0.0,0.0,1,0.0,0.0,0.0,0.0,0.0,0.0,0.0,0.0,1,7,24,11,0
107,631,2830,0.0,0.0,1,0.0,1,0.0,0.0,0.0,0.0,0.0,0.0,0.0,0.0,0.0,1,4,92,74,1
108,258,95,1,0.0,0.0,0.0,0.0,0.0,0.0,0.0,1,0.0,0.0,0.0,0.0,0.0,1,10,16,12,0
109,707,146,0.0,1,0.0,0.0,0.0,0.0,1,0.0,0.0,1,0.0,0.0,0.0,0.0,0.0,6,29,19,0
110,258,65,0.0,0.0,1,0.0,0.0,1,0.0,0.0,0.0,0.0,1,0.0,0.0,0.0,0.0,11,14,29,0
111,309,103,0.0,0.0,1,0.0,0.0,0.0,1,0.0,0.0,0.0,0.0,0.0,0.0,1,0.0,13,28,16,0
112,733,133,0.0,0.0,1,0.0,1,0.0,0.0,0.0,0.0,0.0,0.0,0.0,0.0,0.0,1,16,18,27,0
113,590,58,0.0,0.0,0.0,1,1,0.0,0.0,0.0,0.0,0.0,1,0.0,0.0,0.0,0.0,12,3,6,0
114,605,82,0.0,0.0,1,0.0,0.0,0.0,0.0,0.0,1,0.0,0.0,0.0,0.0,0.0,1,20,15,18,0
115,920,82,0.0,1,0.0,0.0,0.0,0.0,1,0.0,0.0,0.0,0.0,0.0,0.0,1,0.0,23,29,20,0
116,194,99,0.0,0.0,0.0,1,0.0,0.0,1,0.0,0.0,1,0.0,0.0,0.0,0.0,0.0,22,15,13,0
117,824,190,0.0,0.0,0.0,1,0.0,0.0,0.0,0.0,1,0.0,0.0,0.0,1,0.0,0.0,18,23,6,0
118,649,128,1,0.0,0.0,0.0,0.0,0.0,1,0.0,0.0,1,0.0,0.0,0.0,0.0,0.0,18,2,23,0
119,52,184,1,0.0,0.0,0.0,0.0,0.0,1,0.0,0.0,1,0.0,0.0,0.0,0.0,0.0,16,28,15,0
120,554,116,0.0,0.0,1,0.0,0.0,0.0,1,0.0,0.0,1,0.0,0.0,0.0,0.0,0.0,7,19,13,0
121,706,2705,0.0,0.0,0.0,1,0.0,1,0.0,0.0,0.0,0.0,1,0.0,0.0,0.0,0.0,10,76,80,1
122,457,91,1,0.0,0.0,0.0,0.0,0.0,0.0,1,0.0,0.0,0.0,0.0,0.0,1,0.0,11,5,18,0
123,355,95,0.0,0.0,1,0.0,0.0,0.0,1,0.0,0.0,0.0,0.0,0.0,0.0,0.0,1,15,3,18,0
124,140,28,0.0,1,0.0,0.0,0.0,0.0,0.0,0.0,1,0.0,0.0,0.0,1,0.0,0.0,8,13,14,0
125,773,80,1,0.0,0.0,0.0,0.0,0.0,1,0.0,0.0,0.0,1,0.0,0.0,0.0,0.0,13,28,17,0
126,777,147,0.0,0.0,1,0.0,1,0.0,0.0,0.0,0.0,1,0.0,0.0,0.0,0.0,0.0,12,12,26,0
127,393,11,0.0,0.0,1,0.0,1,0.0,0.0,0.0,0.0,0.0,0.0,0.0,0.0,1,0.0,16,17,8,0
128,3,168,0.0,1,0.0,0.0,0.0,0.0,1,0.0,0.0,0.0,0.0,0.0,1,0.0,0.0,11,2,20,0
129,546,135,0.0,0.0,1,0.0,0.0,0.0,1,0.0,0.0,1,0.0,0.0,0.0,0.0,0.0,6,14,16,0
130,193,124,1,0.0,0.0,0.0,0.0,0.0,0.0,0.0,1,0.0,0.0,0.0,1,0.0,0.0,8,2,14,0
131,221,141,0.0,0.0,0.0,1,0.0,0.0,0.0,0.0,1,0.0,0.0,0.0,1,0.0,0.0,19,28,15,0
132,833,56,0.0,0.0,1,0.0,0.0,0.0,1,0.0,0.0,0.0,0.0,0.0,0.0,1,0.0,16,15,15,0
133,511,141,0.0,0.0,1,0.0,1,0.0,0.0,0.0,0.0,1,0.0,0.0,0.0,0.0,0.0,21,2,11,0
134,730,170,1,0.0,0.0,0.0,1,0.0,0.0,0.0,0.0,0.0,1,0.0,0.0,0.0,0.0,12,19,21,0
135,752,186,0.0,0.0,1,0.0,1,0.0,0.0,0.0,0.0,0.0,0.0,0.0,0.0,0.0,1,8,3,20,0
136,481,88,0.0,0.0,1,0.0,0.0,0.0,0.0,0.0,1,0.0,0.0,0.0,1,0.0,0.0,17,1,26,0
137,184,166,0.0,0.0,1,0.0,0.0,0.0,0.0,0.0,1,0.0,0.0,0.0,0.0,1,0.0,18,2,10,0
138,49,120,0.0,0.0,1,0.0,0.0,0.0,0.0,0.0,1,1,0.0,0.0,0.0,0.0,0.0,15,20,11,0
139,131,99,1,0.0,0.0,0.0,0.0,0.0,0.0,0.0,1,0.0,0.0,0.0,0.0,0.0,1,9,19,6,0
140,375,149,0.0,1,0.0,0.0,0.0,0.0,1,0.0,0.0,0.0,0.0,0.0,0.0,1,0.0,16,12,13,0
141,603,96,1,0.0,0.0,0.0,0.0,0.0,0.0,0.0,1,0.0,0.0,0.0,1,0.0,0.0,19,22,17,0
142,951,126,0.0,0.0,0.0,1,0.0,0.0,1,0.0,0.0,0.0,0.0,0.0,0.0,0.0,1,11,15,2,0
143,667,152,0.0,1,0.0,0.0,0.0,0.0,0.0,0.0,1,0.0,0.0,0.0,1,0.0,0.0,10,5,14,0
144,854,96,1,0.0,0.0,0.0,0.0,0.0,0.0,0.0,1,0.0,1,0.0,0.0,0.0,0.0,6,2,5,0
145,966,202,0.0,1,0.0,0.0,0.0,0.0,1,0.0,0.0,1,0.0,0.0,0.0,0.0,0.0,20,14,11,0
146,366,22,0.0,0.0,1,0.0,0.0,0.0,0.0,0.0,1,0.0,1,0.0,0.0,0.0,0.0,11,29,7,0
147,92,147,0.0,1,0.0,0.0,0.0,0.0,0.0,1,0.0,0.0,0.0,0.0,1,0.0,0.0,6,20,10,0
148,63,2995,1,0.0,0.0,0.0,0.0,0.0,0.0,1,0.0,0.0,0.0,1,0.0,0.0,0.0,11,86,88,1
149,234,167,0.0,1,0.0,0.0,1,0.0,0.0,0.0,0.0,0.0,0.0,0.0,0.0,0.0,1,10,8,10,0
150,809,141,0.0,1,0.0,0.0,0.0,0.0,1,0.0,0.0,0.0,0.0,0.0,0.0,1,0.0,22,10,5,0
151,840,10,0.0,1,0.0,0.0,0.0,0.0,0.0,0.0,1,1,0.0,0.0,0.0,0.0,0.0,18,74,90,1
152,735,2400,0.0,0.0,0.0,1,0.0,0.0,1,0.0,0.0,0.0,0.0,1,0.0,0.0,0.0,15,98,98,1
153,657,80,1,0.0,0.0,0.0,0.0,1,0.0,0.0,0.0,0.0,0.0,0.0,0.0,1,0.0,11,15,29,0
154,64,1489,0.0,1,0.0,0.0,0.0,0.0,1,0.0,0.0,0.0,0.0,0.0,0.0,0.0,1,14,78,70,1
155,44,92,0.0,0.0,1,0.0,0.0,0.0,0.0,0.0,1,0.0,0.0,0.0,0.0,1,0.0,8,3,26,0
156,904,41,0.0,1,0.0,0.0,1,0.0,0.0,0.0,0.0,0.0,1,0.0,0.0,0.0,0.0,7,28,13,0
157,708,103,0.0,0.0,1,0.0,0.0,1,0.0,0.0,0.0,1,0.0,0.0,0.0,0.0,0.0,20,0,19,0
158,433,151,0.0,0.0,0.0,1,0.0,0.0,1,0.0,0.0,0.0,0.0,0.0,1,0.0,0.0,19,4,15,0
159,537,22,1,0.0,0.0,0.0,1,0.0,0.0,0.0,0.0,0.0,0.0,0.0,0.0,0.0,1,4,99,92,1
160,267,93,1,0.0,0.0,0.0,0.0,0.0,0.0,1,0.0,0.0,0.0,0.0,0.0,0.0,1,6,2,4,0
161,282,10,0.0,0.0,1,0.0,0.0,1,0.0,0.0,0.0,0.0,0.0,0.0,0.0,0.0,1,13,24,6,0
162,69,167,0.0,1,0.0,0.0,0.0,0.0,1,0.0,0.0,0.0,1,0.0,0.0,0.0,0.0,22,27,17,0
163,662,70,0.0,0.0,1,0.0,0.0,0.0,1,0.0,0.0,0.0,0.0,0.0,0.0,0.0,1,7,21,22,0
164,414,64,0.0,0.0,0.0,1,1,0.0,0.0,0.0,0.0,0.0,1,0.0,0.0,0.0,0.0,10,7,8,0
165,709,90,1,0.0,0.0,0.0,0.0,0.0,1,0.0,0.0,0.0,0.0,0.0,1,0.0,0.0,20,3,16,0
166,215,74,0.0,1,0.0,0.0,0.0,0.0,0.0,1,0.0,0.0,0.0,0.0,1,0.0,0.0,18,17,17,0
167,593,102,1,0.0,0.0,0.0,0.0,0.0,0.0,1,0.0,0.0,0.0,0.0,0.0,1,0.0,19,9,13,0
168,66,177,1,0.0,0.0,0.0,0.0,1,0.0,0.0,0.0,0.0,0.0,0.0,0.0,0.0,1,18,22,20,0
169,311,27,0.0,0.0,1,0.0,0.0,0.0,0.0,0.0,1,0.0,1,0.0,0.0,0.0,0.0,10,16,16,0
170,216,1,0.0,1,0.0,0.0,0.0,0.0,0.0,1,0.0,1,0.0,0.0,0.0,0.0,0.0,7,23,1,0
171,791,88,0.0,1,0.0,0.0,1,0.0,0.0,0.0,0.0,0.0,0.0,0.0,1,0.0,0.0,12,11,24,0
172,344,56,0.0,0.0,0.0,1,0.0,0.0,0.0,1,0.0,0.0,0.0,0.0,1,0.0,0.0,9,22,22,0
173,547,137,0.0,0.0,1,0.0,0.0,0.0,0.0,0.0,1,0.0,0.0,0.0,1,0.0,0.0,19,22,14,0
174,667,111,0.0,1,0.0,0.0,1,0.0,0.0,0.0,0.0,0.0,0.0,0.0,1,0.0,0.0,22,28,16,0
175,206,3,1,0.0,0.0,0.0,1,0.0,0.0,0.0,0.0,0.0,1,0.0,0.0,0.0,0.0,10,22,23,0
176,35,125,0.0,0.0,0.0,1,0.0,0.0,1,0.0,0.0,0.0,0.0,0.0,0.0,0.0,1,17,18,10,0
177,842,171,1,0.0,0.0,0.0,0.0,0.0,0.0,1,0.0,1,0.0,0.0,0.0,0.0,0.0,6,20,16,0
178,784,65,0.0,1,0.0,0.0,0.0,1,0.0,0.0,0.0,0.0,1,0.0,0.0,0.0,0.0,7,23,6,0
179,846,1,1,0.0,0.0,0.0,0.0,1,0.0,0.0,0.0,0.0,0.0,0.0,0.0,0.0,1,21,5,7,0
180,486,36,0.0,0.0,0.0,1,0.0,0.0,0.0,1,0.0,0.0,0.0,0.0,1,0.0,0.0,13,13,5,0
181,781,128,0.0,1,0.0,0.0,0.0,1,0.0,0.0,0.0,0.0,0.0,0.0,0.0,0.0,1,14,28,9,0
182,690,64,1,0.0,0.0,0.0,0.0,0.0,0.0,0.0,1,0.0,0.0,0.0,1,0.0,0.0,7,6,9,0
183,508,19,0.0,1,0.0,0.0,0.0,1,0.0,0.0,0.0,1,0.0,0.0,0.0,0.0,0.0,8,21,16,0
184,891,25,0.0,1,0.0,0.0,0.0,1,0.0,0.0,0.0,0.0,0.0,0.0,0.0,0.0,1,11,9,0,0
185,473,176,0.0,1,0.0,0.0,0.0,0.0,1,0.0,0.0,0.0,0.0,0.0,0.0,0.0,1,15,0,12,0
186,203,184,0.0,1,0.0,0.0,0.0,1,0.0,0.0,0.0,0.0,0.0,0.0,0.0,1,0.0,15,16,5,0
187,803,107,0.0,0.0,1,0.0,0.0,0.0,1,0.0,0.0,1,0.0,0.0,0.0,0.0,0.0,12,19,25,0
188,973,158,0.0,0.0,1,0.0,1,0.0,0.0,0.0,0.0,1,0.0,0.0,0.0,0.0,0.0,18,27,21,0
189,572,10,1,0.0,0.0,0.0,1,0.0,0.0,0.0,0.0,0.0,0.0,0.0,0.0,0.0,1,16,84,79,1
190,660,64,0.0,0.0,0.0,1,0.0,0.0,0.0,1,0.0,0.0,0.0,0.0,1,0.0,0.0,11,13,12,0
191,896,102,0.0,0.0,1,0.0,0.0,0.0,1,0.0,0.0,1,0.0,0.0,0.0,0.0,0.0,15,6,26,0
192,540,134,0.0,0.0,1,0.0,0.0,0.0,0.0,0.0,1,0.0,0.0,0.0,0.0,1,0.0,6,28,4,0
193,139,109,0.0,0.0,1,0.0,0.0,0.0,1,0.0,0.0,0.0,1,0.0,0.0,0.0,0.0,11,2,29,0
194,627,148,0.0,0.0,1,0.0,0.0,1,0.0,0.0,0.0,0.0,0.0,0.0,0.0,1,0.0,14,5,3,0
195,773,111,0.0,0.0,0.0,1,1,0.0,0.0,0.0,0.0,0.0,0.0,0.0,0.0,0.0,1,8,18,3,0
196,507,91,0.0,0.0,0.0,1,0.0,1,0.0,0.0,0.0,0.0,0.0,0.0,0.0,1,0.0,23,8,16,0
197,117,101,1,0.0,0.0,0.0,0.0,0.0,0.0,1,0.0,0.0,0.0,0.0,1,0.0,0.0,23,16,2,0
198,241,92,0.0,0.0,1,0.0,1,0.0,0.0,0.0,0.0,0.0,0.0,0.0,0.0,0.0,1,17,21,18,0
199,441,65,0.0,0.0,0.0,1,0.0,0.0,0.0,1,0.0,0.0,0.0,0.0,0.0,1,0.0,12,4,29,0
200,954,14,0.0,0.0,0.0,1,1,0.0,0.0,0.0,0.0,0.0,1,0.0,0.0,0.0,0.0,22,10,24,0
201,20,105,0.0,0.0,1,0.0,0.0,0.0,1,0.0,0.0,0.0,1,0.0,0.0,0.0,0.0,22,1,16,0
202,127,77,0.0,1,0.0,0.0,0.0,1,0.0,0.0,0.0,0.0,0.0,0.0,0.0,1,0.0,10,4,23,0
203,510,110,0.0,0.0,0.0,1,0.0,0.0,0.0,0.0,1,0.0,0.0,0.0,0.0,1,0.0,17,2,10,0
204,762,65,0.0,1,0.0,0.0,1,0.0,0.0,0.0,0.0,0.0,0.0,0.0,0.0,0.0,1,21,17,7,0
205,886,98,1,0.0,0.0,0.0,0.0,1,0.0,0.0,0.0,0.0,0.0,0.0,1,0.0,0.0,18,16,16,0
206,570,162,0.0,0.0,1,0.0,1,0.0,0.0,0.0,0.0,0.0,1,0.0,0.0,0.0,0.0,7,0,22,0
207,93,48,0.0,0.0,0.0,1,0.0,0.0,1,0.0,0.0,0.0,0.0,0.0,0.0,1,0.0,19,25,4,0
208,438,1927,0.0,0.0,1,0.0,0.0,0.0,0.0,1,0.0,0.0,0.0,1,0.0,0.0,0.0,21,99,79,1
209,338,102,0.0,1,0.0,0.0,1,0.0,0.0,0.0,0.0,0.0,0.0,0.0,0.0,1,0.0,23,4,10,0
210,128,77,0.0,1,0.0,0.0,0.0,1,0.0,0.0,0.0,0.0,0.0,0.0,1,0.0,0.0,17,6,20,0
211,679,23,0.0,1,0.0,0.0,0.0,0.0,0.0,1,0.0,0.0,0.0,0.0,1,0.0,0.0,12,7,18,0
212,518,148,0.0,0.0,0.0,1,0.0,0.0,0.0,1,0.0,0.0,0.0,0.0,1,0.0,0.0,10,1,6,0
213,343,135,1,0.0,0.0,0.0,0.0,0.0,0.0,0.0,1,0.0,0.0,0.0,0.0,0.0,1,23,13,17,0
214,600,128,1,0.0,0.0,0.0,0.0,0.0,0.0,0.0,1,0.0,0.0,0.0,0.0,0.0,1,18,0,17,0
215,601,86,0.0,1,0.0,0.0,1,0.0,0.0,0.0,0.0,0.0,0.0,0.0,1,0.0,0.0,10,9,8,0
216,467,84,0.0,0.0,0.0,1,1,0.0,0.0,0.0,0.0,0.0,0.0,0.0,0.0,0.0,1,11,25,10,0
217,76,51,0.0,0.0,0.0,1,0.0,1,0.0,0.0,0.0,0.0,1,0.0,0.0,0.0,0.0,14,8,18,0
218,177,40,0.0,0.0,1,0.0,0.0,0.0,0.0,0.0,1,0.0,0.0,0.0,0.0,1,0.0,10,25,23,0
219,537,107,0.0,0.0,1,0.0,0.0,0.0,1,0.0,0.0,1,0.0,0.0,0.0,0.0,0.0,10,9,19,0
220,682,71,0.0,0.0,1,0.0,0.0,0.0,1,0.0,0.0,0.0,0.0,0.0,0.0,0.0,1,10,25,14,0
221,25,33,0.0,0.0,1,0.0,1,0.0,0.0,0.0,0.0,1,0.0,0.0,0.0,0.0,0.0,7,2,8,0
222,878,163,0.0,0.0,0.0,1,0.0,0.0,1,0.0,0.0,0.0,1,0.0,0.0,0.0,0.0,8,21,18,0
223,721,36,0.0,1,0.0,0.0,0.0,0.0,1,0.0,0.0,0.0,0.0,0.0,1,0.0,0.0,13,13,2,0
224,483,161,0.0,0.0,0.0,1,0.0,1,0.0,0.0,0.0,0.0,0.0,0.0,0.0,1,0.0,23,26,0,0
225,747,31,0.0,1,0.0,0.0,0.0,1,0.0,0.0,0.0,0.0,0.0,0.0,1,0.0,0.0,19,6,6,0
226,947,73,0.0,0.0,1,0.0,0.0,1,0.0,0.0,0.0,0.0,0.0,0.0,0.0,0.0,1,20,29,8,0
227,179,38,0.0,0.0,1,0.0,0.0,0.0,0.0,0.0,1,0.0,1,0.0,0.0,0.0,0.0,13,27,10,0
228,782,177,0.0,1,0.0,0.0,0.0,1,0.0,0.0,0.0,0.0,0.0,0.0,1,0.0,0.0,22,8,3,0
229,880,96,1,0.0,0.0,0.0,0.0,0.0,0.0,1,0.0,1,0.0,0.0,0.0,0.0,0.0,7,5,23,0
230,63,143,0.0,1,0.0,0.0,1,0.0,0.0,0.0,0.0,0.0,1,0.0,0.0,0.0,0.0,12,18,29,0
231,622,1110,1,0.0,0.0,0.0,0.0,1,0.0,0.0,0.0,0.0,0.0,0.0,0.0,0.0,1,4,97,83,1
232,569,101,0.0,0.0,0.0,1,0.0,1,0.0,0.0,0.0,0.0,0.0,0.0,1,0.0,0.0,10,29,16,0
233,183,103,1,0.0,0.0,0.0,0.0,1,0.0,0.0,0.0,0.0,0.0,0.0,0.0,1,0.0,11,5,18,0
234,598,123,0.0,1,0.0,0.0,0.0,0.0,0.0,0.0,1,0.0,0.0,0.0,0.0,0.0,1,20,28,1,0
235,604,23,0.0,1,0.0,0.0,0.0,0.0,0.0,1,0.0,0.0,0.0,0.0,1,0.0,0.0,13,21,14,0
236,110,111,0.0,1,0.0,0.0,1,0.0,0.0,0.0,0.0,0.0,1,0.0,0.0,0.0,0.0,17,28,4,0
237,210,99,1,0.0,0.0,0.0,0.0,0.0,1,0.0,0.0,0.0,1,0.0,0.0,0.0,0.0,23,17,24,0
238,199,182,0.0,0.0,0.0,1,1,0.0,0.0,0.0,0.0,1,0.0,0.0,0.0,0.0,0.0,11,23,22,0
239,767,81,1,0.0,0.0,0.0,1,0.0,0.0,0.0,0.0,0.0,1,0.0,0.0,0.0,0.0,10,3,27,0
240,809,149,0.0,0.0,0.0,1,0.0,0.0,0.0,1,0.0,1,0.0,0.0,0.0,0.0,0.0,12,19,28,0
241,660,129,1,0.0,0.0,0.0,0.0,0.0,0.0,0.0,1,0.0,0.0,0.0,1,0.0,0.0,23,0,28,0
242,684,104,0.0,0.0,0.0,1,0.0,0.0,1,0.0,0.0,0.0,0.0,0.0,1,0.0,0.0,15,15,1,0
243,953,56,0.0,0.0,1,0.0,1,0.0,0.0,0.0,0.0,1,0.0,0.0,0.0,0.0,0.0,7,16,29,0
244,873,95,0.0,0.0,0.0,1,0.0,1,0.0,0.0,0.0,1,0.0,0.0,0.0,0.0,0.0,19,7,27,0
245,868,111,0.0,0.0,1,0.0,1,0.0,0.0,0.0,0.0,0.0,0.0,0.0,1,0.0,0.0,21,15,8,0
246,877,186,0.0,1,0.0,0.0,0.0,0.0,1,0.0,0.0,0.0,0.0,0.0,0.0,0.0,1,22,4,5,0
247,684,88,0.0,0.0,1,0.0,1,0.0,0.0,0.0,0.0,0.0,0.0,0.0,0.0,0.0,1,9,18,25,0
248,339,1,1,0.0,0.0,0.0,1,0.0,0.0,0.0,0.0,0.0,0.0,0.0,1,0.0,0.0,10,21,0,0
249,59,29,0.0,0.0,0.0,1,0.0,1,0.0,0.0,0.0,0.0,1,0.0,0.0,0.0,0.0,16,16,17,0
250,301,81,0.0,0.0,0.0,1,0.0,1,0.0,0.0,0.0,0.0,0.0,0.0,0.0,1,0.0,10,6,18,0
251,366,72,0.0,0.0,1,0.0,1,0.0,0.0,0.0,0.0,0.0,0.0,0.0,0.0,1,0.0,10,24,27,0
252,616,1094,1,0.0,0.0,0.0,0.0,1,0.0,0.0,0.0,0.0,0.0,0.0,1,0.0,0.0,9,99,89,1
253,486,93,1,0.0,0.0,0.0,0.0,0.0,1,0.0,0.0,0.0,0.0,0.0,0.0,1,0.0,23,12,2,0
254,24,118,0.0,0.0,1,0.0,1,0.0,0.0,0.0,0.0,1,0.0,0.0,0.0,0.0,0.0,17,6,15,0
255,354,91,0.0,1,0.0,0.0,0.0,0.0,0.0,1,0.0,1,0.0,0.0,0.0,0.0,0.0,22,5,24,0
256,256,115,0.0,0.0,1,0.0,0.0,0.0,0.0,0.0,1,0.0,1,0.0,0.0,0.0,0.0,18,5,25,0
257,641,49,0.0,1,0.0,0.0,0.0,0.0,0.0,1,0.0,1,0.0,0.0,0.0,0.0,0.0,6,4,21,0
258,59,26,1,0.0,0.0,0.0,0.0,0.0,1,0.0,0.0,0.0,1,0.0,0.0,0.0,0.0,10,9,9,0
259,960,7,0.0,0.0,1,0.0,0.0,0.0,0.0,0.0,1,1,0.0,0.0,0.0,0.0,0.0,22,2,9,0
260,824,75,0.0,0.0,0.0,1,0.0,0.0,1,0.0,0.0,1,0.0,0.0,0.0,0.0,0.0,14,8,9,0
261,214,101,0.0,0.0,1,0.0,0.0,1,0.0,0.0,0.0,0.0,0.0,0.0,0.0,0.0,1,8,7,22,0
262,438,89,0.0,0.0,0.0,1,1,0.0,0.0,0.0,0.0,1,0.0,0.0,0.0,0.0,0.0,19,13,23,0
263,433,1,0.0,1,0.0,0.0,0.0,0.0,0.0,1,0.0,0.0,0.0,0.0,1,0.0,0.0,20,20,3,0
264,426,137,0.0,0.0,0.0,1,0.0,0.0,1,0.0,0.0,0.0,0.0,0.0,1,0.0,0.0,15,25,2,0
265,887,65,0.0,1,0.0,0.0,0.0,1,0.0,0.0,0.0,0.0,0.0,0.0,0.0,0.0,1,16,29,16,0
266,364,97,0.0,0.0,0.0,1,0.0,0.0,1,0.0,0.0,0.0,1,0.0,0.0,0.0,0.0,9,16,27,0
267,680,64,0.0,1,0.0,0.0,0.0,0.0,1,0.0,0.0,1,0.0,0.0,0.0,0.0,0.0,6,2,20,0
268,893,6,0.0,0.0,1,0.0,1,0.0,0.0,0.0,0.0,1,0.0,0.0,0.0,0.0,0.0,18,29,14,0
269,880,75,0.0,1,0.0,0.0,0.0,0.0,1,0.0,0.0,0.0,0.0,0.0,0.0,1,0.0,6,18,26,0
270,636,95,0.0,0.0,1,0.0,0.0,1,0.0,0.0,0.0,0.0,0.0,0.0,1,0.0,0.0,14,13,28,0
271,30,59,0.0,1,0.0,0.0,1,0.0,0.0,0.0,0.0,0.0,0.0,0.0,1,0.0,0.0,15,2,17,0
272,243,47,1,0.0,0.0,0.0,0.0,1,0.0,0.0,0.0,0.0,0.0,0.0,1,0.0,0.0,6,22,15,0
273,58,106,0.0,0.0,1,0.0,0.0,1,0.0,0.0,0.0,0.0,0.0,0.0,1,0.0,0.0,14,6,1,0
274,610,97,0.0,1,0.0,0.0,1,0.0,0.0,0.0,0.0,0.0,0.0,0.0,0.0,1,0.0,20,28,3,0
275,139,129,0.0,0.0,0.0,1,0.0,0.0,1,0.0,0.0,1,0.0,0.0,0.0,0.0,0.0,15,22,5,0
276,326,82,1,0.0,0.0,0.0,0.0,0.0,0.0,0.0,1,0.0,1,0.0,0.0,0.0,0.0,6,17,19,0
277,378,54,0.0,0.0,0.0,1,0.0,0.0,1,0.0,0.0,0.0,0.0,0.0,1,0.0,0.0,18,13,1,0
278,125,64,0.0,1,0.0,0.0,1,0.0,0.0,0.0,0.0,0.0,0.0,0.0,0.0,0.0,1,13,14,14,0
279,988,131,0.0,0.0,1,0.0,0.0,0.0,0.0,1,0.0,0.0,0.0,0.0,1,0.0,0.0,9,6,16,0
280,419,44,1,0.0,0.0,0.0,0.0,1,0.0,0.0,0.0,0.0,0.0,0.0,0.0,1,0.0,17,11,9,0
281,918,164,0.0,0.0,0.0,1,0.0,0.0,1,0.0,0.0,0.0,0.0,0.0,0.0,0.0,1,10,1,10,0
282,313,21,1,0.0,0.0,0.0,1,0.0,0.0,0.0,0.0,0.0,1,0.0,0.0,0.0,0.0,17,15,28,0
283,567,131,0.0,1,0.0,0.0,0.0,0.0,0.0,1,0.0,0.0,0.0,0.0,1,0.0,0.0,12,8,21,0
284,868,167,0.0,1,0.0,0.0,1,0.0,0.0,0.0,0.0,0.0,0.0,0.0,1,0.0,0.0,17,26,25,0
285,693,55,0.0,1,0.0,0.0,0.0,1,0.0,0.0,0.0,0.0,0.0,0.0,0.0,0.0,1,19,23,16,0
286,327,93,0.0,1,0.0,0.0,1,0.0,0.0,0.0,0.0,0.0,0.0,0.0,0.0,1,0.0,7,11,26,0
287,503,143,0.0,0.0,0.0,1,0.0,0.0,1,0.0,0.0,0.0,0.0,0.0,0.0,1,0.0,12,14,14,0
288,757,114,0.0,1,0.0,0.0,0.0,0.0,0.0,1,0.0,0.0,1,0.0,0.0,0.0,0.0,6,14,1,0
289,732,50,0.0,0.0,0.0,1,0.0,1,0.0,0.0,0.0,0.0,0.0,0.0,0.0,0.0,1,12,16,25,0
290,808,55,0.0,0.0,1,0.0,0.0,0.0,0.0,0.0,1,1,0.0,0.0,0.0,0.0,0.0,23,13,16,0
291,792,128,0.0,1,0.0,0.0,0.0,0.0,0.0,0.0,1,1,0.0,0.0,0.0,0.0,0.0,9,28,13,0
292,391,141,1,0.0,0.0,0.0,0.0,0.0,1,0.0,0.0,0.0,1,0.0,0.0,0.0,0.0,18,20,10,0
293,304,110,0.0,1,0.0,0.0,1,0.0,0.0,0.0,0.0,0.0,0.0,0.0,0.0,1,0.0,10,0,12,0
294,721,121,1,0.0,0.0,0.0,1,0.0,0.0,0.0,0.0,0.0,0.0,0.0,0.0,1,0.0,20,4,27,0
295,821,38,0.0,0.0,1,0.0,0.0,0.0,0.0,1,0.0,1,0.0,0.0,0.0,0.0,0.0,7,18,21,0
296,312,58,0.0,0.0,0.0,1,0.0,1,0.0,0.0,0.0,0.0,0.0,0.0,1,0.0,0.0,8,11,9,0
297,294,67,1,0.0,0.0,0.0,0.0,0.0,1,0.0,0.0,1,0.0,0.0,0.0,0.0,0.0,15,3,8,0
298,218,122,1,0.0,0.0,0.0,0.0,0.0,0.0,1,0.0,0.0,0.0,0.0,0.0,0.0,1,21,15,14,0
299,461,3444,1,0.0,0.0,0.0,1,0.0,0.0,0.0,0.0,0.0,1,0.0,0.0,0.0,0.0,4,78,92,1
300,443,109,0.0,1,0.0,0.0,0.0,0.0,0.0,0.0,1,0.0,0.0,0.0,0.0,0.0,1,17,13,17,0
301,700,170,0.0,1,0.0,0.0,0.0,0.0,1,0.0,0.0,0.0,0.0,0.0,1,0.0,0.0,18,21,13,0
302,610,158,0.0,0.0,0.0,1,0.0,1,0.0,0.0,0.0,0.0,0.0,0.0,1,0.0,0.0,11,14,2,0
303,598,87,0.0,0.0,1,0.0,0.0,0.0,0.0,1,0.0,1,0.0,0.0,0.0,0.0,0.0,6,21,28,0
304,504,172,0.0,1,0.0,0.0,0.0,0.0,0.0,1,0.0,0.0,0.0,0.0,1,0.0,0.0,9,14,11,0
305,644,100,0.0,0.0,0.0,1,1,0.0,0.0,0.0,0.0,1,0.0,0.0,0.0,0.0,0.0,19,20,29,0
306,485,126,0.0,0.0,1,0.0,0.0,0.0,0.0,0.0,1,0.0,0.0,0.0,0.0,0.0,1,9,11,20,0
307,512,80,0.0,0.0,1,0.0,1,0.0,0.0,0.0,0.0,0.0,0.0,0.0,0.0,1,0.0,23,15,13,0
308,339,84,0.0,0.0,0.0,1,0.0,0.0,0.0,1,0.0,0.0,0.0,0.0,0.0,1,0.0,19,29,8,0
309,95,65,1,0.0,0.0,0.0,0.0,0.0,1,0.0,0.0,0.0,0.0,0.0,1,0.0,0.0,22,9,22,0
310,819,88,0.0,0.0,1,0.0,0.0,0.0,1,0.0,0.0,0.0,1,0.0,0.0,0.0,0.0,14,28,25,0
311,235,141,0.0,0.0,1,0.0,0.0,1,0.0,0.0,0.0,1,0.0,0.0,0.0,0.0,0.0,17,1,0,0
312,737,242,1,0.0,0.0,0.0,0.0,0.0,1,0.0,0.0,0.0,1,0.0,0.0,0.0,0.0,6,9,27,0
313,436,160,0.0,1,0.0,0.0,1,0.0,0.0,0.0,0.0,0.0,1,0.0,0.0,0.0,0.0,16,28,23,0
314,555,105,1,0.0,0.0,0.0,0.0,0.0,0.0,0.0,1,0.0,0.0,0.0,0.0,1,0.0,11,7,5,0
315,537,59,1,0.0,0.0,0.0,0.0,0.0,0.0,0.0,1,1,0.0,0.0,0.0,0.0,0.0,10,27,6,0
316,640,129,0.0,1,0.0,0.0,0.0,0.0,0.0,1,0.0,0.0,0.0,0.0,1,0.0,0.0,12,12,25,0
317,19,60,0.0,0.0,0.0,1,0.0,0.0,1,0.0,0.0,0.0,1,0.0,0.0,0.0,0.0,17,25,25,0
318,800,129,0.0,1,0.0,0.0,0.0,0.0,1,0.0,0.0,0.0,0.0,0.0,0.0,1,0.0,14,22,17,0
319,504,21,0.0,0.0,0.0,1,0.0,0.0,0.0,1,0.0,0.0,0.0,0.0,0.0,0.0,1,8,2,12,0
320,364,173,1,0.0,0.0,0.0,0.0,0.0,0.0,1,0.0,0.0,0.0,0.0,0.0,0.0,1,21,17,15,0
321,428,238,0.0,1,0.0,0.0,0.0,0.0,0.0,1,0.0,0.0,0.0,0.0,0.0,0.0,1,10,22,28,0
322,205,60,1,0.0,0.0,0.0,0.0,0.0,1,0.0,0.0,0.0,0.0,0.0,1,0.0,0.0,19,4,18,0
323,769,98,0.0,0.0,1,0.0,1,0.0,0.0,0.0,0.0,0.0,0.0,0.0,0.0,0.0,1,12,17,29,0
324,605,99,1,0.0,0.0,0.0,0.0,1,0.0,0.0,0.0,0.0,0.0,0.0,1,0.0,0.0,21,28,18,0
325,246,150,1,0.0,0.0,0.0,0.0,0.0,0.0,0.0,1,0.0,0.0,0.0,0.0,0.0,1,6,13,18,0
326,802,10,1,0.0,0.0,0.0,0.0,0.0,1,0.0,0.0,0.0,1,0.0,0.0,0.0,0.0,4,99,89,1
327,38,117,0.0,0.0,1,0.0,0.0,1,0.0,0.0,0.0,0.0,0.0,0.0,0.0,1,0.0,21,20,3,0
328,304,137,1,0.0,0.0,0.0,1,0.0,0.0,0.0,0.0,0.0,1,0.0,0.0,0.0,0.0,18,23,27,0
329,14,121,0.0,1,0.0,0.0,0.0,0.0,0.0,0.0,1,0.0,0.0,0.0,1,0.0,0.0,18,23,9,0
330,919,1,1,0.0,0.0,0.0,0.0,0.0,1,0.0,0.0,1,0.0,0.0,0.0,0.0,0.0,8,1,18,0
331,239,54,1,0.0,0.0,0.0,1,0.0,0.0,0.0,0.0,1,0.0,0.0,0.0,0.0,0.0,9,0,25,0
332,901,121,0.0,1,0.0,0.0,0.0,1,0.0,0.0,0.0,0.0,0.0,0.0,0.0,0.0,1,10,22,5,0
333,558,149,1,0.0,0.0,0.0,0.0,0.0,0.0,1,0.0,0.0,0.0,0.0,1,0.0,0.0,21,12,10,0
334,70,105,0.0,0.0,0.0,1,0.0,0.0,0.0,1,0.0,0.0,0.0,0.0,0.0,0.0,1,20,19,26,0
335,802,90,0.0,0.0,1,0.0,0.0,1,0.0,0.0,0.0,0.0,0.0,0.0,1,0.0,0.0,17,19,28,0
336,949,94,1,0.0,0.0,0.0,0.0,0.0,1,0.0,0.0,1,0.0,0.0,0.0,0.0,0.0,19,5,18,0
337,296,101,0.0,1,0.0,0.0,0.0,0.0,1,0.0,0.0,0.0,0.0,0.0,0.0,0.0,1,22,17,3,0
338,519,17,1,0.0,0.0,0.0,0.0,1,0.0,0.0,0.0,0.0,0.0,0.0,0.0,1,0.0,18,21,1,0
339,6,155,0.0,0.0,0.0,1,0.0,0.0,1,0.0,0.0,1,0.0,0.0,0.0,0.0,0.0,16,7,13,0
340,83,118,0.0,0.0,1,0.0,0.0,0.0,0.0,1,0.0,0.0,0.0,0.0,0.0,0.0,1,18,15,3,0
341,750,44,0.0,0.0,0.0,1,0.0,0.0,0.0,0.0,1,0.0,0.0,0.0,0.0,0.0,1,15,12,8,0
342,912,114,0.0,1,0.0,0.0,1,0.0,0.0,0.0,0.0,0.0,0.0,0.0,0.0,1,0.0,15,8,6,0
343,383,121,0.0,0.0,0.0,1,0.0,0.0,0.0,0.0,1,0.0,1,0.0,0.0,0.0,0.0,12,9,3,0
344,758,64,0.0,1,0.0,0.0,0.0,0.0,0.0,0.0,1,0.0,1,0.0,0.0,0.0,0.0,11,17,15,0
345,764,108,0.0,0.0,1,0.0,1,0.0,0.0,0.0,0.0,0.0,0.0,0.0,0.0,0.0,1,16,3,16,0
346,725,143,1,0.0,0.0,0.0,0.0,1,0.0,0.0,0.0,0.0,0.0,0.0,0.0,0.0,1,20,1,24,0
347,351,138,1,0.0,0.0,0.0,0.0,0.0,0.0,1,0.0,0.0,0.0,0.0,0.0,0.0,1,17,14,25,0
348,928,65,0.0,1,0.0,0.0,0.0,1,0.0,0.0,0.0,0.0,0.0,0.0,1,0.0,0.0,13,16,6,0
349,698,79,0.0,0.0,1,0.0,1,0.0,0.0,0.0,0.0,1,0.0,0.0,0.0,0.0,0.0,23,3,10,0
350,782,92,0.0,0.0,0.0,1,0.0,1,0.0,0.0,0.0,0.0,0.0,0.0,0.0,1,0.0,12,12,16,0
351,374,109,0.0,1,0.0,0.0,0.0,1,0.0,0.0,0.0,1,0.0,0.0,0.0,0.0,0.0,8,26,6,0
352,341,127,0.0,0.0,0.0,1,1,0.0,0.0,0.0,0.0,0.0,0.0,0.0,1,0.0,0.0,19,3,22,0
353,186,118,0.0,1,0.0,0.0,0.0,1,0.0,0.0,0.0,0.0,1,0.0,0.0,0.0,0.0,14,13,18,0
354,473,2186,0.0,0.0,0.0,1,0.0,0.0,1,0.0,0.0,0.0,0.0,1,0.0,0.0,0.0,0,85,80,1
355,122,52,0.0,0.0,0.0,1,0.0,1,0.0,0.0,0.0,0.0,0.0,0.0,0.0,1,0.0,21,26,13,0
356,423,1,1,0.0,0.0,0.0,0.0,0.0,0.0,0.0,1,0.0,0.0,0.0,0.0,1,0.0,6,12,8,0
357,661,62,1,0.0,0.0,0.0,0.0,1,0.0,0.0,0.0,0.0,0.0,0.0,1,0.0,0.0,8,5,23,0
358,562,220,0.0,0.0,0.0,1,0.0,0.0,0.0,0.0,1,1,0.0,0.0,0.0,0.0,0.0,13,28,28,0
359,833,104,1,0.0,0.0,0.0,0.0,0.0,0.0,0.0,1,0.0,0.0,0.0,0.0,0.0,1,11,7,17,0
360,494,13,0.0,0.0,0.0,1,0.0,0.0,0.0,1,0.0,0.0,0.0,0.0,1,0.0,0.0,11,17,22,0
361,665,1,0.0,0.0,1,0.0,1,0.0,0.0,0.0,0.0,0.0,0.0,0.0,0.0,1,0.0,19,3,17,0
362,137,206,1,0.0,0.0,0.0,1,0.0,0.0,0.0,0.0,1,0.0,0.0,0.0,0.0,0.0,22,16,4,0
363,350,130,0.0,0.0,0.0,1,0.0,0.0,0.0,1,0.0,0.0,1,0.0,0.0,0.0,0.0,9,5,6,0
364,977,113,0.0,0.0,1,0.0,1,0.0,0.0,0.0,0.0,0.0,0.0,0.0,1,0.0,0.0,10,3,12,0
365,263,55,0.0,0.0,1,0.0,1,0.0,0.0,0.0,0.0,0.0,1,0.0,0.0,0.0,0.0,12,1,12,0
366,325,121,0.0,1,0.0,0.0,0.0,0.0,0.0,0.0,1,0.0,0.0,0.0,0.0,0.0,1,15,28,20,0
367,854,1220,0.0,1,0.0,0.0,0.0,0.0,0.0,0.0,1,0.0,0.0,0.0,1,0.0,0.0,18,78,83,1
368,638,32,0.0,0.0,1,0.0,0.0,0.0,0.0,0.0,1,0.0,1,0.0,0.0,0.0,0.0,21,17,12,0
369,423,104,0.0,1,0.0,0.0,1,0.0,0.0,0.0,0.0,0.0,0.0,0.0,1,0.0,0.0,7,8,14,0
370,42,1,0.0,1,0.0,0.0,0.0,0.0,0.0,1,0.0,0.0,0.0,0.0,0.0,0.0,1,10,16,12,0
371,522,79,0.0,0.0,1,0.0,0.0,0.0,0.0,0.0,1,1,0.0,0.0,0.0,0.0,0.0,17,22,13,0
372,451,22,0.0,0.0,0.0,1,0.0,0.0,1,0.0,0.0,0.0,0.0,0.0,0.0,1,0.0,4,89,89,1
373,548,119,0.0,0.0,0.0,1,0.0,0.0,1,0.0,0.0,0.0,0.0,0.0,0.0,0.0,1,17,1,8,0
374,987,81,0.0,0.0,0.0,1,0.0,0.0,0.0,0.0,1,0.0,0.0,0.0,0.0,0.0,1,10,24,22,0
375,220,149,0.0,1,0.0,0.0,0.0,1,0.0,0.0,0.0,0.0,1,0.0,0.0,0.0,0.0,21,7,0,0
376,318,154,0.0,0.0,0.0,1,0.0,0.0,0.0,0.0,1,0.0,0.0,0.0,1,0.0,0.0,20,23,25,0
377,324,88,0.0,1,0.0,0.0,1,0.0,0.0,0.0,0.0,0.0,0.0,0.0,1,0.0,0.0,15,25,8,0
378,270,89,0.0,1,0.0,0.0,1,0.0,0.0,0.0,0.0,0.0,0.0,0.0,0.0,1,0.0,6,5,10,0
379,412,109,0.0,0.0,0.0,1,0.0,0.0,1,0.0,0.0,0.0,1,0.0,0.0,0.0,0.0,23,14,28,0
380,727,81,0.0,1,0.0,0.0,0.0,0.0,0.0,0.0,1,0.0,1,0.0,0.0,0.0,0.0,22,5,16,0
381,288,72,1,0.0,0.0,0.0,0.0,1,0.0,0.0,0.0,1,0.0,0.0,0.0,0.0,0.0,12,17,0,0
382,339,116,0.0,0.0,0.0,1,0.0,0.0,0.0,1,0.0,0.0,0.0,0.0,0.0,0.0,1,13,4,10,0
383,155,63,0.0,1,0.0,0.0,0.0,1,0.0,0.0,0.0,0.0,0.0,0.0,0.0,0.0,1,19,27,5,0
384,302,109,1,0.0,0.0,0.0,0.0,0.0,0.0,1,0.0,0.0,0.0,0.0,0.0,0.0,1,7,4,11,0
385,5,11,0.0,1,0.0,0.0,1,0.0,0.0,0.0,0.0,0.0,1,0.0,0.0,0.0,0.0,15,22,18,0
386,885,45,0.0,0.0,0.0,1,1,0.0,0.0,0.0,0.0,0.0,0.0,0.0,0.0,0.0,1,16,18,23,0
387,169,190,1,0.0,0.0,0.0,0.0,0.0,0.0,0.0,1,0.0,0.0,0.0,0.0,0.0,1,21,7,5,0
388,75,132,0.0,1,0.0,0.0,0.0,1,0.0,0.0,0.0,0.0,0.0,0.0,0.0,1,0.0,17,12,24,0
389,355,123,0.0,0.0,1,0.0,0.0,0.0,0.0,0.0,1,1,0.0,0.0,0.0,0.0,0.0,11,5,17,0
390,448,90,0.0,1,0.0,0.0,0.0,0.0,0.0,1,0.0,0.0,0.0,0.0,0.0,0.0,1,16,0,10,0
391,761,28,0.0,1,0.0,0.0,0.0,0.0,0.0,0.0,1,0.0,0.0,0.0,0.0,0.0,1,6,22,24,0
392,979,106,0.0,0.0,1,0.0,0.0,0.0,0.0,0.0,1,0.0,0.0,0.0,1,0.0,0.0,8,12,27,0
393,68,140,0.0,0.0,0.0,1,0.0,0.0,0.0,1,0.0,0.0,0.0,0.0,1,0.0,0.0,11,17,5,0
394,183,94,0.0,0.0,0.0,1,1,0.0,0.0,0.0,0.0,1,0.0,0.0,0.0,0.0,0.0,10,6,12,0
395,791,139,0.0,0.0,1,0.0,0.0,0.0,0.0,1,0.0,0.0,0.0,0.0,1,0.0,0.0,11,0,7,0
396,564,34,0.0,0.0,0.0,1,0.0,0.0,1,0.0,0.0,0.0,0.0,0.0,1,0.0,0.0,7,19,11,0
397,492,171,1,0.0,0.0,0.0,0.0,0.0,0.0,1,0.0,0.0,0.0,0.0,0.0,0.0,1,10,17,26,0
398,772,117,0.0,1,0.0,0.0,0.0,0.0,0.0,1,0.0,0.0,0.0,0.0,0.0,1,0.0,15,20,13,0
399,944,101,1,0.0,0.0,0.0,0.0,0.0,1,0.0,0.0,0.0,0.0,0.0,1,0.0,0.0,17,5,21,0
400,34,97,0.0,0.0,1,0.0,0.0,1,0.0,0.0,0.0,0.0,1,0.0,0.0,0.0,0.0,9,10,27,0
401,654,141,1,0.0,0.0,0.0,1,0.0,0.0,0.0,0.0,0.0,0.0,0.0,0.0,0.0,1,21,6,9,0
402,377,122,0.0,0.0,0.0,1,1,0.0,0.0,0.0,0.0,0.0,1,0.0,0.0,0.0,0.0,21,26,24,0
403,421,55,0.0,0.0,1,0.0,0.0,0.0,0.0,1,0.0,0.0,0.0,0.0,0.0,0.0,1,23,19,19,0
404,236,119,0.0,1,0.0,0.0,0.0,1,0.0,0.0,0.0,0.0,0.0,0.0,0.0,1,0.0,6,9,5,0
405,757,28,0.0,0.0,1,0.0,0.0,0.0,0.0,0.0,1,0.0,0.0,0.0,0.0,1,0.0,8,4,1,0
406,889,127,1,0.0,0.0,0.0,0.0,0.0,0.0,0.0,1,0.0,0.0,0.0,0.0,0.0,1,20,15,17,0
407,316,96,0.0,1,0.0,0.0,0.0,0.0,0.0,1,0.0,0.0,0.0,0.0,0.0,0.0,1,18,29,16,0
408,957,165,1,0.0,0.0,0.0,0.0,0.0,1,0.0,0.0,0.0,0.0,0.0,0.0,1,0.0,22,11,22,0
409,287,84,0.0,0.0,0.0,1,1,0.0,0.0,0.0,0.0,0.0,0.0,0.0,1,0.0,0.0,11,4,15,0
410,648,78,0.0,0.0,1,0.0,1,0.0,0.0,0.0,0.0,0.0,1,0.0,0.0,0.0,0.0,18,12,24,0
411,882,95,0.0,0.0,1,0.0,0.0,0.0,0.0,0.0,1,0.0,1,0.0,0.0,0.0,0.0,17,18,15,0
412,751,168,0.0,0.0,1,0.0,0.0,0.0,0.0,0.0,1,0.0,0.0,0.0,0.0,1,0.0,15,4,18,0
413,949,25,0.0,1,0.0,0.0,0.0,1,0.0,0.0,0.0,0.0,0.0,0.0,0.0,0.0,1,20,10,16,0
414,542,123,0.0,1,0.0,0.0,0.0,0.0,0.0,0.0,1,0.0,1,0.0,0.0,0.0,0.0,13,17,15,0
415,833,378,0.0,0.0,0.0,1,0.0,1,0.0,0.0,0.0,1,0.0,0.0,0.0,0.0,0.0,10,88,97,1
416,661,118,1,0.0,0.0,0.0,0.0,0.0,0.0,0.0,1,0.0,0.0,0.0,0.0,0.0,1,10,29,26,0
417,473,105,0.0,1,0.0,0.0,1,0.0,0.0,0.0,0.0,1,0.0,0.0,0.0,0.0,0.0,12,12,27,0
418,720,71,0.0,0.0,0.0,1,1,0.0,0.0,0.0,0.0,0.0,0.0,0.0,0.0,1,0.0,15,21,15,0
419,108,73,0.0,0.0,0.0,1,0.0,1,0.0,0.0,0.0,0.0,1,0.0,0.0,0.0,0.0,9,23,3,0
420,848,28,0.0,1,0.0,0.0,0.0,0.0,0.0,0.0,1,0.0,0.0,0.0,0.0,1,0.0,19,9,1,0
421,397,163,0.0,0.0,0.0,1,0.0,0.0,0.0,1,0.0,0.0,1,0.0,0.0,0.0,0.0,16,20,7,0
422,809,51,1,0.0,0.0,0.0,0.0,1,0.0,0.0,0.0,0.0,0.0,0.0,0.0,0.0,1,21,7,0,0
423,782,112,0.0,0.0,1,0.0,0.0,0.0,0.0,1,0.0,0.0,0.0,0.0,0.0,1,0.0,16,29,11,0
424,497,52,0.0,0.0,1,0.0,0.0,0.0,0.0,1,0.0,0.0,0.0,0.0,1,0.0,0.0,20,18,17,0
425,631,148,1,0.0,0.0,0.0,0.0,1,0.0,0.0,0.0,0.0,1,0.0,0.0,0.0,0.0,11,17,7,0
426,246,116,1,0.0,0.0,0.0,1,0.0,0.0,0.0,0.0,1,0.0,0.0,0.0,0.0,0.0,7,13,25,0
427,817,178,1,0.0,0.0,0.0,1,0.0,0.0,0.0,0.0,1,0.0,0.0,0.0,0.0,0.0,20,2,12,0
428,729,59,0.0,0.0,0.0,1,0.0,0.0,0.0,0.0,1,0.0,0.0,0.0,0.0,0.0,1,7,17,9,0
429,803,56,0.0,0.0,0.0,1,0.0,0.0,0.0,1,0.0,0.0,0.0,0.0,1,0.0,0.0,10,25,20,0
430,128,143,0.0,1,0.0,0.0,0.0,1,0.0,0.0,0.0,0.0,0.0,0.0,0.0,1,0.0,14,10,7,0
431,799,113,0.0,0.0,1,0.0,0.0,0.0,0.0,1,0.0,0.0,0.0,0.0,0.0,0.0,1,13,20,15,0
432,926,143,0.0,0.0,0.0,1,1,0.0,0.0,0.0,0.0,0.0,0.0,0.0,1,0.0,0.0,8,15,16,0
433,84,125,0.0,1,0.0,0.0,0.0,0.0,0.0,0.0,1,1,0.0,0.0,0.0,0.0,0.0,6,29,9,0
434,676,80,0.0,1,0.0,0.0,0.0,0.0,1,0.0,0.0,0.0,0.0,0.0,1,0.0,0.0,8,6,21,0
435,866,86,1,0.0,0.0,0.0,0.0,0.0,1,0.0,0.0,1,0.0,0.0,0.0,0.0,0.0,16,22,22,0
436,555,56,0.0,0.0,1,0.0,0.0,0.0,0.0,0.0,1,0.0,0.0,0.0,0.0,1,0.0,8,7,6,0
437,692,114,1,0.0,0.0,0.0,0.0,1,0.0,0.0,0.0,0.0,0.0,0.0,1,0.0,0.0,15,8,5,0
438,949,152,1,0.0,0.0,0.0,0.0,0.0,0.0,1,0.0,0.0,1,0.0,0.0,0.0,0.0,23,24,1,0
439,126,112,1,0.0,0.0,0.0,1,0.0,0.0,0.0,0.0,0.0,0.0,0.0,0.0,1,0.0,7,19,21,0
440,934,53,1,0.0,0.0,0.0,1,0.0,0.0,0.0,0.0,0.0,1,0.0,0.0,0.0,0.0,23,14,18,0
441,197,15,1,0.0,0.0,0.0,0.0,0.0,1,0.0,0.0,0.0,0.0,0.0,0.0,0.0,1,12,10,23,0
442,770,86,0.0,0.0,1,0.0,1,0.0,0.0,0.0,0.0,0.0,0.0,0.0,0.0,0.0,1,21,25,5,0
443,595,158,0.0,0.0,1,0.0,0.0,0.0,0.0,0.0,1,1,0.0,0.0,0.0,0.0,0.0,12,0,7,0
444,216,10,1,0.0,0.0,0.0,0.0,1,0.0,0.0,0.0,0.0,0.0,0.0,0.0,0.0,1,4,75,96,1
445,438,80,0.0,0.0,1,0.0,0.0,0.0,0.0,1,0.0,0.0,1,0.0,0.0,0.0,0.0,16,2,17,0
446,347,123,1,0.0,0.0,0.0,0.0,0.0,0.0,1,0.0,0.0,1,0.0,0.0,0.0,0.0,17,26,9,0
447,190,72,0.0,0.0,0.0,1,0.0,1,0.0,0.0,0.0,0.0,0.0,0.0,0.0,1,0.0,20,7,18,0
448,353,36,0.0,0.0,0.0,1,0.0,0.0,1,0.0,0.0,0.0,0.0,0.0,1,0.0,0.0,19,26,12,0
449,369,2920,1,0.0,0.0,0.0,0.0,0.0,0.0,1,0.0,0.0,0.0,0.0,1,0.0,0.0,15,90,85,1
450,665,110,1,0.0,0.0,0.0,0.0,0.0,0.0,1,0.0,1,0.0,0.0,0.0,0.0,0.0,22,2,22,0
451,473,152,1,0.0,0.0,0.0,0.0,0.0,0.0,1,0.0,0.0,1,0.0,0.0,0.0,0.0,13,24,22,0
452,536,77,0.0,0.0,0.0,1,0.0,0.0,1,0.0,0.0,1,0.0,0.0,0.0,0.0,0.0,22,2,15,0
453,289,163,1,0.0,0.0,0.0,1,0.0,0.0,0.0,0.0,0.0,0.0,0.0,0.0,1,0.0,6,9,27,0
454,834,139,1,0.0,0.0,0.0,0.0,0.0,0.0,0.0,1,0.0,0.0,0.0,0.0,1,0.0,12,26,7,0
455,421,111,0.0,1,0.0,0.0,0.0,0.0,0.0,1,0.0,0.0,0.0,0.0,0.0,0.0,1,20,17,3,0
456,707,80,0.0,0.0,1,0.0,1,0.0,0.0,0.0,0.0,0.0,0.0,0.0,1,0.0,0.0,8,7,26,0
457,563,36,0.0,0.0,0.0,1,0.0,1,0.0,0.0,0.0,0.0,0.0,0.0,1,0.0,0.0,15,29,17,0
458,33,83,0.0,0.0,0.0,1,1,0.0,0.0,0.0,0.0,0.0,0.0,0.0,1,0.0,0.0,19,0,0,0
459,45,88,0.0,0.0,0.0,1,0.0,0.0,0.0,0.0,1,1,0.0,0.0,0.0,0.0,0.0,9,2,19,0
460,196,47,0.0,0.0,1,0.0,0.0,0.0,0.0,0.0,1,0.0,0.0,0.0,0.0,0.0,1,22,21,19,0
461,637,104,0.0,0.0,0.0,1,0.0,0.0,0.0,1,0.0,0.0,0.0,0.0,0.0,0.0,1,17,27,15,0
462,161,51,0.0,0.0,0.0,1,0.0,0.0,1,0.0,0.0,0.0,0.0,0.0,0.0,1,0.0,10,23,13,0
463,61,80,0.0,0.0,1,0.0,0.0,0.0,1,0.0,0.0,0.0,0.0,0.0,0.0,1,0.0,14,18,15,0
464,38,36,0.0,0.0,1,0.0,0.0,0.0,0.0,1,0.0,0.0,0.0,0.0,1,0.0,0.0,15,15,17,0
465,104,107,0.0,0.0,1,0.0,1,0.0,0.0,0.0,0.0,0.0,0.0,0.0,1,0.0,0.0,7,7,10,0
466,931,199,1,0.0,0.0,0.0,0.0,0.0,0.0,0.0,1,1,0.0,0.0,0.0,0.0,0.0,17,5,1,0
467,410,144,1,0.0,0.0,0.0,0.0,0.0,0.0,0.0,1,0.0,0.0,0.0,0.0,0.0,1,21,0,27,0
468,371,138,1,0.0,0.0,0.0,0.0,0.0,0.0,1,0.0,1,0.0,0.0,0.0,0.0,0.0,15,10,17,0
469,593,18,0.0,1,0.0,0.0,0.0,0.0,0.0,0.0,1,0.0,0.0,0.0,1,0.0,0.0,23,1,10,0
470,711,33,0.0,1,0.0,0.0,0.0,0.0,0.0,0.0,1,0.0,1,0.0,0.0,0.0,0.0,7,29,25,0
471,525,82,0.0,0.0,1,0.0,0.0,0.0,0.0,0.0,1,1,0.0,0.0,0.0,0.0,0.0,21,29,25,0
472,707,78,0.0,0.0,1,0.0,0.0,0.0,1,0.0,0.0,0.0,1,0.0,0.0,0.0,0.0,13,3,5,0
473,831,168,0.0,0.0,0.0,1,1,0.0,0.0,0.0,0.0,0.0,0.0,0.0,0.0,0.0,1,19,12,17,0
474,298,185,0.0,0.0,0.0,1,0.0,0.0,0.0,1,0.0,0.0,1,0.0,0.0,0.0,0.0,13,12,8,0
475,572,80,0.0,0.0,0.0,1,1,0.0,0.0,0.0,0.0,0.0,1,0.0,0.0,0.0,0.0,23,10,20,0
476,738,73,1,0.0,0.0,0.0,0.0,1,0.0,0.0,0.0,0.0,0.0,0.0,1,0.0,0.0,20,28,8,0
477,877,10,0.0,0.0,0.0,1,0.0,0.0,1,0.0,0.0,0.0,0.0,1,0.0,0.0,0.0,12,83,94,1
478,78,87,0.0,0.0,0.0,1,1,0.0,0.0,0.0,0.0,0.0,0.0,0.0,0.0,1,0.0,15,12,8,0
479,27,122,0.0,0.0,1,0.0,0.0,0.0,1,0.0,0.0,0.0,0.0,0.0,1,0.0,0.0,14,7,25,0
480,624,91,0.0,0.0,1,0.0,0.0,0.0,0.0,1,0.0,0.0,0.0,0.0,1,0.0,0.0,9,27,23,0
481,476,20,0.0,0.0,0.0,1,1,0.0,0.0,0.0,0.0,0.0,1,0.0,0.0,0.0,0.0,10,21,29,0
482,311,37,0.0,0.0,1,0.0,0.0,0.0,0.0,1,0.0,0.0,0.0,0.0,0.0,1,0.0,17,14,7,0
483,845,139,0.0,0.0,1,0.0,0.0,1,0.0,0.0,0.0,0.0,0.0,0.0,0.0,0.0,1,10,14,13,0
484,859,115,1,0.0,0.0,0.0,0.0,0.0,1,0.0,0.0,0.0,1,0.0,0.0,0.0,0.0,17,2,17,0
485,639,121,0.0,0.0,0.0,1,0.0,1,0.0,0.0,0.0,0.0,1,0.0,0.0,0.0,0.0,10,25,15,0
486,870,134,0.0,0.0,1,0.0,1,0.0,0.0,0.0,0.0,0.0,0.0,0.0,0.0,1,0.0,14,3,28,0
487,667,20,1,0.0,0.0,0.0,1,0.0,0.0,0.0,0.0,0.0,0.0,0.0,0.0,1,0.0,21,21,2,0
488,913,117,0.0,0.0,1,0.0,0.0,0.0,1,0.0,0.0,0.0,1,0.0,0.0,0.0,0.0,18,3,9,0
489,896,87,0.0,0.0,0.0,1,0.0,0.0,0.0,1,0.0,0.0,0.0,0.0,1,0.0,0.0,7,0,10,0
490,82,72,0.0,1,0.0,0.0,0.0,1,0.0,0.0,0.0,0.0,0.0,0.0,0.0,1,0.0,10,26,24,0
491,793,81,1,0.0,0.0,0.0,0.0,0.0,0.0,1,0.0,1,0.0,0.0,0.0,0.0,0.0,6,17,20,0
492,488,13,0.0,0.0,0.0,1,0.0,0.0,1,0.0,0.0,0.0,0.0,0.0,1,0.0,0.0,12,20,28,0
493,463,198,1,0.0,0.0,0.0,0.0,1,0.0,0.0,0.0,1,0.0,0.0,0.0,0.0,0.0,19,29,0,0
494,544,169,0.0,1,0.0,0.0,1,0.0,0.0,0.0,0.0,0.0,0.0,0.0,0.0,0.0,1,17,0,24,0
495,974,1,1,0.0,0.0,0.0,1,0.0,0.0,0.0,0.0,0.0,1,0.0,0.0,0.0,0.0,12,13,2,0
496,829,126,0.0,0.0,1,0.0,1,0.0,0.0,0.0,0.0,0.0,0.0,0.0,1,0.0,0.0,11,20,20,0
497,589,159,1,0.0,0.0,0.0,0.0,0.0,0.0,1,0.0,0.0,0.0,0.0,0.0,0.0,1,20,9,5,0
498,426,64,1,0.0,0.0,0.0,0.0,0.0,1,0.0,0.0,0.0,1,0.0,0.0,0.0,0.0,9,18,5,0
499,598,2011,1,0.0,0.0,0.0,0.0,1,0.0,0.0,0.0,0.0,0.0,1,0.0,0.0,0.0,8,80,98,1
500,914,54,0.0,1,0.0,0.0,0.0,1,0.0,0.0,0.0,0.0,0.0,0.0,1,0.0,0.0,12,20,11,0
501,818,94,0.0,0.0,0.0,1,0.0,1,0.0,0.0,0.0,0.0,0.0,0.0,1,0.0,0.0,13,10,25,0
502,619,110,1,0.0,0.0,0.0,0.0,0.0,0.0,1,0.0,0.0,1,0.0,0.0,0.0,0.0,8,1,26,0
503,783,111,0.0,0.0,1,0.0,0.0,0.0,1,0.0,0.0,0.0,0.0,0.0,0.0,1,0.0,15,1,3,0
504,392,70,0.0,0.0,1,0.0,0.0,1,0.0,0.0,0.0,1,0.0,0.0,0.0,0.0,0.0,7,12,18,0
505,15,122,1,0.0,0.0,0.0,0.0,0.0,1,0.0,0.0,0.0,0.0,0.0,0.0,1,0.0,11,4,27,0
506,334,168,0.0,1,0.0,0.0,0.0,0.0,0.0,1,0.0,0.0,0.0,0.0,1,0.0,0.0,23,19,9,0
507,164,137,0.0,0.0,1,0.0,0.0,0.0,1,0.0,0.0,0.0,0.0,0.0,0.0,1,0.0,11,8,3,0
508,739,57,0.0,0.0,0.0,1,0.0,0.0,0.0,1,0.0,0.0,0.0,0.0,0.0,0.0,1,22,12,15,0
509,794,5,0.0,1,0.0,0.0,0.0,0.0,0.0,0.0,1,0.0,0.0,0.0,0.0,1,0.0,22,4,12,0
510,25,117,0.0,1,0.0,0.0,0.0,0.0,1,0.0,0.0,0.0,0.0,0.0,0.0,0.0,1,8,11,0,0
511,665,71,0.0,0.0,0.0,1,0.0,0.0,1,0.0,0.0,0.0,1,0.0,0.0,0.0,0.0,9,19,14,0
512,51,90,0.0,1,0.0,0.0,0.0,1,0.0,0.0,0.0,0.0,0.0,0.0,0.0,0.0,1,7,29,4,0
513,935,115,0.0,0.0,0.0,1,0.0,1,0.0,0.0,0.0,0.0,0.0,0.0,1,0.0,0.0,20,18,14,0
514,256,136,0.0,1,0.0,0.0,0.0,0.0,1,0.0,0.0,0.0,0.0,0.0,0.0,1,0.0,16,19,10,0
515,581,51,0.0,0.0,1,0.0,0.0,1,0.0,0.0,0.0,0.0,0.0,0.0,1,0.0,0.0,10,21,6,0
516,953,137,0.0,0.0,0.0,1,0.0,0.0,0.0,1,0.0,0.0,1,0.0,0.0,0.0,0.0,11,24,4,0
517,236,110,0.0,1,0.0,0.0,0.0,0.0,0.0,1,0.0,0.0,1,0.0,0.0,0.0,0.0,21,9,11,0
518,588,50,0.0,0.0,0.0,1,0.0,0.0,0.0,0.0,1,0.0,1,0.0,0.0,0.0,0.0,18,11,6,0
519,377,14,0.0,0.0,0.0,1,0.0,0.0,0.0,0.0,1,1,0.0,0.0,0.0,0.0,0.0,19,26,22,0
520,67,166,0.0,1,0.0,0.0,1,0.0,0.0,0.0,0.0,0.0,0.0,0.0,0.0,0.0,1,10,13,15,0
521,295,49,0.0,0.0,1,0.0,0.0,0.0,0.0,0.0,1,0.0,0.0,0.0,1,0.0,0.0,16,25,20,0
522,728,145,0.0,0.0,0.0,1,0.0,0.0,0.0,0.0,1,0.0,0.0,0.0,0.0,0.0,1,17,28,26,0
523,389,97,0.0,0.0,0.0,1,1,0.0,0.0,0.0,0.0,0.0,1,0.0,0.0,0.0,0.0,20,24,23,0
524,662,74,1,0.0,0.0,0.0,0.0,0.0,1,0.0,0.0,0.0,0.0,0.0,1,0.0,0.0,10,2,16,0
525,896,99,1,0.0,0.0,0.0,0.0,0.0,1,0.0,0.0,1,0.0,0.0,0.0,0.0,0.0,6,15,5,0
526,260,138,0.0,1,0.0,0.0,1,0.0,0.0,0.0,0.0,1,0.0,0.0,0.0,0.0,0.0,21,17,13,0
527,958,26,0.0,0.0,1,0.0,0.0,0.0,0.0,1,0.0,0.0,0.0,0.0,1,0.0,0.0,14,16,26,0
528,365,165,0.0,0.0,1,0.0,0.0,0.0,1,0.0,0.0,0.0,1,0.0,0.0,0.0,0.0,8,10,1,0
529,727,122,0.0,1,0.0,0.0,1,0.0,0.0,0.0,0.0,0.0,0.0,0.0,1,0.0,0.0,6,9,19,0
530,247,106,0.0,0.0,1,0.0,0.0,0.0,0.0,1,0.0,1,0.0,0.0,0.0,0.0,0.0,11,25,3,0
531,76,128,1,0.0,0.0,0.0,0.0,1,0.0,0.0,0.0,0.0,1,0.0,0.0,0.0,0.0,7,4,7,0
532,627,126,0.0,1,0.0,0.0,0.0,1,0.0,0.0,0.0,0.0,0.0,0.0,0.0,0.0,1,13,15,4,0
533,437,90,1,0.0,0.0,0.0,0.0,0.0,0.0,1,0.0,0.0,0.0,0.0,1,0.0,0.0,12,15,23,0
534,222,73,1,0.0,0.0,0.0,0.0,0.0,1,0.0,0.0,0.0,1,0.0,0.0,0.0,0.0,16,6,0,0
535,380,7,0.0,1,0.0,0.0,1,0.0,0.0,0.0,0.0,0.0,0.0,0.0,0.0,1,0.0,19,20,12,0
536,665,61,0.0,1,0.0,0.0,0.0,0.0,1,0.0,0.0,0.0,1,0.0,0.0,0.0,0.0,17,13,27,0
537,123,104,0.0,1,0.0,0.0,1,0.0,0.0,0.0,0.0,0.0,1,0.0,0.0,0.0,0.0,10,7,17,0
538,530,55,0.0,0.0,0.0,1,0.0,1,0.0,0.0,0.0,0.0,0.0,0.0,0.0,0.0,1,9,8,2,0
539,804,70,0.0,0.0,1,0.0,0.0,1,0.0,0.0,0.0,0.0,0.0,0.0,0.0,0.0,1,14,26,17,0
540,958,60,0.0,1,0.0,0.0,0.0,0.0,0.0,1,0.0,0.0,1,0.0,0.0,0.0,0.0,15,0,7,0
541,248,157,0.0,1,0.0,0.0,0.0,1,0.0,0.0,0.0,0.0,0.0,0.0,0.0,0.0,1,20,3,6,0
542,308,98,0.0,0.0,0.0,1,0.0,0.0,0.0,1,0.0,1,0.0,0.0,0.0,0.0,0.0,14,24,9,0
543,189,4120,0.0,0.0,0.0,1,0.0,0.0,0.0,0.0,1,0.0,0.0,1,0.0,0.0,0.0,4,81,99,1
544,714,30,0.0,1,0.0,0.0,0.0,0.0,1,0.0,0.0,0.0,0.0,0.0,0.0,0.0,1,7,6,29,0
545,45,77,1,0.0,0.0,0.0,0.0,1,0.0,0.0,0.0,0.0,0.0,0.0,1,0.0,0.0,7,2,22,0
546,809,101,0.0,0.0,1,0.0,0.0,1,0.0,0.0,0.0,0.0,0.0,0.0,0.0,0.0,1,17,7,14,0
547,513,191,1,0.0,0.0,0.0,0.0,0.0,0.0,0.0,1,0.0,0.0,0.0,0.0,1,0.0,9,29,14,0
548,371,77,0.0,1,0.0,0.0,0.0,1,0.0,0.0,0.0,0.0,0.0,0.0,1,0.0,0.0,10,8,20,0
549,806,122,1,0.0,0.0,0.0,0.0,0.0,0.0,0.0,1,0.0,0.0,0.0,0.0,1,0.0,23,13,0,0
550,923,43,0.0,0.0,0.0,1,1,0.0,0.0,0.0,0.0,0.0,1,0.0,0.0,0.0,0.0,19,13,8,0
551,151,1,0.0,0.0,1,0.0,0.0,1,0.0,0.0,0.0,0.0,0.0,0.0,0.0,1,0.0,13,2,4,0
552,887,171,0.0,0.0,0.0,1,0.0,1,0.0,0.0,0.0,0.0,1,0.0,0.0,0.0,0.0,10,1,14,0
553,466,163,0.0,1,0.0,0.0,0.0,0.0,0.0,1,0.0,0.0,1,0.0,0.0,0.0,0.0,16,1,28,0
554,643,56,1,0.0,0.0,0.0,1,0.0,0.0,0.0,0.0,0.0,0.0,0.0,0.0,0.0,1,8,21,22,0
555,990,2460,0.0,1,0.0,0.0,0.0,0.0,1,0.0,0.0,0.0,0.0,1,0.0,0.0,0.0,20,80,79,1
556,714,187,0.0,0.0,1,0.0,0.0,1,0.0,0.0,0.0,0.0,0.0,0.0,0.0,0.0,1,10,1,5,0
557,211,101,0.0,0.0,0.0,1,0.0,0.0,0.0,0.0,1,0.0,0.0,0.0,1,0.0,0.0,12,28,19,0
558,476,63,0.0,0.0,0.0,1,0.0,0.0,0.0,0.0,1,0.0,0.0,0.0,0.0,1,0.0,15,5,2,0
559,741,64,1,0.0,0.0,0.0,0.0,0.0,0.0,1,0.0,0.0,0.0,0.0,0.0,1,0.0,22,19,11,0
560,510,120,0.0,0.0,1,0.0,1,0.0,0.0,0.0,0.0,0.0,0.0,0.0,0.0,0.0,1,12,19,23,0
561,572,33,1,0.0,0.0,0.0,0.0,0.0,0.0,0.0,1,0.0,1,0.0,0.0,0.0,0.0,22,7,29,0
562,192,127,0.0,1,0.0,0.0,0.0,0.0,0.0,1,0.0,0.0,1,0.0,0.0,0.0,0.0,13,14,18,0
563,528,46,0.0,1,0.0,0.0,0.0,0.0,0.0,0.0,1,0.0,0.0,0.0,0.0,1,0.0,17,21,25,0
564,702,135,0.0,1,0.0,0.0,0.0,0.0,1,0.0,0.0,0.0,0.0,0.0,0.0,1,0.0,9,6,12,0
565,210,52,0.0,0.0,0.0,1,0.0,0.0,0.0,0.0,1,0.0,0.0,0.0,0.0,0.0,1,16,14,21,0
566,246,47,0.0,0.0,1,0.0,0.0,0.0,1,0.0,0.0,0.0,0.0,0.0,0.0,0.0,1,19,16,19,0
567,906,56,0.0,0.0,0.0,1,0.0,0.0,1,0.0,0.0,0.0,0.0,0.0,0.0,0.0,1,7,6,15,0
568,109,3980,0.0,0.0,0.0,1,1,0.0,0.0,0.0,0.0,0.0,0.0,1,0.0,0.0,0.0,16,75,90,1
569,451,149,0.0,0.0,1,0.0,0.0,0.0,0.0,1,0.0,0.0,0.0,0.0,0.0,1,0.0,22,23,9,0
570,696,77,0.0,0.0,1,0.0,0.0,1,0.0,0.0,0.0,0.0,0.0,0.0,1,0.0,0.0,10,9,21,0
571,220,83,0.0,1,0.0,0.0,0.0,0.0,1,0.0,0.0,1,0.0,0.0,0.0,0.0,0.0,20,5,9,0
572,368,66,0.0,0.0,0.0,1,0.0,0.0,0.0,0.0,1,0.0,0.0,0.0,1,0.0,0.0,16,23,2,0
573,275,182,0.0,0.0,1,0.0,0.0,0.0,0.0,1,0.0,0.0,1,0.0,0.0,0.0,0.0,12,2,6,0
574,494,40,1,0.0,0.0,0.0,1,0.0,0.0,0.0,0.0,0.0,0.0,0.0,0.0,1,0.0,7,18,12,0
575,230,89,0.0,0.0,1,0.0,0.0,1,0.0,0.0,0.0,1,0.0,0.0,0.0,0.0,0.0,15,6,27,0
576,888,45,0.0,0.0,0.0,1,0.0,0.0,0.0,1,0.0,0.0,0.0,0.0,1,0.0,0.0,13,4,26,0
577,257,201,0.0,0.0,0.0,1,1,0.0,0.0,0.0,0.0,0.0,0.0,0.0,1,0.0,0.0,16,14,8,0
578,780,244,0.0,0.0,1,0.0,0.0,0.0,0.0,0.0,1,0.0,0.0,0.0,0.0,1,0.0,14,28,17,0
579,269,76,1,0.0,0.0,0.0,0.0,0.0,1,0.0,0.0,1,0.0,0.0,0.0,0.0,0.0,10,0,22,0
580,325,115,0.0,0.0,0.0,1,0.0,0.0,0.0,1,0.0,0.0,0.0,0.0,0.0,0.0,1,21,0,25,0
581,214,79,1,0.0,0.0,0.0,0.0,1,0.0,0.0,0.0,0.0,0.0,0.0,0.0,0.0,1,19,23,7,0
582,156,72,1,0.0,0.0,0.0,0.0,1,0.0,0.0,0.0,1,0.0,0.0,0.0,0.0,0.0,18,10,17,0
583,951,99,0.0,1,0.0,0.0,1,0.0,0.0,0.0,0.0,0.0,1,0.0,0.0,0.0,0.0,14,21,6,0
584,608,112,0.0,1,0.0,0.0,0.0,1,0.0,0.0,0.0,0.0,0.0,0.0,0.0,1,0.0,16,1,27,0
585,418,30,0.0,0.0,0.0,1,0.0,0.0,0.0,0.0,1,0.0,0.0,0.0,0.0,1,0.0,20,5,29,0
586,72,1,0.0,0.0,0.0,1,0.0,0.0,0.0,1,0.0,0.0,0.0,0.0,0.0,1,0.0,12,8,0,0
587,803,168,0.0,0.0,0.0,1,0.0,1,0.0,0.0,0.0,1,0.0,0.0,0.0,0.0,0.0,22,18,22,0
588,733,138,0.0,0.0,1,0.0,0.0,0.0,0.0,0.0,1,0.0,0.0,0.0,0.0,0.0,1,6,23,23,0
589,187,81,1,0.0,0.0,0.0,0.0,1,0.0,0.0,0.0,0.0,0.0,0.0,0.0,1,0.0,8,26,9,0
590,817,127,0.0,0.0,1,0.0,0.0,0.0,0.0,0.0,1,0.0,1,0.0,0.0,0.0,0.0,21,19,29,0
591,880,162,1,0.0,0.0,0.0,0.0,0.0,0.0,1,0.0,0.0,0.0,0.0,0.0,0.0,1,19,15,25,0
592,606,181,1,0.0,0.0,0.0,1,0.0,0.0,0.0,0.0,0.0,0.0,0.0,0.0,0.0,1,21,28,5,0
593,22,75,1,0.0,0.0,0.0,1,0.0,0.0,0.0,0.0,0.0,0.0,0.0,0.0,0.0,1,8,20,3,0
594,377,108,0.0,0.0,1,0.0,0.0,1,0.0,0.0,0.0,0.0,0.0,0.0,0.0,0.0,1,20,18,13,0
595,782,165,0.0,1,0.0,0.0,0.0,0.0,0.0,0.0,1,0.0,1,0.0,0.0,0.0,0.0,7,6,24,0
596,330,75,0.0,1,0.0,0.0,0.0,0.0,0.0,0.0,1,0.0,0.0,0.0,1,0.0,0.0,23,12,12,0
597,91,116,0.0,0.0,0.0,1,0.0,1,0.0,0.0,0.0,0.0,0.0,0.0,0.0,1,0.0,23,15,23,0
598,818,6,1,0.0,0.0,0.0,0.0,1,0.0,0.0,0.0,0.0,0.0,0.0,0.0,1,0.0,23,17,17,0
599,623,199,0.0,1,0.0,0.0,0.0,1,0.0,0.0,0.0,0.0,0.0,0.0,0.0,1,0.0,22,11,3,0
600,602,125,0.0,1,0.0,0.0,0.0,1,0.0,0.0,0.0,1,0.0,0.0,0.0,0.0,0.0,17,21,18,0
601,277,189,0.0,1,0.0,0.0,0.0,0.0,0.0,1,0.0,0.0,0.0,0.0,0.0,1,0.0,17,11,14,0
602,627,58,0.0,0.0,1,0.0,0.0,0.0,0.0,1,0.0,1,0.0,0.0,0.0,0.0,0.0,6,24,6,0
603,784,56,0.0,0.0,1,0.0,0.0,0.0,0.0,1,0.0,0.0,1,0.0,0.0,0.0,0.0,8,19,13,0
604,775,143,0.0,0.0,1,0.0,0.0,0.0,0.0,0.0,1,0.0,0.0,0.0,1,0.0,0.0,13,29,20,0
605,919,17,1,0.0,0.0,0.0,0.0,0.0,0.0,1,0.0,0.0,0.0,0.0,0.0,0.0,1,18,27,4,0
606,830,9,0.0,0.0,1,0.0,0.0,0.0,1,0.0,0.0,0.0,0.0,0.0,0.0,0.0,1,10,4,12,0
607,915,188,0.0,1,0.0,0.0,0.0,0.0,0.0,1,0.0,1,0.0,0.0,0.0,0.0,0.0,22,23,29,0
608,724,162,0.0,0.0,0.0,1,0.0,0.0,1,0.0,0.0,0.0,0.0,0.0,1,0.0,0.0,18,29,17,0
609,833,66,1,0.0,0.0,0.0,0.0,1,0.0,0.0,0.0,0.0,0.0,0.0,0.0,0.0,1,23,29,15,0
610,147,160,0.0,1,0.0,0.0,0.0,0.0,0.0,1,0.0,1,0.0,0.0,0.0,0.0,0.0,11,27,15,0
611,690,38,0.0,1,0.0,0.0,0.0,0.0,1,0.0,0.0,0.0,0.0,0.0,0.0,1,0.0,7,11,7,0
612,713,82,0.0,0.0,1,0.0,0.0,1,0.0,0.0,0.0,0.0,0.0,0.0,0.0,1,0.0,23,29,13,0
613,460,96,0.0,0.0,1,0.0,0.0,0.0,0.0,0.0,1,0.0,0.0,0.0,0.0,1,0.0,6,12,8,0
614,342,198,0.0,0.0,1,0.0,0.0,0.0,0.0,1,0.0,0.0,1,0.0,0.0,0.0,0.0,18,14,6,0
615,801,124,0.0,0.0,1,0.0,0.0,0.0,1,0.0,0.0,0.0,1,0.0,0.0,0.0,0.0,14,25,2,0
616,870,1223,0.0,1,0.0,0.0,1,0.0,0.0,0.0,0.0,1,0.0,0.0,0.0,0.0,0.0,4,94,87,1
617,2,109,0.0,0.0,1,0.0,0.0,0.0,0.0,1,0.0,1,0.0,0.0,0.0,0.0,0.0,11,8,14,0
618,305,136,0.0,1,0.0,0.0,0.0,1,0.0,0.0,0.0,0.0,0.0,0.0,0.0,1,0.0,8,11,10,0
619,842,166,0.0,0.0,0.0,1,1,0.0,0.0,0.0,0.0,0.0,1,0.0,0.0,0.0,0.0,17,7,14,0
620,976,107,1,0.0,0.0,0.0,0.0,0.0,0.0,1,0.0,0.0,0.0,0.0,0.0,0.0,1,17,11,18,0
621,637,22,0.0,0.0,1,0.0,0.0,0.0,0.0,0.0,1,0.0,0.0,0.0,1,0.0,0.0,4,95,72,1
622,205,99,1,0.0,0.0,0.0,1,0.0,0.0,0.0,0.0,0.0,0.0,0.0,1,0.0,0.0,20,19,12,0
623,639,99,0.0,1,0.0,0.0,1,0.0,0.0,0.0,0.0,1,0.0,0.0,0.0,0.0,0.0,9,2,25,0
624,216,116,0.0,0.0,1,0.0,0.0,0.0,1,0.0,0.0,1,0.0,0.0,0.0,0.0,0.0,11,21,6,0
625,327,100,0.0,0.0,1,0.0,0.0,1,0.0,0.0,0.0,0.0,0.0,0.0,0.0,0.0,1,18,18,7,0
626,425,3,0.0,0.0,1,0.0,0.0,0.0,0.0,0.0,1,0.0,1,0.0,0.0,0.0,0.0,17,12,22,0
627,879,59,1,0.0,0.0,0.0,0.0,0.0,0.0,0.0,1,1,0.0,0.0,0.0,0.0,0.0,13,24,29,0
628,675,184,0.0,0.0,1,0.0,0.0,1,0.0,0.0,0.0,0.0,1,0.0,0.0,0.0,0.0,6,8,22,0
629,677,104,1,0.0,0.0,0.0,0.0,1,0.0,0.0,0.0,0.0,0.0,0.0,0.0,0.0,1,17,4,19,0
630,514,70,0.0,0.0,0.0,1,0.0,0.0,0.0,1,0.0,1,0.0,0.0,0.0,0.0,0.0,17,29,12,0
631,206,141,0.0,1,0.0,0.0,0.0,0.0,1,0.0,0.0,0.0,0.0,0.0,0.0,0.0,1,18,19,28,0
632,201,123,0.0,0.0,1,0.0,1,0.0,0.0,0.0,0.0,1,0.0,0.0,0.0,0.0,0.0,21,18,22,0
633,840,90,1,0.0,0.0,0.0,0.0,0.0,0.0,1,0.0,0.0,0.0,0.0,1,0.0,0.0,15,21,21,0
634,758,64,0.0,0.0,0.0,1,0.0,0.0,0.0,1,0.0,0.0,1,0.0,0.0,0.0,0.0,8,11,15,0
635,782,135,0.0,0.0,1,0.0,0.0,0.0,0.0,1,0.0,0.0,1,0.0,0.0,0.0,0.0,23,10,8,0
636,162,14,0.0,0.0,0.0,1,0.0,0.0,1,0.0,0.0,0.0,0.0,0.0,0.0,0.0,1,19,22,20,0
637,172,157,0.0,1,0.0,0.0,0.0,0.0,0.0,0.0,1,0.0,0.0,0.0,0.0,0.0,1,15,5,27,0
638,386,126,0.0,0.0,0.0,1,0.0,1,0.0,0.0,0.0,0.0,0.0,0.0,0.0,0.0,1,17,19,12,0
639,312,98,0.0,0.0,0.0,1,0.0,0.0,1,0.0,0.0,0.0,0.0,0.0,0.0,0.0,1,16,20,24,0
640,278,75,1,0.0,0.0,0.0,1,0.0,0.0,0.0,0.0,0.0,0.0,0.0,0.0,0.0,1,7,28,5,0
641,839,121,0.0,0.0,1,0.0,1,0.0,0.0,0.0,0.0,0.0,0.0,0.0,1,0.0,0.0,13,7,23,0
642,142,99,0.0,0.0,1,0.0,0.0,0.0,1,0.0,0.0,0.0,0.0,0.0,0.0,1,0.0,22,28,9,0
643,664,154,0.0,1,0.0,0.0,0.0,0.0,1,0.0,0.0,0.0,0.0,0.0,1,0.0,0.0,6,27,6,0
644,460,133,1,0.0,0.0,0.0,0.0,0.0,0.0,1,0.0,1,0.0,0.0,0.0,0.0,0.0,8,26,0,0
645,490,122,0.0,0.0,0.0,1,0.0,0.0,0.0,1,0.0,0.0,0.0,0.0,1,0.0,0.0,6,6,2,0
646,749,117,0.0,0.0,0.0,1,0.0,0.0,1,0.0,0.0,0.0,1,0.0,0.0,0.0,0.0,12,10,8,0
647,57,203,0.0,0.0,0.0,1,0.0,1,0.0,0.0,0.0,0.0,1,0.0,0.0,0.0,0.0,16,21,16,0
648,101,70,1,0.0,0.0,0.0,0.0,0.0,0.0,0.0,1,0.0,1,0.0,0.0,0.0,0.0,13,23,13,0
649,175,84,1,0.0,0.0,0.0,0.0,0.0,1,0.0,0.0,0.0,0.0,0.0,0.0,1,0.0,19,5,14,0
650,379,75,1,0.0,0.0,0.0,1,0.0,0.0,0.0,0.0,0.0,0.0,0.0,0.0,1,0.0,15,18,2,0
651,382,15,0.0,1,0.0,0.0,0.0,0.0,0.0,1,0.0,0.0,0.0,0.0,1,0.0,0.0,16,17,3,0
652,87,48,0.0,1,0.0,0.0,0.0,0.0,1,0.0,0.0,1,0.0,0.0,0.0,0.0,0.0,17,24,7,0
653,491,75,0.0,0.0,0.0,1,0.0,0.0,1,0.0,0.0,0.0,0.0,0.0,0.0,1,0.0,8,17,7,0
654,685,139,0.0,0.0,1,0.0,0.0,0.0,0.0,0.0,1,1,0.0,0.0,0.0,0.0,0.0,23,18,26,0
655,409,128,1,0.0,0.0,0.0,0.0,1,0.0,0.0,0.0,0.0,0.0,0.0,0.0,0.0,1,18,25,20,0
656,728,75,0.0,0.0,0.0,1,0.0,0.0,0.0,0.0,1,0.0,0.0,0.0,0.0,0.0,1,22,18,16,0
657,453,93,0.0,0.0,0.0,1,0.0,0.0,0.0,0.0,1,1,0.0,0.0,0.0,0.0,0.0,14,14,13,0
658,734,84,0.0,0.0,1,0.0,0.0,0.0,0.0,0.0,1,0.0,0.0,0.0,1,0.0,0.0,19,29,19,0
659,74,129,1,0.0,0.0,0.0,0.0,1,0.0,0.0,0.0,0.0,0.0,0.0,0.0,0.0,1,22,13,1,0
660,365,98,0.0,0.0,0.0,1,1,0.0,0.0,0.0,0.0,0.0,0.0,0.0,0.0,1,0.0,11,21,9,0
661,146,25,0.0,0.0,1,0.0,1,0.0,0.0,0.0,0.0,1,0.0,0.0,0.0,0.0,0.0,19,21,0,0
662,440,99,1,0.0,0.0,0.0,0.0,0.0,0.0,1,0.0,0.0,0.0,0.0,0.0,0.0,1,21,5,9,0
663,824,102,1,0.0,0.0,0.0,0.0,0.0,1,0.0,0.0,0.0,1,0.0,0.0,0.0,0.0,23,16,17,0
664,448,135,0.0,0.0,1,0.0,0.0,0.0,1,0.0,0.0,0.0,0.0,0.0,1,0.0,0.0,6,22,29,0
665,509,202,1,0.0,0.0,0.0,1,0.0,0.0,0.0,0.0,0.0,0.0,0.0,1,0.0,0.0,8,14,9,0
666,862,101,0.0,0.0,0.0,1,0.0,0.0,0.0,0.0,1,0.0,1,0.0,0.0,0.0,0.0,11,24,13,0
667,456,665,0.0,0.0,1,0.0,0.0,1,0.0,0.0,0.0,0.0,0.0,1,0.0,0.0,0.0,4,74,92,1
668,195,17,0.0,0.0,1,0.0,0.0,0.0,0.0,0.0,1,1,0.0,0.0,0.0,0.0,0.0,16,14,18,0
669,973,25,0.0,0.0,1,0.0,0.0,0.0,0.0,1,0.0,0.0,0.0,0.0,1,0.0,0.0,22,14,23,0
670,413,2601,0.0,1,0.0,0.0,0.0,1,0.0,0.0,0.0,0.0,0.0,0.0,0.0,0.0,1,21,87,94,1
671,606,83,0.0,1,0.0,0.0,0.0,0.0,1,0.0,0.0,1,0.0,0.0,0.0,0.0,0.0,15,2,11,0
672,548,1,0.0,0.0,0.0,1,0.0,0.0,0.0,1,0.0,0.0,0.0,0.0,0.0,0.0,1,22,26,22,0
673,382,91,0.0,0.0,0.0,1,0.0,0.0,1,0.0,0.0,0.0,0.0,0.0,0.0,0.0,1,7,28,27,0
674,937,1,0.0,0.0,1,0.0,0.0,0.0,0.0,1,0.0,0.0,0.0,0.0,0.0,0.0,1,8,21,20,0
675,7,19,0.0,1,0.0,0.0,0.0,0.0,1,0.0,0.0,0.0,0.0,0.0,1,0.0,0.0,23,27,17,0
676,357,3036,0.0,1,0.0,0.0,0.0,1,0.0,0.0,0.0,0.0,0.0,1,0.0,0.0,0.0,4,80,77,1
677,64,79,0.0,0.0,1,0.0,0.0,0.0,1,0.0,0.0,1,0.0,0.0,0.0,0.0,0.0,18,15,20,0
678,908,96,0.0,0.0,0.0,1,0.0,0.0,0.0,0.0,1,1,0.0,0.0,0.0,0.0,0.0,19,26,19,0
679,441,67,1,0.0,0.0,0.0,0.0,0.0,0.0,0.0,1,0.0,0.0,0.0,1,0.0,0.0,21,29,25,0
680,508,1,0.0,0.0,0.0,1,1,0.0,0.0,0.0,0.0,1,0.0,0.0,0.0,0.0,0.0,15,2,24,0
681,717,98,1,0.0,0.0,0.0,0.0,0.0,0.0,1,0.0,1,0.0,0.0,0.0,0.0,0.0,10,6,25,0
682,58,101,1,0.0,0.0,0.0,1,0.0,0.0,0.0,0.0,0.0,0.0,0.0,0.0,0.0,1,21,3,2,0
683,693,8,0.0,1,0.0,0.0,0.0,0.0,1,0.0,0.0,0.0,0.0,0.0,0.0,1,0.0,7,20,2,0
684,959,48,0.0,0.0,1,0.0,1,0.0,0.0,0.0,0.0,0.0,0.0,0.0,1,0.0,0.0,14,23,29,0
685,677,120,1,0.0,0.0,0.0,0.0,1,0.0,0.0,0.0,1,0.0,0.0,0.0,0.0,0.0,10,3,23,0
686,186,136,0.0,0.0,0.0,1,0.0,1,0.0,0.0,0.0,0.0,0.0,0.0,1,0.0,0.0,7,15,25,0
687,862,83,1,0.0,0.0,0.0,0.0,1,0.0,0.0,0.0,0.0,1,0.0,0.0,0.0,0.0,13,14,6,0
688,235,186,0.0,1,0.0,0.0,1,0.0,0.0,0.0,0.0,0.0,0.0,0.0,0.0,0.0,1,7,22,12,0
689,807,77,0.0,0.0,1,0.0,1,0.0,0.0,0.0,0.0,0.0,1,0.0,0.0,0.0,0.0,8,0,7,0
690,117,43,0.0,0.0,1,0.0,0.0,1,0.0,0.0,0.0,0.0,0.0,0.0,1,0.0,0.0,7,5,20,0
691,730,162,0.0,0.0,0.0,1,0.0,0.0,0.0,1,0.0,0.0,0.0,0.0,0.0,0.0,1,22,21,10,0
692,993,110,0.0,0.0,0.0,1,1,0.0,0.0,0.0,0.0,0.0,0.0,0.0,0.0,0.0,1,13,29,14,0
693,23,79,0.0,0.0,1,0.0,0.0,0.0,0.0,1,0.0,0.0,0.0,0.0,1,0.0,0.0,21,23,15,0
694,175,105,0.0,1,0.0,0.0,0.0,1,0.0,0.0,0.0,0.0,0.0,0.0,0.0,1,0.0,12,22,1,0
695,240,63,0.0,1,0.0,0.0,0.0,0.0,1,0.0,0.0,0.0,1,0.0,0.0,0.0,0.0,9,10,20,0
696,870,126,0.0,0.0,0.0,1,0.0,0.0,1,0.0,0.0,0.0,0.0,0.0,0.0,0.0,1,23,23,2,0
697,334,77,0.0,1,0.0,0.0,0.0,0.0,0.0,0.0,1,1,0.0,0.0,0.0,0.0,0.0,12,1,21,0
698,401,144,1,0.0,0.0,0.0,0.0,0.0,0.0,1,0.0,0.0,1,0.0,0.0,0.0,0.0,10,6,5,0
699,614,1,1,0.0,0.0,0.0,0.0,0.0,1,0.0,0.0,1,0.0,0.0,0.0,0.0,0.0,13,2,22,0
700,287,109,0.0,0.0,1,0.0,1,0.0,0.0,0.0,0.0,0.0,1,0.0,0.0,0.0,0.0,9,12,1,0
701,316,109,0.0,0.0,0.0,1,0.0,0.0,0.0,1,0.0,0.0,0.0,0.0,1,0.0,0.0,20,3,5,0
702,58,91,0.0,0.0,0.0,1,0.0,1,0.0,0.0,0.0,0.0,0.0,0.0,0.0,0.0,1,12,20,12,0
703,391,78,0.0,1,0.0,0.0,1,0.0,0.0,0.0,0.0,0.0,0.0,0.0,0.0,1,0.0,19,26,13,0
704,688,223,0.0,0.0,0.0,1,0.0,0.0,0.0,1,0.0,0.0,0.0,0.0,1,0.0,0.0,10,26,29,0
705,245,61,0.0,0.0,1,0.0,0.0,1,0.0,0.0,0.0,0.0,1,0.0,0.0,0.0,0.0,17,3,24,0
706,998,82,0.0,1,0.0,0.0,0.0,0.0,0.0,1,0.0,0.0,1,0.0,0.0,0.0,0.0,13,29,26,0
707,312,51,1,0.0,0.0,0.0,0.0,0.0,1,0.0,0.0,0.0,0.0,0.0,1,0.0,0.0,9,18,20,0
708,277,88,1,0.0,0.0,0.0,1,0.0,0.0,0.0,0.0,1,0.0,0.0,0.0,0.0,0.0,6,7,26,0
709,134,84,0.0,0.0,1,0.0,0.0,0.0,1,0.0,0.0,0.0,0.0,0.0,0.0,0.0,1,16,12,6,0
710,189,88,0.0,0.0,1,0.0,0.0,0.0,1,0.0,0.0,0.0,1,0.0,0.0,0.0,0.0,11,16,20,0
711,667,25,0.0,0.0,0.0,1,0.0,0.0,1,0.0,0.0,0.0,0.0,0.0,0.0,1,0.0,10,12,20,0
712,167,104,0.0,1,0.0,0.0,0.0,0.0,0.0,0.0,1,0.0,0.0,0.0,1,0.0,0.0,7,16,17,0
713,870,178,0.0,0.0,1,0.0,0.0,0.0,0.0,0.0,1,0.0,0.0,0.0,0.0,0.0,1,6,12,9,0
714,865,91,0.0,0.0,0.0,1,0.0,0.0,0.0,0.0,1,1,0.0,0.0,0.0,0.0,0.0,12,0,24,0
715,708,38,0.0,0.0,0.0,1,1,0.0,0.0,0.0,0.0,0.0,1,0.0,0.0,0.0,0.0,16,22,8,0
716,920,46,0.0,1,0.0,0.0,0.0,0.0,0.0,1,0.0,0.0,0.0,0.0,0.0,0.0,1,6,27,27,0
717,6,163,1,0.0,0.0,0.0,0.0,0.0,1,0.0,0.0,0.0,0.0,0.0,1,0.0,0.0,23,6,9,0
718,431,63,0.0,0.0,0.0,1,1,0.0,0.0,0.0,0.0,0.0,1,0.0,0.0,0.0,0.0,16,7,21,0
719,274,71,0.0,0.0,1,0.0,0.0,0.0,0.0,1,0.0,0.0,0.0,0.0,0.0,0.0,1,9,1,18,0
720,857,92,0.0,0.0,0.0,1,0.0,0.0,0.0,0.0,1,0.0,0.0,0.0,0.0,0.0,1,22,18,11,0
721,246,148,0.0,1,0.0,0.0,0.0,0.0,0.0,0.0,1,1,0.0,0.0,0.0,0.0,0.0,11,27,25,0
722,11,122,1,0.0,0.0,0.0,0.0,0.0,1,0.0,0.0,0.0,1,0.0,0.0,0.0,0.0,11,14,14,0
723,124,116,0.0,0.0,1,0.0,0.0,0.0,0.0,1,0.0,0.0,0.0,0.0,0.0,0.0,1,9,23,5,0
724,863,123,0.0,0.0,1,0.0,1,0.0,0.0,0.0,0.0,0.0,1,0.0,0.0,0.0,0.0,23,17,0,0
725,590,120,0.0,0.0,0.0,1,0.0,0.0,0.0,0.0,1,0.0,0.0,0.0,1,0.0,0.0,16,17,18,0
726,1,4912,0.0,0.0,1,0.0,0.0,0.0,0.0,0.0,1,0.0,0.0,0.0,0.0,0.0,1,13,74,95,1
727,613,111,1,0.0,0.0,0.0,1,0.0,0.0,0.0,0.0,0.0,1,0.0,0.0,0.0,0.0,14,2,18,0
728,7,68,0.0,0.0,0.0,1,0.0,1,0.0,0.0,0.0,0.0,0.0,0.0,0.0,0.0,1,6,25,24,0
729,928,60,0.0,0.0,0.0,1,1,0.0,0.0,0.0,0.0,0.0,1,0.0,0.0,0.0,0.0,12,0,3,0
730,695,116,0.0,0.0,1,0.0,1,0.0,0.0,0.0,0.0,0.0,0.0,0.0,1,0.0,0.0,18,21,9,0
731,898,75,0.0,0.0,0.0,1,0.0,0.0,0.0,0.0,1,0.0,0.0,0.0,0.0,1,0.0,20,9,27,0
732,812,119,0.0,0.0,1,0.0,0.0,0.0,0.0,0.0,1,0.0,0.0,0.0,0.0,1,0.0,22,27,15,0
733,75,77,1,0.0,0.0,0.0,0.0,0.0,1,0.0,0.0,0.0,1,0.0,0.0,0.0,0.0,9,8,25,0
734,892,79,0.0,0.0,1,0.0,0.0,0.0,0.0,1,0.0,1,0.0,0.0,0.0,0.0,0.0,17,27,5,0
735,282,150,0.0,0.0,0.0,1,1,0.0,0.0,0.0,0.0,0.0,0.0,0.0,1,0.0,0.0,21,12,26,0
736,46,1,0.0,0.0,1,0.0,0.0,0.0,0.0,0.0,1,1,0.0,0.0,0.0,0.0,0.0,22,17,22,0
737,411,78,0.0,0.0,1,0.0,0.0,1,0.0,0.0,0.0,0.0,0.0,0.0,1,0.0,0.0,13,15,23,0
738,760,119,0.0,0.0,1,0.0,0.0,1,0.0,0.0,0.0,0.0,0.0,0.0,0.0,1,0.0,17,0,10,0
739,970,78,1,0.0,0.0,0.0,0.0,1,0.0,0.0,0.0,0.0,1,0.0,0.0,0.0,0.0,15,21,25,0
740,556,1,1,0.0,0.0,0.0,0.0,0.0,0.0,0.0,1,0.0,0.0,0.0,0.0,0.0,1,13,9,1,0
741,797,67,0.0,0.0,0.0,1,0.0,0.0,0.0,1,0.0,1,0.0,0.0,0.0,0.0,0.0,18,19,14,0
742,74,150,0.0,0.0,0.0,1,1,0.0,0.0,0.0,0.0,0.0,0.0,0.0,0.0,0.0,1,11,20,12,0
743,38,65,0.0,0.0,0.0,1,0.0,0.0,0.0,0.0,1,0.0,0.0,0.0,0.0,0.0,1,13,15,22,0
744,883,131,0.0,0.0,1,0.0,0.0,0.0,1,0.0,0.0,0.0,1,0.0,0.0,0.0,0.0,9,1,2,0
745,373,55,0.0,1,0.0,0.0,0.0,0.0,0.0,1,0.0,0.0,0.0,0.0,0.0,0.0,1,9,9,29,0
746,82,109,0.0,0.0,0.0,1,0.0,0.0,0.0,1,0.0,0.0,0.0,0.0,0.0,1,0.0,18,0,24,0
747,853,234,0.0,0.0,0.0,1,0.0,0.0,0.0,0.0,1,0.0,0.0,0.0,1,0.0,0.0,21,18,20,0
748,633,76,1,0.0,0.0,0.0,0.0,1,0.0,0.0,0.0,0.0,0.0,0.0,0.0,0.0,1,21,9,23,0
749,332,116,0.0,0.0,0.0,1,0.0,0.0,0.0,1,0.0,0.0,0.0,0.0,0.0,1,0.0,11,7,6,0
750,831,199,0.0,0.0,0.0,1,0.0,0.0,0.0,1,0.0,0.0,0.0,0.0,0.0,1,0.0,23,10,16,0
751,784,104,0.0,0.0,1,0.0,0.0,0.0,1,0.0,0.0,0.0,0.0,0.0,0.0,0.0,1,13,13,8,0
752,129,114,0.0,1,0.0,0.0,0.0,0.0,0.0,0.0,1,1,0.0,0.0,0.0,0.0,0.0,6,16,16,0
753,135,941,0.0,0.0,1,0.0,0.0,0.0,1,0.0,0.0,0.0,0.0,0.0,0.0,0.0,1,19,95,98,1
754,540,127,0.0,0.0,0.0,1,0.0,0.0,1,0.0,0.0,0.0,0.0,0.0,0.0,1,0.0,9,16,22,0
755,72,123,0.0,1,0.0,0.0,1,0.0,0.0,0.0,0.0,1,0.0,0.0,0.0,0.0,0.0,20,13,20,0
756,848,27,0.0,0.0,1,0.0,0.0,0.0,0.0,1,0.0,1,0.0,0.0,0.0,0.0,0.0,15,1,23,0
757,303,126,0.0,1,0.0,0.0,0.0,1,0.0,0.0,0.0,0.0,1,0.0,0.0,0.0,0.0,22,8,4,0
758,28,1,1,0.0,0.0,0.0,0.0,0.0,0.0,1,0.0,0.0,0.0,0.0,0.0,1,0.0,22,26,27,0
759,725,135,0.0,0.0,1,0.0,0.0,0.0,0.0,1,0.0,0.0,0.0,0.0,1,0.0,0.0,14,24,13,0
760,162,146,1,0.0,0.0,0.0,0.0,1,0.0,0.0,0.0,0.0,0.0,0.0,0.0,0.0,1,22,0,11,0
761,574,44,0.0,0.0,0.0,1,0.0,0.0,0.0,1,0.0,0.0,1,0.0,0.0,0.0,0.0,23,27,21,0
762,596,104,1,0.0,0.0,0.0,0.0,0.0,1,0.0,0.0,1,0.0,0.0,0.0,0.0,0.0,7,19,9,0
763,432,113,0.0,0.0,1,0.0,0.0,0.0,0.0,0.0,1,1,0.0,0.0,0.0,0.0,0.0,10,14,19,0
764,210,66,0.0,0.0,0.0,1,0.0,0.0,0.0,0.0,1,0.0,1,0.0,0.0,0.0,0.0,22,15,24,0
765,598,183,0.0,0.0,1,0.0,0.0,0.0,1,0.0,0.0,0.0,0.0,0.0,0.0,0.0,1,9,23,5,0
766,784,143,1,0.0,0.0,0.0,0.0,0.0,0.0,1,0.0,0.0,0.0,0.0,1,0.0,0.0,13,16,2,0
767,868,53,0.0,1,0.0,0.0,0.0,0.0,0.0,0.0,1,1,0.0,0.0,0.0,0.0,0.0,19,20,5,0
768,126,122,0.0,0.0,1,0.0,0.0,0.0,1,0.0,0.0,0.0,0.0,0.0,1,0.0,0.0,21,11,10,0
769,762,146,0.0,0.0,1,0.0,0.0,0.0,0.0,1,0.0,0.0,0.0,0.0,0.0,0.0,1,15,23,0,0
770,377,101,0.0,0.0,0.0,1,0.0,0.0,1,0.0,0.0,0.0,0.0,0.0,0.0,1,0.0,16,6,20,0
771,508,81,0.0,0.0,0.0,1,0.0,0.0,0.0,0.0,1,0.0,0.0,0.0,0.0,1,0.0,15,19,20,0
772,220,10,0.0,0.0,0.0,1,0.0,1,0.0,0.0,0.0,0.0,0.0,0.0,0.0,0.0,1,22,19,11,0
773,919,1,0.0,0.0,0.0,1,0.0,0.0,0.0,0.0,1,1,0.0,0.0,0.0,0.0,0.0,7,6,28,0
774,796,30,1,0.0,0.0,0.0,0.0,0.0,1,0.0,0.0,0.0,1,0.0,0.0,0.0,0.0,7,6,9,0
775,339,102,0.0,1,0.0,0.0,0.0,1,0.0,0.0,0.0,1,0.0,0.0,0.0,0.0,0.0,13,11,17,0
776,232,78,0.0,1,0.0,0.0,0.0,0.0,0.0,0.0,1,0.0,0.0,0.0,1,0.0,0.0,14,25,17,0
777,529,193,0.0,0.0,1,0.0,0.0,0.0,0.0,1,0.0,0.0,0.0,0.0,0.0,0.0,1,13,25,18,0
778,537,66,1,0.0,0.0,0.0,0.0,0.0,0.0,1,0.0,1,0.0,0.0,0.0,0.0,0.0,17,15,23,0
779,573,168,0.0,0.0,1,0.0,0.0,0.0,0.0,0.0,1,1,0.0,0.0,0.0,0.0,0.0,14,6,29,0
780,984,5,0.0,1,0.0,0.0,1,0.0,0.0,0.0,0.0,1,0.0,0.0,0.0,0.0,0.0,21,2,5,0
781,841,121,1,0.0,0.0,0.0,0.0,0.0,0.0,1,0.0,0.0,0.0,0.0,0.0,0.0,1,19,24,4,0
782,180,110,0.0,0.0,1,0.0,0.0,0.0,0.0,0.0,1,0.0,0.0,0.0,0.0,0.0,1,11,16,9,0
783,899,31,0.0,1,0.0,0.0,0.0,0.0,1,0.0,0.0,1,0.0,0.0,0.0,0.0,0.0,23,11,19,0
784,11,190,0.0,1,0.0,0.0,0.0,1,0.0,0.0,0.0,0.0,1,0.0,0.0,0.0,0.0,12,12,27,0
785,127,180,0.0,0.0,1,0.0,0.0,0.0,0.0,0.0,1,0.0,0.0,0.0,1,0.0,0.0,9,21,22,0
786,92,131,1,0.0,0.0,0.0,0.0,0.0,0.0,1,0.0,0.0,0.0,0.0,0.0,1,0.0,7,14,21,0
787,883,53,0.0,0.0,0.0,1,1,0.0,0.0,0.0,0.0,0.0,0.0,0.0,0.0,1,0.0,10,11,18,0
788,5,136,1,0.0,0.0,0.0,1,0.0,0.0,0.0,0.0,0.0,0.0,0.0,0.0,0.0,1,10,5,14,0
789,537,84,1,0.0,0.0,0.0,0.0,0.0,0.0,0.0,1,0.0,0.0,0.0,0.0,0.0,1,17,24,26,0
790,486,131,0.0,0.0,1,0.0,0.0,0.0,0.0,1,0.0,0.0,0.0,0.0,0.0,1,0.0,19,27,8,0
791,616,69,0.0,0.0,1,0.0,0.0,0.0,0.0,1,0.0,1,0.0,0.0,0.0,0.0,0.0,20,24,0,0
792,916,100,0.0,0.0,0.0,1,0.0,0.0,0.0,1,0.0,0.0,0.0,0.0,0.0,1,0.0,21,20,3,0
793,869,48,0.0,0.0,0.0,1,1,0.0,0.0,0.0,0.0,0.0,0.0,0.0,0.0,1,0.0,16,15,12,0
794,165,148,1,0.0,0.0,0.0,0.0,0.0,0.0,0.0,1,0.0,0.0,0.0,0.0,0.0,1,10,15,23,0
795,72,43,1,0.0,0.0,0.0,0.0,0.0,0.0,0.0,1,0.0,0.0,0.0,0.0,1,0.0,11,11,10,0
796,955,95,1,0.0,0.0,0.0,1,0.0,0.0,0.0,0.0,1,0.0,0.0,0.0,0.0,0.0,10,2,15,0
797,186,130,0.0,0.0,0.0,1,0.0,1,0.0,0.0,0.0,0.0,1,0.0,0.0,0.0,0.0,7,24,28,0
798,791,101,1,0.0,0.0,0.0,0.0,0.0,1,0.0,0.0,0.0,0.0,0.0,1,0.0,0.0,21,8,12,0
799,527,158,1,0.0,0.0,0.0,0.0,0.0,1,0.0,0.0,0.0,1,0.0,0.0,0.0,0.0,12,27,11,0
800,473,49,1,0.0,0.0,0.0,1,0.0,0.0,0.0,0.0,0.0,1,0.0,0.0,0.0,0.0,15,3,14,0
801,226,89,0.0,0.0,1,0.0,0.0,0.0,0.0,1,0.0,0.0,0.0,0.0,0.0,0.0,1,23,10,20,0
802,366,147,0.0,1,0.0,0.0,0.0,1,0.0,0.0,0.0,0.0,0.0,0.0,0.0,1,0.0,11,3,18,0
803,6,70,0.0,0.0,0.0,1,0.0,0.0,0.0,0.0,1,0.0,0.0,0.0,0.0,0.0,1,6,19,27,0
804,619,153,0.0,1,0.0,0.0,0.0,0.0,0.0,0.0,1,0.0,0.0,0.0,1,0.0,0.0,6,7,11,0
805,146,175,1,0.0,0.0,0.0,0.0,0.0,1,0.0,0.0,0.0,0.0,0.0,0.0,1,0.0,13,18,25,0
806,417,44,0.0,0.0,1,0.0,0.0,0.0,0.0,1,0.0,0.0,0.0,0.0,0.0,1,0.0,10,5,1,0
807,782,134,0.0,0.0,1,0.0,0.0,0.0,1,0.0,0.0,1,0.0,0.0,0.0,0.0,0.0,6,15,22,0
808,510,103,0.0,0.0,1,0.0,0.0,0.0,0.0,1,0.0,0.0,1,0.0,0.0,0.0,0.0,17,0,20,0
809,277,84,0.0,0.0,1,0.0,0.0,0.0,0.0,0.0,1,0.0,0.0,0.0,0.0,1,0.0,12,4,10,0
810,463,53,0.0,1,0.0,0.0,1,0.0,0.0,0.0,0.0,1,0.0,0.0,0.0,0.0,0.0,17,11,9,0
811,585,39,0.0,0.0,0.0,1,0.0,0.0,1,0.0,0.0,0.0,0.0,0.0,0.0,0.0,1,14,14,22,0
812,921,111,0.0,0.0,1,0.0,0.0,0.0,1,0.0,0.0,0.0,0.0,0.0,0.0,0.0,1,14,24,5,0
813,424,1,0.0,1,0.0,0.0,1,0.0,0.0,0.0,0.0,0.0,1,0.0,0.0,0.0,0.0,20,19,10,0
814,381,103,1,0.0,0.0,0.0,0.0,1,0.0,0.0,0.0,0.0,0.0,0.0,1,0.0,0.0,9,5,27,0
815,252,144,1,0.0,0.0,0.0,0.0,0.0,0.0,1,0.0,1,0.0,0.0,0.0,0.0,0.0,13,13,18,0
816,710,74,0.0,1,0.0,0.0,0.0,1,0.0,0.0,0.0,0.0,0.0,0.0,0.0,1,0.0,20,20,23,0
817,704,137,0.0,1,0.0,0.0,0.0,1,0.0,0.0,0.0,0.0,0.0,0.0,0.0,0.0,1,16,17,0,0
818,624,2110,1,0.0,0.0,0.0,0.0,0.0,1,0.0,0.0,0.0,0.0,0.0,0.0,0.0,1,1,77,86,1
819,829,82,1,0.0,0.0,0.0,0.0,1,0.0,0.0,0.0,1,0.0,0.0,0.0,0.0,0.0,12,16,2,0
820,979,154,0.0,0.0,1,0.0,1,0.0,0.0,0.0,0.0,0.0,0.0,0.0,1,0.0,0.0,23,19,24,0
821,454,177,0.0,0.0,0.0,1,1,0.0,0.0,0.0,0.0,0.0,0.0,0.0,0.0,1,0.0,16,3,16,0
822,37,87,1,0.0,0.0,0.0,0.0,0.0,0.0,0.0,1,1,0.0,0.0,0.0,0.0,0.0,13,16,24,0
823,401,180,0.0,0.0,0.0,1,0.0,0.0,0.0,1,0.0,0.0,0.0,0.0,0.0,1,0.0,22,17,0,0
824,679,128,0.0,0.0,1,0.0,0.0,0.0,0.0,0.0,1,0.0,0.0,0.0,1,0.0,0.0,16,5,6,0
825,541,130,0.0,0.0,0.0,1,0.0,0.0,0.0,0.0,1,0.0,0.0,0.0,0.0,1,0.0,12,8,29,0
826,210,1,0.0,0.0,1,0.0,0.0,0.0,1,0.0,0.0,0.0,1,0.0,0.0,0.0,0.0,7,27,7,0
827,946,103,0.0,0.0,1,0.0,0.0,0.0,0.0,1,0.0,1,0.0,0.0,0.0,0.0,0.0,14,13,5,0
828,183,62,0.0,1,0.0,0.0,0.0,1,0.0,0.0,0.0,0.0,0.0,0.0,0.0,1,0.0,17,26,19,0
829,42,99,0.0,0.0,0.0,1,0.0,0.0,1,0.0,0.0,0.0,0.0,0.0,1,0.0,0.0,7,25,28,0
830,245,81,0.0,0.0,1,0.0,1,0.0,0.0,0.0,0.0,0.0,0.0,0.0,0.0,0.0,1,16,9,10,0
831,74,125,1,0.0,0.0,0.0,0.0,1,0.0,0.0,0.0,0.0,0.0,0.0,0.0,0.0,1,12,13,1,0
832,185,1,1,0.0,0.0,0.0,0.0,0.0,0.0,1,0.0,0.0,1,0.0,0.0,0.0,0.0,16,19,3,0
833,13,42,0.0,0.0,1,0.0,0.0,0.0,1,0.0,0.0,0.0,1,0.0,0.0,0.0,0.0,11,23,18,0
834,647,154,0.0,0.0,1,0.0,0.0,0.0,1,0.0,0.0,0.0,0.0,0.0,0.0,0.0,1,6,2,12,0
835,105,192,0.0,0.0,0.0,1,0.0,1,0.0,0.0,0.0,0.0,1,0.0,0.0,0.0,0.0,9,2,10,0
836,782,156,0.0,0.0,1,0.0,1,0.0,0.0,0.0,0.0,0.0,0.0,0.0,0.0,0.0,1,22,27,25,0
837,888,128,0.0,1,0.0,0.0,0.0,0.0,0.0,1,0.0,1,0.0,0.0,0.0,0.0,0.0,13,23,11,0
838,984,71,0.0,0.0,1,0.0,0.0,0.0,1,0.0,0.0,1,0.0,0.0,0.0,0.0,0.0,6,14,29,0
839,339,22,0.0,1,0.0,0.0,0.0,0.0,0.0,0.0,1,0.0,0.0,0.0,0.0,0.0,1,5,87,94,1
840,502,36,0.0,1,0.0,0.0,0.0,1,0.0,0.0,0.0,0.0,0.0,0.0,0.0,0.0,1,17,7,12,0
841,509,119,1,0.0,0.0,0.0,0.0,1,0.0,0.0,0.0,0.0,1,0.0,0.0,0.0,0.0,18,21,24,0
842,404,95,1,0.0,0.0,0.0,1,0.0,0.0,0.0,0.0,0.0,0.0,0.0,0.0,1,0.0,8,21,25,0
843,794,95,0.0,1,0.0,0.0,1,0.0,0.0,0.0,0.0,0.0,0.0,0.0,0.0,0.0,1,7,4,2,0
844,282,48,0.0,0.0,0.0,1,0.0,0.0,0.0,0.0,1,0.0,0.0,0.0,0.0,0.0,1,6,25,22,0
845,52,102,0.0,1,0.0,0.0,0.0,0.0,1,0.0,0.0,0.0,0.0,0.0,1,0.0,0.0,17,7,19,0
846,389,162,1,0.0,0.0,0.0,1,0.0,0.0,0.0,0.0,0.0,0.0,0.0,0.0,1,0.0,10,29,4,0
847,790,97,0.0,0.0,1,0.0,0.0,0.0,1,0.0,0.0,0.0,0.0,0.0,1,0.0,0.0,23,14,5,0
848,322,139,0.0,0.0,0.0,1,0.0,1,0.0,0.0,0.0,0.0,0.0,0.0,0.0,1,0.0,6,12,12,0
849,402,111,0.0,1,0.0,0.0,0.0,0.0,1,0.0,0.0,1,0.0,0.0,0.0,0.0,0.0,19,29,9,0
850,692,137,1,0.0,0.0,0.0,0.0,0.0,0.0,1,0.0,0.0,1,0.0,0.0,0.0,0.0,22,29,24,0
851,492,79,0.0,1,0.0,0.0,0.0,0.0,1,0.0,0.0,0.0,0.0,0.0,0.0,1,0.0,11,28,15,0
852,855,137,0.0,0.0,1,0.0,0.0,0.0,0.0,1,0.0,1,0.0,0.0,0.0,0.0,0.0,11,26,22,0
853,341,126,0.0,0.0,1,0.0,1,0.0,0.0,0.0,0.0,1,0.0,0.0,0.0,0.0,0.0,10,6,12,0
854,177,1,0.0,1,0.0,0.0,1,0.0,0.0,0.0,0.0,0.0,0.0,0.0,0.0,1,0.0,14,15,28,0
855,62,170,0.0,0.0,0.0,1,0.0,1,0.0,0.0,0.0,0.0,0.0,0.0,0.0,1,0.0,16,28,11,0
856,225,1,0.0,0.0,1,0.0,0.0,1,0.0,0.0,0.0,1,0.0,0.0,0.0,0.0,0.0,14,7,19,0
857,797,79,0.0,0.0,1,0.0,0.0,0.0,0.0,0.0,1,0.0,0.0,0.0,0.0,1,0.0,8,4,22,0
858,880,131,0.0,0.0,1,0.0,0.0,1,0.0,0.0,0.0,1,0.0,0.0,0.0,0.0,0.0,16,15,10,0
859,52,98,0.0,1,0.0,0.0,0.0,0.0,0.0,1,0.0,0.0,0.0,0.0,1,0.0,0.0,11,4,24,0
860,823,59,0.0,1,0.0,0.0,0.0,1,0.0,0.0,0.0,0.0,0.0,0.0,0.0,0.0,1,10,27,8,0
861,689,162,1,0.0,0.0,0.0,0.0,1,0.0,0.0,0.0,0.0,0.0,0.0,0.0,1,0.0,19,18,4,0
862,964,169,0.0,1,0.0,0.0,0.0,0.0,0.0,1,0.0,0.0,1,0.0,0.0,0.0,0.0,12,8,1,0
863,740,1343,0.0,1,0.0,0.0,0.0,0.0,0.0,0.0,1,0.0,0.0,0.0,0.0,0.0,1,20,85,70,1
864,661,119,0.0,0.0,1,0.0,0.0,0.0,1,0.0,0.0,0.0,0.0,0.0,0.0,1,0.0,23,27,4,0
865,757,26,0.0,0.0,0.0,1,0.0,0.0,0.0,1,0.0,0.0,0.0,0.0,0.0,1,0.0,17,5,23,0
866,340,103,0.0,1,0.0,0.0,0.0,0.0,0.0,1,0.0,1,0.0,0.0,0.0,0.0,0.0,6,4,24,0
867,435,35,0.0,0.0,0.0,1,0.0,0.0,1,0.0,0.0,1,0.0,0.0,0.0,0.0,0.0,10,4,28,0
868,729,78,1,0.0,0.0,0.0,0.0,1,0.0,0.0,0.0,0.0,0.0,0.0,0.0,1,0.0,18,10,28,0
869,254,186,0.0,0.0,0.0,1,0.0,0.0,1,0.0,0.0,0.0,0.0,0.0,0.0,1,0.0,14,0,28,0
870,480,99,0.0,0.0,1,0.0,0.0,0.0,0.0,0.0,1,0.0,0.0,0.0,0.0,1,0.0,18,3,10,0
871,465,100,0.0,0.0,0.0,1,0.0,0.0,1,0.0,0.0,0.0,0.0,0.0,1,0.0,0.0,8,20,6,0
872,461,97,0.0,0.0,0.0,1,1,0.0,0.0,0.0,0.0,0.0,0.0,0.0,1,0.0,0.0,8,11,12,0
873,408,7,0.0,0.0,0.0,1,1,0.0,0.0,0.0,0.0,0.0,0.0,0.0,1,0.0,0.0,8,9,10,0
874,923,97,1,0.0,0.0,0.0,0.0,0.0,1,0.0,0.0,0.0,0.0,0.0,0.0,0.0,1,19,0,16,0
875,403,94,0.0,0.0,0.0,1,1,0.0,0.0,0.0,0.0,0.0,1,0.0,0.0,0.0,0.0,16,16,14,0
876,413,64,0.0,0.0,0.0,1,0.0,0.0,0.0,0.0,1,0.0,0.0,0.0,0.0,1,0.0,15,1,23,0
877,484,106,0.0,1,0.0,0.0,1,0.0,0.0,0.0,0.0,0.0,0.0,0.0,1,0.0,0.0,14,27,2,0
878,918,98,1,0.0,0.0,0.0,0.0,0.0,0.0,0.0,1,0.0,0.0,0.0,1,0.0,0.0,6,3,6,0
879,93,182,0.0,1,0.0,0.0,1,0.0,0.0,0.0,0.0,0.0,0.0,0.0,0.0,0.0,1,14,6,18,0
880,702,4603,0.0,0.0,0.0,1,0.0,0.0,0.0,1,0.0,0.0,0.0,0.0,0.0,0.0,1,9,74,74,1
881,113,100,0.0,1,0.0,0.0,1,0.0,0.0,0.0,0.0,0.0,0.0,0.0,0.0,1,0.0,14,11,29,0
882,885,49,0.0,0.0,1,0.0,0.0,0.0,0.0,1,0.0,1,0.0,0.0,0.0,0.0,0.0,22,23,21,0
883,752,122,1,0.0,0.0,0.0,0.0,0.0,0.0,0.0,1,0.0,0.0,0.0,1,0.0,0.0,16,15,28,0
884,427,115,0.0,1,0.0,0.0,0.0,0.0,0.0,1,0.0,0.0,1,0.0,0.0,0.0,0.0,6,25,11,0
885,19,52,0.0,1,0.0,0.0,1,0.0,0.0,0.0,0.0,1,0.0,0.0,0.0,0.0,0.0,15,24,28,0
886,68,96,1,0.0,0.0,0.0,0.0,1,0.0,0.0,0.0,1,0.0,0.0,0.0,0.0,0.0,6,2,26,0
887,485,95,1,0.0,0.0,0.0,0.0,0.0,0.0,0.0,1,0.0,0.0,0.0,1,0.0,0.0,10,16,11,0
888,522,82,0.0,0.0,0.0,1,0.0,0.0,0.0,1,0.0,1,0.0,0.0,0.0,0.0,0.0,18,1,16,0
889,400,95,0.0,0.0,1,0.0,0.0,0.0,0.0,1,0.0,1,0.0,0.0,0.0,0.0,0.0,14,17,7,0
890,776,141,1,0.0,0.0,0.0,0.0,0.0,0.0,0.0,1,0.0,1,0.0,0.0,0.0,0.0,14,20,2,0
891,868,176,0.0,0.0,0.0,1,1,0.0,0.0,0.0,0.0,0.0,1,0.0,0.0,0.0,0.0,22,18,1,0
892,809,46,0.0,1,0.0,0.0,0.0,0.0,0.0,1,0.0,0.0,0.0,0.0,0.0,1,0.0,8,7,7,0
893,505,123,0.0,0.0,1,0.0,0.0,0.0,0.0,0.0,1,1,0.0,0.0,0.0,0.0,0.0,18,7,10,0
894,71,19,0.0,0.0,0.0,1,0.0,0.0,0.0,1,0.0,0.0,1,0.0,0.0,0.0,0.0,14,4,17,0
895,102,120,0.0,1,0.0,0.0,0.0,1,0.0,0.0,0.0,0.0,0.0,0.0,0.0,0.0,1,21,27,24,0
896,98,66,1,0.0,0.0,0.0,0.0,0.0,0.0,0.0,1,1,0.0,0.0,0.0,0.0,0.0,21,23,27,0
897,550,175,0.0,0.0,0.0,1,0.0,0.0,1,0.0,0.0,0.0,1,0.0,0.0,0.0,0.0,8,27,18,0
898,367,142,0.0,0.0,1,0.0,0.0,0.0,0.0,0.0,1,1,0.0,0.0,0.0,0.0,0.0,23,20,1,0
899,787,106,0.0,0.0,0.0,1,0.0,1,0.0,0.0,0.0,0.0,0.0,0.0,0.0,1,0.0,19,11,21,0
900,987,51,0.0,0.0,0.0,1,0.0,0.0,0.0,0.0,1,0.0,1,0.0,0.0,0.0,0.0,12,1,22,0
901,630,66,0.0,0.0,1,0.0,0.0,1,0.0,0.0,0.0,1,0.0,0.0,0.0,0.0,0.0,23,29,25,0
902,98,67,0.0,0.0,1,0.0,0.0,1,0.0,0.0,0.0,0.0,0.0,0.0,0.0,0.0,1,6,10,0,0
903,144,138,1,0.0,0.0,0.0,1,0.0,0.0,0.0,0.0,0.0,0.0,0.0,1,0.0,0.0,22,11,20,0
904,406,3,0.0,0.0,0.0,1,0.0,0.0,0.0,1,0.0,0.0,1,0.0,0.0,0.0,0.0,23,4,24,0
905,233,63,0.0,0.0,0.0,1,1,0.0,0.0,0.0,0.0,0.0,0.0,0.0,0.0,1,0.0,13,0,25,0
906,910,148,1,0.0,0.0,0.0,0.0,0.0,1,0.0,0.0,0.0,0.0,0.0,0.0,1,0.0,11,6,23,0
907,400,107,1,0.0,0.0,0.0,0.0,0.0,0.0,0.0,1,0.0,1,0.0,0.0,0.0,0.0,16,6,10,0
908,578,26,1,0.0,0.0,0.0,1,0.0,0.0,0.0,0.0,1,0.0,0.0,0.0,0.0,0.0,11,2,3,0
909,133,184,0.0,0.0,0.0,1,0.0,0.0,1,0.0,0.0,0.0,1,0.0,0.0,0.0,0.0,14,22,2,0
910,310,91,0.0,0.0,0.0,1,0.0,0.0,1,0.0,0.0,0.0,1,0.0,0.0,0.0,0.0,12,27,2,0
911,343,55,0.0,1,0.0,0.0,1,0.0,0.0,0.0,0.0,0.0,0.0,0.0,0.0,0.0,1,8,19,15,0
912,991,118,0.0,0.0,1,0.0,0.0,1,0.0,0.0,0.0,0.0,0.0,0.0,1,0.0,0.0,18,22,8,0
913,355,89,0.0,0.0,1,0.0,0.0,0.0,1,0.0,0.0,0.0,0.0,0.0,1,0.0,0.0,23,18,8,0
914,320,79,0.0,0.0,1,0.0,0.0,0.0,0.0,0.0,1,0.0,1,0.0,0.0,0.0,0.0,14,16,25,0
915,14,60,1,0.0,0.0,0.0,0.0,1,0.0,0.0,0.0,0.0,0.0,0.0,1,0.0,0.0,22,4,3,0
916,724,164,0.0,0.0,1,0.0,0.0,1,0.0,0.0,0.0,0.0,0.0,0.0,1,0.0,0.0,6,24,29,0
917,614,22,0.0,1,0.0,0.0,1,0.0,0.0,0.0,0.0,0.0,0.0,0.0,0.0,0.0,1,16,11,0,0
918,471,101,0.0,0.0,0.0,1,0.0,1,0.0,0.0,0.0,1,0.0,0.0,0.0,0.0,0.0,15,12,18,0
919,278,22,0.0,0.0,0.0,1,0.0,0.0,0.0,0.0,1,0.0,0.0,0.0,0.0,1,0.0,18,12,9,0
920,942,13,0.0,0.0,1,0.0,0.0,0.0,0.0,1,0.0,0.0,1,0.0,0.0,0.0,0.0,23,26,14,0
921,712,175,0.0,1,0.0,0.0,0.0,0.0,0.0,0.0,1,0.0,0.0,0.0,0.0,1,0.0,21,5,23,0
922,576,137,0.0,1,0.0,0.0,0.0,0.0,0.0,0.0,1,0.0,0.0,0.0,0.0,0.0,1,10,16,17,0
923,667,87,1,0.0,0.0,0.0,1,0.0,0.0,0.0,0.0,0.0,0.0,0.0,1,0.0,0.0,23,3,5,0
924,894,132,0.0,1,0.0,0.0,1,0.0,0.0,0.0,0.0,0.0,0.0,1,0.0,0.0,0.0,8,94,93,1
925,698,145,1,0.0,0.0,0.0,0.0,0.0,0.0,1,0.0,0.0,1,0.0,0.0,0.0,0.0,16,2,12,0
926,250,140,0.0,1,0.0,0.0,1,0.0,0.0,0.0,0.0,1,0.0,0.0,0.0,0.0,0.0,7,24,3,0
927,227,145,0.0,0.0,1,0.0,0.0,0.0,0.0,0.0,1,1,0.0,0.0,0.0,0.0,0.0,6,18,1,0
928,810,83,0.0,0.0,0.0,1,1,0.0,0.0,0.0,0.0,0.0,1,0.0,0.0,0.0,0.0,18,28,23,0
929,937,102,0.0,1,0.0,0.0,0.0,0.0,0.0,0.0,1,0.0,1,0.0,0.0,0.0,0.0,13,27,9,0
930,295,124,1,0.0,0.0,0.0,0.0,0.0,0.0,1,0.0,1,0.0,0.0,0.0,0.0,0.0,22,9,15,0
931,955,186,0.0,0.0,1,0.0,0.0,0.0,1,0.0,0.0,0.0,1,0.0,0.0,0.0,0.0,19,25,13,0
932,89,102,1,0.0,0.0,0.0,0.0,0.0,0.0,0.0,1,1,0.0,0.0,0.0,0.0,0.0,20,24,5,0
933,792,87,0.0,0.0,1,0.0,0.0,0.0,0.0,1,0.0,1,0.0,0.0,0.0,0.0,0.0,15,13,23,0
934,265,1,0.0,1,0.0,0.0,0.0,0.0,0.0,0.0,1,0.0,0.0,0.0,0.0,1,0.0,7,25,1,0
935,952,131,0.0,1,0.0,0.0,0.0,0.0,0.0,0.0,1,1,0.0,0.0,0.0,0.0,0.0,6,12,23,0
936,480,113,0.0,1,0.0,0.0,0.0,0.0,0.0,1,0.0,0.0,0.0,0.0,0.0,0.0,1,21,14,27,0
937,897,108,0.0,0.0,1,0.0,0.0,0.0,0.0,0.0,1,0.0,0.0,0.0,1,0.0,0.0,7,10,5,0
938,970,127,0.0,0.0,1,0.0,0.0,0.0,1,0.0,0.0,0.0,0.0,0.0,1,0.0,0.0,13,26,16,0
939,719,6,0.0,0.0,1,0.0,1,0.0,0.0,0.0,0.0,0.0,0.0,0.0,0.0,0.0,1,14,11,16,0
940,19,122,1,0.0,0.0,0.0,1,0.0,0.0,0.0,0.0,0.0,1,0.0,0.0,0.0,0.0,23,8,16,0
941,56,79,0.0,0.0,1,0.0,1,0.0,0.0,0.0,0.0,1,0.0,0.0,0.0,0.0,0.0,11,12,3,0
942,611,84,0.0,0.0,1,0.0,0.0,0.0,1,0.0,0.0,0.0,1,0.0,0.0,0.0,0.0,7,12,21,0
943,412,67,0.0,0.0,0.0,1,0.0,0.0,0.0,1,0.0,0.0,1,0.0,0.0,0.0,0.0,20,17,19,0
944,281,1,0.0,1,0.0,0.0,0.0,1,0.0,0.0,0.0,1,0.0,0.0,0.0,0.0,0.0,23,25,4,0
945,228,140,0.0,0.0,0.0,1,0.0,0.0,1,0.0,0.0,1,0.0,0.0,0.0,0.0,0.0,15,15,20,0
946,934,149,0.0,1,0.0,0.0,0.0,0.0,0.0,1,0.0,0.0,1,0.0,0.0,0.0,0.0,14,10,7,0
947,319,31,1,0.0,0.0,0.0,0.0,0.0,1,0.0,0.0,1,0.0,0.0,0.0,0.0,0.0,22,15,23,0
948,224,26,0.0,1,0.0,0.0,0.0,1,0.0,0.0,0.0,0.0,0.0,0.0,1,0.0,0.0,17,19,10,0
949,385,107,0.0,0.0,0.0,1,1,0.0,0.0,0.0,0.0,1,0.0,0.0,0.0,0.0,0.0,18,1,17,0
950,808,10,0.0,0.0,1,0.0,0.0,0.0,0.0,0.0,1,0.0,0.0,0.0,1,0.0,0.0,19,72,74,1
951,674,81,0.0,0.0,1,0.0,0.0,0.0,0.0,0.0,1,0.0,0.0,0.0,0.0,0.0,1,6,8,16,0
952,374,187,0.0,0.0,0.0,1,0.0,1,0.0,0.0,0.0,0.0,0.0,0.0,0.0,0.0,1,23,29,10,0
953,227,100,0.0,0.0,0.0,1,0.0,0.0,1,0.0,0.0,1,0.0,0.0,0.0,0.0,0.0,11,11,19,0
954,64,158,0.0,0.0,0.0,1,0.0,1,0.0,0.0,0.0,1,0.0,0.0,0.0,0.0,0.0,18,11,29,0
955,677,133,0.0,0.0,0.0,1,1,0.0,0.0,0.0,0.0,0.0,0.0,0.0,0.0,1,0.0,8,24,4,0
956,970,132,0.0,0.0,0.0,1,0.0,0.0,1,0.0,0.0,0.0,0.0,0.0,0.0,0.0,1,6,24,0,0
957,527,91,0.0,0.0,1,0.0,0.0,0.0,0.0,1,0.0,1,0.0,0.0,0.0,0.0,0.0,15,10,3,0
958,659,48,1,0.0,0.0,0.0,0.0,0.0,1,0.0,0.0,0.0,1,0.0,0.0,0.0,0.0,20,27,19,0
959,83,191,0.0,1,0.0,0.0,1,0.0,0.0,0.0,0.0,0.0,0.0,0.0,0.0,0.0,1,14,13,13,0
960,31,101,0.0,0.0,1,0.0,1,0.0,0.0,0.0,0.0,0.0,0.0,0.0,0.0,1,0.0,19,3,15,0
961,186,108,0.0,0.0,1,0.0,0.0,0.0,0.0,1,0.0,1,0.0,0.0,0.0,0.0,0.0,23,27,19,0
962,297,183,0.0,1,0.0,0.0,0.0,1,0.0,0.0,0.0,0.0,0.0,0.0,0.0,1,0.0,17,7,26,0
963,104,17,1,0.0,0.0,0.0,0.0,0.0,1,0.0,0.0,0.0,1,0.0,0.0,0.0,0.0,21,8,9,0
964,87,161,0.0,0.0,1,0.0,0.0,0.0,0.0,1,0.0,0.0,0.0,0.0,0.0,1,0.0,21,9,26,0
965,991,87,0.0,0.0,1,0.0,1,0.0,0.0,0.0,0.0,0.0,0.0,0.0,0.0,0.0,1,18,29,0,0
966,664,115,0.0,1,0.0,0.0,0.0,0.0,1,0.0,0.0,0.0,0.0,0.0,1,0.0,0.0,22,15,26,0
967,409,68,0.0,0.0,0.0,1,0.0,0.0,1,0.0,0.0,0.0,0.0,0.0,0.0,1,0.0,21,8,25,0
968,820,126,0.0,0.0,1,0.0,0.0,0.0,1,0.0,0.0,0.0,0.0,0.0,0.0,0.0,1,10,26,0,0
969,902,180,1,0.0,0.0,0.0,0.0,0.0,0.0,0.0,1,0.0,0.0,0.0,0.0,1,0.0,15,13,16,0
970,281,84,0.0,1,0.0,0.0,0.0,1,0.0,0.0,0.0,0.0,0.0,0.0,0.0,1,0.0,19,4,19,0
971,849,114,1,0.0,0.0,0.0,0.0,1,0.0,0.0,0.0,0.0,1,0.0,0.0,0.0,0.0,9,8,29,0
972,583,140,0.0,1,0.0,0.0,0.0,1,0.0,0.0,0.0,0.0,1,0.0,0.0,0.0,0.0,12,11,25,0
973,605,103,0.0,0.0,0.0,1,0.0,0.0,1,0.0,0.0,1,0.0,0.0,0.0,0.0,0.0,9,13,5,0
974,155,58,1,0.0,0.0,0.0,0.0,0.0,0.0,0.0,1,1,0.0,0.0,0.0,0.0,0.0,8,17,20,0
975,232,114,0.0,0.0,0.0,1,0.0,0.0,0.0,1,0.0,0.0,0.0,0.0,0.0,1,0.0,19,17,23,0
976,381,73,1,0.0,0.0,0.0,0.0,0.0,0.0,1,0.0,0.0,0.0,0.0,0.0,1,0.0,16,10,18,0
977,157,72,0.0,0.0,1,0.0,0.0,1,0.0,0.0,0.0,1,0.0,0.0,0.0,0.0,0.0,13,19,20,0
978,370,77,0.0,0.0,0.0,1,0.0,0.0,0.0,1,0.0,0.0,1,0.0,0.0,0.0,0.0,17,17,5,0
979,119,77,0.0,0.0,1,0.0,0.0,0.0,1,0.0,0.0,1,0.0,0.0,0.0,0.0,0.0,21,20,9,0
980,491,69,0.0,0.0,1,0.0,0.0,1,0.0,0.0,0.0,0.0,0.0,0.0,0.0,0.0,1,20,22,28,0
981,315,162,1,0.0,0.0,0.0,1,0.0,0.0,0.0,0.0,0.0,0.0,0.0,0.0,0.0,1,23,16,6,0
982,818,146,1,0.0,0.0,0.0,0.0,0.0,0.0,0.0,1,0.0,0.0,0.0,0.0,1,0.0,6,25,20,0
983,554,1513,0.0,0.0,0.0,1,0.0,0.0,1,0.0,0.0,0.0,0.0,0.0,0.0,1,0.0,19,96,97,1
984,135,9,0.0,0.0,0.0,1,1,0.0,0.0,0.0,0.0,0.0,1,0.0,0.0,0.0,0.0,21,14,21,0
985,403,154,1,0.0,0.0,0.0,0.0,1,0.0,0.0,0.0,0.0,0.0,0.0,1,0.0,0.0,13,4,28,0
986,252,137,0.0,1,0.0,0.0,0.0,0.0,0.0,0.0,1,0.0,0.0,0.0,1,0.0,0.0,18,3,4,0
987,792,188,0.0,0.0,0.0,1,0.0,1,0.0,0.0,0.0,0.0,0.0,0.0,0.0,0.0,1,18,4,7,0
988,515,136,0.0,1,0.0,0.0,0.0,0.0,0.0,1,0.0,0.0,1,0.0,0.0,0.0,0.0,11,20,20,0
989,663,146,1,0.0,0.0,0.0,1,0.0,0.0,0.0,0.0,1,0.0,0.0,0.0,0.0,0.0,10,26,25,0
990,322,75,0.0,1,0.0,0.0,1,0.0,0.0,0.0,0.0,1,0.0,0.0,0.0,0.0,0.0,7,0,17,0
991,975,176,0.0,0.0,1,0.0,0.0,0.0,1,0.0,0.0,0.0,1,0.0,0.0,0.0,0.0,8,12,7,0
992,335,78,1,0.0,0.0,0.0,1,0.0,0.0,0.0,0.0,0.0,0.0,0.0,0.0,1,0.0,20,19,23,0
993,339,108,0.0,1,0.0,0.0,0.0,1,0.0,0.0,0.0,0.0,1,0.0,0.0,0.0,0.0,10,20,16,0
994,560,192,0.0,1,0.0,0.0,0.0,0.0,1,0.0,0.0,0.0,0.0,0.0,1,0.0,0.0,18,25,4,0
995,374,3842,1,0.0,0.0,0.0,0.0,1,0.0,0.0,0.0,0.0,0.0,0.0,0.0,1,0.0,13,80,75,1
996,897,101,0.0,0.0,1,0.0,0.0,0.0,1,0.0,0.0,0.0,0.0,0.0,0.0,1,0.0,19,7,23,0
997,260,161,0.0,0.0,0.0,1,1,0.0,0.0,0.0,0.0,1,0.0,0.0,0.0,0.0,0.0,21,22,13,0
998,215,10,0.0,0.0,0.0,1,0.0,0.0,0.0,0.0,1,1,0.0,0.0,0.0,0.0,0.0,4,90,85,1
999,993,175,1,0.0,0.0,0.0,0.0,0.0,0.0,0.0,1,0.0,0.0,0.0,1,0.0,0.0,20,10,10,0
1000,796,187,0.0,0.0,1,0.0,0.0,0.0,0.0,0.0,1,0.0,0.0,0.0,0.0,1,0.0,8,19,18,0
1001,596,1034,1,0.0,0.0,0.0,1,0.0,0.0,0.0,0.0,0.0,0.0,0.0,0.0,1,0.0,5,70,94,1
1002,885,115,0.0,0.0,1,0.0,1,0.0,0.0,0.0,0.0,0.0,1,0.0,0.0,0.0,0.0,22,24,22,0
1003,944,43,0.0,0.0,0.0,1,1,0.0,0.0,0.0,0.0,0.0,1,0.0,0.0,0.0,0.0,19,15,4,0
1004,527,96,0.0,1,0.0,0.0,0.0,0.0,1,0.0,0.0,0.0,1,0.0,0.0,0.0,0.0,23,5,0,0
1005,129,142,0.0,0.0,0.0,1,0.0,1,0.0,0.0,0.0,0.0,0.0,0.0,0.0,1,0.0,15,6,20,0
1006,15,1074,0.0,1,0.0,0.0,1,0.0,0.0,0.0,0.0,0.0,0.0,1,0.0,0.0,0.0,7,99,75,1
1007,829,127,0.0,0.0,1,0.0,0.0,0.0,0.0,1,0.0,1,0.0,0.0,0.0,0.0,0.0,15,8,23,0
1008,990,17,0.0,0.0,0.0,1,0.0,0.0,0.0,0.0,1,1,0.0,0.0,0.0,0.0,0.0,10,7,18,0
1009,282,87,0.0,0.0,0.0,1,0.0,0.0,1,0.0,0.0,0.0,0.0,0.0,1,0.0,0.0,12,16,25,0
1010,520,83,0.0,0.0,0.0,1,0.0,0.0,0.0,1,0.0,0.0,0.0,0.0,0.0,0.0,1,8,12,21,0
1011,131,22,1,0.0,0.0,0.0,1,0.0,0.0,0.0,0.0,0.0,0.0,0.0,1,0.0,0.0,15,21,21,0
1012,157,139,0.0,0.0,0.0,1,0.0,0.0,0.0,1,0.0,0.0,1,0.0,0.0,0.0,0.0,7,25,15,0
1013,875,222,1,0.0,0.0,0.0,1,0.0,0.0,0.0,0.0,1,0.0,0.0,0.0,0.0,0.0,16,2,15,0
1014,202,167,0.0,1,0.0,0.0,1,0.0,0.0,0.0,0.0,0.0,1,0.0,0.0,0.0,0.0,14,17,9,0
1015,174,84,0.0,0.0,1,0.0,0.0,1,0.0,0.0,0.0,0.0,0.0,0.0,1,0.0,0.0,18,29,9,0
1016,41,62,0.0,0.0,0.0,1,0.0,0.0,0.0,1,0.0,0.0,1,0.0,0.0,0.0,0.0,19,29,14,0
1017,57,567,0.0,0.0,1,0.0,0.0,0.0,0.0,1,0.0,0.0,0.0,1,0.0,0.0,0.0,4,77,85,1
1018,627,40,0.0,0.0,1,0.0,0.0,0.0,0.0,1,0.0,0.0,0.0,0.0,0.0,0.0,1,21,15,14,0
1019,779,1,1,0.0,0.0,0.0,1,0.0,0.0,0.0,0.0,0.0,0.0,0.0,1,0.0,0.0,20,4,8,0
1020,667,123,0.0,0.0,0.0,1,0.0,0.0,0.0,1,0.0,0.0,1,0.0,0.0,0.0,0.0,17,8,4,0
1021,579,70,0.0,0.0,1,0.0,0.0,1,0.0,0.0,0.0,0.0,0.0,0.0,0.0,1,0.0,17,26,26,0
1022,786,103,0.0,1,0.0,0.0,1,0.0,0.0,0.0,0.0,0.0,0.0,0.0,1,0.0,0.0,21,2,17,0
1023,272,116,0.0,0.0,1,0.0,0.0,1,0.0,0.0,0.0,0.0,0.0,0.0,0.0,1,0.0,12,29,13,0
1024,629,161,1,0.0,0.0,0.0,0.0,0.0,0.0,0.0,1,0.0,1,0.0,0.0,0.0,0.0,9,23,10,0
1025,266,106,0.0,1,0.0,0.0,0.0,1,0.0,0.0,0.0,0.0,0.0,0.0,0.0,1,0.0,9,5,15,0
1026,43,81,1,0.0,0.0,0.0,0.0,0.0,1,0.0,0.0,1,0.0,0.0,0.0,0.0,0.0,19,7,6,0
1027,524,72,0.0,0.0,1,0.0,1,0.0,0.0,0.0,0.0,0.0,0.0,0.0,0.0,0.0,1,11,27,13,0
1028,111,65,1,0.0,0.0,0.0,0.0,0.0,0.0,1,0.0,0.0,0.0,0.0,1,0.0,0.0,10,13,5,0
1029,320,27,1,0.0,0.0,0.0,0.0,0.0,1,0.0,0.0,0.0,1,0.0,0.0,0.0,0.0,15,21,7,0
1030,567,25,0.0,0.0,0.0,1,0.0,0.0,1,0.0,0.0,0.0,0.0,0.0,0.0,0.0,1,13,15,0,0
1031,432,72,0.0,1,0.0,0.0,0.0,0.0,0.0,1,0.0,1,0.0,0.0,0.0,0.0,0.0,20,16,29,0
1032,659,43,0.0,1,0.0,0.0,0.0,0.0,0.0,1,0.0,0.0,1,0.0,0.0,0.0,0.0,7,9,20,0
1033,470,163,0.0,1,0.0,0.0,1,0.0,0.0,0.0,0.0,0.0,0.0,0.0,1,0.0,0.0,22,1,4,0
1034,567,3541,0.0,1,0.0,0.0,1,0.0,0.0,0.0,0.0,0.0,0.0,0.0,1,0.0,0.0,17,72,78,1
1035,314,112,0.0,0.0,0.0,1,0.0,0.0,0.0,1,0.0,0.0,0.0,0.0,0.0,0.0,1,11,19,28,0
1036,728,3856,0.0,0.0,0.0,1,0.0,1,0.0,0.0,0.0,0.0,0.0,0.0,0.0,0.0,1,4,84,80,1
1037,618,1,0.0,1,0.0,0.0,0.0,0.0,1,0.0,0.0,0.0,0.0,0.0,0.0,0.0,1,11,6,2,0
1038,288,112,0.0,1,0.0,0.0,0.0,0.0,0.0,1,0.0,0.0,0.0,0.0,0.0,1,0.0,23,9,15,0
1039,219,95,0.0,1,0.0,0.0,1,0.0,0.0,0.0,0.0,0.0,1,0.0,0.0,0.0,0.0,22,23,13,0
1040,848,134,0.0,1,0.0,0.0,0.0,1,0.0,0.0,0.0,0.0,0.0,0.0,0.0,0.0,1,10,11,4,0
1041,440,75,0.0,0.0,0.0,1,0.0,0.0,1,0.0,0.0,0.0,0.0,0.0,1,0.0,0.0,19,29,2,0
1042,402,95,0.0,0.0,0.0,1,0.0,0.0,0.0,1,0.0,1,0.0,0.0,0.0,0.0,0.0,20,12,20,0
1043,297,86,1,0.0,0.0,0.0,1,0.0,0.0,0.0,0.0,0.0,0.0,0.0,1,0.0,0.0,16,11,6,0
1044,275,67,0.0,0.0,1,0.0,1,0.0,0.0,0.0,0.0,0.0,0.0,0.0,0.0,0.0,1,17,5,10,0
1045,762,44,0.0,1,0.0,0.0,0.0,0.0,1,0.0,0.0,0.0,0.0,0.0,0.0,0.0,1,10,5,3,0
1046,217,49,0.0,0.0,1,0.0,1,0.0,0.0,0.0,0.0,1,0.0,0.0,0.0,0.0,0.0,23,5,3,0
1047,864,77,0.0,1,0.0,0.0,0.0,0.0,0.0,0.0,1,0.0,0.0,0.0,1,0.0,0.0,8,11,17,0
1048,686,145,0.0,0.0,1,0.0,0.0,1,0.0,0.0,0.0,0.0,0.0,0.0,1,0.0,0.0,16,10,7,0
1049,445,201,0.0,1,0.0,0.0,0.0,0.0,0.0,1,0.0,0.0,0.0,0.0,0.0,0.0,1,20,17,18,0
1050,63,3079,1,0.0,0.0,0.0,0.0,1,0.0,0.0,0.0,0.0,0.0,0.0,1,0.0,0.0,8,85,83,1
1051,112,1665,0.0,0.0,1,0.0,0.0,0.0,0.0,0.0,1,0.0,0.0,0.0,0.0,0.0,1,8,79,98,1
1052,278,1853,0.0,1,0.0,0.0,1,0.0,0.0,0.0,0.0,1,0.0,0.0,0.0,0.0,0.0,11,97,72,1
1053,656,67,0.0,1,0.0,0.0,1,0.0,0.0,0.0,0.0,0.0,1,0.0,0.0,0.0,0.0,23,5,7,0
1054,474,121,0.0,0.0,0.0,1,0.0,0.0,0.0,1,0.0,1,0.0,0.0,0.0,0.0,0.0,8,13,29,0
1055,551,159,1,0.0,0.0,0.0,0.0,0.0,0.0,0.0,1,0.0,0.0,0.0,0.0,1,0.0,11,17,13,0
1056,72,89,1,0.0,0.0,0.0,0.0,0.0,0.0,0.0,1,0.0,0.0,0.0,1,0.0,0.0,16,22,15,0
1057,121,92,0.0,1,0.0,0.0,0.0,0.0,1,0.0,0.0,0.0,1,0.0,0.0,0.0,0.0,17,8,13,0
1058,739,92,0.0,0.0,1,0.0,1,0.0,0.0,0.0,0.0,0.0,0.0,0.0,0.0,0.0,1,8,5,22,0
1059,293,53,0.0,0.0,1,0.0,0.0,0.0,0.0,1,0.0,1,0.0,0.0,0.0,0.0,0.0,13,26,4,0
1060,382,75,1,0.0,0.0,0.0,0.0,0.0,1,0.0,0.0,0.0,0.0,0.0,0.0,0.0,1,22,16,22,0
1061,642,137,0.0,0.0,0.0,1,1,0.0,0.0,0.0,0.0,0.0,0.0,0.0,0.0,1,0.0,17,29,25,0
1062,613,1597,0.0,0.0,0.0,1,0.0,0.0,1,0.0,0.0,0.0,0.0,0.0,0.0,0.0,1,7,99,75,1
1063,816,183,0.0,1,0.0,0.0,0.0,0.0,0.0,0.0,1,0.0,0.0,0.0,1,0.0,0.0,13,22,19,0
1064,887,50,1,0.0,0.0,0.0,1,0.0,0.0,0.0,0.0,1,0.0,0.0,0.0,0.0,0.0,23,7,19,0
1065,333,136,0.0,0.0,1,0.0,0.0,0.0,1,0.0,0.0,0.0,0.0,0.0,1,0.0,0.0,10,13,24,0
1066,322,126,0.0,0.0,0.0,1,0.0,0.0,0.0,0.0,1,0.0,1,0.0,0.0,0.0,0.0,6,1,25,0
1067,82,59,0.0,1,0.0,0.0,0.0,0.0,0.0,0.0,1,0.0,0.0,0.0,0.0,0.0,1,7,14,15,0
1068,639,46,0.0,0.0,0.0,1,0.0,1,0.0,0.0,0.0,0.0,0.0,0.0,0.0,1,0.0,18,26,12,0
1069,738,82,0.0,0.0,1,0.0,0.0,1,0.0,0.0,0.0,1,0.0,0.0,0.0,0.0,0.0,7,22,7,0
1070,20,112,0.0,1,0.0,0.0,0.0,0.0,0.0,0.0,1,0.0,0.0,0.0,1,0.0,0.0,10,12,19,0
1071,623,15,0.0,0.0,0.0,1,0.0,0.0,1,0.0,0.0,0.0,0.0,0.0,1,0.0,0.0,16,24,7,0
1072,122,67,0.0,0.0,1,0.0,0.0,1,0.0,0.0,0.0,0.0,0.0,0.0,1,0.0,0.0,14,5,2,0
1073,308,143,0.0,1,0.0,0.0,0.0,0.0,1,0.0,0.0,1,0.0,0.0,0.0,0.0,0.0,18,28,14,0
1074,348,83,0.0,0.0,0.0,1,1,0.0,0.0,0.0,0.0,0.0,1,0.0,0.0,0.0,0.0,14,21,3,0
1075,426,1,0.0,0.0,0.0,1,0.0,1,0.0,0.0,0.0,0.0,0.0,0.0,0.0,0.0,1,7,14,27,0
1076,853,112,0.0,1,0.0,0.0,0.0,0.0,0.0,1,0.0,0.0,0.0,0.0,0.0,0.0,1,20,8,7,0
1077,957,64,0.0,1,0.0,0.0,1,0.0,0.0,0.0,0.0,1,0.0,0.0,0.0,0.0,0.0,8,1,20,0
1078,403,121,0.0,0.0,0.0,1,0.0,0.0,1,0.0,0.0,1,0.0,0.0,0.0,0.0,0.0,12,10,6,0
1079,645,102,0.0,0.0,0.0,1,0.0,0.0,0.0,0.0,1,0.0,1,0.0,0.0,0.0,0.0,18,14,27,0
1080,209,1,0.0,1,0.0,0.0,0.0,1,0.0,0.0,0.0,0.0,0.0,0.0,1,0.0,0.0,16,21,29,0
1081,977,107,0.0,0.0,1,0.0,0.0,0.0,0.0,1,0.0,0.0,1,0.0,0.0,0.0,0.0,8,25,14,0
1082,916,106,0.0,0.0,1,0.0,0.0,1,0.0,0.0,0.0,0.0,1,0.0,0.0,0.0,0.0,21,23,2,0
1083,527,74,0.0,1,0.0,0.0,0.0,0.0,0.0,1,0.0,0.0,0.0,0.0,0.0,0.0,1,17,12,3,0
1084,874,67,0.0,0.0,1,0.0,0.0,0.0,1,0.0,0.0,0.0,0.0,0.0,0.0,1,0.0,14,17,15,0
1085,495,112,0.0,0.0,0.0,1,0.0,0.0,1,0.0,0.0,0.0,0.0,0.0,0.0,1,0.0,10,26,14,0
1086,353,120,0.0,0.0,1,0.0,0.0,1,0.0,0.0,0.0,0.0,0.0,0.0,1,0.0,0.0,7,16,7,0
1087,713,99,0.0,0.0,0.0,1,0.0,0.0,1,0.0,0.0,0.0,0.0,0.0,1,0.0,0.0,14,19,7,0
1088,411,114,0.0,1,0.0,0.0,1,0.0,0.0,0.0,0.0,0.0,0.0,0.0,0.0,0.0,1,13,11,18,0
1089,942,76,0.0,1,0.0,0.0,1,0.0,0.0,0.0,0.0,1,0.0,0.0,0.0,0.0,0.0,7,9,27,0
1090,767,10,0.0,1,0.0,0.0,0.0,0.0,0.0,1,0.0,0.0,0.0,0.0,0.0,0.0,1,16,77,96,1
1091,427,2983,1,0.0,0.0,0.0,0.0,0.0,0.0,0.0,1,0.0,0.0,1,0.0,0.0,0.0,4,70,78,1
1092,471,111,1,0.0,0.0,0.0,0.0,1,0.0,0.0,0.0,0.0,0.0,0.0,0.0,1,0.0,8,8,29,0
1093,904,82,1,0.0,0.0,0.0,0.0,0.0,1,0.0,0.0,0.0,0.0,0.0,0.0,0.0,1,12,15,1,0
1094,207,140,1,0.0,0.0,0.0,0.0,0.0,1,0.0,0.0,0.0,1,0.0,0.0,0.0,0.0,12,3,9,0
1095,105,35,0.0,1,0.0,0.0,0.0,0.0,0.0,0.0,1,0.0,1,0.0,0.0,0.0,0.0,21,3,8,0
1096,803,132,0.0,1,0.0,0.0,1,0.0,0.0,0.0,0.0,0.0,0.0,0.0,1,0.0,0.0,9,18,4,0
1097,854,10,0.0,0.0,1,0.0,1,0.0,0.0,0.0,0.0,0.0,0.0,0.0,0.0,0.0,1,9,99,82,1
1098,200,1535,1,0.0,0.0,0.0,0.0,0.0,0.0,0.0,1,0.0,1,0.0,0.0,0.0,0.0,15,73,84,1
1099,214,132,0.0,0.0,1,0.0,0.0,0.0,1,0.0,0.0,1,0.0,0.0,0.0,0.0,0.0,16,15,0,0
1100,783,173,0.0,1,0.0,0.0,0.0,0.0,0.0,1,0.0,1,0.0,0.0,0.0,0.0,0.0,8,27,12,0
1101,437,123,0.0,0.0,0.0,1,0.0,0.0,0.0,1,0.0,0.0,0.0,0.0,0.0,0.0,1,23,18,4,0
1102,980,86,1,0.0,0.0,0.0,0.0,0.0,1,0.0,0.0,0.0,0.0,0.0,1,0.0,0.0,10,10,19,0
1103,615,1,0.0,1,0.0,0.0,0.0,0.0,1,0.0,0.0,0.0,0.0,0.0,0.0,0.0,1,13,14,22,0
1104,547,76,1,0.0,0.0,0.0,1,0.0,0.0,0.0,0.0,0.0,0.0,0.0,1,0.0,0.0,10,21,1,0
1105,891,125,0.0,1,0.0,0.0,1,0.0,0.0,0.0,0.0,0.0,0.0,0.0,0.0,1,0.0,16,6,1,0
1106,916,128,0.0,0.0,0.0,1,0.0,1,0.0,0.0,0.0,0.0,0.0,0.0,0.0,1,0.0,7,10,27,0
1107,961,190,0.0,0.0,0.0,1,0.0,0.0,0.0,0.0,1,0.0,0.0,0.0,1,0.0,0.0,19,13,20,0
1108,555,223,0.0,0.0,1,0.0,0.0,0.0,0.0,1,0.0,0.0,0.0,0.0,1,0.0,0.0,20,7,8,0
1109,347,214,0.0,1,0.0,0.0,0.0,0.0,1,0.0,0.0,0.0,0.0,0.0,1,0.0,0.0,17,8,28,0
1110,41,132,1,0.0,0.0,0.0,0.0,1,0.0,0.0,0.0,0.0,0.0,0.0,0.0,0.0,1,21,6,17,0
1111,45,92,1,0.0,0.0,0.0,0.0,0.0,0.0,0.0,1,1,0.0,0.0,0.0,0.0,0.0,23,16,2,0
1112,12,199,0.0,0.0,1,0.0,0.0,0.0,1,0.0,0.0,0.0,0.0,0.0,0.0,1,0.0,12,23,18,0
1113,138,9,1,0.0,0.0,0.0,0.0,0.0,1,0.0,0.0,0.0,0.0,0.0,1,0.0,0.0,21,17,18,0
1114,579,128,0.0,1,0.0,0.0,1,0.0,0.0,0.0,0.0,0.0,0.0,0.0,0.0,1,0.0,16,29,27,0
1115,559,116,1,0.0,0.0,0.0,0.0,0.0,0.0,1,0.0,0.0,0.0,0.0,0.0,0.0,1,20,22,27,0
1116,50,49,0.0,0.0,0.0,1,1,0.0,0.0,0.0,0.0,1,0.0,0.0,0.0,0.0,0.0,17,18,7,0
1117,168,1772,0.0,1,0.0,0.0,1,0.0,0.0,0.0,0.0,0.0,0.0,1,0.0,0.0,0.0,4,96,89,1
1118,708,83,0.0,0.0,0.0,1,0.0,0.0,0.0,1,0.0,0.0,0.0,0.0,0.0,0.0,1,17,12,28,0
1119,10,126,0.0,0.0,0.0,1,0.0,0.0,0.0,0.0,1,0.0,0.0,0.0,0.0,1,0.0,7,0,17,0
1120,524,41,0.0,0.0,0.0,1,0.0,0.0,1,0.0,0.0,0.0,1,0.0,0.0,0.0,0.0,6,5,4,0
1121,427,102,0.0,0.0,0.0,1,0.0,0.0,0.0,0.0,1,1,0.0,0.0,0.0,0.0,0.0,20,16,0,0
1122,915,144,1,0.0,0.0,0.0,0.0,0.0,0.0,1,0.0,1,0.0,0.0,0.0,0.0,0.0,9,7,25,0
1123,346,41,0.0,0.0,0.0,1,0.0,0.0,0.0,1,0.0,0.0,0.0,0.0,0.0,0.0,1,7,29,24,0
1124,797,78,0.0,0.0,0.0,1,0.0,1,0.0,0.0,0.0,0.0,0.0,0.0,1,0.0,0.0,11,15,17,0
1125,573,10,0.0,1,0.0,0.0,0.0,0.0,0.0,0.0,1,0.0,0.0,0.0,0.0,1,0.0,14,97,85,1
1126,361,118,1,0.0,0.0,0.0,0.0,0.0,1,0.0,0.0,0.0,0.0,0.0,0.0,0.0,1,12,11,26,0
1127,15,143,0.0,0.0,1,0.0,0.0,1,0.0,0.0,0.0,0.0,0.0,0.0,1,0.0,0.0,14,24,3,0
1128,561,1144,0.0,0.0,1,0.0,1,0.0,0.0,0.0,0.0,0.0,0.0,0.0,0.0,1,0.0,19,83,79,1
1129,690,50,1,0.0,0.0,0.0,0.0,1,0.0,0.0,0.0,1,0.0,0.0,0.0,0.0,0.0,6,20,24,0
1130,899,92,0.0,0.0,0.0,1,1,0.0,0.0,0.0,0.0,0.0,0.0,0.0,1,0.0,0.0,16,21,8,0
1131,535,45,1,0.0,0.0,0.0,1,0.0,0.0,0.0,0.0,0.0,0.0,0.0,0.0,0.0,1,7,20,26,0
1132,717,203,0.0,0.0,1,0.0,0.0,0.0,1,0.0,0.0,0.0,0.0,0.0,0.0,0.0,1,10,10,22,0
1133,657,151,0.0,0.0,0.0,1,0.0,1,0.0,0.0,0.0,0.0,0.0,0.0,0.0,1,0.0,14,21,28,0
1134,610,120,0.0,0.0,0.0,1,0.0,0.0,0.0,0.0,1,0.0,0.0,0.0,0.0,1,0.0,11,8,18,0
1135,822,24,1,0.0,0.0,0.0,0.0,0.0,0.0,1,0.0,0.0,1,0.0,0.0,0.0,0.0,23,5,14,0
1136,803,109,0.0,0.0,0.0,1,0.0,0.0,0.0,1,0.0,0.0,1,0.0,0.0,0.0,0.0,20,0,5,0
1137,461,65,0.0,0.0,0.0,1,0.0,0.0,0.0,1,0.0,0.0,0.0,0.0,0.0,0.0,1,6,11,23,0
1138,26,130,0.0,0.0,1,0.0,0.0,0.0,0.0,0.0,1,1,0.0,0.0,0.0,0.0,0.0,18,20,10,0
1139,708,121,0.0,0.0,0.0,1,0.0,0.0,0.0,1,0.0,0.0,0.0,0.0,1,0.0,0.0,10,2,3,0
1140,290,112,1,0.0,0.0,0.0,0.0,1,0.0,0.0,0.0,0.0,0.0,0.0,1,0.0,0.0,17,12,10,0
1141,884,91,0.0,1,0.0,0.0,0.0,0.0,1,0.0,0.0,0.0,0.0,0.0,0.0,1,0.0,6,28,26,0
1142,201,20,0.0,1,0.0,0.0,0.0,0.0,0.0,1,0.0,1,0.0,0.0,0.0,0.0,0.0,20,12,12,0
1143,504,95,1,0.0,0.0,0.0,0.0,0.0,1,0.0,0.0,0.0,0.0,0.0,0.0,1,0.0,21,24,16,0
1144,83,77,0.0,1,0.0,0.0,0.0,1,0.0,0.0,0.0,0.0,0.0,0.0,0.0,0.0,1,13,14,20,0
1145,356,802,0.0,0.0,0.0,1,0.0,0.0,1,0.0,0.0,0.0,0.0,0.0,1,0.0,0.0,2,92,74,1
1146,746,178,1,0.0,0.0,0.0,0.0,0.0,0.0,1,0.0,0.0,0.0,0.0,1,0.0,0.0,22,25,11,0
1147,575,163,0.0,1,0.0,0.0,0.0,0.0,0.0,1,0.0,1,0.0,0.0,0.0,0.0,0.0,21,26,6,0
1148,638,70,1,0.0,0.0,0.0,0.0,0.0,0.0,1,0.0,0.0,1,0.0,0.0,0.0,0.0,20,25,19,0
1149,23,65,0.0,0.0,1,0.0,0.0,0.0,0.0,0.0,1,0.0,1,0.0,0.0,0.0,0.0,9,6,1,0
1150,77,97,0.0,1,0.0,0.0,1,0.0,0.0,0.0,0.0,1,0.0,0.0,0.0,0.0,0.0,16,28,14,0
1151,902,43,0.0,0.0,1,0.0,0.0,1,0.0,0.0,0.0,0.0,0.0,0.0,1,0.0,0.0,20,23,4,0
1152,827,140,0.0,1,0.0,0.0,0.0,0.0,0.0,0.0,1,0.0,0.0,0.0,0.0,1,0.0,19,29,16,0
1153,619,89,0.0,1,0.0,0.0,0.0,0.0,0.0,1,0.0,0.0,0.0,0.0,0.0,1,0.0,6,1,3,0
1154,405,119,1,0.0,0.0,0.0,1,0.0,0.0,0.0,0.0,0.0,1,0.0,0.0,0.0,0.0,9,18,10,0
1155,380,106,0.0,0.0,1,0.0,0.0,0.0,0.0,1,0.0,0.0,1,0.0,0.0,0.0,0.0,8,27,3,0
1156,962,152,0.0,1,0.0,0.0,0.0,1,0.0,0.0,0.0,0.0,1,0.0,0.0,0.0,0.0,9,21,15,0
1157,597,91,1,0.0,0.0,0.0,0.0,0.0,1,0.0,0.0,0.0,0.0,0.0,1,0.0,0.0,23,12,26,0
1158,574,90,0.0,0.0,0.0,1,0.0,0.0,0.0,1,0.0,0.0,0.0,0.0,0.0,0.0,1,11,16,20,0
1159,510,122,1,0.0,0.0,0.0,0.0,0.0,0.0,0.0,1,0.0,0.0,0.0,0.0,0.0,1,12,16,20,0
1160,367,121,0.0,0.0,0.0,1,0.0,0.0,0.0,1,0.0,0.0,0.0,0.0,0.0,1,0.0,20,0,1,0
1161,788,63,0.0,0.0,1,0.0,0.0,0.0,0.0,1,0.0,0.0,1,0.0,0.0,0.0,0.0,23,24,28,0
1162,752,78,1,0.0,0.0,0.0,0.0,0.0,0.0,1,0.0,0.0,0.0,0.0,0.0,0.0,1,14,10,2,0
1163,932,111,1,0.0,0.0,0.0,0.0,1,0.0,0.0,0.0,0.0,0.0,0.0,0.0,1,0.0,22,20,10,0
1164,440,54,0.0,0.0,1,0.0,0.0,0.0,0.0,0.0,1,0.0,0.0,0.0,0.0,1,0.0,9,28,29,0
1165,307,111,0.0,0.0,1,0.0,0.0,0.0,1,0.0,0.0,0.0,1,0.0,0.0,0.0,0.0,21,3,25,0
1166,456,889,1,0.0,0.0,0.0,0.0,0.0,1,0.0,0.0,0.0,0.0,0.0,1,0.0,0.0,14,96,77,1
1167,122,77,0.0,0.0,1,0.0,0.0,0.0,0.0,0.0,1,0.0,0.0,0.0,0.0,0.0,1,6,1,26,0
1168,237,136,0.0,1,0.0,0.0,0.0,1,0.0,0.0,0.0,1,0.0,0.0,0.0,0.0,0.0,14,6,10,0
1169,219,119,0.0,0.0,1,0.0,0.0,0.0,0.0,1,0.0,0.0,1,0.0,0.0,0.0,0.0,17,17,21,0
1170,347,21,1,0.0,0.0,0.0,1,0.0,0.0,0.0,0.0,0.0,1,0.0,0.0,0.0,0.0,7,24,15,0
1171,957,128,0.0,0.0,0.0,1,0.0,1,0.0,0.0,0.0,1,0.0,0.0,0.0,0.0,0.0,19,29,7,0
1172,551,2894,0.0,0.0,1,0.0,0.0,1,0.0,0.0,0.0,0.0,0.0,0.0,0.0,1,0.0,6,88,72,1
1173,104,111,0.0,0.0,1,0.0,0.0,0.0,0.0,1,0.0,1,0.0,0.0,0.0,0.0,0.0,9,22,22,0
1174,65,96,0.0,0.0,0.0,1,0.0,1,0.0,0.0,0.0,0.0,1,0.0,0.0,0.0,0.0,14,4,16,0
1175,191,168,1,0.0,0.0,0.0,0.0,0.0,0.0,1,0.0,1,0.0,0.0,0.0,0.0,0.0,16,9,16,0
1176,789,63,0.0,1,0.0,0.0,0.0,0.0,1,0.0,0.0,0.0,1,0.0,0.0,0.0,0.0,11,23,25,0
1177,272,212,0.0,0.0,0.0,1,0.0,0.0,0.0,0.0,1,0.0,0.0,0.0,0.0,0.0,1,6,13,29,0
1178,81,170,1,0.0,0.0,0.0,0.0,1,0.0,0.0,0.0,0.0,0.0,0.0,1,0.0,0.0,6,5,16,0
1179,807,52,0.0,0.0,0.0,1,0.0,0.0,0.0,1,0.0,0.0,0.0,0.0,1,0.0,0.0,11,17,16,0
1180,946,82,1,0.0,0.0,0.0,0.0,0.0,0.0,1,0.0,0.0,0.0,0.0,0.0,0.0,1,19,14,29,0
1181,894,154,0.0,0.0,1,0.0,0.0,0.0,1,0.0,0.0,0.0,0.0,0.0,0.0,1,0.0,16,25,7,0
1182,28,128,0.0,0.0,1,0.0,0.0,1,0.0,0.0,0.0,1,0.0,0.0,0.0,0.0,0.0,18,8,11,0
1183,386,82,0.0,1,0.0,0.0,1,0.0,0.0,0.0,0.0,0.0,0.0,0.0,0.0,1,0.0,17,2,14,0
1184,717,87,0.0,0.0,0.0,1,0.0,1,0.0,0.0,0.0,0.0,1,0.0,0.0,0.0,0.0,13,0,11,0
1185,869,98,0.0,0.0,0.0,1,1,0.0,0.0,0.0,0.0,0.0,1,0.0,0.0,0.0,0.0,21,1,12,0
1186,198,67,1,0.0,0.0,0.0,0.0,0.0,0.0,1,0.0,0.0,1,0.0,0.0,0.0,0.0,16,17,7,0
1187,187,3,0.0,0.0,1,0.0,1,0.0,0.0,0.0,0.0,0.0,0.0,0.0,1,0.0,0.0,18,0,6,0
1188,832,136,0.0,0.0,0.0,1,1,0.0,0.0,0.0,0.0,1,0.0,0.0,0.0,0.0,0.0,7,12,18,0
1189,782,51,0.0,0.0,1,0.0,0.0,1,0.0,0.0,0.0,0.0,0.0,0.0,0.0,1,0.0,10,20,20,0
1190,454,70,1,0.0,0.0,0.0,0.0,1,0.0,0.0,0.0,0.0,0.0,0.0,0.0,0.0,1,8,12,26,0
1191,691,60,0.0,0.0,1,0.0,0.0,0.0,0.0,0.0,1,1,0.0,0.0,0.0,0.0,0.0,20,5,4,0
1192,160,190,0.0,1,0.0,0.0,0.0,0.0,0.0,1,0.0,0.0,0.0,0.0,1,0.0,0.0,20,16,21,0
1193,269,60,0.0,0.0,1,0.0,0.0,0.0,1,0.0,0.0,1,0.0,0.0,0.0,0.0,0.0,18,8,1,0
1194,821,22,0.0,1,0.0,0.0,1,0.0,0.0,0.0,0.0,0.0,0.0,0.0,0.0,1,0.0,22,26,24,0
1195,192,1,0.0,0.0,1,0.0,0.0,0.0,0.0,1,0.0,0.0,0.0,0.0,1,0.0,0.0,18,21,21,0
1196,909,23,0.0,0.0,0.0,1,0.0,0.0,0.0,1,0.0,0.0,0.0,0.0,1,0.0,0.0,15,26,9,0
1197,50,94,1,0.0,0.0,0.0,0.0,1,0.0,0.0,0.0,0.0,0.0,0.0,0.0,1,0.0,15,17,8,0
1198,616,35,0.0,0.0,0.0,1,1,0.0,0.0,0.0,0.0,0.0,1,0.0,0.0,0.0,0.0,15,1,20,0
1199,440,46,0.0,0.0,1,0.0,0.0,0.0,1,0.0,0.0,0.0,1,0.0,0.0,0.0,0.0,9,19,28,0
1200,392,205,0.0,0.0,1,0.0,1,0.0,0.0,0.0,0.0,0.0,0.0,0.0,1,0.0,0.0,14,8,22,0
1201,692,148,0.0,0.0,1,0.0,0.0,1,0.0,0.0,0.0,0.0,0.0,0.0,0.0,0.0,1,18,12,13,0
1202,393,97,1,0.0,0.0,0.0,0.0,1,0.0,0.0,0.0,0.0,1,0.0,0.0,0.0,0.0,21,22,1,0
1203,283,199,0.0,0.0,1,0.0,1,0.0,0.0,0.0,0.0,0.0,1,0.0,0.0,0.0,0.0,9,3,19,0
1204,425,162,0.0,0.0,1,0.0,0.0,0.0,0.0,0.0,1,0.0,0.0,0.0,1,0.0,0.0,16,16,17,0
1205,713,28,0.0,0.0,0.0,1,0.0,0.0,0.0,0.0,1,0.0,0.0,0.0,1,0.0,0.0,12,7,19,0
1206,784,148,0.0,1,0.0,0.0,0.0,0.0,0.0,1,0.0,0.0,0.0,0.0,0.0,1,0.0,17,21,26,0
1207,188,3578,0.0,0.0,1,0.0,1,0.0,0.0,0.0,0.0,0.0,0.0,0.0,0.0,1,0.0,3,85,90,1
1208,736,109,1,0.0,0.0,0.0,0.0,1,0.0,0.0,0.0,1,0.0,0.0,0.0,0.0,0.0,19,21,4,0
1209,31,52,0.0,1,0.0,0.0,0.0,0.0,0.0,0.0,1,0.0,0.0,0.0,0.0,0.0,1,23,23,22,0
1210,524,25,0.0,0.0,0.0,1,0.0,0.0,0.0,1,0.0,1,0.0,0.0,0.0,0.0,0.0,12,15,3,0
1211,972,150,0.0,0.0,0.0,1,0.0,0.0,0.0,1,0.0,0.0,1,0.0,0.0,0.0,0.0,11,4,21,0
1212,655,73,0.0,1,0.0,0.0,1,0.0,0.0,0.0,0.0,0.0,1,0.0,0.0,0.0,0.0,16,23,12,0
1213,536,82,0.0,0.0,1,0.0,0.0,0.0,0.0,1,0.0,1,0.0,0.0,0.0,0.0,0.0,6,17,29,0
1214,688,54,0.0,1,0.0,0.0,0.0,0.0,0.0,1,0.0,0.0,1,0.0,0.0,0.0,0.0,6,14,28,0
1215,294,53,0.0,0.0,1,0.0,0.0,0.0,0.0,1,0.0,0.0,0.0,0.0,0.0,0.0,1,13,21,20,0
1216,118,80,0.0,0.0,0.0,1,0.0,1,0.0,0.0,0.0,0.0,0.0,0.0,1,0.0,0.0,7,7,2,0
1217,405,1495,0.0,1,0.0,0.0,0.0,0.0,0.0,0.0,1,0.0,0.0,0.0,1,0.0,0.0,4,72,82,1
1218,962,149,0.0,1,0.0,0.0,0.0,1,0.0,0.0,0.0,0.0,0.0,0.0,0.0,1,0.0,19,25,25,0
1219,332,131,0.0,1,0.0,0.0,0.0,1,0.0,0.0,0.0,0.0,0.0,0.0,0.0,0.0,1,21,15,25,0
1220,433,102,0.0,0.0,1,0.0,0.0,0.0,0.0,0.0,1,0.0,1,0.0,0.0,0.0,0.0,6,13,18,0
1221,451,69,0.0,0.0,1,0.0,0.0,0.0,0.0,0.0,1,1,0.0,0.0,0.0,0.0,0.0,14,15,7,0
1222,726,1,0.0,1,0.0,0.0,0.0,0.0,0.0,1,0.0,0.0,1,0.0,0.0,0.0,0.0,10,4,14,0
1223,890,123,0.0,0.0,0.0,1,0.0,0.0,0.0,1,0.0,0.0,0.0,0.0,0.0,0.0,1,19,27,5,0
1224,651,165,0.0,0.0,0.0,1,0.0,0.0,0.0,1,0.0,1,0.0,0.0,0.0,0.0,0.0,16,14,7,0
1225,216,150,0.0,0.0,1,0.0,1,0.0,0.0,0.0,0.0,0.0,1,0.0,0.0,0.0,0.0,17,12,17,0
1226,123,147,0.0,0.0,1,0.0,0.0,0.0,1,0.0,0.0,0.0,0.0,0.0,1,0.0,0.0,20,7,11,0
1227,575,85,1,0.0,0.0,0.0,1,0.0,0.0,0.0,0.0,0.0,0.0,0.0,1,0.0,0.0,6,21,24,0
1228,534,97,1,0.0,0.0,0.0,0.0,0.0,0.0,1,0.0,0.0,1,0.0,0.0,0.0,0.0,19,15,29,0
1229,313,131,1,0.0,0.0,0.0,0.0,0.0,0.0,1,0.0,0.0,1,0.0,0.0,0.0,0.0,13,2,29,0
1230,404,110,0.0,0.0,1,0.0,0.0,0.0,1,0.0,0.0,0.0,0.0,0.0,0.0,1,0.0,19,14,16,0
1231,198,172,1,0.0,0.0,0.0,0.0,0.0,1,0.0,0.0,0.0,0.0,0.0,0.0,1,0.0,15,9,28,0
1232,992,118,0.0,1,0.0,0.0,1,0.0,0.0,0.0,0.0,1,0.0,0.0,0.0,0.0,0.0,18,24,29,0
1233,255,36,0.0,0.0,0.0,1,1,0.0,0.0,0.0,0.0,0.0,0.0,0.0,1,0.0,0.0,21,27,27,0
1234,354,27,0.0,1,0.0,0.0,0.0,1,0.0,0.0,0.0,0.0,0.0,0.0,0.0,0.0,1,9,17,8,0
1235,951,89,0.0,0.0,1,0.0,0.0,1,0.0,0.0,0.0,0.0,0.0,0.0,1,0.0,0.0,17,27,19,0
1236,420,74,0.0,0.0,0.0,1,0.0,0.0,0.0,0.0,1,0.0,0.0,0.0,0.0,0.0,1,22,0,7,0
1237,625,77,0.0,0.0,1,0.0,0.0,0.0,1,0.0,0.0,0.0,0.0,0.0,0.0,1,0.0,9,2,8,0
1238,19,94,0.0,1,0.0,0.0,0.0,0.0,1,0.0,0.0,0.0,1,0.0,0.0,0.0,0.0,22,7,1,0
1239,642,153,0.0,0.0,1,0.0,0.0,0.0,0.0,1,0.0,0.0,1,0.0,0.0,0.0,0.0,11,13,6,0
1240,868,78,0.0,0.0,1,0.0,0.0,0.0,1,0.0,0.0,0.0,0.0,0.0,0.0,0.0,1,17,1,20,0
1241,983,124,0.0,0.0,1,0.0,0.0,0.0,0.0,1,0.0,1,0.0,0.0,0.0,0.0,0.0,9,16,29,0
1242,424,150,0.0,0.0,1,0.0,0.0,0.0,0.0,0.0,1,0.0,0.0,0.0,0.0,1,0.0,11,24,5,0
1243,230,102,0.0,0.0,1,0.0,0.0,0.0,0.0,0.0,1,1,0.0,0.0,0.0,0.0,0.0,7,8,1,0
1244,203,79,0.0,1,0.0,0.0,0.0,0.0,1,0.0,0.0,0.0,0.0,0.0,1,0.0,0.0,18,0,27,0
1245,938,136,0.0,0.0,1,0.0,1,0.0,0.0,0.0,0.0,0.0,1,0.0,0.0,0.0,0.0,14,5,6,0
1246,781,76,0.0,0.0,1,0.0,0.0,1,0.0,0.0,0.0,0.0,0.0,0.0,0.0,1,0.0,23,15,1,0
1247,609,54,0.0,0.0,0.0,1,0.0,1,0.0,0.0,0.0,0.0,0.0,0.0,0.0,1,0.0,17,14,14,0
1248,887,105,0.0,1,0.0,0.0,0.0,0.0,0.0,1,0.0,0.0,0.0,0.0,0.0,1,0.0,6,22,11,0
1249,277,7801,1,0.0,0.0,0.0,0.0,0.0,0.0,0.0,1,0.0,0.0,0.0,1,0.0,0.0,15,92,74,1
1250,737,139,1,0.0,0.0,0.0,0.0,0.0,1,0.0,0.0,0.0,0.0,0.0,0.0,0.0,1,6,14,17,0
1251,129,98,0.0,1,0.0,0.0,0.0,0.0,0.0,0.0,1,0.0,0.0,0.0,0.0,1,0.0,7,23,13,0
1252,355,53,0.0,0.0,1,0.0,0.0,1,0.0,0.0,0.0,0.0,0.0,0.0,0.0,1,0.0,7,7,28,0
1253,966,79,0.0,0.0,0.0,1,0.0,1,0.0,0.0,0.0,0.0,0.0,0.0,0.0,0.0,1,19,22,27,0
1254,943,51,1,0.0,0.0,0.0,1,0.0,0.0,0.0,0.0,0.0,0.0,0.0,0.0,1,0.0,18,6,21,0
1255,581,117,0.0,1,0.0,0.0,0.0,0.0,1,0.0,0.0,0.0,0.0,0.0,0.0,0.0,1,8,9,5,0
1256,388,21,0.0,0.0,1,0.0,1,0.0,0.0,0.0,0.0,0.0,0.0,0.0,0.0,1,0.0,11,4,14,0
1257,863,45,0.0,1,0.0,0.0,1,0.0,0.0,0.0,0.0,0.0,0.0,0.0,1,0.0,0.0,16,9,25,0
1258,77,108,1,0.0,0.0,0.0,0.0,0.0,1,0.0,0.0,0.0,0.0,0.0,1,0.0,0.0,8,23,7,0
1259,735,110,0.0,0.0,0.0,1,0.0,0.0,1,0.0,0.0,0.0,1,0.0,0.0,0.0,0.0,17,14,27,0
1260,996,7,1,0.0,0.0,0.0,0.0,0.0,0.0,1,0.0,0.0,0.0,0.0,0.0,0.0,1,19,20,3,0
1261,0,85,0.0,0.0,1,0.0,0.0,0.0,0.0,0.0,1,0.0,0.0,0.0,0.0,0.0,1,17,6,3,0
1262,288,70,1,0.0,0.0,0.0,0.0,0.0,0.0,0.0,1,0.0,0.0,0.0,0.0,1,0.0,19,4,0,0
1263,522,114,1,0.0,0.0,0.0,1,0.0,0.0,0.0,0.0,1,0.0,0.0,0.0,0.0,0.0,9,2,1,0
1264,111,160,1,0.0,0.0,0.0,0.0,0.0,1,0.0,0.0,0.0,0.0,0.0,1,0.0,0.0,23,3,10,0
1265,741,2035,0.0,0.0,1,0.0,0.0,0.0,0.0,0.0,1,0.0,0.0,0.0,0.0,0.0,1,4,86,93,1
1266,753,38,0.0,0.0,1,0.0,0.0,1,0.0,0.0,0.0,0.0,1,0.0,0.0,0.0,0.0,18,21,9,0
1267,230,67,0.0,0.0,0.0,1,0.0,0.0,1,0.0,0.0,0.0,0.0,0.0,1,0.0,0.0,20,17,22,0
1268,119,156,1,0.0,0.0,0.0,0.0,0.0,1,0.0,0.0,0.0,0.0,0.0,0.0,1,0.0,21,20,23,0
1269,923,135,0.0,0.0,1,0.0,1,0.0,0.0,0.0,0.0,0.0,0.0,0.0,0.0,0.0,1,21,21,26,0
1270,542,67,0.0,0.0,0.0,1,0.0,0.0,1,0.0,0.0,1,0.0,0.0,0.0,0.0,0.0,19,3,20,0
1271,851,32,0.0,1,0.0,0.0,0.0,0.0,0.0,0.0,1,1,0.0,0.0,0.0,0.0,0.0,9,27,16,0
1272,55,81,1,0.0,0.0,0.0,0.0,0.0,1,0.0,0.0,0.0,1,0.0,0.0,0.0,0.0,19,25,6,0
1273,324,48,0.0,1,0.0,0.0,0.0,1,0.0,0.0,0.0,1,0.0,0.0,0.0,0.0,0.0,18,14,20,0
1274,425,42,1,0.0,0.0,0.0,1,0.0,0.0,0.0,0.0,0.0,0.0,0.0,0.0,1,0.0,9,23,21,0
1275,320,98,0.0,0.0,0.0,1,0.0,0.0,0.0,1,0.0,0.0,0.0,0.0,0.0,0.0,1,21,24,4,0
1276,543,148,0.0,0.0,0.0,1,1,0.0,0.0,0.0,0.0,0.0,0.0,0.0,0.0,0.0,1,9,5,29,0
1277,154,132,0.0,1,0.0,0.0,0.0,0.0,0.0,1,0.0,1,0.0,0.0,0.0,0.0,0.0,23,21,19,0
1278,513,136,0.0,0.0,1,0.0,0.0,0.0,1,0.0,0.0,1,0.0,0.0,0.0,0.0,0.0,10,23,29,0
1279,118,913,0.0,1,0.0,0.0,0.0,1,0.0,0.0,0.0,0.0,0.0,0.0,0.0,1,0.0,0,82,82,1
1280,332,108,0.0,0.0,0.0,1,0.0,1,0.0,0.0,0.0,0.0,0.0,0.0,1,0.0,0.0,15,0,27,0
1281,993,146,0.0,1,0.0,0.0,0.0,0.0,0.0,0.0,1,0.0,0.0,0.0,0.0,1,0.0,19,24,24,0
1282,128,132,1,0.0,0.0,0.0,1,0.0,0.0,0.0,0.0,0.0,0.0,0.0,1,0.0,0.0,15,16,2,0
1283,801,142,0.0,0.0,1,0.0,0.0,0.0,0.0,0.0,1,0.0,0.0,0.0,0.0,0.0,1,10,16,6,0
1284,553,106,1,0.0,0.0,0.0,0.0,1,0.0,0.0,0.0,0.0,0.0,0.0,1,0.0,0.0,23,27,9,0
1285,736,139,1,0.0,0.0,0.0,0.0,0.0,0.0,1,0.0,0.0,0.0,0.0,1,0.0,0.0,20,13,14,0
1286,236,170,0.0,0.0,1,0.0,0.0,1,0.0,0.0,0.0,0.0,1,0.0,0.0,0.0,0.0,8,28,12,0
1287,535,16,0.0,0.0,1,0.0,0.0,0.0,0.0,0.0,1,0.0,0.0,0.0,1,0.0,0.0,9,20,13,0
1288,515,219,1,0.0,0.0,0.0,1,0.0,0.0,0.0,0.0,0.0,0.0,0.0,0.0,0.0,1,9,11,6,0
1289,193,31,0.0,0.0,1,0.0,0.0,0.0,1,0.0,0.0,0.0,0.0,0.0,0.0,0.0,1,20,18,2,0
1290,527,120,0.0,0.0,0.0,1,0.0,0.0,1,0.0,0.0,0.0,0.0,0.0,0.0,1,0.0,17,24,0,0
1291,591,140,0.0,0.0,0.0,1,0.0,0.0,0.0,0.0,1,0.0,1,0.0,0.0,0.0,0.0,6,11,25,0
1292,538,41,0.0,0.0,0.0,1,1,0.0,0.0,0.0,0.0,0.0,0.0,0.0,0.0,0.0,1,15,23,8,0
1293,639,155,0.0,0.0,0.0,1,0.0,0.0,1,0.0,0.0,1,0.0,0.0,0.0,0.0,0.0,15,16,6,0
1294,946,164,0.0,1,0.0,0.0,0.0,0.0,0.0,0.0,1,0.0,1,0.0,0.0,0.0,0.0,13,8,25,0
1295,90,111,1,0.0,0.0,0.0,0.0,0.0,0.0,1,0.0,0.0,0.0,0.0,0.0,0.0,1,23,16,1,0
1296,417,115,1,0.0,0.0,0.0,0.0,1,0.0,0.0,0.0,0.0,0.0,0.0,0.0,1,0.0,7,8,18,0
1297,809,14,1,0.0,0.0,0.0,0.0,0.0,0.0,0.0,1,1,0.0,0.0,0.0,0.0,0.0,9,11,10,0
1298,827,87,1,0.0,0.0,0.0,0.0,0.0,0.0,0.0,1,0.0,0.0,0.0,0.0,0.0,1,18,29,0,0
1299,20,58,0.0,0.0,0.0,1,0.0,0.0,0.0,1,0.0,0.0,1,0.0,0.0,0.0,0.0,8,29,29,0
1300,174,139,0.0,1,0.0,0.0,0.0,0.0,1,0.0,0.0,0.0,0.0,0.0,0.0,1,0.0,10,2,26,0
1301,661,116,0.0,1,0.0,0.0,1,0.0,0.0,0.0,0.0,0.0,0.0,0.0,0.0,0.0,1,8,10,1,0
1302,614,101,0.0,1,0.0,0.0,0.0,1,0.0,0.0,0.0,0.0,0.0,0.0,1,0.0,0.0,17,22,21,0
1303,497,117,0.0,1,0.0,0.0,1,0.0,0.0,0.0,0.0,0.0,0.0,0.0,0.0,0.0,1,7,18,16,0
1304,198,213,0.0,0.0,0.0,1,0.0,1,0.0,0.0,0.0,0.0,0.0,0.0,0.0,0.0,1,9,3,3,0
1305,470,23,0.0,0.0,1,0.0,0.0,0.0,0.0,1,0.0,0.0,0.0,0.0,0.0,1,0.0,14,22,12,0
1306,499,96,0.0,0.0,1,0.0,0.0,1,0.0,0.0,0.0,0.0,0.0,0.0,0.0,1,0.0,16,26,3,0
1307,757,209,0.0,0.0,1,0.0,0.0,1,0.0,0.0,0.0,0.0,0.0,0.0,0.0,0.0,1,22,16,19,0
1308,554,74,0.0,0.0,1,0.0,1,0.0,0.0,0.0,0.0,0.0,0.0,0.0,0.0,1,0.0,6,0,16,0
1309,667,71,0.0,0.0,0.0,1,0.0,0.0,1,0.0,0.0,0.0,0.0,0.0,0.0,1,0.0,21,1,25,0
1310,5,80,0.0,1,0.0,0.0,0.0,0.0,1,0.0,0.0,0.0,0.0,0.0,0.0,0.0,1,16,19,15,0
1311,715,126,0.0,0.0,0.0,1,1,0.0,0.0,0.0,0.0,0.0,0.0,0.0,0.0,1,0.0,21,1,7,0
1312,325,92,0.0,1,0.0,0.0,0.0,0.0,1,0.0,0.0,0.0,1,0.0,0.0,0.0,0.0,21,9,20,0
1313,577,36,0.0,0.0,0.0,1,0.0,0.0,0.0,0.0,1,0.0,0.0,0.0,0.0,1,0.0,13,1,6,0
1314,217,220,0.0,1,0.0,0.0,0.0,0.0,1,0.0,0.0,0.0,0.0,0.0,1,0.0,0.0,14,14,9,0
1315,666,27,0.0,1,0.0,0.0,1,0.0,0.0,0.0,0.0,0.0,1,0.0,0.0,0.0,0.0,6,26,15,0
1316,668,186,0.0,0.0,1,0.0,1,0.0,0.0,0.0,0.0,0.0,0.0,0.0,0.0,0.0,1,19,29,6,0
1317,305,48,1,0.0,0.0,0.0,0.0,0.0,0.0,0.0,1,1,0.0,0.0,0.0,0.0,0.0,23,24,25,0
1318,183,137,0.0,1,0.0,0.0,1,0.0,0.0,0.0,0.0,0.0,1,0.0,0.0,0.0,0.0,21,14,1,0
1319,516,395,1,0.0,0.0,0.0,0.0,0.0,0.0,0.0,1,0.0,0.0,1,0.0,0.0,0.0,4,78,88,1
1320,206,139,0.0,1,0.0,0.0,0.0,0.0,0.0,1,0.0,1,0.0,0.0,0.0,0.0,0.0,8,26,8,0
1321,678,93,0.0,0.0,1,0.0,1,0.0,0.0,0.0,0.0,0.0,0.0,0.0,0.0,1,0.0,15,22,17,0
1322,257,2727,0.0,0.0,1,0.0,1,0.0,0.0,0.0,0.0,0.0,1,0.0,0.0,0.0,0.0,13,80,75,1
1323,9,133,1,0.0,0.0,0.0,0.0,1,0.0,0.0,0.0,1,0.0,0.0,0.0,0.0,0.0,18,0,25,0
1324,287,118,0.0,0.0,0.0,1,0.0,0.0,0.0,1,0.0,0.0,0.0,0.0,0.0,0.0,1,12,2,23,0
1325,827,129,0.0,0.0,0.0,1,1,0.0,0.0,0.0,0.0,0.0,0.0,0.0,0.0,0.0,1,11,11,18,0
1326,956,92,0.0,0.0,1,0.0,0.0,0.0,0.0,1,0.0,0.0,0.0,0.0,0.0,1,0.0,18,9,5,0
1327,614,1,0.0,1,0.0,0.0,0.0,1,0.0,0.0,0.0,0.0,0.0,0.0,0.0,1,0.0,9,2,12,0
1328,555,189,1,0.0,0.0,0.0,0.0,0.0,0.0,0.0,1,0.0,0.0,0.0,0.0,0.0,1,6,7,2,0
1329,943,82,1,0.0,0.0,0.0,0.0,0.0,0.0,1,0.0,0.0,0.0,0.0,1,0.0,0.0,23,3,6,0
1330,725,100,0.0,0.0,0.0,1,0.0,0.0,1,0.0,0.0,0.0,1,0.0,0.0,0.0,0.0,16,18,23,0
1331,200,31,0.0,0.0,0.0,1,0.0,0.0,1,0.0,0.0,1,0.0,0.0,0.0,0.0,0.0,18,12,16,0
1332,727,133,1,0.0,0.0,0.0,0.0,0.0,0.0,0.0,1,1,0.0,0.0,0.0,0.0,0.0,21,24,12,0
1333,353,79,0.0,1,0.0,0.0,0.0,0.0,1,0.0,0.0,1,0.0,0.0,0.0,0.0,0.0,23,26,18,0
1334,72,108,0.0,1,0.0,0.0,1,0.0,0.0,0.0,0.0,0.0,0.0,0.0,1,0.0,0.0,17,8,21,0
1335,550,134,1,0.0,0.0,0.0,1,0.0,0.0,0.0,0.0,0.0,1,0.0,0.0,0.0,0.0,23,29,28,0
1336,914,103,0.0,0.0,1,0.0,0.0,0.0,0.0,0.0,1,0.0,0.0,0.0,1,0.0,0.0,21,10,6,0
1337,374,114,0.0,0.0,0.0,1,1,0.0,0.0,0.0,0.0,0.0,0.0,0.0,0.0,1,0.0,21,10,10,0
1338,213,163,0.0,0.0,1,0.0,0.0,0.0,1,0.0,0.0,1,0.0,0.0,0.0,0.0,0.0,7,13,14,0
1339,786,133,0.0,1,0.0,0.0,0.0,0.0,1,0.0,0.0,0.0,0.0,0.0,1,0.0,0.0,16,10,9,0
1340,326,102,0.0,1,0.0,0.0,0.0,0.0,0.0,1,0.0,0.0,0.0,0.0,0.0,1,0.0,8,13,20,0
1341,75,109,1,0.0,0.0,0.0,1,0.0,0.0,0.0,0.0,0.0,0.0,0.0,1,0.0,0.0,9,4,23,0
1342,307,1157,0.0,0.0,0.0,1,1,0.0,0.0,0.0,0.0,0.0,0.0,0.0,0.0,0.0,1,11,96,91,1
1343,98,51,0.0,0.0,0.0,1,1,0.0,0.0,0.0,0.0,1,0.0,0.0,0.0,0.0,0.0,15,12,2,0
1344,939,138,0.0,0.0,0.0,1,0.0,0.0,1,0.0,0.0,1,0.0,0.0,0.0,0.0,0.0,16,11,18,0
1345,357,87,1,0.0,0.0,0.0,0.0,0.0,1,0.0,0.0,0.0,0.0,0.0,1,0.0,0.0,20,29,26,0
1346,574,113,0.0,1,0.0,0.0,0.0,0.0,0.0,1,0.0,0.0,1,0.0,0.0,0.0,0.0,18,21,15,0
1347,680,99,0.0,0.0,0.0,1,0.0,0.0,0.0,1,0.0,0.0,0.0,0.0,0.0,1,0.0,12,21,3,0
1348,465,1,0.0,0.0,1,0.0,0.0,0.0,0.0,0.0,1,1,0.0,0.0,0.0,0.0,0.0,21,10,2,0
1349,894,48,1,0.0,0.0,0.0,0.0,1,0.0,0.0,0.0,0.0,0.0,0.0,0.0,0.0,1,16,14,5,0
1350,313,118,1,0.0,0.0,0.0,0.0,0.0,0.0,0.0,1,0.0,0.0,0.0,0.0,0.0,1,15,28,28,0
1351,185,108,1,0.0,0.0,0.0,1,0.0,0.0,0.0,0.0,0.0,0.0,0.0,0.0,1,0.0,11,3,22,0
1352,463,118,0.0,0.0,1,0.0,0.0,0.0,1,0.0,0.0,0.0,0.0,0.0,1,0.0,0.0,21,18,8,0
1353,108,161,0.0,1,0.0,0.0,0.0,0.0,0.0,1,0.0,1,0.0,0.0,0.0,0.0,0.0,22,16,20,0
1354,873,123,0.0,0.0,0.0,1,0.0,0.0,1,0.0,0.0,0.0,1,0.0,0.0,0.0,0.0,16,29,6,0
1355,368,99,0.0,1,0.0,0.0,0.0,0.0,0.0,0.0,1,0.0,0.0,0.0,0.0,1,0.0,13,24,0,0
1356,714,12,0.0,1,0.0,0.0,0.0,1,0.0,0.0,0.0,0.0,0.0,0.0,1,0.0,0.0,23,9,11,0
1357,513,54,0.0,0.0,0.0,1,0.0,1,0.0,0.0,0.0,0.0,0.0,0.0,0.0,0.0,1,17,5,14,0
1358,193,53,0.0,0.0,0.0,1,0.0,0.0,0.0,0.0,1,0.0,1,0.0,0.0,0.0,0.0,18,20,5,0
1359,313,89,0.0,0.0,0.0,1,1,0.0,0.0,0.0,0.0,0.0,0.0,0.0,0.0,0.0,1,18,29,28,0
1360,108,52,0.0,0.0,1,0.0,1,0.0,0.0,0.0,0.0,0.0,1,0.0,0.0,0.0,0.0,7,8,2,0
1361,171,139,1,0.0,0.0,0.0,0.0,0.0,0.0,1,0.0,0.0,0.0,0.0,0.0,0.0,1,13,15,1,0
1362,569,160,0.0,1,0.0,0.0,0.0,0.0,0.0,0.0,1,0.0,0.0,0.0,1,0.0,0.0,14,17,24,0
1363,856,159,0.0,1,0.0,0.0,1,0.0,0.0,0.0,0.0,0.0,1,0.0,0.0,0.0,0.0,17,0,25,0
1364,402,139,0.0,1,0.0,0.0,0.0,0.0,0.0,0.0,1,1,0.0,0.0,0.0,0.0,0.0,13,21,17,0
1365,758,89,0.0,0.0,0.0,1,0.0,0.0,0.0,1,0.0,0.0,1,0.0,0.0,0.0,0.0,8,24,10,0
1366,270,35,0.0,0.0,1,0.0,0.0,0.0,0.0,1,0.0,1,0.0,0.0,0.0,0.0,0.0,10,25,23,0
1367,100,158,0.0,0.0,1,0.0,0.0,1,0.0,0.0,0.0,0.0,1,0.0,0.0,0.0,0.0,19,12,1,0
1368,945,58,0.0,0.0,1,0.0,0.0,1,0.0,0.0,0.0,0.0,0.0,0.0,1,0.0,0.0,20,8,16,0
1369,454,95,0.0,1,0.0,0.0,1,0.0,0.0,0.0,0.0,1,0.0,0.0,0.0,0.0,0.0,22,11,5,0
1370,620,58,0.0,1,0.0,0.0,1,0.0,0.0,0.0,0.0,0.0,0.0,0.0,1,0.0,0.0,13,10,20,0
1371,531,81,0.0,0.0,1,0.0,0.0,0.0,0.0,0.0,1,0.0,0.0,0.0,1,0.0,0.0,17,13,3,0
1372,92,88,0.0,1,0.0,0.0,1,0.0,0.0,0.0,0.0,0.0,1,0.0,0.0,0.0,0.0,22,20,8,0
1373,595,115,0.0,0.0,1,0.0,0.0,0.0,0.0,0.0,1,1,0.0,0.0,0.0,0.0,0.0,20,5,5,0
1374,225,145,0.0,0.0,1,0.0,0.0,0.0,0.0,1,0.0,1,0.0,0.0,0.0,0.0,0.0,21,12,2,0
1375,406,86,1,0.0,0.0,0.0,0.0,0.0,0.0,1,0.0,1,0.0,0.0,0.0,0.0,0.0,9,13,13,0
1376,831,119,1,0.0,0.0,0.0,0.0,0.0,0.0,0.0,1,0.0,0.0,0.0,0.0,0.0,1,19,16,22,0
1377,720,79,0.0,0.0,1,0.0,1,0.0,0.0,0.0,0.0,1,0.0,0.0,0.0,0.0,0.0,11,12,11,0
1378,475,125,1,0.0,0.0,0.0,0.0,0.0,0.0,1,0.0,0.0,0.0,0.0,1,0.0,0.0,6,0,6,0
1379,34,111,0.0,0.0,0.0,1,0.0,0.0,0.0,0.0,1,0.0,1,0.0,0.0,0.0,0.0,13,15,10,0
1380,325,138,0.0,0.0,0.0,1,1,0.0,0.0,0.0,0.0,0.0,0.0,0.0,0.0,1,0.0,12,4,2,0
1381,720,22,0.0,0.0,0.0,1,0.0,0.0,1,0.0,0.0,0.0,1,0.0,0.0,0.0,0.0,20,78,91,1
1382,428,159,0.0,0.0,0.0,1,0.0,1,0.0,0.0,0.0,0.0,0.0,0.0,0.0,1,0.0,13,24,9,0
1383,108,156,0.0,1,0.0,0.0,0.0,0.0,1,0.0,0.0,0.0,1,0.0,0.0,0.0,0.0,10,2,2,0
1384,470,87,0.0,0.0,1,0.0,0.0,1,0.0,0.0,0.0,0.0,0.0,0.0,0.0,0.0,1,12,19,13,0
1385,889,139,0.0,0.0,1,0.0,1,0.0,0.0,0.0,0.0,0.0,0.0,0.0,1,0.0,0.0,11,2,13,0
1386,701,117,1,0.0,0.0,0.0,0.0,0.0,1,0.0,0.0,0.0,1,0.0,0.0,0.0,0.0,16,23,24,0
1387,331,60,0.0,0.0,1,0.0,1,0.0,0.0,0.0,0.0,1,0.0,0.0,0.0,0.0,0.0,16,3,7,0
1388,758,2063,0.0,0.0,0.0,1,0.0,0.0,0.0,0.0,1,0.0,0.0,0.0,0.0,0.0,1,7,95,77,1
1389,627,2,0.0,1,0.0,0.0,0.0,1,0.0,0.0,0.0,1,0.0,0.0,0.0,0.0,0.0,15,13,19,0
1390,48,44,1,0.0,0.0,0.0,0.0,0.0,0.0,1,0.0,0.0,0.0,0.0,0.0,1,0.0,13,28,20,0
1391,608,5450,0.0,0.0,1,0.0,0.0,0.0,0.0,1,0.0,0.0,0.0,0.0,1,0.0,0.0,21,89,77,1
1392,432,20,1,0.0,0.0,0.0,0.0,0.0,0.0,1,0.0,0.0,0.0,0.0,0.0,1,0.0,23,6,18,0
1393,748,66,0.0,0.0,0.0,1,0.0,0.0,0.0,1,0.0,0.0,1,0.0,0.0,0.0,0.0,18,11,17,0
1394,685,63,0.0,0.0,0.0,1,0.0,0.0,1,0.0,0.0,0.0,0.0,0.0,0.0,0.0,1,21,0,6,0
1395,559,10,0.0,1,0.0,0.0,0.0,1,0.0,0.0,0.0,0.0,0.0,0.0,0.0,0.0,1,18,2,0,0
1396,984,105,0.0,0.0,1,0.0,0.0,0.0,1,0.0,0.0,0.0,0.0,0.0,0.0,0.0,1,13,14,26,0
1397,597,48,0.0,1,0.0,0.0,0.0,0.0,1,0.0,0.0,0.0,0.0,0.0,1,0.0,0.0,15,29,27,0
1398,668,75,0.0,0.0,1,0.0,0.0,0.0,1,0.0,0.0,0.0,0.0,0.0,0.0,1,0.0,8,14,11,0
1399,383,117,1,0.0,0.0,0.0,0.0,0.0,0.0,1,0.0,0.0,0.0,0.0,0.0,0.0,1,19,13,3,0
1400,738,4,0.0,0.0,1,0.0,0.0,1,0.0,0.0,0.0,0.0,0.0,0.0,0.0,1,0.0,11,1,28,0
1401,871,1691,0.0,1,0.0,0.0,0.0,0.0,0.0,0.0,1,0.0,0.0,0.0,0.0,1,0.0,4,99,84,1
1402,788,1919,1,0.0,0.0,0.0,0.0,1,0.0,0.0,0.0,0.0,1,0.0,0.0,0.0,0.0,23,79,87,1
1403,492,152,0.0,1,0.0,0.0,0.0,0.0,1,0.0,0.0,0.0,0.0,0.0,0.0,1,0.0,14,25,23,0
1404,266,96,0.0,0.0,0.0,1,0.0,0.0,0.0,0.0,1,0.0,1,0.0,0.0,0.0,0.0,21,0,14,0
1405,330,79,0.0,1,0.0,0.0,0.0,1,0.0,0.0,0.0,0.0,0.0,0.0,0.0,0.0,1,14,17,6,0
1406,766,1254,0.0,0.0,0.0,1,0.0,0.0,0.0,0.0,1,0.0,0.0,0.0,0.0,1,0.0,4,84,88,1
1407,793,87,1,0.0,0.0,0.0,0.0,0.0,1,0.0,0.0,1,0.0,0.0,0.0,0.0,0.0,16,22,19,0
1408,231,112,0.0,1,0.0,0.0,1,0.0,0.0,0.0,0.0,0.0,0.0,0.0,1,0.0,0.0,16,5,16,0
1409,806,71,0.0,0.0,0.0,1,0.0,1,0.0,0.0,0.0,1,0.0,0.0,0.0,0.0,0.0,19,28,7,0
1410,419,118,0.0,0.0,1,0.0,1,0.0,0.0,0.0,0.0,0.0,0.0,0.0,1,0.0,0.0,11,28,15,0
1411,731,160,0.0,0.0,1,0.0,0.0,0.0,1,0.0,0.0,0.0,1,0.0,0.0,0.0,0.0,6,16,0,0
1412,46,72,0.0,1,0.0,0.0,0.0,0.0,1,0.0,0.0,1,0.0,0.0,0.0,0.0,0.0,8,5,1,0
1413,118,150,0.0,1,0.0,0.0,1,0.0,0.0,0.0,0.0,0.0,0.0,0.0,0.0,1,0.0,6,14,3,0
1414,337,122,1,0.0,0.0,0.0,0.0,0.0,1,0.0,0.0,0.0,0.0,0.0,0.0,1,0.0,8,25,14,0
1415,898,150,0.0,0.0,1,0.0,0.0,1,0.0,0.0,0.0,0.0,0.0,0.0,1,0.0,0.0,17,21,8,0
1416,741,171,0.0,0.0,0.0,1,0.0,0.0,0.0,0.0,1,0.0,0.0,0.0,0.0,1,0.0,18,15,1,0
1417,847,123,0.0,0.0,0.0,1,0.0,0.0,0.0,0.0,1,0.0,0.0,0.0,1,0.0,0.0,18,6,14,0
1418,688,65,0.0,1,0.0,0.0,1,0.0,0.0,0.0,0.0,1,0.0,0.0,0.0,0.0,0.0,18,13,5,0
1419,61,73,0.0,1,0.0,0.0,1,0.0,0.0,0.0,0.0,0.0,1,0.0,0.0,0.0,0.0,18,20,20,0
1420,592,95,0.0,0.0,1,0.0,0.0,0.0,0.0,1,0.0,0.0,0.0,0.0,0.0,0.0,1,12,7,8,0
1421,410,106,1,0.0,0.0,0.0,0.0,0.0,0.0,1,0.0,0.0,0.0,0.0,0.0,1,0.0,8,2,6,0
1422,609,188,0.0,0.0,1,0.0,1,0.0,0.0,0.0,0.0,0.0,1,0.0,0.0,0.0,0.0,7,14,4,0
1423,413,94,0.0,0.0,1,0.0,0.0,0.0,0.0,1,0.0,0.0,0.0,0.0,1,0.0,0.0,22,24,20,0
1424,398,155,1,0.0,0.0,0.0,0.0,0.0,1,0.0,0.0,0.0,0.0,0.0,0.0,1,0.0,8,6,2,0
1425,938,1,0.0,1,0.0,0.0,1,0.0,0.0,0.0,0.0,0.0,0.0,0.0,0.0,0.0,1,9,3,6,0
1426,295,107,0.0,1,0.0,0.0,0.0,1,0.0,0.0,0.0,0.0,0.0,0.0,0.0,1,0.0,11,3,23,0
1427,537,127,0.0,0.0,0.0,1,0.0,1,0.0,0.0,0.0,1,0.0,0.0,0.0,0.0,0.0,10,25,17,0
1428,936,14,0.0,1,0.0,0.0,0.0,0.0,0.0,1,0.0,0.0,0.0,0.0,1,0.0,0.0,15,25,8,0
1429,841,63,0.0,1,0.0,0.0,0.0,0.0,0.0,0.0,1,0.0,0.0,0.0,0.0,1,0.0,9,21,1,0
1430,707,103,0.0,0.0,1,0.0,0.0,0.0,0.0,0.0,1,0.0,0.0,0.0,1,0.0,0.0,12,14,22,0
1431,769,143,0.0,0.0,1,0.0,0.0,0.0,0.0,0.0,1,1,0.0,0.0,0.0,0.0,0.0,10,27,16,0
1432,662,60,0.0,1,0.0,0.0,0.0,0.0,0.0,0.0,1,0.0,1,0.0,0.0,0.0,0.0,14,2,25,0
1433,628,1,0.0,0.0,0.0,1,0.0,0.0,1,0.0,0.0,0.0,0.0,0.0,1,0.0,0.0,21,9,13,0
1434,107,37,0.0,0.0,1,0.0,1,0.0,0.0,0.0,0.0,0.0,0.0,0.0,0.0,1,0.0,17,20,10,0
1435,165,135,0.0,0.0,1,0.0,0.0,0.0,0.0,0.0,1,0.0,0.0,0.0,1,0.0,0.0,12,26,20,0
1436,446,64,1,0.0,0.0,0.0,0.0,0.0,0.0,1,0.0,0.0,0.0,0.0,0.0,1,0.0,20,19,0,0
1437,821,115,0.0,0.0,1,0.0,0.0,0.0,1,0.0,0.0,0.0,0.0,0.0,1,0.0,0.0,20,1,26,0
1438,95,78,1,0.0,0.0,0.0,0.0,1,0.0,0.0,0.0,1,0.0,0.0,0.0,0.0,0.0,13,25,24,0
1439,488,97,0.0,0.0,0.0,1,0.0,0.0,1,0.0,0.0,0.0,0.0,0.0,1,0.0,0.0,22,20,17,0
1440,178,87,0.0,0.0,0.0,1,0.0,0.0,1,0.0,0.0,0.0,1,0.0,0.0,0.0,0.0,12,16,21,0
1441,865,93,0.0,0.0,1,0.0,0.0,0.0,0.0,0.0,1,0.0,0.0,0.0,1,0.0,0.0,10,20,23,0
1442,695,184,0.0,0.0,1,0.0,0.0,0.0,0.0,1,0.0,0.0,0.0,0.0,0.0,1,0.0,20,23,4,0
1443,650,1,1,0.0,0.0,0.0,0.0,1,0.0,0.0,0.0,0.0,1,0.0,0.0,0.0,0.0,10,14,9,0
1444,195,100,0.0,1,0.0,0.0,1,0.0,0.0,0.0,0.0,1,0.0,0.0,0.0,0.0,0.0,11,25,17,0
1445,110,138,0.0,0.0,0.0,1,1,0.0,0.0,0.0,0.0,0.0,0.0,0.0,0.0,0.0,1,20,15,2,0
1446,982,19,0.0,1,0.0,0.0,1,0.0,0.0,0.0,0.0,0.0,0.0,0.0,0.0,0.0,1,17,0,18,0
1447,652,70,1,0.0,0.0,0.0,0.0,0.0,1,0.0,0.0,0.0,1,0.0,0.0,0.0,0.0,15,11,24,0
1448,471,88,0.0,0.0,0.0,1,0.0,0.0,0.0,0.0,1,0.0,0.0,0.0,0.0,1,0.0,12,16,2,0
1449,531,140,1,0.0,0.0,0.0,1,0.0,0.0,0.0,0.0,0.0,1,0.0,0.0,0.0,0.0,19,3,2,0
1450,174,22,0.0,0.0,0.0,1,1,0.0,0.0,0.0,0.0,1,0.0,0.0,0.0,0.0,0.0,15,78,85,1
1451,200,160,0.0,0.0,1,0.0,0.0,1,0.0,0.0,0.0,0.0,0.0,0.0,0.0,0.0,1,9,20,1,0
1452,223,137,0.0,1,0.0,0.0,1,0.0,0.0,0.0,0.0,0.0,1,0.0,0.0,0.0,0.0,21,22,1,0
1453,791,142,0.0,1,0.0,0.0,0.0,0.0,0.0,1,0.0,0.0,0.0,0.0,0.0,1,0.0,8,23,28,0
1454,719,137,0.0,0.0,0.0,1,1,0.0,0.0,0.0,0.0,0.0,1,0.0,0.0,0.0,0.0,11,10,9,0
1455,983,110,0.0,1,0.0,0.0,0.0,0.0,1,0.0,0.0,0.0,1,0.0,0.0,0.0,0.0,14,14,6,0
1456,547,165,0.0,0.0,1,0.0,0.0,0.0,0.0,1,0.0,0.0,0.0,0.0,0.0,1,0.0,22,1,15,0
1457,540,33,1,0.0,0.0,0.0,0.0,0.0,0.0,1,0.0,1,0.0,0.0,0.0,0.0,0.0,15,14,4,0
1458,754,101,0.0,0.0,1,0.0,1,0.0,0.0,0.0,0.0,0.0,0.0,0.0,1,0.0,0.0,16,27,23,0
1459,210,133,1,0.0,0.0,0.0,0.0,1,0.0,0.0,0.0,0.0,0.0,0.0,0.0,0.0,1,6,15,15,0
1460,980,140,0.0,0.0,1,0.0,1,0.0,0.0,0.0,0.0,0.0,0.0,0.0,1,0.0,0.0,8,8,6,0
1461,790,190,0.0,0.0,0.0,1,1,0.0,0.0,0.0,0.0,0.0,1,0.0,0.0,0.0,0.0,17,25,7,0
1462,197,77,0.0,1,0.0,0.0,0.0,0.0,0.0,1,0.0,0.0,0.0,0.0,0.0,1,0.0,13,27,5,0
1463,70,156,0.0,0.0,1,0.0,0.0,0.0,0.0,0.0,1,0.0,1,0.0,0.0,0.0,0.0,10,29,11,0
1464,872,21,1,0.0,0.0,0.0,0.0,0.0,1,0.0,0.0,0.0,0.0,0.0,1,0.0,0.0,16,3,24,0
1465,479,114,0.0,0.0,0.0,1,1,0.0,0.0,0.0,0.0,0.0,1,0.0,0.0,0.0,0.0,13,20,17,0
1466,985,199,0.0,0.0,0.0,1,0.0,0.0,0.0,1,0.0,1,0.0,0.0,0.0,0.0,0.0,13,25,21,0
1467,700,197,0.0,0.0,0.0,1,0.0,0.0,1,0.0,0.0,0.0,0.0,0.0,0.0,1,0.0,15,5,18,0
1468,323,39,0.0,1,0.0,0.0,0.0,0.0,0.0,1,0.0,0.0,0.0,0.0,0.0,1,0.0,15,12,17,0
1469,931,88,0.0,1,0.0,0.0,0.0,0.0,0.0,0.0,1,0.0,0.0,0.0,0.0,0.0,1,19,27,20,0
1470,419,118,0.0,0.0,1,0.0,0.0,0.0,0.0,1,0.0,0.0,0.0,0.0,0.0,1,0.0,17,7,10,0
1471,608,102,0.0,0.0,1,0.0,1,0.0,0.0,0.0,0.0,0.0,0.0,0.0,0.0,0.0,1,21,12,28,0
1472,986,69,1,0.0,0.0,0.0,0.0,1,0.0,0.0,0.0,0.0,0.0,0.0,0.0,0.0,1,17,15,21,0
1473,387,149,0.0,0.0,0.0,1,0.0,0.0,0.0,1,0.0,0.0,1,0.0,0.0,0.0,0.0,18,0,16,0
1474,340,174,0.0,0.0,1,0.0,0.0,0.0,0.0,0.0,1,0.0,1,0.0,0.0,0.0,0.0,6,23,13,0
1475,452,109,0.0,0.0,0.0,1,1,0.0,0.0,0.0,0.0,0.0,0.0,0.0,0.0,0.0,1,8,19,11,0
1476,125,132,0.0,1,0.0,0.0,0.0,0.0,0.0,0.0,1,0.0,0.0,0.0,0.0,1,0.0,21,20,10,0
1477,868,145,0.0,1,0.0,0.0,0.0,0.0,0.0,1,0.0,0.0,0.0,0.0,1,0.0,0.0,19,3,3,0
1478,81,144,0.0,0.0,1,0.0,0.0,0.0,0.0,1,0.0,1,0.0,0.0,0.0,0.0,0.0,14,11,11,0
1479,864,181,0.0,1,0.0,0.0,0.0,0.0,0.0,0.0,1,0.0,0.0,0.0,1,0.0,0.0,6,27,19,0
1480,901,33,0.0,0.0,1,0.0,0.0,0.0,0.0,0.0,1,0.0,1,0.0,0.0,0.0,0.0,18,6,1,0
1481,293,12,0.0,0.0,0.0,1,0.0,0.0,0.0,0.0,1,0.0,0.0,0.0,1,0.0,0.0,10,10,18,0
1482,254,105,0.0,1,0.0,0.0,0.0,1,0.0,0.0,0.0,0.0,0.0,0.0,0.0,1,0.0,23,16,19,0
1483,168,131,1,0.0,0.0,0.0,1,0.0,0.0,0.0,0.0,0.0,0.0,0.0,1,0.0,0.0,21,5,14,0
1484,8,76,0.0,1,0.0,0.0,1,0.0,0.0,0.0,0.0,0.0,0.0,0.0,1,0.0,0.0,14,20,27,0
1485,115,181,0.0,0.0,1,0.0,0.0,1,0.0,0.0,0.0,1,0.0,0.0,0.0,0.0,0.0,22,14,15,0
1486,239,162,0.0,0.0,0.0,1,0.0,0.0,0.0,1,0.0,0.0,0.0,0.0,0.0,1,0.0,21,10,0,0
1487,536,125,1,0.0,0.0,0.0,1,0.0,0.0,0.0,0.0,1,0.0,0.0,0.0,0.0,0.0,16,26,12,0
1488,41,104,0.0,0.0,0.0,1,0.0,0.0,0.0,1,0.0,1,0.0,0.0,0.0,0.0,0.0,20,18,7,0
1489,493,43,1,0.0,0.0,0.0,0.0,1,0.0,0.0,0.0,1,0.0,0.0,0.0,0.0,0.0,16,12,8,0
1490,456,6,1,0.0,0.0,0.0,1,0.0,0.0,0.0,0.0,0.0,0.0,0.0,0.0,1,0.0,7,24,6,0
1491,390,163,0.0,0.0,0.0,1,0.0,0.0,0.0,1,0.0,1,0.0,0.0,0.0,0.0,0.0,17,16,14,0
1492,526,137,0.0,1,0.0,0.0,0.0,1,0.0,0.0,0.0,0.0,0.0,0.0,1,0.0,0.0,20,24,5,0
1493,272,1,0.0,0.0,1,0.0,0.0,0.0,1,0.0,0.0,0.0,0.0,0.0,0.0,0.0,1,18,12,20,0
1494,913,39,1,0.0,0.0,0.0,1,0.0,0.0,0.0,0.0,0.0,0.0,0.0,1,0.0,0.0,17,16,27,0
1495,865,149,0.0,0.0,1,0.0,0.0,0.0,1,0.0,0.0,0.0,1,0.0,0.0,0.0,0.0,10,14,24,0
1496,56,141,0.0,1,0.0,0.0,0.0,0.0,0.0,1,0.0,0.0,0.0,0.0,1,0.0,0.0,14,2,13,0
1497,16,81,0.0,0.0,0.0,1,1,0.0,0.0,0.0,0.0,0.0,1,0.0,0.0,0.0,0.0,16,17,16,0
1498,5,157,0.0,0.0,1,0.0,1,0.0,0.0,0.0,0.0,0.0,1,0.0,0.0,0.0,0.0,15,15,9,0
1499,299,118,0.0,1,0.0,0.0,0.0,0.0,0.0,1,0.0,0.0,1,0.0,0.0,0.0,0.0,6,8,28,0
1500,945,133,0.0,0.0,0.0,1,0.0,0.0,1,0.0,0.0,0.0,0.0,0.0,0.0,1,0.0,17,9,22,0
1501,708,51,0.0,0.0,0.0,1,1,0.0,0.0,0.0,0.0,1,0.0,0.0,0.0,0.0,0.0,22,24,15,0
1502,588,117,1,0.0,0.0,0.0,0.0,0.0,0.0,0.0,1,0.0,1,0.0,0.0,0.0,0.0,12,4,19,0
1503,858,148,0.0,0.0,1,0.0,1,0.0,0.0,0.0,0.0,0.0,0.0,0.0,0.0,0.0,1,6,12,9,0
1504,959,92,0.0,0.0,1,0.0,0.0,0.0,1,0.0,0.0,0.0,1,0.0,0.0,0.0,0.0,17,8,17,0
1505,99,93,0.0,0.0,0.0,1,0.0,0.0,1,0.0,0.0,0.0,0.0,0.0,0.0,0.0,1,10,3,21,0
1506,918,106,0.0,1,0.0,0.0,0.0,0.0,1,0.0,0.0,1,0.0,0.0,0.0,0.0,0.0,17,6,2,0
1507,68,73,0.0,0.0,0.0,1,1,0.0,0.0,0.0,0.0,0.0,0.0,0.0,0.0,1,0.0,7,28,28,0
1508,798,113,0.0,1,0.0,0.0,0.0,0.0,0.0,1,0.0,0.0,0.0,0.0,0.0,1,0.0,10,22,16,0
1509,775,116,0.0,0.0,1,0.0,0.0,0.0,0.0,1,0.0,1,0.0,0.0,0.0,0.0,0.0,19,7,22,0
1510,502,40,0.0,0.0,1,0.0,0.0,0.0,0.0,1,0.0,1,0.0,0.0,0.0,0.0,0.0,21,27,0,0
1511,589,142,1,0.0,0.0,0.0,0.0,0.0,0.0,1,0.0,0.0,0.0,0.0,0.0,1,0.0,12,1,4,0
1512,377,11,1,0.0,0.0,0.0,0.0,0.0,1,0.0,0.0,0.0,0.0,0.0,1,0.0,0.0,7,22,2,0
1513,700,194,0.0,1,0.0,0.0,0.0,1,0.0,0.0,0.0,0.0,0.0,0.0,1,0.0,0.0,7,0,26,0
1514,70,138,0.0,0.0,0.0,1,0.0,1,0.0,0.0,0.0,1,0.0,0.0,0.0,0.0,0.0,9,25,0,0
1515,879,150,0.0,0.0,0.0,1,1,0.0,0.0,0.0,0.0,1,0.0,0.0,0.0,0.0,0.0,17,20,19,0
1516,675,127,0.0,0.0,1,0.0,1,0.0,0.0,0.0,0.0,0.0,0.0,0.0,0.0,1,0.0,13,4,15,0
1517,702,51,1,0.0,0.0,0.0,0.0,0.0,1,0.0,0.0,0.0,0.0,0.0,1,0.0,0.0,12,20,18,0
1518,806,80,1,0.0,0.0,0.0,0.0,1,0.0,0.0,0.0,1,0.0,0.0,0.0,0.0,0.0,6,3,12,0
1519,388,61,0.0,1,0.0,0.0,1,0.0,0.0,0.0,0.0,1,0.0,0.0,0.0,0.0,0.0,15,19,24,0
1520,959,63,0.0,0.0,0.0,1,1,0.0,0.0,0.0,0.0,0.0,0.0,0.0,1,0.0,0.0,17,4,1,0
1521,262,124,0.0,1,0.0,0.0,0.0,0.0,0.0,0.0,1,0.0,0.0,0.0,1,0.0,0.0,15,0,9,0
1522,964,8,0.0,0.0,0.0,1,0.0,1,0.0,0.0,0.0,0.0,0.0,0.0,0.0,0.0,1,7,5,19,0
1523,552,127,0.0,1,0.0,0.0,0.0,0.0,1,0.0,0.0,0.0,1,0.0,0.0,0.0,0.0,19,0,29,0
1524,965,131,1,0.0,0.0,0.0,0.0,0.0,1,0.0,0.0,0.0,1,0.0,0.0,0.0,0.0,17,9,13,0
1525,121,141,0.0,0.0,1,0.0,1,0.0,0.0,0.0,0.0,0.0,1,0.0,0.0,0.0,0.0,9,12,2,0
1526,357,49,0.0,0.0,1,0.0,0.0,0.0,0.0,1,0.0,1,0.0,0.0,0.0,0.0,0.0,9,13,8,0
1527,556,659,0.0,1,0.0,0.0,0.0,0.0,0.0,1,0.0,1,0.0,0.0,0.0,0.0,0.0,11,72,85,1
1528,286,184,0.0,1,0.0,0.0,0.0,0.0,1,0.0,0.0,0.0,1,0.0,0.0,0.0,0.0,13,3,16,0
1529,284,69,0.0,1,0.0,0.0,0.0,0.0,0.0,0.0,1,1,0.0,0.0,0.0,0.0,0.0,23,12,21,0
1530,389,133,0.0,1,0.0,0.0,0.0,0.0,0.0,0.0,1,0.0,0.0,0.0,0.0,0.0,1,19,15,9,0
1531,858,167,0.0,1,0.0,0.0,0.0,0.0,1,0.0,0.0,1,0.0,0.0,0.0,0.0,0.0,21,16,7,0
1532,236,125,0.0,0.0,0.0,1,0.0,0.0,0.0,1,0.0,0.0,0.0,0.0,0.0,1,0.0,17,10,28,0
1533,75,100,0.0,0.0,0.0,1,0.0,1,0.0,0.0,0.0,1,0.0,0.0,0.0,0.0,0.0,15,4,26,0
1534,444,76,0.0,1,0.0,0.0,0.0,0.0,0.0,1,0.0,0.0,1,0.0,0.0,0.0,0.0,16,25,22,0
1535,598,109,0.0,0.0,0.0,1,0.0,0.0,0.0,1,0.0,0.0,0.0,0.0,1,0.0,0.0,15,23,27,0
1536,709,116,0.0,0.0,1,0.0,0.0,0.0,0.0,1,0.0,1,0.0,0.0,0.0,0.0,0.0,9,25,6,0
1537,938,199,0.0,0.0,1,0.0,1,0.0,0.0,0.0,0.0,0.0,1,0.0,0.0,0.0,0.0,12,13,29,0
1538,709,67,1,0.0,0.0,0.0,0.0,0.0,0.0,0.0,1,1,0.0,0.0,0.0,0.0,0.0,22,15,29,0
1539,604,132,0.0,0.0,0.0,1,1,0.0,0.0,0.0,0.0,0.0,0.0,0.0,1,0.0,0.0,14,26,20,0
1540,68,86,0.0,0.0,1,0.0,1,0.0,0.0,0.0,0.0,0.0,0.0,0.0,1,0.0,0.0,22,19,5,0
1541,446,69,1,0.0,0.0,0.0,0.0,0.0,1,0.0,0.0,0.0,0.0,0.0,1,0.0,0.0,12,28,18,0
1542,653,65,1,0.0,0.0,0.0,0.0,1,0.0,0.0,0.0,1,0.0,0.0,0.0,0.0,0.0,18,27,4,0
1543,617,113,0.0,1,0.0,0.0,0.0,0.0,1,0.0,0.0,0.0,0.0,0.0,1,0.0,0.0,23,10,27,0
1544,958,188,1,0.0,0.0,0.0,0.0,1,0.0,0.0,0.0,0.0,0.0,0.0,0.0,1,0.0,13,17,19,0
1545,386,78,0.0,1,0.0,0.0,0.0,0.0,0.0,1,0.0,0.0,0.0,0.0,0.0,1,0.0,13,10,28,0
1546,11,61,0.0,0.0,1,0.0,1,0.0,0.0,0.0,0.0,1,0.0,0.0,0.0,0.0,0.0,8,22,1,0
1547,343,123,0.0,1,0.0,0.0,0.0,0.0,0.0,0.0,1,1,0.0,0.0,0.0,0.0,0.0,9,20,26,0
1548,330,10,0.0,0.0,1,0.0,0.0,0.0,1,0.0,0.0,0.0,1,0.0,0.0,0.0,0.0,18,0,28,0
1549,224,76,1,0.0,0.0,0.0,0.0,0.0,0.0,0.0,1,0.0,0.0,0.0,0.0,0.0,1,23,11,24,0
1550,970,10,1,0.0,0.0,0.0,0.0,0.0,0.0,1,0.0,0.0,0.0,1,0.0,0.0,0.0,3,91,94,1
1551,385,140,1,0.0,0.0,0.0,0.0,0.0,1,0.0,0.0,0.0,0.0,0.0,1,0.0,0.0,9,10,8,0
1552,198,194,0.0,0.0,1,0.0,1,0.0,0.0,0.0,0.0,0.0,0.0,0.0,0.0,0.0,1,22,0,13,0
1553,903,75,1,0.0,0.0,0.0,0.0,0.0,1,0.0,0.0,0.0,0.0,0.0,0.0,0.0,1,16,19,17,0
1554,609,79,1,0.0,0.0,0.0,1,0.0,0.0,0.0,0.0,0.0,0.0,0.0,0.0,0.0,1,11,24,6,0
1555,332,159,0.0,0.0,1,0.0,0.0,0.0,0.0,1,0.0,0.0,0.0,0.0,0.0,1,0.0,15,22,25,0
1556,775,139,1,0.0,0.0,0.0,0.0,0.0,1,0.0,0.0,0.0,0.0,0.0,1,0.0,0.0,6,7,6,0
1557,300,1,0.0,0.0,0.0,1,0.0,1,0.0,0.0,0.0,1,0.0,0.0,0.0,0.0,0.0,16,2,16,0
1558,844,101,1,0.0,0.0,0.0,0.0,0.0,0.0,1,0.0,0.0,0.0,0.0,0.0,0.0,1,20,23,17,0
1559,581,207,0.0,0.0,1,0.0,0.0,1,0.0,0.0,0.0,0.0,0.0,0.0,1,0.0,0.0,9,25,4,0
1560,477,93,1,0.0,0.0,0.0,1,0.0,0.0,0.0,0.0,0.0,0.0,0.0,0.0,1,0.0,22,5,25,0
1561,852,56,0.0,0.0,0.0,1,0.0,0.0,1,0.0,0.0,1,0.0,0.0,0.0,0.0,0.0,6,16,15,0
1562,945,133,0.0,0.0,1,0.0,0.0,1,0.0,0.0,0.0,0.0,0.0,0.0,1,0.0,0.0,14,19,27,0
1563,746,33,0.0,0.0,1,0.0,0.0,0.0,0.0,0.0,1,0.0,0.0,0.0,0.0,0.0,1,11,11,25,0
1564,495,165,1,0.0,0.0,0.0,0.0,0.0,0.0,0.0,1,1,0.0,0.0,0.0,0.0,0.0,16,0,29,0
1565,204,154,0.0,1,0.0,0.0,0.0,0.0,1,0.0,0.0,1,0.0,0.0,0.0,0.0,0.0,12,27,11,0
1566,1,44,0.0,0.0,0.0,1,0.0,0.0,0.0,0.0,1,0.0,0.0,0.0,0.0,1,0.0,14,20,15,0
1567,418,101,0.0,0.0,1,0.0,0.0,1,0.0,0.0,0.0,1,0.0,0.0,0.0,0.0,0.0,12,29,13,0
1568,161,21,0.0,0.0,1,0.0,0.0,0.0,1,0.0,0.0,0.0,0.0,0.0,0.0,0.0,1,22,20,25,0
1569,802,10,1,0.0,0.0,0.0,0.0,0.0,1,0.0,0.0,0.0,0.0,0.0,0.0,0.0,1,21,97,72,1
1570,490,49,0.0,0.0,0.0,1,0.0,0.0,0.0,1,0.0,0.0,0.0,0.0,0.0,1,0.0,6,26,26,0
1571,980,85,0.0,0.0,0.0,1,0.0,0.0,1,0.0,0.0,0.0,0.0,0.0,0.0,0.0,1,22,9,22,0
1572,94,95,0.0,0.0,1,0.0,0.0,0.0,0.0,0.0,1,0.0,0.0,0.0,0.0,0.0,1,21,23,6,0
1573,771,101,0.0,1,0.0,0.0,0.0,0.0,0.0,1,0.0,0.0,0.0,0.0,1,0.0,0.0,18,5,12,0
1574,214,105,0.0,1,0.0,0.0,0.0,1,0.0,0.0,0.0,0.0,0.0,0.0,1,0.0,0.0,14,25,26,0
1575,804,139,0.0,0.0,0.0,1,0.0,0.0,0.0,1,0.0,0.0,1,0.0,0.0,0.0,0.0,23,23,16,0
1576,59,6,1,0.0,0.0,0.0,0.0,0.0,0.0,0.0,1,0.0,0.0,0.0,1,0.0,0.0,13,18,20,0
1577,745,85,1,0.0,0.0,0.0,0.0,0.0,1,0.0,0.0,0.0,0.0,0.0,0.0,1,0.0,11,14,9,0
1578,557,101,0.0,0.0,1,0.0,1,0.0,0.0,0.0,0.0,0.0,0.0,0.0,0.0,0.0,1,18,9,8,0
1579,812,102,0.0,1,0.0,0.0,0.0,0.0,1,0.0,0.0,0.0,0.0,0.0,0.0,1,0.0,20,5,29,0
1580,700,196,0.0,1,0.0,0.0,0.0,0.0,1,0.0,0.0,0.0,0.0,0.0,0.0,0.0,1,15,23,6,0
1581,783,142,0.0,0.0,1,0.0,0.0,1,0.0,0.0,0.0,1,0.0,0.0,0.0,0.0,0.0,7,6,0,0
1582,274,43,0.0,0.0,0.0,1,0.0,0.0,1,0.0,0.0,0.0,0.0,0.0,0.0,0.0,1,9,24,18,0
1583,104,54,0.0,0.0,1,0.0,0.0,0.0,1,0.0,0.0,0.0,1,0.0,0.0,0.0,0.0,18,22,3,0
1584,280,111,0.0,0.0,1,0.0,0.0,0.0,0.0,1,0.0,0.0,0.0,0.0,0.0,1,0.0,11,1,18,0
1585,293,114,0.0,0.0,0.0,1,1,0.0,0.0,0.0,0.0,0.0,0.0,0.0,1,0.0,0.0,12,12,11,0
1586,676,182,0.0,1,0.0,0.0,0.0,0.0,0.0,0.0,1,0.0,0.0,0.0,0.0,0.0,1,13,24,29,0
1587,221,87,0.0,0.0,0.0,1,0.0,0.0,0.0,0.0,1,0.0,0.0,0.0,0.0,1,0.0,8,26,21,0
1588,213,87,0.0,0.0,0.0,1,0.0,0.0,1,0.0,0.0,0.0,0.0,0.0,0.0,1,0.0,23,15,14,0
1589,120,169,1,0.0,0.0,0.0,1,0.0,0.0,0.0,0.0,0.0,1,0.0,0.0,0.0,0.0,13,21,29,0
1590,196,113,0.0,0.0,1,0.0,0.0,0.0,1,0.0,0.0,0.0,0.0,0.0,0.0,0.0,1,11,3,28,0
1591,566,144,0.0,0.0,0.0,1,0.0,0.0,1,0.0,0.0,1,0.0,0.0,0.0,0.0,0.0,17,27,2,0
1592,444,78,1,0.0,0.0,0.0,0.0,1,0.0,0.0,0.0,0.0,0.0,0.0,0.0,0.0,1,15,16,27,0
1593,379,69,0.0,1,0.0,0.0,0.0,1,0.0,0.0,0.0,0.0,1,0.0,0.0,0.0,0.0,8,5,9,0
1594,510,75,0.0,0.0,0.0,1,0.0,0.0,0.0,1,0.0,0.0,0.0,0.0,1,0.0,0.0,17,24,10,0
1595,24,15,1,0.0,0.0,0.0,0.0,0.0,1,0.0,0.0,0.0,1,0.0,0.0,0.0,0.0,16,7,9,0
1596,425,81,1,0.0,0.0,0.0,1,0.0,0.0,0.0,0.0,1,0.0,0.0,0.0,0.0,0.0,19,20,24,0
1597,515,105,0.0,1,0.0,0.0,0.0,1,0.0,0.0,0.0,0.0,0.0,0.0,1,0.0,0.0,18,5,20,0
1598,208,90,0.0,1,0.0,0.0,1,0.0,0.0,0.0,0.0,0.0,0.0,0.0,1,0.0,0.0,17,23,0,0
1599,64,160,0.0,0.0,0.0,1,0.0,0.0,1,0.0,0.0,0.0,0.0,0.0,0.0,0.0,1,10,19,27,0
1600,517,13,0.0,0.0,0.0,1,0.0,0.0,0.0,0.0,1,0.0,0.0,0.0,0.0,1,0.0,9,2,0,0
1601,570,66,0.0,0.0,1,0.0,0.0,1,0.0,0.0,0.0,0.0,0.0,0.0,0.0,0.0,1,7,29,6,0
1602,664,116,0.0,0.0,0.0,1,0.0,1,0.0,0.0,0.0,0.0,0.0,0.0,1,0.0,0.0,10,21,20,0
1603,805,42,1,0.0,0.0,0.0,0.0,0.0,0.0,0.0,1,1,0.0,0.0,0.0,0.0,0.0,12,8,1,0
1604,125,10,1,0.0,0.0,0.0,0.0,1,0.0,0.0,0.0,0.0,0.0,1,0.0,0.0,0.0,4,96,93,1
1605,44,33,0.0,1,0.0,0.0,0.0,0.0,1,0.0,0.0,1,0.0,0.0,0.0,0.0,0.0,12,8,3,0
1606,452,83,0.0,0.0,0.0,1,0.0,0.0,0.0,1,0.0,1,0.0,0.0,0.0,0.0,0.0,9,24,5,0
1607,110,115,0.0,1,0.0,0.0,0.0,0.0,0.0,0.0,1,0.0,0.0,0.0,0.0,0.0,1,19,24,4,0
1608,499,32,0.0,0.0,0.0,1,1,0.0,0.0,0.0,0.0,0.0,0.0,0.0,0.0,0.0,1,11,5,22,0
1609,554,76,0.0,0.0,1,0.0,0.0,1,0.0,0.0,0.0,0.0,0.0,0.0,0.0,0.0,1,6,2,24,0
1610,857,116,0.0,0.0,0.0,1,0.0,1,0.0,0.0,0.0,0.0,0.0,0.0,0.0,0.0,1,16,28,22,0
1611,809,57,0.0,0.0,0.0,1,0.0,0.0,0.0,1,0.0,0.0,0.0,0.0,0.0,0.0,1,18,12,17,0
1612,545,149,1,0.0,0.0,0.0,0.0,0.0,0.0,1,0.0,1,0.0,0.0,0.0,0.0,0.0,9,11,9,0
1613,773,58,1,0.0,0.0,0.0,0.0,0.0,1,0.0,0.0,1,0.0,0.0,0.0,0.0,0.0,16,17,23,0
1614,513,120,0.0,1,0.0,0.0,1,0.0,0.0,0.0,0.0,1,0.0,0.0,0.0,0.0,0.0,22,2,19,0
1615,138,133,1,0.0,0.0,0.0,0.0,0.0,1,0.0,0.0,0.0,0.0,0.0,1,0.0,0.0,15,19,29,0
1616,775,25,1,0.0,0.0,0.0,0.0,1,0.0,0.0,0.0,0.0,1,0.0,0.0,0.0,0.0,20,9,23,0
1617,37,2440,0.0,0.0,1,0.0,1,0.0,0.0,0.0,0.0,0.0,0.0,0.0,0.0,1,0.0,9,71,91,1
1618,334,60,1,0.0,0.0,0.0,0.0,1,0.0,0.0,0.0,0.0,0.0,0.0,0.0,0.0,1,23,29,27,0
1619,180,100,0.0,0.0,1,0.0,0.0,0.0,0.0,1,0.0,0.0,0.0,0.0,0.0,0.0,1,21,27,27,0
1620,554,177,0.0,1,0.0,0.0,0.0,0.0,1,0.0,0.0,0.0,0.0,0.0,0.0,0.0,1,22,1,11,0
1621,662,164,0.0,0.0,1,0.0,0.0,0.0,1,0.0,0.0,0.0,0.0,0.0,1,0.0,0.0,23,25,4,0
1622,768,88,1,0.0,0.0,0.0,0.0,0.0,0.0,1,0.0,0.0,0.0,0.0,0.0,1,0.0,6,9,1,0
1623,863,38,0.0,0.0,1,0.0,0.0,0.0,0.0,0.0,1,0.0,0.0,0.0,0.0,1,0.0,14,2,18,0
1624,766,39,0.0,0.0,0.0,1,0.0,0.0,0.0,1,0.0,0.0,0.0,0.0,0.0,0.0,1,17,0,15,0
1625,559,195,0.0,0.0,1,0.0,0.0,0.0,1,0.0,0.0,0.0,0.0,0.0,1,0.0,0.0,17,16,11,0
1626,935,116,0.0,1,0.0,0.0,0.0,0.0,0.0,1,0.0,0.0,1,0.0,0.0,0.0,0.0,12,2,18,0
1627,551,63,0.0,0.0,1,0.0,0.0,1,0.0,0.0,0.0,0.0,0.0,0.0,1,0.0,0.0,12,25,4,0
1628,798,93,0.0,1,0.0,0.0,1,0.0,0.0,0.0,0.0,0.0,0.0,0.0,1,0.0,0.0,9,22,12,0
1629,124,85,1,0.0,0.0,0.0,0.0,0.0,0.0,0.0,1,0.0,0.0,0.0,0.0,1,0.0,15,26,15,0
1630,937,66,0.0,0.0,0.0,1,0.0,0.0,1,0.0,0.0,0.0,0.0,0.0,1,0.0,0.0,9,20,9,0
1631,889,144,0.0,1,0.0,0.0,0.0,1,0.0,0.0,0.0,0.0,0.0,0.0,1,0.0,0.0,8,14,15,0
1632,0,185,0.0,0.0,1,0.0,0.0,0.0,0.0,0.0,1,1,0.0,0.0,0.0,0.0,0.0,17,2,7,0
1633,801,85,1,0.0,0.0,0.0,0.0,0.0,1,0.0,0.0,0.0,0.0,0.0,1,0.0,0.0,12,13,17,0
1634,520,174,1,0.0,0.0,0.0,0.0,1,0.0,0.0,0.0,0.0,1,0.0,0.0,0.0,0.0,10,5,17,0
1635,782,33,0.0,0.0,1,0.0,0.0,1,0.0,0.0,0.0,0.0,0.0,0.0,0.0,1,0.0,22,6,9,0
1636,596,150,0.0,0.0,0.0,1,0.0,0.0,0.0,1,0.0,1,0.0,0.0,0.0,0.0,0.0,9,1,9,0
1637,208,26,0.0,0.0,1,0.0,0.0,1,0.0,0.0,0.0,0.0,0.0,0.0,1,0.0,0.0,18,0,3,0
1638,939,31,0.0,1,0.0,0.0,0.0,0.0,0.0,0.0,1,0.0,0.0,0.0,0.0,0.0,1,8,19,4,0
1639,386,115,0.0,0.0,1,0.0,0.0,1,0.0,0.0,0.0,0.0,0.0,0.0,1,0.0,0.0,13,2,13,0
1640,939,40,1,0.0,0.0,0.0,0.0,0.0,0.0,1,0.0,0.0,1,0.0,0.0,0.0,0.0,16,17,2,0
1641,89,131,0.0,1,0.0,0.0,0.0,0.0,1,0.0,0.0,1,0.0,0.0,0.0,0.0,0.0,17,0,9,0
1642,178,82,0.0,1,0.0,0.0,1,0.0,0.0,0.0,0.0,1,0.0,0.0,0.0,0.0,0.0,13,14,21,0
1643,701,38,1,0.0,0.0,0.0,0.0,0.0,0.0,0.0,1,1,0.0,0.0,0.0,0.0,0.0,12,13,8,0
1644,869,107,0.0,1,0.0,0.0,0.0,0.0,1,0.0,0.0,0.0,0.0,0.0,0.0,1,0.0,10,15,23,0
1645,937,208,0.0,1,0.0,0.0,0.0,0.0,0.0,0.0,1,0.0,0.0,0.0,0.0,1,0.0,8,11,7,0
1646,196,139,0.0,0.0,0.0,1,0.0,1,0.0,0.0,0.0,0.0,0.0,0.0,1,0.0,0.0,16,15,21,0
1647,268,173,1,0.0,0.0,0.0,0.0,0.0,0.0,1,0.0,0.0,0.0,0.0,0.0,1,0.0,14,16,16,0
1648,108,92,1,0.0,0.0,0.0,0.0,0.0,1,0.0,0.0,0.0,0.0,0.0,0.0,1,0.0,9,5,26,0
1649,463,133,0.0,0.0,1,0.0,0.0,0.0,0.0,1,0.0,0.0,0.0,0.0,0.0,1,0.0,7,22,2,0
1650,182,1,0.0,1,0.0,0.0,0.0,0.0,1,0.0,0.0,0.0,0.0,0.0,0.0,1,0.0,16,27,11,0
1651,697,1,0.0,0.0,0.0,1,0.0,0.0,1,0.0,0.0,0.0,1,0.0,0.0,0.0,0.0,10,14,5,0
1652,529,3512,0.0,0.0,0.0,1,0.0,0.0,0.0,1,0.0,0.0,0.0,1,0.0,0.0,0.0,3,81,97,1
1653,663,64,0.0,0.0,0.0,1,0.0,0.0,0.0,1,0.0,1,0.0,0.0,0.0,0.0,0.0,7,5,0,0
1654,818,126,1,0.0,0.0,0.0,0.0,0.0,0.0,1,0.0,0.0,0.0,0.0,0.0,0.0,1,15,16,7,0
1655,691,77,0.0,0.0,0.0,1,0.0,0.0,1,0.0,0.0,0.0,0.0,0.0,1,0.0,0.0,18,12,5,0
1656,98,72,0.0,1,0.0,0.0,1,0.0,0.0,0.0,0.0,1,0.0,0.0,0.0,0.0,0.0,13,8,24,0
1657,781,40,0.0,0.0,1,0.0,0.0,1,0.0,0.0,0.0,0.0,1,0.0,0.0,0.0,0.0,6,12,17,0
1658,594,100,0.0,0.0,1,0.0,0.0,0.0,0.0,0.0,1,0.0,0.0,0.0,0.0,1,0.0,6,25,2,0
1659,24,91,0.0,0.0,1,0.0,1,0.0,0.0,0.0,0.0,0.0,0.0,0.0,0.0,0.0,1,8,7,13,0
1660,780,16,0.0,0.0,1,0.0,0.0,0.0,1,0.0,0.0,1,0.0,0.0,0.0,0.0,0.0,15,11,4,0
1661,907,49,1,0.0,0.0,0.0,1,0.0,0.0,0.0,0.0,0.0,0.0,0.0,0.0,0.0,1,13,14,19,0
1662,946,57,0.0,0.0,0.0,1,0.0,1,0.0,0.0,0.0,1,0.0,0.0,0.0,0.0,0.0,11,1,22,0
1663,528,162,0.0,0.0,0.0,1,1,0.0,0.0,0.0,0.0,0.0,0.0,0.0,0.0,1,0.0,13,0,29,0
1664,80,77,0.0,0.0,1,0.0,1,0.0,0.0,0.0,0.0,0.0,1,0.0,0.0,0.0,0.0,7,27,13,0
1665,800,112,0.0,0.0,0.0,1,0.0,0.0,0.0,1,0.0,0.0,0.0,0.0,1,0.0,0.0,20,21,8,0
1666,913,157,1,0.0,0.0,0.0,0.0,0.0,1,0.0,0.0,0.0,1,0.0,0.0,0.0,0.0,16,11,1,0
1667,531,62,1,0.0,0.0,0.0,0.0,0.0,0.0,1,0.0,0.0,1,0.0,0.0,0.0,0.0,22,25,10,0
1668,572,45,0.0,0.0,1,0.0,0.0,0.0,0.0,1,0.0,0.0,0.0,0.0,0.0,1,0.0,22,26,18,0
1669,842,93,0.0,0.0,1,0.0,0.0,1,0.0,0.0,0.0,0.0,0.0,0.0,1,0.0,0.0,20,2,0,0
1670,882,58,0.0,0.0,1,0.0,0.0,0.0,1,0.0,0.0,0.0,0.0,0.0,0.0,1,0.0,10,23,27,0
1671,424,105,0.0,0.0,1,0.0,0.0,0.0,0.0,0.0,1,0.0,1,0.0,0.0,0.0,0.0,23,25,11,0
1672,120,104,1,0.0,0.0,0.0,0.0,0.0,0.0,1,0.0,0.0,0.0,0.0,1,0.0,0.0,21,1,28,0
1673,823,48,0.0,0.0,1,0.0,0.0,1,0.0,0.0,0.0,0.0,0.0,0.0,0.0,0.0,1,23,25,6,0
1674,153,63,0.0,0.0,1,0.0,0.0,1,0.0,0.0,0.0,0.0,0.0,0.0,1,0.0,0.0,6,29,0,0
1675,525,10,1,0.0,0.0,0.0,0.0,0.0,0.0,1,0.0,0.0,0.0,1,0.0,0.0,0.0,14,97,96,1
1676,113,3,0.0,0.0,0.0,1,1,0.0,0.0,0.0,0.0,0.0,0.0,0.0,0.0,1,0.0,18,13,1,0
1677,836,99,0.0,0.0,1,0.0,1,0.0,0.0,0.0,0.0,0.0,0.0,0.0,0.0,0.0,1,6,5,15,0
1678,897,89,0.0,0.0,0.0,1,0.0,0.0,1,0.0,0.0,1,0.0,0.0,0.0,0.0,0.0,7,3,19,0
1679,10,228,1,0.0,0.0,0.0,0.0,0.0,0.0,0.0,1,0.0,1,0.0,0.0,0.0,0.0,15,25,15,0
1680,52,150,0.0,0.0,1,0.0,0.0,1,0.0,0.0,0.0,0.0,0.0,0.0,1,0.0,0.0,9,28,14,0
1681,535,123,0.0,1,0.0,0.0,0.0,0.0,0.0,0.0,1,0.0,0.0,0.0,1,0.0,0.0,21,7,1,0
1682,831,120,0.0,0.0,0.0,1,0.0,1,0.0,0.0,0.0,0.0,0.0,0.0,0.0,1,0.0,12,21,7,0
1683,553,101,0.0,0.0,0.0,1,1,0.0,0.0,0.0,0.0,0.0,0.0,0.0,0.0,0.0,1,23,16,25,0
1684,373,148,0.0,0.0,1,0.0,0.0,0.0,0.0,0.0,1,1,0.0,0.0,0.0,0.0,0.0,17,18,15,0
1685,356,113,0.0,0.0,1,0.0,0.0,1,0.0,0.0,0.0,0.0,0.0,0.0,0.0,1,0.0,8,16,16,0
1686,46,142,0.0,1,0.0,0.0,0.0,0.0,0.0,1,0.0,0.0,0.0,0.0,1,0.0,0.0,19,12,3,0
1687,374,210,0.0,0.0,0.0,1,0.0,0.0,0.0,1,0.0,0.0,1,0.0,0.0,0.0,0.0,9,0,27,0
1688,807,91,1,0.0,0.0,0.0,0.0,0.0,0.0,1,0.0,0.0,0.0,0.0,0.0,0.0,1,16,22,29,0
1689,83,118,0.0,0.0,0.0,1,0.0,0.0,0.0,1,0.0,0.0,1,0.0,0.0,0.0,0.0,19,21,4,0
1690,432,224,0.0,0.0,0.0,1,0.0,0.0,0.0,1,0.0,0.0,0.0,0.0,1,0.0,0.0,6,3,15,0
1691,424,122,0.0,0.0,1,0.0,0.0,1,0.0,0.0,0.0,0.0,0.0,0.0,0.0,1,0.0,9,17,6,0
1692,327,59,1,0.0,0.0,0.0,0.0,0.0,1,0.0,0.0,0.0,0.0,0.0,1,0.0,0.0,19,3,11,0
1693,346,96,1,0.0,0.0,0.0,0.0,0.0,1,0.0,0.0,0.0,0.0,0.0,0.0,1,0.0,18,27,25,0
1694,885,136,0.0,0.0,1,0.0,0.0,1,0.0,0.0,0.0,0.0,1,0.0,0.0,0.0,0.0,21,0,9,0
1695,801,124,0.0,1,0.0,0.0,0.0,0.0,1,0.0,0.0,0.0,0.0,0.0,0.0,0.0,1,6,10,28,0
1696,70,115,0.0,0.0,1,0.0,0.0,1,0.0,0.0,0.0,0.0,0.0,0.0,1,0.0,0.0,17,7,15,0
1697,150,114,1,0.0,0.0,0.0,0.0,0.0,1,0.0,0.0,0.0,0.0,0.0,1,0.0,0.0,11,0,6,0
1698,238,152,1,0.0,0.0,0.0,0.0,0.0,0.0,0.0,1,0.0,0.0,0.0,1,0.0,0.0,11,26,22,0
1699,41,240,0.0,0.0,1,0.0,0.0,0.0,0.0,1,0.0,0.0,0.0,0.0,0.0,0.0,1,13,13,3,0
1700,966,61,1,0.0,0.0,0.0,0.0,0.0,0.0,0.0,1,0.0,0.0,0.0,0.0,1,0.0,15,4,20,0
1701,302,110,0.0,0.0,0.0,1,0.0,0.0,0.0,1,0.0,0.0,1,0.0,0.0,0.0,0.0,15,1,24,0
1702,572,15,0.0,1,0.0,0.0,0.0,1,0.0,0.0,0.0,0.0,0.0,0.0,1,0.0,0.0,16,8,2,0
1703,824,83,0.0,1,0.0,0.0,1,0.0,0.0,0.0,0.0,0.0,0.0,0.0,0.0,1,0.0,20,18,18,0
1704,121,52,0.0,0.0,0.0,1,1,0.0,0.0,0.0,0.0,0.0,1,0.0,0.0,0.0,0.0,15,10,24,0
1705,103,138,0.0,0.0,1,0.0,0.0,0.0,0.0,1,0.0,0.0,0.0,0.0,0.0,1,0.0,10,24,19,0
1706,964,78,0.0,1,0.0,0.0,0.0,0.0,1,0.0,0.0,0.0,0.0,0.0,0.0,0.0,1,19,11,13,0
1707,146,1,1,0.0,0.0,0.0,0.0,0.0,0.0,0.0,1,0.0,0.0,0.0,0.0,1,0.0,20,6,15,0
1708,760,146,0.0,0.0,1,0.0,0.0,0.0,0.0,0.0,1,0.0,0.0,0.0,0.0,0.0,1,13,1,12,0
1709,917,46,0.0,0.0,0.0,1,1,0.0,0.0,0.0,0.0,0.0,0.0,0.0,0.0,0.0,1,19,4,18,0
1710,330,116,0.0,1,0.0,0.0,0.0,0.0,0.0,1,0.0,0.0,0.0,0.0,1,0.0,0.0,10,9,4,0
1711,188,170,1,0.0,0.0,0.0,0.0,0.0,0.0,1,0.0,0.0,0.0,0.0,0.0,1,0.0,12,11,6,0
1712,508,18,0.0,0.0,0.0,1,1,0.0,0.0,0.0,0.0,0.0,0.0,0.0,0.0,0.0,1,15,3,14,0
1713,786,15,0.0,0.0,1,0.0,0.0,1,0.0,0.0,0.0,1,0.0,0.0,0.0,0.0,0.0,17,14,3,0
1714,983,200,0.0,0.0,1,0.0,0.0,0.0,1,0.0,0.0,0.0,0.0,0.0,0.0,1,0.0,23,9,17,0
1715,940,1,1,0.0,0.0,0.0,0.0,0.0,0.0,1,0.0,0.0,0.0,0.0,0.0,1,0.0,21,8,8,0
1716,495,165,0.0,0.0,0.0,1,1,0.0,0.0,0.0,0.0,0.0,1,0.0,0.0,0.0,0.0,16,2,4,0
1717,470,104,1,0.0,0.0,0.0,1,0.0,0.0,0.0,0.0,0.0,0.0,0.0,0.0,1,0.0,13,1,20,0
1718,24,160,1,0.0,0.0,0.0,1,0.0,0.0,0.0,0.0,0.0,1,0.0,0.0,0.0,0.0,13,9,0,0
1719,596,14,0.0,0.0,0.0,1,0.0,0.0,1,0.0,0.0,0.0,0.0,0.0,0.0,1,0.0,6,11,18,0
1720,749,158,1,0.0,0.0,0.0,1,0.0,0.0,0.0,0.0,0.0,0.0,0.0,0.0,1,0.0,6,22,7,0
1721,163,139,0.0,0.0,1,0.0,0.0,0.0,0.0,0.0,1,0.0,1,0.0,0.0,0.0,0.0,22,13,19,0
1722,411,49,1,0.0,0.0,0.0,0.0,0.0,0.0,0.0,1,0.0,0.0,0.0,0.0,0.0,1,10,8,8,0
1723,5,75,0.0,0.0,1,0.0,0.0,0.0,0.0,1,0.0,0.0,0.0,0.0,0.0,1,0.0,18,4,4,0
1724,566,94,1,0.0,0.0,0.0,0.0,0.0,0.0,1,0.0,1,0.0,0.0,0.0,0.0,0.0,7,6,29,0
1725,382,98,0.0,1,0.0,0.0,0.0,0.0,0.0,1,0.0,0.0,1,0.0,0.0,0.0,0.0,19,20,14,0
1726,92,155,1,0.0,0.0,0.0,0.0,0.0,0.0,1,0.0,0.0,0.0,0.0,0.0,0.0,1,23,3,16,0
1727,670,93,1,0.0,0.0,0.0,0.0,0.0,0.0,1,0.0,0.0,1,0.0,0.0,0.0,0.0,13,26,26,0
1728,687,75,0.0,0.0,0.0,1,0.0,0.0,1,0.0,0.0,1,0.0,0.0,0.0,0.0,0.0,7,25,29,0
1729,719,146,0.0,1,0.0,0.0,0.0,1,0.0,0.0,0.0,0.0,0.0,0.0,0.0,1,0.0,17,5,13,0
1730,383,120,1,0.0,0.0,0.0,1,0.0,0.0,0.0,0.0,0.0,1,0.0,0.0,0.0,0.0,23,8,10,0
1731,926,10,0.0,1,0.0,0.0,0.0,0.0,0.0,1,0.0,1,0.0,0.0,0.0,0.0,0.0,20,93,81,1
1732,633,1,0.0,0.0,0.0,1,0.0,0.0,0.0,0.0,1,0.0,0.0,0.0,1,0.0,0.0,21,6,25,0
1733,53,133,1,0.0,0.0,0.0,0.0,0.0,1,0.0,0.0,0.0,0.0,0.0,0.0,0.0,1,15,0,14,0
1734,676,90,0.0,1,0.0,0.0,0.0,0.0,0.0,0.0,1,0.0,0.0,0.0,1,0.0,0.0,13,3,10,0
1735,753,134,0.0,1,0.0,0.0,0.0,0.0,1,0.0,0.0,0.0,0.0,0.0,0.0,0.0,1,22,6,6,0
1736,981,175,0.0,0.0,0.0,1,0.0,0.0,0.0,1,0.0,0.0,0.0,0.0,0.0,0.0,1,10,18,24,0
1737,469,1,0.0,0.0,1,0.0,0.0,0.0,1,0.0,0.0,0.0,0.0,0.0,1,0.0,0.0,7,22,23,0
1738,693,76,0.0,1,0.0,0.0,0.0,1,0.0,0.0,0.0,0.0,1,0.0,0.0,0.0,0.0,6,15,24,0
1739,552,2,0.0,0.0,1,0.0,0.0,1,0.0,0.0,0.0,0.0,1,0.0,0.0,0.0,0.0,14,15,8,0
1740,309,62,0.0,1,0.0,0.0,0.0,0.0,0.0,0.0,1,0.0,0.0,0.0,1,0.0,0.0,19,18,2,0
1741,889,99,0.0,1,0.0,0.0,0.0,0.0,0.0,0.0,1,0.0,0.0,0.0,0.0,1,0.0,7,16,18,0
1742,666,112,1,0.0,0.0,0.0,0.0,1,0.0,0.0,0.0,0.0,0.0,0.0,1,0.0,0.0,23,25,5,0
1743,77,156,0.0,1,0.0,0.0,0.0,0.0,1,0.0,0.0,0.0,0.0,0.0,0.0,1,0.0,9,24,4,0
1744,11,95,0.0,1,0.0,0.0,0.0,1,0.0,0.0,0.0,0.0,0.0,0.0,0.0,1,0.0,23,13,28,0
1745,326,49,0.0,0.0,1,0.0,0.0,0.0,0.0,1,0.0,0.0,0.0,0.0,0.0,1,0.0,19,10,19,0
1746,918,139,0.0,1,0.0,0.0,1,0.0,0.0,0.0,0.0,0.0,1,0.0,0.0,0.0,0.0,20,6,26,0
1747,582,129,0.0,0.0,1,0.0,0.0,0.0,0.0,1,0.0,0.0,1,0.0,0.0,0.0,0.0,15,12,27,0
1748,458,87,0.0,0.0,1,0.0,1,0.0,0.0,0.0,0.0,0.0,0.0,0.0,0.0,0.0,1,12,8,25,0
1749,194,141,1,0.0,0.0,0.0,0.0,0.0,0.0,1,0.0,0.0,0.0,0.0,0.0,0.0,1,16,6,12,0
1750,203,137,0.0,0.0,1,0.0,0.0,0.0,1,0.0,0.0,0.0,0.0,0.0,0.0,0.0,1,23,9,1,0
1751,351,148,0.0,0.0,1,0.0,0.0,0.0,0.0,1,0.0,0.0,0.0,0.0,0.0,1,0.0,17,7,9,0
1752,789,65,1,0.0,0.0,0.0,0.0,0.0,0.0,0.0,1,1,0.0,0.0,0.0,0.0,0.0,9,20,7,0
1753,430,199,1,0.0,0.0,0.0,0.0,1,0.0,0.0,0.0,0.0,0.0,0.0,0.0,0.0,1,8,22,19,0
1754,260,180,1,0.0,0.0,0.0,0.0,0.0,0.0,0.0,1,0.0,0.0,0.0,1,0.0,0.0,22,4,8,0
1755,793,221,0.0,0.0,1,0.0,0.0,0.0,0.0,1,0.0,0.0,0.0,0.0,1,0.0,0.0,10,10,3,0
1756,387,97,1,0.0,0.0,0.0,1,0.0,0.0,0.0,0.0,0.0,1,0.0,0.0,0.0,0.0,20,24,25,0
1757,719,134,1,0.0,0.0,0.0,0.0,0.0,1,0.0,0.0,0.0,0.0,0.0,0.0,1,0.0,9,6,14,0
1758,493,130,0.0,0.0,1,0.0,1,0.0,0.0,0.0,0.0,0.0,0.0,0.0,0.0,1,0.0,11,1,6,0
1759,614,116,0.0,1,0.0,0.0,0.0,1,0.0,0.0,0.0,0.0,1,0.0,0.0,0.0,0.0,21,0,22,0
1760,364,83,0.0,0.0,0.0,1,1,0.0,0.0,0.0,0.0,1,0.0,0.0,0.0,0.0,0.0,20,18,23,0
1761,845,158,1,0.0,0.0,0.0,0.0,0.0,0.0,1,0.0,0.0,0.0,0.0,0.0,0.0,1,10,8,7,0
1762,543,71,1,0.0,0.0,0.0,0.0,0.0,0.0,0.0,1,1,0.0,0.0,0.0,0.0,0.0,21,17,1,0
1763,913,42,1,0.0,0.0,0.0,0.0,0.0,1,0.0,0.0,0.0,0.0,0.0,1,0.0,0.0,17,16,26,0
1764,226,205,0.0,0.0,0.0,1,0.0,0.0,0.0,1,0.0,0.0,0.0,0.0,0.0,0.0,1,14,6,8,0
1765,96,23,0.0,0.0,1,0.0,0.0,1,0.0,0.0,0.0,0.0,0.0,0.0,0.0,1,0.0,21,13,7,0
1766,287,165,0.0,0.0,1,0.0,0.0,0.0,0.0,0.0,1,0.0,1,0.0,0.0,0.0,0.0,19,14,7,0
1767,835,114,0.0,0.0,0.0,1,0.0,0.0,1,0.0,0.0,0.0,1,0.0,0.0,0.0,0.0,18,18,0,0
1768,996,62,1,0.0,0.0,0.0,0.0,0.0,0.0,0.0,1,0.0,0.0,0.0,0.0,1,0.0,17,8,10,0
1769,45,133,0.0,0.0,1,0.0,0.0,0.0,1,0.0,0.0,1,0.0,0.0,0.0,0.0,0.0,18,7,27,0
1770,462,46,0.0,0.0,0.0,1,0.0,0.0,1,0.0,0.0,0.0,0.0,0.0,0.0,1,0.0,13,6,22,0
1771,911,97,0.0,0.0,1,0.0,0.0,0.0,0.0,0.0,1,1,0.0,0.0,0.0,0.0,0.0,22,7,15,0
1772,657,136,0.0,1,0.0,0.0,0.0,0.0,1,0.0,0.0,0.0,0.0,0.0,0.0,1,0.0,14,10,1,0
1773,604,88,1,0.0,0.0,0.0,0.0,0.0,0.0,1,0.0,0.0,0.0,0.0,0.0,1,0.0,15,16,21,0
1774,603,152,0.0,1,0.0,0.0,0.0,0.0,1,0.0,0.0,0.0,0.0,0.0,1,0.0,0.0,17,12,22,0
1775,937,2879,0.0,1,0.0,0.0,0.0,0.0,1,0.0,0.0,0.0,0.0,0.0,0.0,0.0,1,17,87,91,1
1776,426,77,1,0.0,0.0,0.0,0.0,0.0,0.0,1,0.0,0.0,0.0,0.0,1,0.0,0.0,19,3,15,0
1777,804,14,0.0,0.0,0.0,1,0.0,1,0.0,0.0,0.0,1,0.0,0.0,0.0,0.0,0.0,23,9,2,0
1778,605,223,1,0.0,0.0,0.0,0.0,0.0,1,0.0,0.0,0.0,0.0,0.0,1,0.0,0.0,21,1,7,0
1779,794,35,0.0,0.0,0.0,1,0.0,0.0,0.0,1,0.0,0.0,0.0,0.0,1,0.0,0.0,8,2,24,0
1780,632,160,0.0,0.0,0.0,1,0.0,0.0,0.0,0.0,1,0.0,1,0.0,0.0,0.0,0.0,19,6,27,0
1781,209,32,0.0,1,0.0,0.0,0.0,0.0,1,0.0,0.0,0.0,1,0.0,0.0,0.0,0.0,13,7,1,0
1782,547,83,1,0.0,0.0,0.0,0.0,0.0,1,0.0,0.0,0.0,0.0,0.0,0.0,1,0.0,22,29,1,0
1783,591,136,1,0.0,0.0,0.0,0.0,0.0,0.0,1,0.0,0.0,0.0,0.0,0.0,1,0.0,9,12,9,0
1784,697,198,1,0.0,0.0,0.0,0.0,1,0.0,0.0,0.0,0.0,0.0,0.0,0.0,0.0,1,21,0,16,0
1785,67,132,0.0,0.0,1,0.0,0.0,0.0,0.0,0.0,1,0.0,0.0,0.0,0.0,1,0.0,22,2,1,0
1786,645,70,0.0,1,0.0,0.0,0.0,0.0,0.0,1,0.0,0.0,0.0,0.0,0.0,0.0,1,21,6,19,0
1787,680,120,0.0,1,0.0,0.0,0.0,0.0,1,0.0,0.0,0.0,0.0,0.0,0.0,1,0.0,17,11,26,0
1788,389,133,1,0.0,0.0,0.0,0.0,0.0,0.0,0.0,1,0.0,0.0,0.0,1,0.0,0.0,22,25,1,0
1789,565,151,1,0.0,0.0,0.0,0.0,0.0,0.0,1,0.0,0.0,1,0.0,0.0,0.0,0.0,23,11,8,0
1790,415,91,0.0,1,0.0,0.0,0.0,0.0,1,0.0,0.0,0.0,1,0.0,0.0,0.0,0.0,20,19,20,0
1791,754,46,0.0,0.0,0.0,1,0.0,0.0,0.0,0.0,1,0.0,1,0.0,0.0,0.0,0.0,11,6,18,0
1792,750,141,0.0,1,0.0,0.0,0.0,1,0.0,0.0,0.0,0.0,0.0,0.0,1,0.0,0.0,13,8,18,0
1793,524,125,0.0,0.0,0.0,1,0.0,1,0.0,0.0,0.0,0.0,0.0,0.0,0.0,0.0,1,9,10,5,0
1794,798,58,0.0,0.0,0.0,1,0.0,1,0.0,0.0,0.0,0.0,1,0.0,0.0,0.0,0.0,12,26,15,0
1795,332,149,0.0,0.0,1,0.0,0.0,1,0.0,0.0,0.0,0.0,0.0,0.0,1,0.0,0.0,14,3,6,0
1796,408,33,0.0,1,0.0,0.0,1,0.0,0.0,0.0,0.0,0.0,0.0,0.0,0.0,1,0.0,8,28,7,0
1797,228,115,0.0,0.0,0.0,1,0.0,0.0,0.0,0.0,1,0.0,1,0.0,0.0,0.0,0.0,8,5,19,0
1798,177,112,0.0,0.0,0.0,1,0.0,0.0,0.0,1,0.0,0.0,1,0.0,0.0,0.0,0.0,18,6,17,0
1799,87,133,0.0,1,0.0,0.0,0.0,0.0,0.0,0.0,1,1,0.0,0.0,0.0,0.0,0.0,15,16,14,0
1800,834,143,0.0,0.0,1,0.0,0.0,0.0,0.0,0.0,1,0.0,0.0,0.0,0.0,0.0,1,17,28,18,0
1801,463,183,0.0,0.0,1,0.0,0.0,0.0,0.0,1,0.0,1,0.0,0.0,0.0,0.0,0.0,22,3,22,0
1802,523,130,0.0,1,0.0,0.0,0.0,0.0,0.0,1,0.0,1,0.0,0.0,0.0,0.0,0.0,7,0,15,0
1803,150,85,0.0,1,0.0,0.0,0.0,0.0,1,0.0,0.0,0.0,0.0,0.0,0.0,1,0.0,7,4,17,0
1804,546,174,0.0,1,0.0,0.0,1,0.0,0.0,0.0,0.0,1,0.0,0.0,0.0,0.0,0.0,12,21,27,0
1805,890,94,0.0,0.0,0.0,1,0.0,0.0,0.0,1,0.0,0.0,1,0.0,0.0,0.0,0.0,7,6,0,0
1806,757,107,0.0,0.0,0.0,1,0.0,0.0,0.0,1,0.0,0.0,0.0,0.0,0.0,1,0.0,22,5,22,0
1807,151,33,0.0,0.0,1,0.0,1,0.0,0.0,0.0,0.0,0.0,1,0.0,0.0,0.0,0.0,21,28,29,0
1808,959,26,0.0,1,0.0,0.0,1,0.0,0.0,0.0,0.0,0.0,0.0,0.0,0.0,0.0,1,11,15,9,0
1809,751,71,0.0,0.0,1,0.0,0.0,0.0,1,0.0,0.0,0.0,0.0,0.0,0.0,0.0,1,9,8,2,0
1810,641,185,1,0.0,0.0,0.0,0.0,1,0.0,0.0,0.0,0.0,0.0,0.0,0.0,1,0.0,21,27,21,0
1811,263,135,0.0,0.0,1,0.0,0.0,1,0.0,0.0,0.0,1,0.0,0.0,0.0,0.0,0.0,13,12,27,0
1812,81,194,0.0,0.0,1,0.0,1,0.0,0.0,0.0,0.0,0.0,0.0,0.0,1,0.0,0.0,13,11,27,0
1813,244,114,0.0,1,0.0,0.0,0.0,0.0,0.0,1,0.0,0.0,1,0.0,0.0,0.0,0.0,8,24,8,0
1814,568,860,0.0,0.0,1,0.0,0.0,0.0,0.0,1,0.0,0.0,0.0,0.0,0.0,0.0,1,10,79,99,1
1815,184,1,1,0.0,0.0,0.0,1,0.0,0.0,0.0,0.0,0.0,0.0,0.0,1,0.0,0.0,10,5,26,0
1816,873,104,0.0,0.0,1,0.0,0.0,0.0,0.0,0.0,1,0.0,1,0.0,0.0,0.0,0.0,17,24,4,0
1817,883,81,0.0,0.0,0.0,1,0.0,0.0,0.0,0.0,1,0.0,1,0.0,0.0,0.0,0.0,14,11,17,0
1818,248,95,1,0.0,0.0,0.0,0.0,0.0,0.0,1,0.0,0.0,0.0,0.0,0.0,0.0,1,15,19,28,0
1819,647,74,1,0.0,0.0,0.0,0.0,0.0,1,0.0,0.0,1,0.0,0.0,0.0,0.0,0.0,14,9,26,0
1820,421,115,0.0,1,0.0,0.0,0.0,0.0,0.0,1,0.0,0.0,0.0,0.0,0.0,0.0,1,8,1,23,0
1821,342,26,0.0,1,0.0,0.0,0.0,0.0,1,0.0,0.0,0.0,0.0,0.0,0.0,0.0,1,16,8,8,0
1822,10,186,0.0,0.0,0.0,1,0.0,0.0,0.0,1,0.0,0.0,0.0,0.0,1,0.0,0.0,7,10,24,0
1823,879,84,0.0,0.0,0.0,1,1,0.0,0.0,0.0,0.0,0.0,0.0,0.0,0.0,0.0,1,23,19,6,0
1824,749,158,0.0,0.0,0.0,1,0.0,1,0.0,0.0,0.0,0.0,0.0,0.0,0.0,0.0,1,8,28,9,0
1825,540,121,1,0.0,0.0,0.0,0.0,0.0,0.0,1,0.0,0.0,0.0,0.0,1,0.0,0.0,9,24,7,0
1826,980,119,1,0.0,0.0,0.0,0.0,0.0,1,0.0,0.0,1,0.0,0.0,0.0,0.0,0.0,22,27,15,0
1827,540,35,0.0,0.0,1,0.0,0.0,1,0.0,0.0,0.0,0.0,0.0,0.0,0.0,1,0.0,15,9,18,0
1828,470,132,0.0,0.0,1,0.0,0.0,0.0,1,0.0,0.0,0.0,0.0,0.0,1,0.0,0.0,23,29,9,0
1829,514,85,0.0,0.0,1,0.0,0.0,0.0,0.0,0.0,1,1,0.0,0.0,0.0,0.0,0.0,6,5,18,0
1830,84,135,1,0.0,0.0,0.0,0.0,0.0,0.0,0.0,1,0.0,0.0,0.0,0.0,1,0.0,20,11,6,0
1831,251,37,0.0,0.0,1,0.0,0.0,1,0.0,0.0,0.0,0.0,0.0,0.0,1,0.0,0.0,11,11,27,0
1832,337,72,1,0.0,0.0,0.0,0.0,0.0,0.0,1,0.0,0.0,1,0.0,0.0,0.0,0.0,18,5,1,0
1833,273,87,0.0,0.0,1,0.0,0.0,1,0.0,0.0,0.0,0.0,0.0,0.0,0.0,0.0,1,7,1,28,0
1834,988,2185,0.0,1,0.0,0.0,0.0,0.0,1,0.0,0.0,0.0,1,0.0,0.0,0.0,0.0,11,99,71,1
1835,867,129,1,0.0,0.0,0.0,0.0,0.0,1,0.0,0.0,0.0,0.0,0.0,0.0,1,0.0,18,1,13,0
1836,670,129,0.0,1,0.0,0.0,0.0,1,0.0,0.0,0.0,1,0.0,0.0,0.0,0.0,0.0,11,18,2,0
1837,747,197,0.0,0.0,1,0.0,1,0.0,0.0,0.0,0.0,0.0,0.0,0.0,0.0,1,0.0,6,5,6,0
1838,973,77,0.0,0.0,1,0.0,0.0,0.0,1,0.0,0.0,0.0,0.0,0.0,1,0.0,0.0,19,16,3,0
1839,436,114,0.0,0.0,0.0,1,0.0,0.0,1,0.0,0.0,0.0,1,0.0,0.0,0.0,0.0,11,15,6,0
1840,269,89,0.0,0.0,1,0.0,0.0,1,0.0,0.0,0.0,1,0.0,0.0,0.0,0.0,0.0,7,7,16,0
1841,717,38,0.0,0.0,0.0,1,0.0,0.0,0.0,1,0.0,0.0,0.0,0.0,1,0.0,0.0,16,9,17,0
1842,901,185,0.0,1,0.0,0.0,0.0,1,0.0,0.0,0.0,0.0,0.0,0.0,0.0,0.0,1,8,9,27,0
1843,949,91,0.0,0.0,0.0,1,0.0,0.0,1,0.0,0.0,0.0,1,0.0,0.0,0.0,0.0,20,20,4,0
1844,89,71,1,0.0,0.0,0.0,0.0,1,0.0,0.0,0.0,0.0,1,0.0,0.0,0.0,0.0,20,24,29,0
1845,404,133,0.0,0.0,0.0,1,1,0.0,0.0,0.0,0.0,0.0,0.0,0.0,0.0,1,0.0,16,18,13,0
1846,12,135,0.0,0.0,0.0,1,0.0,1,0.0,0.0,0.0,0.0,0.0,0.0,0.0,0.0,1,17,12,3,0
1847,448,88,0.0,0.0,0.0,1,0.0,0.0,1,0.0,0.0,0.0,0.0,0.0,0.0,1,0.0,6,11,12,0
1848,563,88,0.0,0.0,0.0,1,1,0.0,0.0,0.0,0.0,0.0,0.0,0.0,1,0.0,0.0,13,2,26,0
1849,495,134,0.0,0.0,0.0,1,0.0,0.0,0.0,1,0.0,0.0,0.0,0.0,1,0.0,0.0,7,11,3,0
1850,927,4,0.0,1,0.0,0.0,0.0,1,0.0,0.0,0.0,0.0,0.0,0.0,1,0.0,0.0,11,5,18,0
1851,105,98,0.0,0.0,0.0,1,0.0,0.0,0.0,1,0.0,1,0.0,0.0,0.0,0.0,0.0,6,6,20,0
1852,271,44,0.0,0.0,0.0,1,0.0,1,0.0,0.0,0.0,1,0.0,0.0,0.0,0.0,0.0,21,17,8,0
1853,175,142,0.0,1,0.0,0.0,0.0,0.0,0.0,0.0,1,0.0,0.0,0.0,0.0,0.0,1,8,8,18,0
1854,739,136,0.0,1,0.0,0.0,0.0,1,0.0,0.0,0.0,0.0,0.0,0.0,0.0,1,0.0,9,26,22,0
1855,616,1,1,0.0,0.0,0.0,0.0,0.0,0.0,1,0.0,0.0,0.0,0.0,0.0,1,0.0,23,22,20,0
1856,528,98,0.0,1,0.0,0.0,0.0,0.0,0.0,0.0,1,0.0,0.0,0.0,1,0.0,0.0,14,6,9,0
1857,501,89,1,0.0,0.0,0.0,0.0,0.0,1,0.0,0.0,0.0,1,0.0,0.0,0.0,0.0,19,17,24,0
1858,812,10,1,0.0,0.0,0.0,0.0,1,0.0,0.0,0.0,0.0,0.0,0.0,0.0,1,0.0,11,95,89,1
1859,337,82,0.0,0.0,1,0.0,1,0.0,0.0,0.0,0.0,0.0,0.0,0.0,1,0.0,0.0,21,11,14,0
1860,575,35,1,0.0,0.0,0.0,0.0,0.0,0.0,0.0,1,0.0,1,0.0,0.0,0.0,0.0,8,5,14,0
1861,412,104,0.0,0.0,0.0,1,0.0,0.0,0.0,1,0.0,1,0.0,0.0,0.0,0.0,0.0,9,23,1,0
1862,601,32,0.0,1,0.0,0.0,0.0,1,0.0,0.0,0.0,0.0,0.0,0.0,0.0,0.0,1,7,7,18,0
1863,900,149,0.0,1,0.0,0.0,0.0,0.0,1,0.0,0.0,0.0,1,0.0,0.0,0.0,0.0,7,11,17,0
1864,99,104,0.0,0.0,1,0.0,0.0,0.0,1,0.0,0.0,0.0,0.0,0.0,1,0.0,0.0,20,8,10,0
1865,12,123,0.0,0.0,1,0.0,0.0,0.0,0.0,0.0,1,0.0,1,0.0,0.0,0.0,0.0,18,1,13,0
1866,990,69,1,0.0,0.0,0.0,0.0,0.0,0.0,1,0.0,0.0,0.0,0.0,0.0,1,0.0,12,12,20,0
1867,553,22,0.0,1,0.0,0.0,0.0,0.0,0.0,0.0,1,1,0.0,0.0,0.0,0.0,0.0,0,70,85,1
1868,949,55,1,0.0,0.0,0.0,0.0,0.0,0.0,0.0,1,0.0,1,0.0,0.0,0.0,0.0,13,0,13,0
1869,76,126,1,0.0,0.0,0.0,0.0,1,0.0,0.0,0.0,1,0.0,0.0,0.0,0.0,0.0,21,24,4,0
1870,215,110,0.0,0.0,0.0,1,1,0.0,0.0,0.0,0.0,0.0,0.0,0.0,1,0.0,0.0,19,19,6,0
1871,24,131,0.0,0.0,1,0.0,0.0,0.0,1,0.0,0.0,1,0.0,0.0,0.0,0.0,0.0,7,21,24,0
1872,187,16,0.0,0.0,1,0.0,0.0,1,0.0,0.0,0.0,0.0,0.0,0.0,0.0,1,0.0,13,19,3,0
1873,522,133,0.0,1,0.0,0.0,1,0.0,0.0,0.0,0.0,0.0,0.0,0.0,1,0.0,0.0,9,0,14,0
1874,605,65,0.0,0.0,1,0.0,0.0,1,0.0,0.0,0.0,0.0,0.0,0.0,0.0,0.0,1,6,9,16,0
1875,86,2355,1,0.0,0.0,0.0,0.0,0.0,0.0,1,0.0,1,0.0,0.0,0.0,0.0,0.0,4,97,76,1
1876,512,97,1,0.0,0.0,0.0,0.0,0.0,1,0.0,0.0,0.0,1,0.0,0.0,0.0,0.0,14,6,0,0
1877,63,40,0.0,1,0.0,0.0,0.0,0.0,0.0,1,0.0,0.0,0.0,0.0,0.0,1,0.0,14,0,12,0
1878,501,165,1,0.0,0.0,0.0,1,0.0,0.0,0.0,0.0,0.0,1,0.0,0.0,0.0,0.0,14,16,9,0
1879,344,173,0.0,0.0,1,0.0,1,0.0,0.0,0.0,0.0,0.0,0.0,0.0,0.0,0.0,1,15,2,13,0
1880,393,170,0.0,0.0,0.0,1,0.0,0.0,0.0,0.0,1,1,0.0,0.0,0.0,0.0,0.0,17,3,8,0
1881,477,113,1,0.0,0.0,0.0,0.0,1,0.0,0.0,0.0,1,0.0,0.0,0.0,0.0,0.0,12,3,21,0
1882,434,198,1,0.0,0.0,0.0,1,0.0,0.0,0.0,0.0,0.0,0.0,0.0,0.0,1,0.0,21,24,12,0
1883,162,153,0.0,0.0,1,0.0,0.0,0.0,0.0,0.0,1,1,0.0,0.0,0.0,0.0,0.0,8,8,20,0
1884,789,142,0.0,1,0.0,0.0,0.0,1,0.0,0.0,0.0,1,0.0,0.0,0.0,0.0,0.0,18,22,16,0
1885,845,123,0.0,0.0,0.0,1,0.0,1,0.0,0.0,0.0,0.0,1,0.0,0.0,0.0,0.0,6,1,24,0
1886,400,60,0.0,0.0,1,0.0,0.0,0.0,0.0,1,0.0,1,0.0,0.0,0.0,0.0,0.0,15,4,28,0
1887,191,64,0.0,1,0.0,0.0,1,0.0,0.0,0.0,0.0,0.0,0.0,0.0,1,0.0,0.0,12,22,2,0
1888,335,5,1,0.0,0.0,0.0,0.0,0.0,0.0,1,0.0,0.0,0.0,0.0,0.0,0.0,1,10,16,16,0
1889,749,81,0.0,0.0,1,0.0,0.0,0.0,1,0.0,0.0,0.0,1,0.0,0.0,0.0,0.0,16,21,27,0
1890,430,118,0.0,0.0,0.0,1,0.0,0.0,1,0.0,0.0,0.0,0.0,0.0,0.0,1,0.0,9,28,3,0
1891,318,58,1,0.0,0.0,0.0,0.0,0.0,1,0.0,0.0,0.0,0.0,0.0,0.0,0.0,1,21,13,25,0
1892,195,85,0.0,1,0.0,0.0,0.0,0.0,0.0,1,0.0,0.0,0.0,0.0,1,0.0,0.0,16,13,12,0
1893,282,136,0.0,1,0.0,0.0,0.0,0.0,1,0.0,0.0,0.0,1,0.0,0.0,0.0,0.0,20,24,7,0
1894,267,111,0.0,0.0,1,0.0,0.0,0.0,0.0,1,0.0,0.0,1,0.0,0.0,0.0,0.0,20,4,5,0
1895,435,154,0.0,0.0,0.0,1,0.0,0.0,1,0.0,0.0,1,0.0,0.0,0.0,0.0,0.0,11,1,26,0
1896,987,96,0.0,0.0,0.0,1,0.0,0.0,1,0.0,0.0,0.0,1,0.0,0.0,0.0,0.0,10,19,26,0
1897,954,149,0.0,0.0,0.0,1,0.0,0.0,0.0,1,0.0,0.0,1,0.0,0.0,0.0,0.0,16,16,15,0
1898,882,22,0.0,0.0,1,0.0,0.0,0.0,0.0,1,0.0,0.0,0.0,0.0,1,0.0,0.0,4,70,87,1
1899,643,71,0.0,0.0,1,0.0,1,0.0,0.0,0.0,0.0,1,0.0,0.0,0.0,0.0,0.0,18,29,15,0
1900,303,184,0.0,0.0,1,0.0,1,0.0,0.0,0.0,0.0,0.0,0.0,0.0,0.0,1,0.0,14,13,8,0
1901,2,52,0.0,1,0.0,0.0,0.0,0.0,0.0,1,0.0,0.0,0.0,0.0,0.0,0.0,1,13,2,28,0
1902,829,51,0.0,0.0,1,0.0,0.0,0.0,0.0,0.0,1,1,0.0,0.0,0.0,0.0,0.0,6,13,28,0
1903,917,97,1,0.0,0.0,0.0,0.0,0.0,1,0.0,0.0,0.0,1,0.0,0.0,0.0,0.0,9,5,2,0
1904,55,97,0.0,0.0,0.0,1,0.0,0.0,0.0,0.0,1,0.0,0.0,0.0,0.0,1,0.0,7,27,13,0
1905,320,52,0.0,0.0,0.0,1,0.0,0.0,1,0.0,0.0,1,0.0,0.0,0.0,0.0,0.0,17,29,17,0
1906,699,107,1,0.0,0.0,0.0,1,0.0,0.0,0.0,0.0,0.0,0.0,0.0,0.0,1,0.0,23,4,20,0
1907,703,18,0.0,0.0,1,0.0,0.0,1,0.0,0.0,0.0,0.0,0.0,0.0,0.0,0.0,1,9,3,18,0
1908,973,104,0.0,0.0,0.0,1,0.0,0.0,0.0,0.0,1,0.0,0.0,0.0,1,0.0,0.0,8,19,11,0
1909,724,81,0.0,0.0,0.0,1,0.0,0.0,0.0,1,0.0,1,0.0,0.0,0.0,0.0,0.0,19,9,16,0
1910,693,986,0.0,1,0.0,0.0,0.0,0.0,1,0.0,0.0,0.0,0.0,1,0.0,0.0,0.0,4,95,74,1
1911,217,111,0.0,1,0.0,0.0,0.0,0.0,0.0,0.0,1,1,0.0,0.0,0.0,0.0,0.0,14,15,18,0
1912,705,75,0.0,0.0,0.0,1,0.0,0.0,0.0,1,0.0,0.0,0.0,0.0,0.0,1,0.0,13,14,2,0
1913,735,134,1,0.0,0.0,0.0,0.0,0.0,1,0.0,0.0,1,0.0,0.0,0.0,0.0,0.0,22,15,8,0
1914,432,124,0.0,1,0.0,0.0,0.0,0.0,0.0,1,0.0,0.0,1,0.0,0.0,0.0,0.0,13,24,25,0
1915,68,131,1,0.0,0.0,0.0,0.0,0.0,1,0.0,0.0,0.0,0.0,0.0,0.0,0.0,1,8,3,13,0
1916,908,60,0.0,1,0.0,0.0,0.0,0.0,0.0,1,0.0,0.0,0.0,0.0,0.0,1,0.0,19,3,5,0
1917,110,130,1,0.0,0.0,0.0,0.0,1,0.0,0.0,0.0,0.0,0.0,0.0,0.0,1,0.0,16,29,15,0
1918,25,120,1,0.0,0.0,0.0,0.0,0.0,1,0.0,0.0,0.0,0.0,0.0,0.0,1,0.0,9,27,11,0
1919,341,65,0.0,1,0.0,0.0,0.0,0.0,0.0,0.0,1,0.0,0.0,0.0,0.0,1,0.0,12,19,5,0
1920,450,79,0.0,0.0,1,0.0,1,0.0,0.0,0.0,0.0,1,0.0,0.0,0.0,0.0,0.0,18,8,11,0
1921,152,162,0.0,0.0,0.0,1,1,0.0,0.0,0.0,0.0,1,0.0,0.0,0.0,0.0,0.0,19,21,5,0
1922,788,34,0.0,1,0.0,0.0,0.0,0.0,0.0,0.0,1,0.0,0.0,0.0,0.0,0.0,1,16,17,25,0
1923,80,50,1,0.0,0.0,0.0,1,0.0,0.0,0.0,0.0,0.0,0.0,0.0,0.0,0.0,1,13,16,4,0
1924,347,44,0.0,1,0.0,0.0,0.0,0.0,0.0,0.0,1,0.0,1,0.0,0.0,0.0,0.0,14,15,0,0
1925,660,185,0.0,0.0,0.0,1,0.0,0.0,1,0.0,0.0,1,0.0,0.0,0.0,0.0,0.0,9,20,18,0
1926,595,1783,0.0,0.0,0.0,1,0.0,0.0,0.0,0.0,1,1,0.0,0.0,0.0,0.0,0.0,12,99,97,1
1927,200,135,0.0,0.0,1,0.0,0.0,0.0,0.0,1,0.0,0.0,1,0.0,0.0,0.0,0.0,8,1,14,0
1928,605,104,0.0,1,0.0,0.0,0.0,0.0,1,0.0,0.0,0.0,0.0,0.0,0.0,1,0.0,14,9,7,0
1929,82,117,0.0,0.0,1,0.0,0.0,1,0.0,0.0,0.0,1,0.0,0.0,0.0,0.0,0.0,15,6,8,0
1930,18,172,0.0,0.0,0.0,1,0.0,1,0.0,0.0,0.0,0.0,0.0,0.0,1,0.0,0.0,18,21,7,0
1931,938,91,0.0,0.0,0.0,1,0.0,0.0,0.0,1,0.0,0.0,0.0,0.0,0.0,0.0,1,23,14,3,0
1932,17,36,0.0,1,0.0,0.0,0.0,0.0,0.0,0.0,1,0.0,0.0,0.0,0.0,1,0.0,14,25,8,0
1933,516,59,0.0,0.0,0.0,1,0.0,0.0,0.0,0.0,1,0.0,0.0,0.0,0.0,0.0,1,18,14,17,0
1934,962,140,1,0.0,0.0,0.0,0.0,0.0,0.0,0.0,1,0.0,1,0.0,0.0,0.0,0.0,10,24,21,0
1935,727,33,0.0,0.0,0.0,1,0.0,0.0,1,0.0,0.0,0.0,0.0,0.0,1,0.0,0.0,16,7,7,0
1936,102,68,0.0,0.0,1,0.0,0.0,0.0,1,0.0,0.0,0.0,1,0.0,0.0,0.0,0.0,12,7,24,0
1937,254,180,0.0,1,0.0,0.0,0.0,1,0.0,0.0,0.0,0.0,1,0.0,0.0,0.0,0.0,6,6,20,0
1938,143,90,0.0,0.0,0.0,1,0.0,0.0,0.0,1,0.0,0.0,0.0,0.0,0.0,1,0.0,11,22,23,0
1939,648,20,1,0.0,0.0,0.0,0.0,0.0,1,0.0,0.0,0.0,0.0,0.0,0.0,1,0.0,9,11,17,0
1940,546,62,0.0,1,0.0,0.0,1,0.0,0.0,0.0,0.0,0.0,1,0.0,0.0,0.0,0.0,12,10,3,0
1941,324,120,1,0.0,0.0,0.0,0.0,0.0,1,0.0,0.0,0.0,0.0,0.0,0.0,1,0.0,9,8,9,0
1942,871,244,0.0,0.0,1,0.0,0.0,0.0,1,0.0,0.0,0.0,0.0,0.0,0.0,0.0,1,21,6,27,0
1943,813,87,0.0,1,0.0,0.0,0.0,0.0,1,0.0,0.0,0.0,1,0.0,0.0,0.0,0.0,17,6,25,0
1944,609,67,0.0,0.0,1,0.0,0.0,0.0,0.0,0.0,1,0.0,0.0,0.0,0.0,1,0.0,23,27,27,0
1945,577,121,0.0,0.0,1,0.0,1,0.0,0.0,0.0,0.0,1,0.0,0.0,0.0,0.0,0.0,22,1,11,0
1946,145,101,1,0.0,0.0,0.0,1,0.0,0.0,0.0,0.0,1,0.0,0.0,0.0,0.0,0.0,21,25,28,0
1947,56,117,0.0,0.0,1,0.0,0.0,0.0,0.0,1,0.0,0.0,0.0,0.0,1,0.0,0.0,17,25,20,0
1948,387,156,0.0,1,0.0,0.0,0.0,0.0,0.0,0.0,1,0.0,0.0,0.0,0.0,0.0,1,9,26,18,0
1949,936,96,0.0,0.0,0.0,1,0.0,0.0,1,0.0,0.0,0.0,0.0,0.0,0.0,0.0,1,9,27,1,0
1950,4,49,0.0,0.0,0.0,1,0.0,0.0,0.0,0.0,1,0.0,0.0,0.0,0.0,1,0.0,12,27,22,0
1951,535,169,1,0.0,0.0,0.0,0.0,0.0,0.0,0.0,1,0.0,0.0,0.0,0.0,0.0,1,14,28,9,0
1952,689,55,1,0.0,0.0,0.0,0.0,0.0,0.0,0.0,1,0.0,0.0,0.0,1,0.0,0.0,17,4,3,0
1953,725,52,0.0,0.0,0.0,1,0.0,0.0,0.0,0.0,1,0.0,0.0,0.0,0.0,0.0,1,7,8,13,0
1954,529,40,0.0,0.0,1,0.0,0.0,0.0,1,0.0,0.0,0.0,0.0,0.0,0.0,1,0.0,6,22,25,0
1955,519,53,0.0,0.0,0.0,1,0.0,0.0,0.0,0.0,1,0.0,1,0.0,0.0,0.0,0.0,13,7,6,0
1956,605,30,0.0,0.0,1,0.0,0.0,1,0.0,0.0,0.0,0.0,1,0.0,0.0,0.0,0.0,16,23,25,0
1957,100,93,1,0.0,0.0,0.0,1,0.0,0.0,0.0,0.0,1,0.0,0.0,0.0,0.0,0.0,7,12,11,0
1958,583,30,0.0,1,0.0,0.0,0.0,0.0,0.0,0.0,1,0.0,0.0,0.0,0.0,1,0.0,8,7,21,0
1959,205,120,0.0,0.0,1,0.0,0.0,1,0.0,0.0,0.0,0.0,0.0,0.0,0.0,1,0.0,18,2,4,0
1960,129,105,0.0,0.0,1,0.0,0.0,1,0.0,0.0,0.0,1,0.0,0.0,0.0,0.0,0.0,9,8,10,0
1961,138,42,1,0.0,0.0,0.0,0.0,1,0.0,0.0,0.0,0.0,0.0,0.0,1,0.0,0.0,16,19,15,0
1962,962,88,0.0,0.0,1,0.0,0.0,0.0,0.0,1,0.0,0.0,1,0.0,0.0,0.0,0.0,15,21,7,0
1963,327,65,0.0,0.0,0.0,1,0.0,0.0,1,0.0,0.0,0.0,0.0,0.0,1,0.0,0.0,18,0,14,0
1964,791,153,1,0.0,0.0,0.0,0.0,0.0,0.0,1,0.0,0.0,1,0.0,0.0,0.0,0.0,15,4,26,0
1965,558,13,0.0,0.0,1,0.0,1,0.0,0.0,0.0,0.0,0.0,0.0,0.0,1,0.0,0.0,14,22,0,0
1966,616,95,0.0,1,0.0,0.0,0.0,0.0,0.0,0.0,1,0.0,0.0,0.0,0.0,0.0,1,13,8,18,0
1967,517,108,0.0,0.0,0.0,1,1,0.0,0.0,0.0,0.0,0.0,0.0,0.0,1,0.0,0.0,19,15,19,0
1968,657,52,1,0.0,0.0,0.0,1,0.0,0.0,0.0,0.0,0.0,0.0,0.0,1,0.0,0.0,14,7,19,0
1969,733,210,0.0,1,0.0,0.0,0.0,0.0,1,0.0,0.0,0.0,1,0.0,0.0,0.0,0.0,11,5,14,0
1970,190,79,0.0,1,0.0,0.0,1,0.0,0.0,0.0,0.0,0.0,0.0,0.0,0.0,1,0.0,20,14,21,0
1971,236,92,0.0,0.0,1,0.0,0.0,1,0.0,0.0,0.0,0.0,0.0,0.0,0.0,1,0.0,18,8,21,0
1972,79,62,1,0.0,0.0,0.0,0.0,1,0.0,0.0,0.0,0.0,0.0,0.0,0.0,0.0,1,19,12,16,0
1973,307,75,0.0,0.0,0.0,1,0.0,0.0,1,0.0,0.0,1,0.0,0.0,0.0,0.0,0.0,20,29,27,0
1974,156,104,0.0,1,0.0,0.0,0.0,1,0.0,0.0,0.0,0.0,0.0,0.0,0.0,1,0.0,7,19,1,0
1975,374,50,0.0,0.0,1,0.0,1,0.0,0.0,0.0,0.0,1,0.0,0.0,0.0,0.0,0.0,23,17,21,0
1976,982,75,0.0,1,0.0,0.0,1,0.0,0.0,0.0,0.0,0.0,1,0.0,0.0,0.0,0.0,7,24,26,0
1977,236,221,1,0.0,0.0,0.0,0.0,0.0,0.0,1,0.0,1,0.0,0.0,0.0,0.0,0.0,15,16,15,0
1978,591,154,1,0.0,0.0,0.0,0.0,1,0.0,0.0,0.0,1,0.0,0.0,0.0,0.0,0.0,12,28,7,0
1979,896,127,0.0,0.0,1,0.0,0.0,0.0,0.0,1,0.0,0.0,0.0,0.0,0.0,1,0.0,22,2,8,0
1980,225,178,0.0,1,0.0,0.0,0.0,0.0,0.0,1,0.0,0.0,0.0,0.0,1,0.0,0.0,18,17,22,0
1981,714,7,1,0.0,0.0,0.0,1,0.0,0.0,0.0,0.0,0.0,0.0,0.0,0.0,0.0,1,23,1,16,0
1982,402,105,0.0,0.0,1,0.0,1,0.0,0.0,0.0,0.0,1,0.0,0.0,0.0,0.0,0.0,8,14,18,0
1983,414,78,0.0,1,0.0,0.0,0.0,1,0.0,0.0,0.0,0.0,0.0,0.0,0.0,0.0,1,12,1,4,0
1984,260,1,0.0,1,0.0,0.0,0.0,0.0,0.0,1,0.0,1,0.0,0.0,0.0,0.0,0.0,15,3,22,0
1985,127,86,1,0.0,0.0,0.0,0.0,0.0,0.0,1,0.0,0.0,0.0,0.0,0.0,0.0,1,11,20,18,0
1986,255,165,1,0.0,0.0,0.0,0.0,1,0.0,0.0,0.0,1,0.0,0.0,0.0,0.0,0.0,14,19,27,0
1987,235,188,1,0.0,0.0,0.0,0.0,1,0.0,0.0,0.0,1,0.0,0.0,0.0,0.0,0.0,12,7,11,0
1988,851,62,0.0,0.0,1,0.0,0.0,1,0.0,0.0,0.0,0.0,0.0,0.0,0.0,1,0.0,21,28,25,0
1989,37,142,0.0,0.0,1,0.0,0.0,1,0.0,0.0,0.0,0.0,0.0,0.0,0.0,0.0,1,6,0,7,0
1990,77,118,1,0.0,0.0,0.0,0.0,1,0.0,0.0,0.0,0.0,0.0,0.0,0.0,0.0,1,13,26,2,0
1991,915,126,0.0,1,0.0,0.0,0.0,1,0.0,0.0,0.0,0.0,0.0,0.0,0.0,1,0.0,7,3,18,0
1992,500,180,0.0,1,0.0,0.0,0.0,0.0,0.0,0.0,1,0.0,0.0,0.0,0.0,1,0.0,17,23,8,0
1993,192,101,0.0,0.0,1,0.0,0.0,0.0,1,0.0,0.0,1,0.0,0.0,0.0,0.0,0.0,15,24,4,0
1994,421,84,1,0.0,0.0,0.0,0.0,0.0,0.0,0.0,1,0.0,0.0,0.0,1,0.0,0.0,7,8,28,0
1995,511,143,0.0,0.0,0.0,1,0.0,0.0,0.0,1,0.0,0.0,0.0,0.0,0.0,0.0,1,20,16,28,0
1996,794,96,1,0.0,0.0,0.0,1,0.0,0.0,0.0,0.0,1,0.0,0.0,0.0,0.0,0.0,12,6,7,0
1997,499,110,1,0.0,0.0,0.0,1,0.0,0.0,0.0,0.0,0.0,0.0,0.0,0.0,0.0,1,15,24,2,0
1998,57,57,0.0,0.0,1,0.0,0.0,0.0,0.0,0.0,1,0.0,0.0,0.0,0.0,1,0.0,13,27,19,0
1999,419,94,1,0.0,0.0,0.0,1,0.0,0.0,0.0,0.0,0.0,0.0,0.0,1,0.0,0.0,22,23,29,0
2000,78,185,0.0,0.0,0.0,1,0.0,0.0,0.0,1,0.0,0.0,0.0,0.0,1,0.0,0.0,9,18,4,0
2001,918,185,0.0,1,0.0,0.0,1,0.0,0.0,0.0,0.0,1,0.0,0.0,0.0,0.0,0.0,16,27,3,0
2002,48,101,0.0,0.0,0.0,1,1,0.0,0.0,0.0,0.0,1,0.0,0.0,0.0,0.0,0.0,8,1,4,0
2003,365,68,0.0,0.0,0.0,1,0.0,0.0,0.0,1,0.0,1,0.0,0.0,0.0,0.0,0.0,10,17,10,0
2004,59,131,0.0,0.0,1,0.0,0.0,0.0,0.0,0.0,1,0.0,0.0,0.0,1,0.0,0.0,20,1,1,0
2005,905,110,1,0.0,0.0,0.0,0.0,0.0,1,0.0,0.0,1,0.0,0.0,0.0,0.0,0.0,17,25,4,0
2006,358,149,0.0,0.0,0.0,1,0.0,0.0,0.0,0.0,1,0.0,0.0,0.0,1,0.0,0.0,8,1,16,0
2007,402,69,0.0,1,0.0,0.0,0.0,1,0.0,0.0,0.0,0.0,0.0,0.0,0.0,1,0.0,20,5,5,0
2008,203,127,0.0,0.0,0.0,1,1,0.0,0.0,0.0,0.0,1,0.0,0.0,0.0,0.0,0.0,7,24,14,0
2009,681,12,1,0.0,0.0,0.0,0.0,0.0,1,0.0,0.0,0.0,1,0.0,0.0,0.0,0.0,12,15,24,0
2010,238,109,0.0,0.0,1,0.0,1,0.0,0.0,0.0,0.0,0.0,1,0.0,0.0,0.0,0.0,9,9,18,0
2011,123,77,0.0,0.0,1,0.0,0.0,0.0,0.0,0.0,1,0.0,1,0.0,0.0,0.0,0.0,18,25,23,0
2012,773,10,1,0.0,0.0,0.0,0.0,1,0.0,0.0,0.0,1,0.0,0.0,0.0,0.0,0.0,3,70,93,1
2013,466,130,0.0,0.0,0.0,1,0.0,0.0,0.0,0.0,1,0.0,0.0,0.0,0.0,0.0,1,7,22,16,0
2014,314,95,0.0,0.0,1,0.0,1,0.0,0.0,0.0,0.0,1,0.0,0.0,0.0,0.0,0.0,13,19,13,0
2015,127,83,0.0,0.0,1,0.0,0.0,0.0,0.0,0.0,1,0.0,0.0,0.0,1,0.0,0.0,22,23,6,0
2016,312,142,0.0,0.0,1,0.0,0.0,0.0,1,0.0,0.0,0.0,1,0.0,0.0,0.0,0.0,14,16,16,0
2017,772,167,1,0.0,0.0,0.0,0.0,0.0,1,0.0,0.0,0.0,1,0.0,0.0,0.0,0.0,9,11,16,0
2018,198,110,0.0,0.0,0.0,1,0.0,0.0,0.0,0.0,1,1,0.0,0.0,0.0,0.0,0.0,22,21,14,0
2019,573,191,1,0.0,0.0,0.0,0.0,0.0,1,0.0,0.0,1,0.0,0.0,0.0,0.0,0.0,15,8,23,0
2020,715,90,0.0,0.0,1,0.0,0.0,0.0,0.0,0.0,1,0.0,1,0.0,0.0,0.0,0.0,18,2,6,0
2021,895,47,0.0,1,0.0,0.0,1,0.0,0.0,0.0,0.0,0.0,0.0,0.0,0.0,1,0.0,23,11,17,0
2022,792,53,1,0.0,0.0,0.0,0.0,0.0,0.0,1,0.0,0.0,0.0,0.0,0.0,0.0,1,19,2,17,0
2023,594,140,0.0,1,0.0,0.0,0.0,0.0,1,0.0,0.0,0.0,1,0.0,0.0,0.0,0.0,17,25,25,0
2024,893,103,0.0,0.0,0.0,1,0.0,0.0,0.0,0.0,1,0.0,0.0,0.0,0.0,1,0.0,19,3,29,0
2025,731,117,0.0,0.0,1,0.0,0.0,0.0,1,0.0,0.0,0.0,0.0,0.0,0.0,0.0,1,8,0,29,0
2026,492,197,0.0,0.0,1,0.0,0.0,0.0,0.0,1,0.0,1,0.0,0.0,0.0,0.0,0.0,20,25,9,0
2027,246,123,0.0,0.0,1,0.0,0.0,0.0,0.0,0.0,1,0.0,0.0,0.0,0.0,1,0.0,13,21,24,0
2028,419,58,1,0.0,0.0,0.0,0.0,0.0,0.0,0.0,1,0.0,1,0.0,0.0,0.0,0.0,18,7,6,0
2029,232,132,1,0.0,0.0,0.0,0.0,1,0.0,0.0,0.0,0.0,0.0,0.0,0.0,0.0,1,11,10,13,0
2030,403,79,0.0,0.0,1,0.0,0.0,0.0,0.0,0.0,1,0.0,0.0,0.0,0.0,0.0,1,8,14,2,0
2031,684,21,0.0,0.0,0.0,1,1,0.0,0.0,0.0,0.0,0.0,0.0,0.0,1,0.0,0.0,19,4,11,0
2032,399,131,0.0,0.0,1,0.0,1,0.0,0.0,0.0,0.0,1,0.0,0.0,0.0,0.0,0.0,11,4,11,0
2033,399,106,0.0,0.0,0.0,1,0.0,1,0.0,0.0,0.0,0.0,1,0.0,0.0,0.0,0.0,8,16,26,0
2034,444,112,1,0.0,0.0,0.0,1,0.0,0.0,0.0,0.0,1,0.0,0.0,0.0,0.0,0.0,16,10,9,0
2035,247,170,0.0,1,0.0,0.0,1,0.0,0.0,0.0,0.0,0.0,0.0,0.0,0.0,0.0,1,23,27,13,0
2036,403,137,0.0,0.0,1,0.0,0.0,0.0,0.0,0.0,1,1,0.0,0.0,0.0,0.0,0.0,20,9,18,0
2037,344,1,1,0.0,0.0,0.0,0.0,0.0,0.0,0.0,1,0.0,1,0.0,0.0,0.0,0.0,13,20,4,0
2038,66,143,1,0.0,0.0,0.0,0.0,0.0,0.0,1,0.0,0.0,0.0,0.0,0.0,1,0.0,8,8,12,0
2039,50,144,0.0,0.0,1,0.0,0.0,1,0.0,0.0,0.0,0.0,0.0,0.0,0.0,1,0.0,16,27,11,0
2040,274,124,1,0.0,0.0,0.0,0.0,0.0,1,0.0,0.0,0.0,0.0,0.0,0.0,0.0,1,20,17,23,0
2041,757,77,0.0,1,0.0,0.0,1,0.0,0.0,0.0,0.0,0.0,0.0,0.0,1,0.0,0.0,14,5,9,0
2042,674,115,0.0,1,0.0,0.0,1,0.0,0.0,0.0,0.0,1,0.0,0.0,0.0,0.0,0.0,9,25,8,0
2043,534,129,0.0,0.0,0.0,1,1,0.0,0.0,0.0,0.0,0.0,0.0,0.0,0.0,0.0,1,9,26,5,0
2044,830,90,0.0,0.0,0.0,1,0.0,1,0.0,0.0,0.0,0.0,0.0,0.0,0.0,0.0,1,21,7,15,0
2045,821,76,0.0,0.0,1,0.0,0.0,0.0,1,0.0,0.0,0.0,1,0.0,0.0,0.0,0.0,20,5,1,0
2046,31,184,1,0.0,0.0,0.0,1,0.0,0.0,0.0,0.0,0.0,1,0.0,0.0,0.0,0.0,18,2,26,0
2047,551,60,0.0,1,0.0,0.0,0.0,0.0,1,0.0,0.0,0.0,1,0.0,0.0,0.0,0.0,16,22,16,0
2048,118,69,0.0,0.0,1,0.0,0.0,1,0.0,0.0,0.0,0.0,1,0.0,0.0,0.0,0.0,8,11,27,0
2049,11,108,0.0,0.0,0.0,1,1,0.0,0.0,0.0,0.0,0.0,1,0.0,0.0,0.0,0.0,21,6,5,0
2050,161,104,0.0,0.0,0.0,1,1,0.0,0.0,0.0,0.0,0.0,0.0,0.0,0.0,1,0.0,17,23,15,0
2051,538,99,0.0,0.0,0.0,1,0.0,1,0.0,0.0,0.0,0.0,0.0,0.0,0.0,1,0.0,9,15,21,0
2052,765,95,0.0,0.0,0.0,1,0.0,0.0,0.0,1,0.0,0.0,1,0.0,0.0,0.0,0.0,13,15,13,0
2053,841,1,0.0,0.0,1,0.0,0.0,0.0,1,0.0,0.0,0.0,0.0,0.0,0.0,0.0,1,16,20,1,0
2054,307,56,1,0.0,0.0,0.0,0.0,0.0,1,0.0,0.0,1,0.0,0.0,0.0,0.0,0.0,11,7,9,0
2055,715,104,0.0,0.0,0.0,1,0.0,0.0,1,0.0,0.0,1,0.0,0.0,0.0,0.0,0.0,18,28,3,0
2056,25,118,1,0.0,0.0,0.0,0.0,0.0,0.0,0.0,1,0.0,0.0,0.0,0.0,1,0.0,21,16,26,0
2057,148,207,0.0,1,0.0,0.0,0.0,0.0,1,0.0,0.0,0.0,0.0,0.0,0.0,0.0,1,19,10,10,0
2058,896,137,1,0.0,0.0,0.0,0.0,0.0,0.0,0.0,1,0.0,0.0,0.0,0.0,1,0.0,11,21,9,0
2059,46,2273,0.0,0.0,0.0,1,0.0,1,0.0,0.0,0.0,0.0,0.0,0.0,0.0,1,0.0,10,92,90,1
2060,733,68,0.0,0.0,0.0,1,1,0.0,0.0,0.0,0.0,1,0.0,0.0,0.0,0.0,0.0,15,14,8,0
2061,55,130,1,0.0,0.0,0.0,0.0,0.0,0.0,0.0,1,0.0,0.0,0.0,1,0.0,0.0,8,23,3,0
2062,818,22,0.0,0.0,0.0,1,0.0,0.0,1,0.0,0.0,0.0,0.0,1,0.0,0.0,0.0,9,94,87,1
2063,654,102,1,0.0,0.0,0.0,0.0,1,0.0,0.0,0.0,0.0,0.0,0.0,0.0,1,0.0,8,4,25,0
2064,74,84,0.0,0.0,1,0.0,0.0,1,0.0,0.0,0.0,0.0,0.0,0.0,0.0,1,0.0,7,2,3,0
2065,76,129,0.0,0.0,0.0,1,0.0,0.0,0.0,0.0,1,1,0.0,0.0,0.0,0.0,0.0,15,16,13,0
2066,607,66,1,0.0,0.0,0.0,0.0,0.0,0.0,1,0.0,0.0,1,0.0,0.0,0.0,0.0,15,18,4,0
2067,771,67,0.0,1,0.0,0.0,0.0,1,0.0,0.0,0.0,0.0,1,0.0,0.0,0.0,0.0,13,10,9,0
2068,8,151,0.0,1,0.0,0.0,0.0,0.0,0.0,0.0,1,0.0,0.0,0.0,0.0,0.0,1,14,5,26,0
2069,924,124,0.0,0.0,1,0.0,0.0,0.0,1,0.0,0.0,0.0,0.0,0.0,0.0,1,0.0,10,0,5,0
2070,601,122,0.0,0.0,1,0.0,1,0.0,0.0,0.0,0.0,1,0.0,0.0,0.0,0.0,0.0,6,13,1,0
2071,656,149,0.0,1,0.0,0.0,0.0,0.0,0.0,0.0,1,1,0.0,0.0,0.0,0.0,0.0,13,4,20,0
2072,146,92,0.0,0.0,1,0.0,0.0,0.0,0.0,1,0.0,0.0,0.0,0.0,1,0.0,0.0,18,25,0,0
2073,214,125,1,0.0,0.0,0.0,0.0,0.0,0.0,1,0.0,1,0.0,0.0,0.0,0.0,0.0,16,18,2,0
2074,275,787,0.0,0.0,0.0,1,0.0,1,0.0,0.0,0.0,0.0,1,0.0,0.0,0.0,0.0,5,78,73,1
2075,316,99,0.0,1,0.0,0.0,0.0,1,0.0,0.0,0.0,0.0,1,0.0,0.0,0.0,0.0,22,14,12,0
2076,899,126,0.0,0.0,1,0.0,0.0,1,0.0,0.0,0.0,0.0,0.0,0.0,0.0,1,0.0,17,7,24,0
2077,453,99,1,0.0,0.0,0.0,0.0,0.0,1,0.0,0.0,0.0,0.0,0.0,1,0.0,0.0,21,28,9,0
2078,485,19,0.0,0.0,1,0.0,0.0,0.0,1,0.0,0.0,1,0.0,0.0,0.0,0.0,0.0,21,15,15,0
2079,101,133,1,0.0,0.0,0.0,0.0,0.0,0.0,1,0.0,0.0,1,0.0,0.0,0.0,0.0,20,18,18,0
2080,133,125,0.0,1,0.0,0.0,0.0,1,0.0,0.0,0.0,0.0,0.0,0.0,0.0,1,0.0,7,28,17,0
2081,55,169,0.0,0.0,0.0,1,0.0,0.0,0.0,1,0.0,0.0,1,0.0,0.0,0.0,0.0,19,22,20,0
2082,983,100,1,0.0,0.0,0.0,0.0,0.0,1,0.0,0.0,1,0.0,0.0,0.0,0.0,0.0,23,18,10,0
2083,739,22,0.0,0.0,1,0.0,0.0,0.0,1,0.0,0.0,1,0.0,0.0,0.0,0.0,0.0,6,98,97,1
2084,401,53,0.0,1,0.0,0.0,1,0.0,0.0,0.0,0.0,1,0.0,0.0,0.0,0.0,0.0,7,26,3,0
2085,137,136,1,0.0,0.0,0.0,0.0,0.0,1,0.0,0.0,0.0,0.0,0.0,0.0,1,0.0,23,3,21,0
2086,56,144,0.0,0.0,1,0.0,0.0,0.0,0.0,1,0.0,0.0,0.0,0.0,0.0,1,0.0,20,6,14,0
2087,812,16,0.0,0.0,0.0,1,0.0,0.0,1,0.0,0.0,1,0.0,0.0,0.0,0.0,0.0,8,10,14,0
2088,911,90,0.0,0.0,1,0.0,0.0,0.0,0.0,0.0,1,0.0,0.0,0.0,0.0,0.0,1,16,1,2,0
2089,755,93,0.0,1,0.0,0.0,0.0,0.0,0.0,0.0,1,0.0,0.0,0.0,0.0,1,0.0,11,3,25,0
2090,317,146,0.0,0.0,0.0,1,0.0,1,0.0,0.0,0.0,0.0,1,0.0,0.0,0.0,0.0,16,17,0,0
2091,798,88,0.0,1,0.0,0.0,1,0.0,0.0,0.0,0.0,0.0,0.0,0.0,0.0,1,0.0,8,20,24,0
2092,870,133,0.0,1,0.0,0.0,1,0.0,0.0,0.0,0.0,0.0,0.0,0.0,0.0,1,0.0,6,28,7,0
2093,214,97,0.0,0.0,1,0.0,0.0,0.0,0.0,1,0.0,0.0,0.0,0.0,0.0,0.0,1,10,20,23,0
2094,621,2883,0.0,1,0.0,0.0,0.0,0.0,0.0,0.0,1,0.0,0.0,0.0,0.0,1,0.0,13,79,97,1
2095,826,4,0.0,1,0.0,0.0,0.0,1,0.0,0.0,0.0,1,0.0,0.0,0.0,0.0,0.0,18,4,10,0
2096,944,170,0.0,1,0.0,0.0,1,0.0,0.0,0.0,0.0,0.0,0.0,0.0,0.0,0.0,1,20,8,0,0
2097,160,95,1,0.0,0.0,0.0,0.0,0.0,0.0,0.0,1,1,0.0,0.0,0.0,0.0,0.0,12,20,12,0
2098,528,88,0.0,1,0.0,0.0,1,0.0,0.0,0.0,0.0,0.0,0.0,0.0,1,0.0,0.0,7,15,3,0
2099,134,126,1,0.0,0.0,0.0,0.0,0.0,0.0,0.0,1,1,0.0,0.0,0.0,0.0,0.0,8,16,28,0
2100,360,102,0.0,1,0.0,0.0,0.0,1,0.0,0.0,0.0,1,0.0,0.0,0.0,0.0,0.0,13,10,23,0
2101,646,84,0.0,0.0,1,0.0,0.0,0.0,0.0,0.0,1,1,0.0,0.0,0.0,0.0,0.0,16,22,10,0
2102,67,643,0.0,0.0,0.0,1,0.0,0.0,0.0,1,0.0,0.0,1,0.0,0.0,0.0,0.0,4,72,91,1
2103,935,56,0.0,0.0,1,0.0,0.0,0.0,1,0.0,0.0,1,0.0,0.0,0.0,0.0,0.0,17,18,9,0
2104,259,101,1,0.0,0.0,0.0,0.0,0.0,0.0,1,0.0,0.0,0.0,0.0,0.0,0.0,1,11,9,25,0
2105,782,71,1,0.0,0.0,0.0,1,0.0,0.0,0.0,0.0,0.0,0.0,0.0,0.0,1,0.0,9,5,23,0
2106,144,59,0.0,1,0.0,0.0,0.0,0.0,0.0,0.0,1,0.0,0.0,0.0,0.0,0.0,1,6,25,26,0
2107,157,83,1,0.0,0.0,0.0,0.0,0.0,0.0,1,0.0,0.0,0.0,0.0,1,0.0,0.0,13,23,10,0
2108,102,48,0.0,0.0,1,0.0,0.0,1,0.0,0.0,0.0,0.0,1,0.0,0.0,0.0,0.0,12,5,29,0
2109,268,147,0.0,1,0.0,0.0,0.0,0.0,0.0,0.0,1,0.0,0.0,0.0,0.0,1,0.0,6,4,29,0
2110,507,554,0.0,0.0,0.0,1,0.0,0.0,0.0,0.0,1,0.0,0.0,0.0,0.0,0.0,1,21,85,72,1
2111,702,262,0.0,1,0.0,0.0,0.0,0.0,0.0,1,0.0,0.0,0.0,0.0,0.0,1,0.0,15,12,16,0
2112,870,99,1,0.0,0.0,0.0,1,0.0,0.0,0.0,0.0,0.0,0.0,0.0,0.0,1,0.0,14,18,5,0
2113,170,64,1,0.0,0.0,0.0,0.0,1,0.0,0.0,0.0,0.0,0.0,0.0,0.0,1,0.0,17,15,6,0
2114,302,188,0.0,0.0,0.0,1,0.0,1,0.0,0.0,0.0,0.0,0.0,0.0,0.0,0.0,1,14,27,17,0
2115,541,3476,0.0,0.0,0.0,1,0.0,0.0,0.0,0.0,1,0.0,1,0.0,0.0,0.0,0.0,22,91,97,1
2116,326,108,0.0,0.0,1,0.0,0.0,0.0,1,0.0,0.0,0.0,0.0,0.0,1,0.0,0.0,13,11,21,0
2117,652,187,0.0,1,0.0,0.0,0.0,0.0,1,0.0,0.0,0.0,1,0.0,0.0,0.0,0.0,20,0,16,0
2118,841,101,0.0,0.0,0.0,1,0.0,1,0.0,0.0,0.0,0.0,0.0,0.0,0.0,0.0,1,18,23,26,0
2119,987,128,1,0.0,0.0,0.0,1,0.0,0.0,0.0,0.0,0.0,0.0,0.0,0.0,0.0,1,15,18,9,0
2120,187,1,1,0.0,0.0,0.0,0.0,1,0.0,0.0,0.0,0.0,0.0,0.0,0.0,0.0,1,20,26,7,0
2121,619,78,1,0.0,0.0,0.0,0.0,0.0,1,0.0,0.0,1,0.0,0.0,0.0,0.0,0.0,11,2,19,0
2122,727,182,0.0,1,0.0,0.0,1,0.0,0.0,0.0,0.0,0.0,1,0.0,0.0,0.0,0.0,9,15,1,0
2123,454,134,0.0,0.0,1,0.0,0.0,0.0,1,0.0,0.0,1,0.0,0.0,0.0,0.0,0.0,16,3,10,0
2124,375,81,0.0,1,0.0,0.0,1,0.0,0.0,0.0,0.0,0.0,0.0,0.0,0.0,1,0.0,22,3,3,0
2125,185,153,1,0.0,0.0,0.0,0.0,0.0,0.0,0.0,1,0.0,0.0,0.0,1,0.0,0.0,22,22,8,0
2126,851,164,0.0,0.0,0.0,1,0.0,0.0,0.0,1,0.0,0.0,1,0.0,0.0,0.0,0.0,18,1,10,0
2127,94,114,0.0,1,0.0,0.0,0.0,0.0,1,0.0,0.0,0.0,1,0.0,0.0,0.0,0.0,22,18,11,0
2128,595,84,1,0.0,0.0,0.0,0.0,0.0,0.0,1,0.0,0.0,1,0.0,0.0,0.0,0.0,13,20,29,0
2129,433,165,0.0,0.0,1,0.0,0.0,0.0,0.0,0.0,1,1,0.0,0.0,0.0,0.0,0.0,23,26,2,0
2130,530,119,0.0,0.0,0.0,1,0.0,0.0,0.0,1,0.0,0.0,0.0,0.0,1,0.0,0.0,23,1,9,0
2131,38,98,1,0.0,0.0,0.0,0.0,0.0,1,0.0,0.0,0.0,0.0,0.0,0.0,1,0.0,22,14,24,0
2132,619,125,0.0,0.0,1,0.0,0.0,0.0,0.0,1,0.0,0.0,0.0,0.0,0.0,0.0,1,21,22,26,0
2133,510,174,0.0,0.0,0.0,1,0.0,0.0,0.0,0.0,1,0.0,0.0,0.0,1,0.0,0.0,19,21,0,0
2134,652,180,0.0,0.0,0.0,1,0.0,0.0,1,0.0,0.0,0.0,0.0,0.0,0.0,1,0.0,16,19,26,0
2135,96,31,0.0,0.0,0.0,1,0.0,0.0,1,0.0,0.0,0.0,0.0,0.0,0.0,0.0,1,23,13,20,0
2136,328,81,0.0,0.0,1,0.0,0.0,0.0,1,0.0,0.0,0.0,0.0,0.0,0.0,0.0,1,22,8,0,0
2137,489,55,0.0,0.0,0.0,1,0.0,0.0,0.0,0.0,1,0.0,0.0,0.0,1,0.0,0.0,7,6,11,0
2138,934,1,0.0,0.0,0.0,1,1,0.0,0.0,0.0,0.0,0.0,0.0,0.0,1,0.0,0.0,11,19,19,0
2139,532,30,0.0,0.0,0.0,1,1,0.0,0.0,0.0,0.0,0.0,1,0.0,0.0,0.0,0.0,7,22,21,0
2140,497,192,0.0,0.0,0.0,1,0.0,1,0.0,0.0,0.0,0.0,1,0.0,0.0,0.0,0.0,20,22,28,0
2141,867,60,0.0,0.0,0.0,1,0.0,0.0,0.0,1,0.0,0.0,0.0,0.0,0.0,1,0.0,16,3,21,0
2142,315,157,0.0,0.0,1,0.0,1,0.0,0.0,0.0,0.0,0.0,0.0,0.0,0.0,1,0.0,22,8,25,0
2143,412,2389,0.0,1,0.0,0.0,1,0.0,0.0,0.0,0.0,0.0,1,0.0,0.0,0.0,0.0,19,99,78,1
2144,343,67,1,0.0,0.0,0.0,0.0,0.0,0.0,1,0.0,0.0,0.0,0.0,0.0,0.0,1,21,15,0,0
2145,138,98,0.0,0.0,0.0,1,0.0,1,0.0,0.0,0.0,0.0,0.0,0.0,0.0,1,0.0,23,21,11,0
2146,276,75,0.0,0.0,0.0,1,0.0,0.0,1,0.0,0.0,0.0,1,0.0,0.0,0.0,0.0,17,4,28,0
2147,720,49,0.0,0.0,0.0,1,0.0,0.0,0.0,0.0,1,0.0,0.0,0.0,1,0.0,0.0,8,12,3,0
2148,792,100,0.0,1,0.0,0.0,0.0,0.0,1,0.0,0.0,0.0,0.0,0.0,0.0,0.0,1,10,0,8,0
2149,42,70,0.0,0.0,1,0.0,1,0.0,0.0,0.0,0.0,1,0.0,0.0,0.0,0.0,0.0,12,5,2,0
2150,188,61,1,0.0,0.0,0.0,0.0,0.0,0.0,1,0.0,1,0.0,0.0,0.0,0.0,0.0,16,21,20,0
2151,19,58,0.0,0.0,1,0.0,0.0,0.0,0.0,0.0,1,0.0,1,0.0,0.0,0.0,0.0,13,18,9,0
2152,333,2,1,0.0,0.0,0.0,1,0.0,0.0,0.0,0.0,0.0,1,0.0,0.0,0.0,0.0,19,14,0,0
2153,8,39,0.0,0.0,0.0,1,0.0,0.0,1,0.0,0.0,0.0,0.0,0.0,1,0.0,0.0,7,0,25,0
2154,814,52,1,0.0,0.0,0.0,0.0,0.0,1,0.0,0.0,0.0,1,0.0,0.0,0.0,0.0,17,2,27,0
2155,357,1,0.0,0.0,0.0,1,0.0,0.0,0.0,1,0.0,0.0,0.0,0.0,0.0,1,0.0,11,7,4,0
2156,478,124,0.0,1,0.0,0.0,0.0,0.0,0.0,0.0,1,0.0,0.0,0.0,0.0,0.0,1,21,19,23,0
2157,86,103,0.0,1,0.0,0.0,0.0,0.0,0.0,1,0.0,1,0.0,0.0,0.0,0.0,0.0,9,18,19,0
2158,662,115,1,0.0,0.0,0.0,1,0.0,0.0,0.0,0.0,0.0,1,0.0,0.0,0.0,0.0,6,4,6,0
2159,8,125,1,0.0,0.0,0.0,0.0,0.0,0.0,1,0.0,0.0,1,0.0,0.0,0.0,0.0,19,28,19,0
2160,852,190,0.0,0.0,0.0,1,1,0.0,0.0,0.0,0.0,0.0,0.0,0.0,0.0,0.0,1,12,1,19,0
2161,696,117,0.0,0.0,0.0,1,0.0,0.0,1,0.0,0.0,0.0,1,0.0,0.0,0.0,0.0,19,23,26,0
2162,585,11,1,0.0,0.0,0.0,0.0,0.0,0.0,1,0.0,0.0,0.0,0.0,0.0,0.0,1,6,4,29,0
2163,370,125,1,0.0,0.0,0.0,0.0,0.0,1,0.0,0.0,0.0,0.0,0.0,1,0.0,0.0,22,24,8,0
2164,992,1,0.0,0.0,0.0,1,0.0,0.0,0.0,0.0,1,1,0.0,0.0,0.0,0.0,0.0,11,8,17,0
2165,865,22,0.0,0.0,0.0,1,0.0,1,0.0,0.0,0.0,0.0,0.0,0.0,0.0,0.0,1,2,80,85,1
2166,248,48,1,0.0,0.0,0.0,0.0,1,0.0,0.0,0.0,0.0,0.0,0.0,0.0,0.0,1,14,10,11,0
2167,912,131,0.0,1,0.0,0.0,0.0,0.0,1,0.0,0.0,0.0,0.0,0.0,1,0.0,0.0,6,19,7,0
2168,160,123,0.0,1,0.0,0.0,0.0,0.0,1,0.0,0.0,1,0.0,0.0,0.0,0.0,0.0,22,19,15,0
2169,793,43,0.0,0.0,1,0.0,0.0,1,0.0,0.0,0.0,0.0,0.0,0.0,0.0,0.0,1,8,0,11,0
2170,882,116,0.0,0.0,0.0,1,0.0,1,0.0,0.0,0.0,0.0,0.0,0.0,1,0.0,0.0,19,3,0,0
2171,72,100,1,0.0,0.0,0.0,0.0,0.0,1,0.0,0.0,1,0.0,0.0,0.0,0.0,0.0,18,2,8,0
2172,96,104,0.0,0.0,1,0.0,0.0,1,0.0,0.0,0.0,0.0,0.0,0.0,0.0,0.0,1,12,16,4,0
2173,310,42,1,0.0,0.0,0.0,1,0.0,0.0,0.0,0.0,0.0,0.0,0.0,0.0,1,0.0,9,8,10,0
2174,250,105,0.0,0.0,0.0,1,0.0,1,0.0,0.0,0.0,0.0,0.0,0.0,0.0,0.0,1,7,16,9,0
2175,757,199,0.0,0.0,0.0,1,0.0,0.0,1,0.0,0.0,0.0,1,0.0,0.0,0.0,0.0,16,6,7,0
2176,93,118,0.0,1,0.0,0.0,1,0.0,0.0,0.0,0.0,0.0,0.0,0.0,0.0,0.0,1,7,28,9,0
2177,371,160,0.0,0.0,0.0,1,0.0,0.0,1,0.0,0.0,0.0,0.0,0.0,1,0.0,0.0,18,7,12,0
2178,92,148,1,0.0,0.0,0.0,1,0.0,0.0,0.0,0.0,0.0,0.0,0.0,0.0,1,0.0,14,22,4,0
2179,581,29,0.0,0.0,1,0.0,1,0.0,0.0,0.0,0.0,0.0,0.0,0.0,0.0,1,0.0,8,2,14,0
2180,731,80,1,0.0,0.0,0.0,0.0,0.0,1,0.0,0.0,0.0,0.0,0.0,0.0,0.0,1,12,6,6,0
2181,980,22,0.0,0.0,0.0,1,0.0,0.0,0.0,1,0.0,0.0,0.0,0.0,0.0,0.0,1,4,96,88,1
2182,235,109,0.0,1,0.0,0.0,1,0.0,0.0,0.0,0.0,0.0,1,0.0,0.0,0.0,0.0,20,2,15,0
2183,922,87,1,0.0,0.0,0.0,0.0,1,0.0,0.0,0.0,0.0,0.0,0.0,1,0.0,0.0,17,25,8,0
2184,576,108,0.0,0.0,0.0,1,0.0,0.0,1,0.0,0.0,0.0,0.0,0.0,0.0,0.0,1,21,3,22,0
2185,166,67,1,0.0,0.0,0.0,1,0.0,0.0,0.0,0.0,0.0,0.0,0.0,0.0,1,0.0,17,7,15,0
2186,702,128,0.0,0.0,0.0,1,0.0,0.0,1,0.0,0.0,0.0,1,0.0,0.0,0.0,0.0,14,19,12,0
2187,589,232,0.0,0.0,1,0.0,0.0,0.0,1,0.0,0.0,0.0,1,0.0,0.0,0.0,0.0,21,26,25,0
2188,35,181,0.0,0.0,0.0,1,0.0,0.0,0.0,1,0.0,0.0,0.0,0.0,0.0,0.0,1,19,3,6,0
2189,414,151,0.0,0.0,1,0.0,0.0,1,0.0,0.0,0.0,0.0,1,0.0,0.0,0.0,0.0,16,6,24,0
2190,248,1659,0.0,0.0,0.0,1,0.0,0.0,1,0.0,0.0,1,0.0,0.0,0.0,0.0,0.0,16,86,99,1
2191,656,160,0.0,0.0,0.0,1,0.0,0.0,0.0,0.0,1,0.0,0.0,0.0,0.0,0.0,1,19,28,11,0
2192,518,122,0.0,0.0,1,0.0,1,0.0,0.0,0.0,0.0,1,0.0,0.0,0.0,0.0,0.0,21,9,25,0
2193,824,72,0.0,0.0,1,0.0,1,0.0,0.0,0.0,0.0,1,0.0,0.0,0.0,0.0,0.0,18,20,18,0
2194,433,64,0.0,0.0,1,0.0,0.0,0.0,0.0,0.0,1,0.0,0.0,0.0,1,0.0,0.0,7,4,8,0
2195,994,73,1,0.0,0.0,0.0,0.0,0.0,0.0,0.0,1,0.0,1,0.0,0.0,0.0,0.0,10,22,23,0
2196,582,72,0.0,0.0,1,0.0,0.0,0.0,0.0,1,0.0,1,0.0,0.0,0.0,0.0,0.0,17,15,15,0
2197,328,121,1,0.0,0.0,0.0,0.0,1,0.0,0.0,0.0,1,0.0,0.0,0.0,0.0,0.0,15,28,16,0
2198,958,733,0.0,1,0.0,0.0,0.0,0.0,0.0,1,0.0,0.0,0.0,0.0,1,0.0,0.0,17,92,89,1
2199,698,150,0.0,0.0,0.0,1,0.0,0.0,0.0,1,0.0,1,0.0,0.0,0.0,0.0,0.0,10,2,13,0
2200,290,81,0.0,1,0.0,0.0,0.0,1,0.0,0.0,0.0,0.0,1,0.0,0.0,0.0,0.0,17,22,29,0
2201,588,127,0.0,0.0,1,0.0,1,0.0,0.0,0.0,0.0,0.0,0.0,0.0,0.0,1,0.0,21,18,18,0
2202,495,18,0.0,0.0,0.0,1,0.0,0.0,0.0,0.0,1,0.0,0.0,0.0,0.0,0.0,1,9,18,17,0
2203,802,184,0.0,0.0,1,0.0,0.0,1,0.0,0.0,0.0,0.0,0.0,0.0,1,0.0,0.0,10,3,23,0
2204,767,65,1,0.0,0.0,0.0,0.0,0.0,1,0.0,0.0,0.0,1,0.0,0.0,0.0,0.0,20,7,28,0
2205,719,103,0.0,0.0,0.0,1,0.0,1,0.0,0.0,0.0,0.0,0.0,0.0,0.0,1,0.0,9,18,19,0
2206,208,116,0.0,1,0.0,0.0,0.0,1,0.0,0.0,0.0,0.0,0.0,0.0,0.0,0.0,1,9,6,24,0
2207,553,39,0.0,0.0,0.0,1,0.0,0.0,1,0.0,0.0,1,0.0,0.0,0.0,0.0,0.0,17,27,20,0
2208,890,14,0.0,1,0.0,0.0,0.0,1,0.0,0.0,0.0,0.0,0.0,0.0,0.0,0.0,1,16,26,18,0
2209,24,113,0.0,1,0.0,0.0,0.0,0.0,1,0.0,0.0,1,0.0,0.0,0.0,0.0,0.0,9,10,18,0
2210,140,132,1,0.0,0.0,0.0,0.0,0.0,0.0,1,0.0,0.0,1,0.0,0.0,0.0,0.0,22,3,15,0
2211,30,135,1,0.0,0.0,0.0,0.0,0.0,0.0,0.0,1,0.0,0.0,0.0,0.0,1,0.0,19,17,0,0
2212,90,192,1,0.0,0.0,0.0,0.0,0.0,0.0,1,0.0,0.0,0.0,0.0,0.0,0.0,1,17,29,0,0
2213,674,93,0.0,0.0,0.0,1,0.0,0.0,0.0,0.0,1,0.0,0.0,0.0,0.0,0.0,1,17,28,16,0
2214,993,150,0.0,1,0.0,0.0,0.0,1,0.0,0.0,0.0,1,0.0,0.0,0.0,0.0,0.0,11,28,4,0
2215,615,110,0.0,1,0.0,0.0,0.0,0.0,1,0.0,0.0,0.0,0.0,0.0,0.0,0.0,1,22,25,4,0
2216,110,104,0.0,1,0.0,0.0,0.0,0.0,0.0,1,0.0,0.0,0.0,0.0,0.0,0.0,1,23,14,6,0
2217,204,91,1,0.0,0.0,0.0,0.0,1,0.0,0.0,0.0,0.0,0.0,0.0,1,0.0,0.0,19,19,5,0
2218,214,90,0.0,0.0,0.0,1,0.0,0.0,1,0.0,0.0,0.0,0.0,0.0,1,0.0,0.0,13,14,11,0
2219,148,23,0.0,1,0.0,0.0,1,0.0,0.0,0.0,0.0,0.0,0.0,0.0,1,0.0,0.0,23,5,14,0
2220,773,2016,0.0,0.0,1,0.0,0.0,0.0,0.0,1,0.0,0.0,0.0,0.0,1,0.0,0.0,18,99,70,1
2221,515,94,0.0,0.0,1,0.0,0.0,0.0,0.0,1,0.0,0.0,1,0.0,0.0,0.0,0.0,20,16,20,0
2222,494,40,0.0,1,0.0,0.0,0.0,0.0,1,0.0,0.0,0.0,1,0.0,0.0,0.0,0.0,11,27,3,0
2223,654,105,1,0.0,0.0,0.0,0.0,0.0,0.0,0.0,1,0.0,0.0,0.0,0.0,0.0,1,9,0,26,0
2224,516,88,1,0.0,0.0,0.0,1,0.0,0.0,0.0,0.0,0.0,0.0,0.0,0.0,0.0,1,16,15,8,0
2225,628,160,0.0,1,0.0,0.0,1,0.0,0.0,0.0,0.0,0.0,1,0.0,0.0,0.0,0.0,13,0,16,0
2226,822,149,1,0.0,0.0,0.0,1,0.0,0.0,0.0,0.0,1,0.0,0.0,0.0,0.0,0.0,14,24,23,0
2227,38,60,1,0.0,0.0,0.0,0.0,1,0.0,0.0,0.0,1,0.0,0.0,0.0,0.0,0.0,20,13,21,0
2228,68,159,0.0,0.0,0.0,1,0.0,0.0,0.0,0.0,1,0.0,0.0,0.0,0.0,1,0.0,10,3,17,0
2229,294,189,0.0,0.0,0.0,1,0.0,0.0,0.0,0.0,1,1,0.0,0.0,0.0,0.0,0.0,20,28,26,0
2230,103,65,1,0.0,0.0,0.0,0.0,1,0.0,0.0,0.0,0.0,0.0,0.0,1,0.0,0.0,7,7,11,0
2231,780,162,1,0.0,0.0,0.0,0.0,1,0.0,0.0,0.0,1,0.0,0.0,0.0,0.0,0.0,10,18,7,0
2232,564,141,1,0.0,0.0,0.0,0.0,0.0,1,0.0,0.0,0.0,0.0,0.0,1,0.0,0.0,17,12,10,0
2233,174,201,1,0.0,0.0,0.0,1,0.0,0.0,0.0,0.0,0.0,0.0,0.0,0.0,0.0,1,22,0,10,0
2234,275,74,0.0,0.0,1,0.0,0.0,0.0,1,0.0,0.0,0.0,0.0,0.0,1,0.0,0.0,13,6,19,0
2235,825,134,0.0,1,0.0,0.0,1,0.0,0.0,0.0,0.0,0.0,1,0.0,0.0,0.0,0.0,8,21,15,0
2236,441,101,0.0,0.0,1,0.0,0.0,0.0,0.0,1,0.0,1,0.0,0.0,0.0,0.0,0.0,7,19,14,0
2237,329,49,0.0,1,0.0,0.0,1,0.0,0.0,0.0,0.0,0.0,1,0.0,0.0,0.0,0.0,20,23,10,0
2238,335,187,0.0,0.0,1,0.0,0.0,0.0,0.0,1,0.0,1,0.0,0.0,0.0,0.0,0.0,19,7,18,0
2239,415,143,0.0,1,0.0,0.0,0.0,0.0,0.0,1,0.0,0.0,0.0,0.0,0.0,0.0,1,17,12,20,0
2240,227,117,0.0,0.0,1,0.0,1,0.0,0.0,0.0,0.0,0.0,0.0,0.0,0.0,1,0.0,9,27,16,0
2241,467,116,1,0.0,0.0,0.0,0.0,0.0,0.0,0.0,1,1,0.0,0.0,0.0,0.0,0.0,22,22,16,0
2242,428,204,1,0.0,0.0,0.0,0.0,1,0.0,0.0,0.0,0.0,0.0,0.0,0.0,0.0,1,18,0,8,0
2243,214,71,0.0,0.0,0.0,1,0.0,0.0,0.0,0.0,1,1,0.0,0.0,0.0,0.0,0.0,16,24,4,0
2244,718,125,0.0,0.0,0.0,1,1,0.0,0.0,0.0,0.0,1,0.0,0.0,0.0,0.0,0.0,14,29,20,0
2245,528,913,1,0.0,0.0,0.0,0.0,0.0,0.0,1,0.0,0.0,0.0,0.0,0.0,1,0.0,18,96,76,1
2246,760,128,0.0,1,0.0,0.0,0.0,0.0,1,0.0,0.0,0.0,1,0.0,0.0,0.0,0.0,13,12,5,0
2247,272,73,1,0.0,0.0,0.0,0.0,1,0.0,0.0,0.0,0.0,0.0,0.0,0.0,1,0.0,23,6,16,0
2248,985,126,0.0,0.0,1,0.0,0.0,1,0.0,0.0,0.0,1,0.0,0.0,0.0,0.0,0.0,20,24,10,0
2249,335,110,0.0,0.0,0.0,1,1,0.0,0.0,0.0,0.0,1,0.0,0.0,0.0,0.0,0.0,8,19,22,0
2250,443,63,0.0,1,0.0,0.0,0.0,0.0,0.0,1,0.0,0.0,0.0,0.0,0.0,1,0.0,21,1,11,0
2251,215,41,0.0,1,0.0,0.0,0.0,0.0,1,0.0,0.0,0.0,0.0,0.0,0.0,0.0,1,17,9,2,0
2252,937,1271,0.0,0.0,0.0,1,0.0,1,0.0,0.0,0.0,0.0,1,0.0,0.0,0.0,0.0,7,73,92,1
2253,182,200,1,0.0,0.0,0.0,1,0.0,0.0,0.0,0.0,1,0.0,0.0,0.0,0.0,0.0,19,13,22,0
2254,767,49,0.0,0.0,0.0,1,1,0.0,0.0,0.0,0.0,0.0,0.0,0.0,0.0,1,0.0,16,17,15,0
2255,588,107,0.0,0.0,0.0,1,0.0,0.0,0.0,1,0.0,0.0,1,0.0,0.0,0.0,0.0,7,25,7,0
2256,52,151,0.0,0.0,1,0.0,0.0,0.0,0.0,1,0.0,0.0,1,0.0,0.0,0.0,0.0,11,10,15,0
2257,78,41,0.0,0.0,1,0.0,0.0,0.0,0.0,0.0,1,0.0,1,0.0,0.0,0.0,0.0,12,10,0,0
2258,989,79,0.0,0.0,1,0.0,0.0,0.0,0.0,1,0.0,0.0,0.0,0.0,1,0.0,0.0,15,10,0,0
2259,679,164,0.0,0.0,0.0,1,1,0.0,0.0,0.0,0.0,0.0,0.0,0.0,0.0,1,0.0,21,12,3,0
2260,188,129,0.0,0.0,0.0,1,0.0,0.0,0.0,0.0,1,0.0,0.0,0.0,1,0.0,0.0,11,8,1,0
2261,172,87,0.0,1,0.0,0.0,0.0,1,0.0,0.0,0.0,0.0,0.0,0.0,0.0,1,0.0,15,2,29,0
2262,631,155,0.0,0.0,1,0.0,1,0.0,0.0,0.0,0.0,0.0,1,0.0,0.0,0.0,0.0,7,5,23,0
2263,984,158,0.0,1,0.0,0.0,0.0,1,0.0,0.0,0.0,0.0,1,0.0,0.0,0.0,0.0,10,14,16,0
2264,282,129,1,0.0,0.0,0.0,0.0,0.0,1,0.0,0.0,0.0,0.0,0.0,1,0.0,0.0,8,5,5,0
2265,914,123,1,0.0,0.0,0.0,0.0,1,0.0,0.0,0.0,0.0,0.0,0.0,0.0,0.0,1,22,6,25,0
2266,128,167,0.0,0.0,0.0,1,0.0,0.0,0.0,1,0.0,0.0,0.0,0.0,0.0,0.0,1,18,24,25,0
2267,283,111,0.0,0.0,0.0,1,0.0,0.0,1,0.0,0.0,1,0.0,0.0,0.0,0.0,0.0,18,0,13,0
2268,550,73,0.0,1,0.0,0.0,1,0.0,0.0,0.0,0.0,0.0,0.0,0.0,0.0,0.0,1,21,0,20,0
2269,979,112,0.0,1,0.0,0.0,0.0,0.0,0.0,0.0,1,1,0.0,0.0,0.0,0.0,0.0,16,2,4,0
2270,753,98,0.0,0.0,0.0,1,1,0.0,0.0,0.0,0.0,0.0,0.0,0.0,1,0.0,0.0,19,16,28,0
2271,485,59,0.0,1,0.0,0.0,0.0,0.0,1,0.0,0.0,0.0,0.0,0.0,1,0.0,0.0,11,26,16,0
2272,313,128,0.0,0.0,1,0.0,1,0.0,0.0,0.0,0.0,0.0,0.0,0.0,0.0,1,0.0,7,0,8,0
2273,252,208,0.0,0.0,1,0.0,0.0,0.0,1,0.0,0.0,0.0,0.0,0.0,1,0.0,0.0,11,11,11,0
2274,560,76,0.0,0.0,1,0.0,0.0,1,0.0,0.0,0.0,0.0,0.0,0.0,0.0,1,0.0,6,23,26,0
2275,379,119,0.0,1,0.0,0.0,0.0,1,0.0,0.0,0.0,0.0,0.0,0.0,1,0.0,0.0,13,7,1,0
2276,458,63,0.0,0.0,1,0.0,0.0,0.0,0.0,0.0,1,0.0,0.0,0.0,0.0,0.0,1,10,14,25,0
2277,284,119,0.0,1,0.0,0.0,0.0,0.0,0.0,1,0.0,0.0,0.0,0.0,0.0,0.0,1,9,11,1,0
2278,388,85,0.0,0.0,0.0,1,0.0,1,0.0,0.0,0.0,0.0,1,0.0,0.0,0.0,0.0,7,13,0,0
2279,880,166,0.0,0.0,0.0,1,1,0.0,0.0,0.0,0.0,0.0,0.0,0.0,1,0.0,0.0,10,14,26,0
2280,953,119,0.0,0.0,1,0.0,0.0,0.0,0.0,1,0.0,0.0,1,0.0,0.0,0.0,0.0,14,3,15,0
2281,855,112,1,0.0,0.0,0.0,0.0,0.0,0.0,1,0.0,1,0.0,0.0,0.0,0.0,0.0,6,26,8,0
2282,908,112,0.0,1,0.0,0.0,1,0.0,0.0,0.0,0.0,0.0,0.0,0.0,0.0,1,0.0,19,13,12,0
2283,437,72,0.0,0.0,0.0,1,0.0,0.0,0.0,1,0.0,0.0,0.0,0.0,0.0,0.0,1,13,23,12,0
2284,82,204,1,0.0,0.0,0.0,0.0,0.0,0.0,0.0,1,1,0.0,0.0,0.0,0.0,0.0,22,5,22,0
2285,913,96,0.0,0.0,1,0.0,1,0.0,0.0,0.0,0.0,1,0.0,0.0,0.0,0.0,0.0,12,4,18,0
2286,618,149,0.0,1,0.0,0.0,0.0,0.0,0.0,1,0.0,0.0,0.0,0.0,1,0.0,0.0,21,14,11,0
2287,779,77,0.0,1,0.0,0.0,1,0.0,0.0,0.0,0.0,0.0,1,0.0,0.0,0.0,0.0,9,17,14,0
2288,663,66,0.0,0.0,0.0,1,1,0.0,0.0,0.0,0.0,0.0,0.0,0.0,1,0.0,0.0,16,1,20,0
2289,351,84,0.0,1,0.0,0.0,0.0,1,0.0,0.0,0.0,1,0.0,0.0,0.0,0.0,0.0,10,23,12,0
2290,18,36,0.0,1,0.0,0.0,0.0,1,0.0,0.0,0.0,0.0,0.0,0.0,0.0,1,0.0,17,14,25,0
2291,857,144,0.0,1,0.0,0.0,0.0,0.0,0.0,1,0.0,0.0,0.0,0.0,0.0,1,0.0,21,10,12,0
2292,21,32,0.0,0.0,0.0,1,0.0,1,0.0,0.0,0.0,0.0,0.0,0.0,0.0,0.0,1,17,10,13,0
2293,204,62,0.0,1,0.0,0.0,1,0.0,0.0,0.0,0.0,0.0,1,0.0,0.0,0.0,0.0,18,2,14,0
2294,253,131,0.0,0.0,0.0,1,1,0.0,0.0,0.0,0.0,0.0,1,0.0,0.0,0.0,0.0,17,21,22,0
2295,30,56,0.0,0.0,0.0,1,0.0,0.0,0.0,1,0.0,0.0,1,0.0,0.0,0.0,0.0,17,16,3,0
2296,55,120,0.0,0.0,1,0.0,0.0,0.0,1,0.0,0.0,1,0.0,0.0,0.0,0.0,0.0,7,7,22,0
2297,9,91,0.0,1,0.0,0.0,0.0,0.0,0.0,1,0.0,0.0,0.0,0.0,1,0.0,0.0,22,18,20,0
2298,800,106,0.0,0.0,1,0.0,0.0,0.0,1,0.0,0.0,0.0,0.0,0.0,0.0,1,0.0,22,19,19,0
2299,806,69,1,0.0,0.0,0.0,0.0,0.0,1,0.0,0.0,0.0,0.0,0.0,1,0.0,0.0,6,9,20,0
2300,973,158,0.0,1,0.0,0.0,1,0.0,0.0,0.0,0.0,1,0.0,0.0,0.0,0.0,0.0,6,4,11,0
2301,119,146,0.0,0.0,0.0,1,0.0,1,0.0,0.0,0.0,0.0,0.0,0.0,1,0.0,0.0,8,15,25,0
2302,29,98,0.0,0.0,1,0.0,0.0,0.0,1,0.0,0.0,0.0,0.0,0.0,0.0,1,0.0,13,9,12,0
2303,414,89,0.0,1,0.0,0.0,0.0,1,0.0,0.0,0.0,0.0,0.0,0.0,0.0,1,0.0,12,25,5,0
2304,155,38,0.0,1,0.0,0.0,0.0,1,0.0,0.0,0.0,0.0,0.0,0.0,0.0,1,0.0,8,24,26,0
2305,189,101,0.0,1,0.0,0.0,1,0.0,0.0,0.0,0.0,1,0.0,0.0,0.0,0.0,0.0,9,14,5,0
2306,378,97,0.0,0.0,0.0,1,0.0,0.0,0.0,0.0,1,0.0,0.0,0.0,0.0,1,0.0,20,21,29,0
2307,370,108,0.0,0.0,1,0.0,1,0.0,0.0,0.0,0.0,1,0.0,0.0,0.0,0.0,0.0,19,26,10,0
2308,768,14,0.0,1,0.0,0.0,0.0,0.0,0.0,0.0,1,0.0,0.0,0.0,1,0.0,0.0,12,23,3,0
2309,393,116,1,0.0,0.0,0.0,0.0,1,0.0,0.0,0.0,1,0.0,0.0,0.0,0.0,0.0,6,8,2,0
2310,243,2665,0.0,0.0,1,0.0,1,0.0,0.0,0.0,0.0,0.0,1,0.0,0.0,0.0,0.0,4,99,73,1
2311,287,138,0.0,0.0,1,0.0,0.0,1,0.0,0.0,0.0,0.0,0.0,0.0,0.0,1,0.0,22,19,25,0
2312,818,4178,1,0.0,0.0,0.0,0.0,0.0,1,0.0,0.0,0.0,0.0,0.0,0.0,1,0.0,4,90,87,1
2313,138,123,1,0.0,0.0,0.0,0.0,0.0,0.0,1,0.0,1,0.0,0.0,0.0,0.0,0.0,13,3,1,0
2314,323,28,0.0,0.0,1,0.0,0.0,0.0,1,0.0,0.0,0.0,0.0,0.0,0.0,0.0,1,15,16,5,0
2315,903,57,0.0,1,0.0,0.0,0.0,0.0,1,0.0,0.0,0.0,0.0,0.0,0.0,1,0.0,16,23,25,0
2316,625,64,0.0,1,0.0,0.0,0.0,1,0.0,0.0,0.0,1,0.0,0.0,0.0,0.0,0.0,7,10,16,0
2317,38,58,0.0,1,0.0,0.0,1,0.0,0.0,0.0,0.0,0.0,0.0,0.0,0.0,1,0.0,20,5,29,0
2318,389,17,1,0.0,0.0,0.0,0.0,0.0,0.0,1,0.0,0.0,0.0,0.0,0.0,0.0,1,8,27,6,0
2319,663,114,0.0,0.0,0.0,1,0.0,0.0,0.0,1,0.0,0.0,0.0,0.0,0.0,0.0,1,20,5,28,0
2320,215,65,0.0,0.0,0.0,1,1,0.0,0.0,0.0,0.0,0.0,0.0,0.0,0.0,0.0,1,18,7,17,0
2321,548,116,1,0.0,0.0,0.0,0.0,0.0,0.0,1,0.0,0.0,0.0,0.0,1,0.0,0.0,12,17,25,0
2322,183,73,0.0,0.0,0.0,1,0.0,1,0.0,0.0,0.0,0.0,0.0,0.0,1,0.0,0.0,15,25,22,0
2323,479,165,0.0,0.0,1,0.0,0.0,0.0,0.0,0.0,1,0.0,0.0,0.0,1,0.0,0.0,6,24,21,0
2324,939,49,0.0,1,0.0,0.0,0.0,0.0,0.0,0.0,1,0.0,0.0,0.0,0.0,0.0,1,11,13,24,0
2325,334,113,1,0.0,0.0,0.0,1,0.0,0.0,0.0,0.0,0.0,1,0.0,0.0,0.0,0.0,21,22,24,0
2326,515,79,0.0,0.0,1,0.0,1,0.0,0.0,0.0,0.0,0.0,1,0.0,0.0,0.0,0.0,23,3,6,0
2327,755,6,1,0.0,0.0,0.0,0.0,1,0.0,0.0,0.0,0.0,0.0,0.0,1,0.0,0.0,10,29,19,0
2328,270,80,0.0,1,0.0,0.0,0.0,0.0,0.0,0.0,1,0.0,0.0,0.0,1,0.0,0.0,7,4,13,0
2329,38,99,1,0.0,0.0,0.0,0.0,0.0,0.0,1,0.0,0.0,0.0,0.0,1,0.0,0.0,10,1,10,0
2330,280,157,0.0,1,0.0,0.0,0.0,0.0,0.0,1,0.0,1,0.0,0.0,0.0,0.0,0.0,20,22,17,0
2331,48,15,0.0,1,0.0,0.0,0.0,1,0.0,0.0,0.0,0.0,1,0.0,0.0,0.0,0.0,12,21,11,0
2332,54,31,1,0.0,0.0,0.0,0.0,0.0,1,0.0,0.0,0.0,1,0.0,0.0,0.0,0.0,8,18,17,0
2333,898,151,0.0,0.0,1,0.0,0.0,1,0.0,0.0,0.0,0.0,1,0.0,0.0,0.0,0.0,20,3,7,0
2334,523,1,0.0,1,0.0,0.0,0.0,0.0,0.0,0.0,1,1,0.0,0.0,0.0,0.0,0.0,18,20,29,0
2335,787,105,0.0,1,0.0,0.0,1,0.0,0.0,0.0,0.0,0.0,0.0,0.0,0.0,0.0,1,12,0,19,0
2336,933,150,1,0.0,0.0,0.0,0.0,0.0,0.0,0.0,1,0.0,0.0,0.0,0.0,1,0.0,17,6,13,0
2337,685,217,0.0,0.0,0.0,1,1,0.0,0.0,0.0,0.0,1,0.0,0.0,0.0,0.0,0.0,8,17,12,0
2338,55,109,0.0,0.0,1,0.0,0.0,0.0,0.0,0.0,1,0.0,0.0,0.0,0.0,0.0,1,16,2,12,0
2339,389,30,0.0,0.0,1,0.0,0.0,0.0,0.0,0.0,1,0.0,0.0,0.0,0.0,0.0,1,7,9,20,0
2340,850,58,0.0,0.0,1,0.0,0.0,1,0.0,0.0,0.0,1,0.0,0.0,0.0,0.0,0.0,6,10,5,0
2341,933,142,1,0.0,0.0,0.0,0.0,1,0.0,0.0,0.0,0.0,0.0,0.0,0.0,1,0.0,23,5,1,0
2342,293,101,1,0.0,0.0,0.0,0.0,0.0,1,0.0,0.0,0.0,1,0.0,0.0,0.0,0.0,16,19,4,0
2343,409,99,0.0,1,0.0,0.0,0.0,0.0,1,0.0,0.0,0.0,0.0,0.0,1,0.0,0.0,6,23,1,0
2344,824,173,0.0,0.0,0.0,1,0.0,0.0,0.0,1,0.0,0.0,0.0,0.0,1,0.0,0.0,7,2,6,0
2345,650,90,0.0,0.0,0.0,1,0.0,0.0,1,0.0,0.0,0.0,0.0,0.0,0.0,0.0,1,13,13,7,0
2346,375,104,0.0,0.0,1,0.0,0.0,0.0,0.0,0.0,1,0.0,0.0,0.0,1,0.0,0.0,22,6,23,0
2347,499,120,0.0,1,0.0,0.0,0.0,1,0.0,0.0,0.0,0.0,0.0,0.0,1,0.0,0.0,11,18,15,0
2348,107,177,0.0,0.0,1,0.0,1,0.0,0.0,0.0,0.0,1,0.0,0.0,0.0,0.0,0.0,22,6,29,0
2349,266,2557,0.0,0.0,0.0,1,0.0,0.0,1,0.0,0.0,1,0.0,0.0,0.0,0.0,0.0,4,74,79,1
2350,606,53,0.0,0.0,0.0,1,0.0,0.0,1,0.0,0.0,0.0,0.0,0.0,1,0.0,0.0,17,14,15,0
2351,830,14,0.0,1,0.0,0.0,1,0.0,0.0,0.0,0.0,0.0,0.0,0.0,0.0,0.0,1,17,23,20,0
2352,860,138,0.0,0.0,1,0.0,1,0.0,0.0,0.0,0.0,0.0,0.0,0.0,0.0,1,0.0,17,15,28,0
2353,646,59,0.0,1,0.0,0.0,0.0,0.0,0.0,1,0.0,1,0.0,0.0,0.0,0.0,0.0,13,25,3,0
2354,560,158,0.0,0.0,1,0.0,0.0,1,0.0,0.0,0.0,0.0,0.0,0.0,0.0,0.0,1,23,23,29,0
2355,441,1,0.0,0.0,0.0,1,1,0.0,0.0,0.0,0.0,0.0,1,0.0,0.0,0.0,0.0,14,22,29,0
2356,432,38,0.0,1,0.0,0.0,0.0,0.0,0.0,0.0,1,1,0.0,0.0,0.0,0.0,0.0,15,26,27,0
2357,978,171,0.0,0.0,1,0.0,0.0,0.0,0.0,1,0.0,0.0,0.0,0.0,0.0,0.0,1,18,17,26,0
2358,743,22,1,0.0,0.0,0.0,0.0,0.0,0.0,0.0,1,1,0.0,0.0,0.0,0.0,0.0,6,98,94,1
2359,952,10,0.0,1,0.0,0.0,0.0,0.0,1,0.0,0.0,0.0,0.0,0.0,1,0.0,0.0,20,81,74,1
2360,567,112,0.0,0.0,1,0.0,0.0,0.0,0.0,1,0.0,1,0.0,0.0,0.0,0.0,0.0,19,0,17,0
2361,842,19,1,0.0,0.0,0.0,1,0.0,0.0,0.0,0.0,1,0.0,0.0,0.0,0.0,0.0,21,11,19,0
2362,192,84,0.0,1,0.0,0.0,0.0,0.0,0.0,1,0.0,0.0,0.0,0.0,1,0.0,0.0,13,19,17,0
2363,889,198,1,0.0,0.0,0.0,0.0,1,0.0,0.0,0.0,0.0,0.0,0.0,0.0,1,0.0,9,4,7,0
2364,491,138,0.0,1,0.0,0.0,0.0,0.0,1,0.0,0.0,0.0,1,0.0,0.0,0.0,0.0,10,3,12,0
2365,539,97,0.0,0.0,0.0,1,0.0,0.0,1,0.0,0.0,0.0,0.0,0.0,1,0.0,0.0,13,18,2,0
2366,527,115,0.0,0.0,1,0.0,0.0,0.0,0.0,1,0.0,0.0,0.0,0.0,1,0.0,0.0,6,17,6,0
2367,209,67,0.0,0.0,0.0,1,0.0,0.0,0.0,1,0.0,1,0.0,0.0,0.0,0.0,0.0,7,20,29,0
2368,529,102,0.0,0.0,0.0,1,0.0,1,0.0,0.0,0.0,1,0.0,0.0,0.0,0.0,0.0,20,0,27,0
2369,325,71,0.0,0.0,0.0,1,0.0,0.0,0.0,1,0.0,0.0,0.0,0.0,0.0,1,0.0,15,10,29,0
2370,913,71,0.0,0.0,0.0,1,0.0,0.0,0.0,0.0,1,0.0,1,0.0,0.0,0.0,0.0,19,20,5,0
2371,753,2,0.0,0.0,0.0,1,0.0,0.0,1,0.0,0.0,1,0.0,0.0,0.0,0.0,0.0,9,16,1,0
2372,781,149,0.0,1,0.0,0.0,1,0.0,0.0,0.0,0.0,0.0,1,0.0,0.0,0.0,0.0,21,12,22,0
2373,508,118,1,0.0,0.0,0.0,0.0,0.0,0.0,1,0.0,0.0,0.0,0.0,0.0,0.0,1,16,23,9,0
2374,522,159,1,0.0,0.0,0.0,0.0,0.0,0.0,1,0.0,0.0,0.0,0.0,0.0,0.0,1,17,13,2,0
2375,697,117,1,0.0,0.0,0.0,0.0,1,0.0,0.0,0.0,0.0,0.0,0.0,0.0,0.0,1,19,13,29,0
2376,489,139,0.0,0.0,0.0,1,0.0,0.0,0.0,1,0.0,1,0.0,0.0,0.0,0.0,0.0,14,13,11,0
2377,824,145,0.0,1,0.0,0.0,0.0,0.0,0.0,0.0,1,0.0,1,0.0,0.0,0.0,0.0,18,3,7,0
2378,336,4555,0.0,0.0,0.0,1,0.0,0.0,0.0,1,0.0,1,0.0,0.0,0.0,0.0,0.0,23,84,82,1
2379,796,33,0.0,0.0,1,0.0,0.0,0.0,0.0,1,0.0,0.0,0.0,0.0,0.0,1,0.0,20,21,8,0
2380,518,1,0.0,0.0,1,0.0,0.0,0.0,1,0.0,0.0,0.0,0.0,0.0,1,0.0,0.0,17,7,17,0
2381,386,70,0.0,0.0,1,0.0,1,0.0,0.0,0.0,0.0,0.0,1,0.0,0.0,0.0,0.0,16,6,0,0
2382,731,90,0.0,0.0,1,0.0,0.0,0.0,1,0.0,0.0,0.0,1,0.0,0.0,0.0,0.0,7,13,13,0
2383,498,94,0.0,0.0,1,0.0,1,0.0,0.0,0.0,0.0,0.0,0.0,0.0,0.0,1,0.0,8,11,29,0
2384,414,109,0.0,1,0.0,0.0,1,0.0,0.0,0.0,0.0,0.0,0.0,0.0,0.0,0.0,1,10,5,25,0
2385,194,102,0.0,0.0,0.0,1,1,0.0,0.0,0.0,0.0,0.0,0.0,0.0,0.0,0.0,1,6,12,13,0
2386,52,101,0.0,0.0,1,0.0,0.0,0.0,1,0.0,0.0,0.0,0.0,0.0,1,0.0,0.0,10,4,20,0
2387,684,63,0.0,1,0.0,0.0,0.0,0.0,1,0.0,0.0,0.0,0.0,0.0,0.0,1,0.0,23,1,12,0
2388,6,110,0.0,0.0,1,0.0,0.0,0.0,1,0.0,0.0,0.0,0.0,0.0,1,0.0,0.0,10,26,22,0
2389,679,84,0.0,0.0,1,0.0,0.0,0.0,0.0,0.0,1,0.0,0.0,0.0,0.0,0.0,1,12,0,20,0
2390,870,141,1,0.0,0.0,0.0,0.0,0.0,0.0,0.0,1,0.0,0.0,0.0,1,0.0,0.0,19,4,10,0
2391,210,24,0.0,1,0.0,0.0,0.0,0.0,0.0,0.0,1,0.0,1,0.0,0.0,0.0,0.0,15,16,29,0
2392,56,1,1,0.0,0.0,0.0,1,0.0,0.0,0.0,0.0,0.0,0.0,0.0,1,0.0,0.0,17,8,9,0
2393,773,143,0.0,0.0,0.0,1,0.0,0.0,0.0,1,0.0,0.0,0.0,0.0,1,0.0,0.0,16,13,23,0
2394,133,129,0.0,0.0,1,0.0,0.0,0.0,0.0,1,0.0,0.0,0.0,0.0,1,0.0,0.0,7,29,0,0
2395,317,212,0.0,1,0.0,0.0,0.0,0.0,0.0,1,0.0,0.0,0.0,0.0,0.0,1,0.0,14,15,4,0
2396,886,223,0.0,0.0,1,0.0,0.0,0.0,1,0.0,0.0,0.0,0.0,0.0,0.0,0.0,1,9,26,25,0
2397,601,92,1,0.0,0.0,0.0,0.0,1,0.0,0.0,0.0,0.0,0.0,0.0,0.0,0.0,1,14,12,21,0
2398,521,59,0.0,0.0,1,0.0,0.0,0.0,0.0,1,0.0,0.0,0.0,0.0,0.0,0.0,1,20,7,13,0
2399,41,102,0.0,1,0.0,0.0,0.0,1,0.0,0.0,0.0,1,0.0,0.0,0.0,0.0,0.0,14,3,4,0
2400,928,62,0.0,0.0,1,0.0,0.0,0.0,0.0,1,0.0,0.0,0.0,0.0,0.0,0.0,1,16,6,27,0
2401,405,75,0.0,0.0,0.0,1,0.0,1,0.0,0.0,0.0,0.0,0.0,0.0,1,0.0,0.0,15,5,13,0
2402,620,1187,0.0,1,0.0,0.0,0.0,1,0.0,0.0,0.0,0.0,0.0,0.0,0.0,0.0,1,4,78,99,1
2403,936,42,0.0,0.0,0.0,1,1,0.0,0.0,0.0,0.0,0.0,1,0.0,0.0,0.0,0.0,21,0,1,0
2404,488,54,0.0,0.0,1,0.0,0.0,1,0.0,0.0,0.0,0.0,0.0,0.0,1,0.0,0.0,15,29,6,0
2405,714,99,0.0,1,0.0,0.0,0.0,0.0,1,0.0,0.0,0.0,0.0,0.0,0.0,0.0,1,7,21,5,0
2406,532,44,0.0,0.0,1,0.0,1,0.0,0.0,0.0,0.0,0.0,0.0,0.0,0.0,0.0,1,12,25,22,0
2407,860,5955,0.0,1,0.0,0.0,0.0,0.0,0.0,0.0,1,0.0,0.0,0.0,0.0,0.0,1,8,73,99,1
2408,220,43,0.0,0.0,1,0.0,0.0,0.0,0.0,0.0,1,0.0,0.0,0.0,0.0,0.0,1,14,23,5,0
2409,532,113,0.0,0.0,0.0,1,0.0,0.0,0.0,1,0.0,1,0.0,0.0,0.0,0.0,0.0,20,22,28,0
2410,636,134,0.0,0.0,0.0,1,1,0.0,0.0,0.0,0.0,0.0,0.0,0.0,0.0,1,0.0,9,9,1,0
2411,292,119,0.0,1,0.0,0.0,0.0,0.0,1,0.0,0.0,1,0.0,0.0,0.0,0.0,0.0,6,24,19,0
2412,877,157,1,0.0,0.0,0.0,0.0,1,0.0,0.0,0.0,0.0,0.0,0.0,0.0,1,0.0,8,6,19,0
2413,756,197,0.0,0.0,1,0.0,0.0,0.0,0.0,1,0.0,0.0,0.0,0.0,0.0,1,0.0,15,26,19,0
2414,310,81,1,0.0,0.0,0.0,1,0.0,0.0,0.0,0.0,0.0,0.0,0.0,0.0,1,0.0,20,2,25,0
2415,322,161,0.0,0.0,0.0,1,0.0,1,0.0,0.0,0.0,1,0.0,0.0,0.0,0.0,0.0,15,7,20,0
2416,928,63,0.0,0.0,0.0,1,0.0,0.0,1,0.0,0.0,0.0,0.0,0.0,0.0,1,0.0,13,0,16,0
2417,180,105,0.0,1,0.0,0.0,0.0,0.0,0.0,1,0.0,0.0,0.0,0.0,0.0,0.0,1,20,10,24,0
2418,606,159,0.0,0.0,0.0,1,0.0,1,0.0,0.0,0.0,0.0,0.0,0.0,0.0,0.0,1,12,18,27,0
2419,678,173,0.0,0.0,0.0,1,1,0.0,0.0,0.0,0.0,0.0,1,0.0,0.0,0.0,0.0,8,12,5,0
2420,210,92,1,0.0,0.0,0.0,0.0,0.0,0.0,1,0.0,0.0,0.0,0.0,0.0,1,0.0,17,19,11,0
2421,593,137,1,0.0,0.0,0.0,0.0,0.0,0.0,0.0,1,0.0,1,0.0,0.0,0.0,0.0,19,12,11,0
2422,471,102,0.0,0.0,1,0.0,0.0,0.0,0.0,1,0.0,0.0,0.0,0.0,0.0,1,0.0,21,20,22,0
2423,41,150,0.0,1,0.0,0.0,0.0,0.0,1,0.0,0.0,0.0,0.0,0.0,0.0,1,0.0,20,15,14,0
2424,215,178,1,0.0,0.0,0.0,0.0,1,0.0,0.0,0.0,0.0,0.0,0.0,1,0.0,0.0,10,23,1,0
2425,568,56,0.0,0.0,1,0.0,0.0,1,0.0,0.0,0.0,0.0,1,0.0,0.0,0.0,0.0,13,28,27,0
2426,445,99,0.0,1,0.0,0.0,0.0,0.0,1,0.0,0.0,0.0,1,0.0,0.0,0.0,0.0,11,8,14,0
2427,838,148,0.0,0.0,1,0.0,0.0,1,0.0,0.0,0.0,0.0,0.0,0.0,1,0.0,0.0,13,14,27,0
2428,516,36,0.0,0.0,0.0,1,0.0,0.0,1,0.0,0.0,1,0.0,0.0,0.0,0.0,0.0,18,19,6,0
2429,18,29,0.0,1,0.0,0.0,0.0,0.0,1,0.0,0.0,0.0,0.0,0.0,0.0,0.0,1,19,5,0,0
2430,869,101,0.0,0.0,0.0,1,0.0,1,0.0,0.0,0.0,0.0,0.0,0.0,1,0.0,0.0,9,15,17,0
2431,775,94,0.0,0.0,0.0,1,0.0,0.0,1,0.0,0.0,0.0,0.0,0.0,0.0,1,0.0,16,12,29,0
2432,178,68,1,0.0,0.0,0.0,0.0,1,0.0,0.0,0.0,0.0,0.0,0.0,0.0,0.0,1,18,1,0,0
2433,758,9,0.0,0.0,1,0.0,0.0,0.0,0.0,0.0,1,0.0,0.0,0.0,0.0,1,0.0,14,19,6,0
2434,712,95,0.0,1,0.0,0.0,0.0,1,0.0,0.0,0.0,0.0,0.0,0.0,0.0,0.0,1,19,0,21,0
2435,561,175,0.0,0.0,0.0,1,0.0,0.0,0.0,0.0,1,0.0,0.0,0.0,0.0,0.0,1,21,17,6,0
2436,550,134,0.0,1,0.0,0.0,1,0.0,0.0,0.0,0.0,0.0,0.0,0.0,0.0,0.0,1,8,1,24,0
2437,992,40,0.0,1,0.0,0.0,0.0,0.0,1,0.0,0.0,0.0,0.0,0.0,1,0.0,0.0,6,16,18,0
2438,549,91,1,0.0,0.0,0.0,0.0,1,0.0,0.0,0.0,1,0.0,0.0,0.0,0.0,0.0,19,28,10,0
2439,313,139,0.0,0.0,0.0,1,0.0,0.0,0.0,0.0,1,0.0,0.0,0.0,0.0,1,0.0,17,27,11,0
2440,329,137,0.0,0.0,0.0,1,0.0,0.0,0.0,1,0.0,0.0,0.0,0.0,1,0.0,0.0,21,13,2,0
2441,743,113,0.0,1,0.0,0.0,0.0,0.0,1,0.0,0.0,0.0,0.0,0.0,1,0.0,0.0,12,5,6,0
2442,550,116,0.0,0.0,1,0.0,0.0,0.0,1,0.0,0.0,0.0,0.0,0.0,0.0,0.0,1,12,13,10,0
2443,890,112,0.0,1,0.0,0.0,0.0,0.0,0.0,0.0,1,0.0,0.0,0.0,0.0,0.0,1,13,23,9,0
2444,306,91,0.0,1,0.0,0.0,1,0.0,0.0,0.0,0.0,0.0,1,0.0,0.0,0.0,0.0,20,7,6,0
2445,893,60,1,0.0,0.0,0.0,0.0,0.0,0.0,1,0.0,0.0,0.0,0.0,0.0,1,0.0,13,8,28,0
2446,808,82,1,0.0,0.0,0.0,0.0,1,0.0,0.0,0.0,1,0.0,0.0,0.0,0.0,0.0,6,18,3,0
2447,169,93,0.0,0.0,0.0,1,0.0,0.0,1,0.0,0.0,0.0,0.0,0.0,0.0,1,0.0,22,15,8,0
2448,127,154,1,0.0,0.0,0.0,0.0,1,0.0,0.0,0.0,0.0,0.0,0.0,0.0,1,0.0,22,8,24,0
2449,998,93,0.0,0.0,0.0,1,0.0,0.0,0.0,0.0,1,0.0,0.0,0.0,1,0.0,0.0,20,25,6,0
2450,757,66,0.0,0.0,1,0.0,1,0.0,0.0,0.0,0.0,0.0,1,0.0,0.0,0.0,0.0,12,0,22,0
2451,489,85,0.0,0.0,0.0,1,0.0,0.0,1,0.0,0.0,0.0,0.0,0.0,0.0,0.0,1,23,13,12,0
2452,909,61,1,0.0,0.0,0.0,0.0,0.0,0.0,0.0,1,0.0,1,0.0,0.0,0.0,0.0,8,5,28,0
2453,791,207,1,0.0,0.0,0.0,0.0,0.0,1,0.0,0.0,0.0,1,0.0,0.0,0.0,0.0,18,5,6,0
2454,145,127,0.0,0.0,0.0,1,0.0,0.0,0.0,0.0,1,0.0,1,0.0,0.0,0.0,0.0,15,20,13,0
2455,916,56,1,0.0,0.0,0.0,0.0,0.0,0.0,0.0,1,0.0,0.0,0.0,0.0,0.0,1,6,23,1,0
2456,206,148,0.0,0.0,0.0,1,0.0,0.0,0.0,0.0,1,0.0,1,0.0,0.0,0.0,0.0,13,12,17,0
2457,438,168,1,0.0,0.0,0.0,0.0,0.0,0.0,0.0,1,0.0,0.0,0.0,0.0,1,0.0,10,28,27,0
2458,16,189,1,0.0,0.0,0.0,0.0,0.0,0.0,1,0.0,0.0,0.0,0.0,0.0,1,0.0,21,1,6,0
2459,397,76,0.0,1,0.0,0.0,0.0,0.0,0.0,1,0.0,0.0,1,0.0,0.0,0.0,0.0,14,5,20,0
2460,712,70,0.0,0.0,1,0.0,0.0,1,0.0,0.0,0.0,1,0.0,0.0,0.0,0.0,0.0,18,13,10,0
2461,734,109,1,0.0,0.0,0.0,0.0,0.0,0.0,1,0.0,1,0.0,0.0,0.0,0.0,0.0,7,28,20,0
2462,826,113,0.0,0.0,1,0.0,0.0,1,0.0,0.0,0.0,0.0,0.0,0.0,0.0,1,0.0,6,26,24,0
2463,670,87,0.0,1,0.0,0.0,1,0.0,0.0,0.0,0.0,0.0,0.0,0.0,1,0.0,0.0,6,23,0,0
2464,432,43,0.0,1,0.0,0.0,0.0,0.0,0.0,0.0,1,0.0,0.0,0.0,1,0.0,0.0,18,23,12,0
2465,293,38,1,0.0,0.0,0.0,1,0.0,0.0,0.0,0.0,0.0,0.0,0.0,0.0,0.0,1,13,25,10,0
2466,61,103,0.0,1,0.0,0.0,1,0.0,0.0,0.0,0.0,0.0,1,0.0,0.0,0.0,0.0,20,2,15,0
2467,500,144,0.0,0.0,0.0,1,0.0,0.0,0.0,1,0.0,0.0,0.0,0.0,0.0,0.0,1,12,26,4,0
2468,38,207,0.0,1,0.0,0.0,0.0,1,0.0,0.0,0.0,0.0,1,0.0,0.0,0.0,0.0,16,0,20,0
2469,401,42,1,0.0,0.0,0.0,1,0.0,0.0,0.0,0.0,0.0,0.0,0.0,0.0,0.0,1,22,22,4,0
2470,843,1,0.0,0.0,1,0.0,1,0.0,0.0,0.0,0.0,0.0,1,0.0,0.0,0.0,0.0,11,26,1,0
2471,837,71,0.0,0.0,0.0,1,0.0,0.0,0.0,1,0.0,0.0,0.0,0.0,1,0.0,0.0,18,5,14,0
2472,121,140,1,0.0,0.0,0.0,1,0.0,0.0,0.0,0.0,0.0,0.0,0.0,0.0,0.0,1,11,16,15,0
2473,711,121,0.0,0.0,0.0,1,0.0,0.0,0.0,1,0.0,0.0,0.0,0.0,0.0,0.0,1,12,1,3,0
2474,481,83,0.0,0.0,1,0.0,0.0,1,0.0,0.0,0.0,0.0,0.0,0.0,0.0,1,0.0,14,26,23,0
2475,478,39,0.0,0.0,0.0,1,0.0,0.0,0.0,1,0.0,0.0,0.0,0.0,0.0,1,0.0,19,22,23,0
2476,1,108,1,0.0,0.0,0.0,0.0,1,0.0,0.0,0.0,0.0,0.0,0.0,1,0.0,0.0,10,17,15,0
2477,992,57,1,0.0,0.0,0.0,1,0.0,0.0,0.0,0.0,0.0,1,0.0,0.0,0.0,0.0,11,18,26,0
2478,874,127,0.0,0.0,1,0.0,0.0,0.0,1,0.0,0.0,1,0.0,0.0,0.0,0.0,0.0,10,8,11,0
2479,206,61,0.0,0.0,0.0,1,0.0,1,0.0,0.0,0.0,0.0,0.0,0.0,1,0.0,0.0,19,17,6,0
2480,975,94,0.0,0.0,1,0.0,0.0,1,0.0,0.0,0.0,0.0,0.0,0.0,1,0.0,0.0,10,8,3,0
2481,844,114,1,0.0,0.0,0.0,1,0.0,0.0,0.0,0.0,0.0,0.0,0.0,0.0,1,0.0,9,12,15,0
2482,912,164,0.0,0.0,0.0,1,0.0,1,0.0,0.0,0.0,1,0.0,0.0,0.0,0.0,0.0,21,5,15,0
2483,974,1868,0.0,1,0.0,0.0,0.0,0.0,1,0.0,0.0,0.0,0.0,0.0,1,0.0,0.0,22,94,92,1
2484,53,190,0.0,1,0.0,0.0,0.0,0.0,0.0,0.0,1,0.0,0.0,0.0,0.0,1,0.0,19,23,24,0
2485,519,119,0.0,0.0,0.0,1,0.0,0.0,1,0.0,0.0,1,0.0,0.0,0.0,0.0,0.0,19,19,27,0
2486,5,125,0.0,0.0,0.0,1,1,0.0,0.0,0.0,0.0,0.0,0.0,0.0,0.0,1,0.0,9,11,6,0
2487,600,113,0.0,0.0,1,0.0,1,0.0,0.0,0.0,0.0,1,0.0,0.0,0.0,0.0,0.0,16,20,22,0
2488,627,143,0.0,0.0,1,0.0,0.0,1,0.0,0.0,0.0,0.0,1,0.0,0.0,0.0,0.0,22,6,23,0
2489,415,1,0.0,0.0,1,0.0,0.0,0.0,0.0,1,0.0,0.0,0.0,0.0,0.0,0.0,1,16,18,6,0
2490,292,56,0.0,0.0,1,0.0,0.0,0.0,0.0,0.0,1,0.0,0.0,0.0,0.0,1,0.0,7,22,0,0
2491,114,22,1,0.0,0.0,0.0,0.0,0.0,0.0,0.0,1,1,0.0,0.0,0.0,0.0,0.0,6,95,88,1
2492,39,183,1,0.0,0.0,0.0,1,0.0,0.0,0.0,0.0,0.0,0.0,0.0,0.0,1,0.0,19,3,26,0
2493,411,145,0.0,0.0,1,0.0,1,0.0,0.0,0.0,0.0,1,0.0,0.0,0.0,0.0,0.0,16,28,29,0
2494,823,185,1,0.0,0.0,0.0,0.0,0.0,1,0.0,0.0,0.0,0.0,0.0,0.0,1,0.0,20,25,4,0
2495,110,141,1,0.0,0.0,0.0,0.0,0.0,0.0,0.0,1,1,0.0,0.0,0.0,0.0,0.0,10,1,26,0
2496,860,124,0.0,0.0,1,0.0,0.0,1,0.0,0.0,0.0,1,0.0,0.0,0.0,0.0,0.0,7,17,19,0
2497,769,65,0.0,0.0,0.0,1,0.0,1,0.0,0.0,0.0,1,0.0,0.0,0.0,0.0,0.0,10,27,14,0
2498,446,102,0.0,0.0,1,0.0,0.0,0.0,0.0,1,0.0,0.0,0.0,0.0,1,0.0,0.0,7,14,12,0
2499,852,104,1,0.0,0.0,0.0,0.0,0.0,0.0,0.0,1,0.0,1,0.0,0.0,0.0,0.0,23,28,4,0
2500,896,105,0.0,0.0,1,0.0,0.0,1,0.0,0.0,0.0,0.0,1,0.0,0.0,0.0,0.0,10,9,6,0
2501,275,100,0.0,0.0,1,0.0,1,0.0,0.0,0.0,0.0,0.0,0.0,0.0,1,0.0,0.0,16,26,2,0
2502,395,40,0.0,0.0,0.0,1,1,0.0,0.0,0.0,0.0,1,0.0,0.0,0.0,0.0,0.0,22,28,20,0
2503,944,172,0.0,1,0.0,0.0,0.0,0.0,0.0,0.0,1,0.0,0.0,0.0,1,0.0,0.0,13,9,15,0
2504,753,61,0.0,0.0,0.0,1,1,0.0,0.0,0.0,0.0,1,0.0,0.0,0.0,0.0,0.0,22,16,23,0
2505,203,128,0.0,0.0,1,0.0,0.0,0.0,1,0.0,0.0,0.0,0.0,0.0,0.0,1,0.0,12,27,26,0
2506,556,196,0.0,0.0,1,0.0,0.0,0.0,0.0,0.0,1,0.0,1,0.0,0.0,0.0,0.0,6,1,18,0
2507,25,98,0.0,0.0,1,0.0,0.0,0.0,0.0,1,0.0,0.0,1,0.0,0.0,0.0,0.0,15,7,20,0
2508,51,105,1,0.0,0.0,0.0,0.0,1,0.0,0.0,0.0,0.0,0.0,0.0,0.0,0.0,1,21,24,11,0
2509,90,16,0.0,0.0,0.0,1,0.0,0.0,1,0.0,0.0,1,0.0,0.0,0.0,0.0,0.0,19,5,3,0
2510,357,77,0.0,0.0,0.0,1,0.0,1,0.0,0.0,0.0,0.0,1,0.0,0.0,0.0,0.0,9,7,17,0
2511,737,77,1,0.0,0.0,0.0,0.0,1,0.0,0.0,0.0,1,0.0,0.0,0.0,0.0,0.0,20,9,13,0
2512,955,69,1,0.0,0.0,0.0,0.0,0.0,0.0,0.0,1,0.0,0.0,0.0,0.0,0.0,1,17,0,19,0
2513,733,156,0.0,0.0,1,0.0,0.0,0.0,0.0,0.0,1,0.0,0.0,0.0,0.0,1,0.0,17,22,11,0
2514,658,10,0.0,0.0,0.0,1,0.0,0.0,0.0,1,0.0,1,0.0,0.0,0.0,0.0,0.0,4,90,76,1
2515,330,88,0.0,0.0,1,0.0,0.0,0.0,1,0.0,0.0,0.0,0.0,0.0,0.0,0.0,1,12,6,2,0
2516,58,50,0.0,1,0.0,0.0,0.0,0.0,0.0,0.0,1,0.0,0.0,0.0,0.0,0.0,1,23,10,8,0
2517,759,147,0.0,0.0,0.0,1,0.0,0.0,1,0.0,0.0,0.0,0.0,0.0,0.0,0.0,1,17,5,2,0
2518,503,188,1,0.0,0.0,0.0,0.0,1,0.0,0.0,0.0,0.0,0.0,0.0,0.0,1,0.0,15,11,17,0
2519,995,114,1,0.0,0.0,0.0,0.0,0.0,0.0,1,0.0,0.0,0.0,0.0,0.0,0.0,1,23,23,15,0
2520,828,180,1,0.0,0.0,0.0,0.0,1,0.0,0.0,0.0,1,0.0,0.0,0.0,0.0,0.0,19,21,27,0
2521,122,42,1,0.0,0.0,0.0,0.0,1,0.0,0.0,0.0,0.0,0.0,0.0,0.0,0.0,1,23,13,4,0
2522,739,144,0.0,1,0.0,0.0,0.0,0.0,0.0,0.0,1,0.0,0.0,0.0,0.0,1,0.0,14,2,27,0
2523,696,148,0.0,0.0,0.0,1,0.0,1,0.0,0.0,0.0,0.0,1,0.0,0.0,0.0,0.0,20,16,6,0
2524,398,1,0.0,0.0,1,0.0,0.0,0.0,1,0.0,0.0,0.0,1,0.0,0.0,0.0,0.0,21,3,6,0
2525,261,38,0.0,0.0,1,0.0,0.0,0.0,0.0,0.0,1,0.0,0.0,0.0,0.0,1,0.0,16,28,13,0
2526,887,170,1,0.0,0.0,0.0,0.0,0.0,1,0.0,0.0,0.0,0.0,0.0,0.0,0.0,1,7,5,11,0
2527,918,58,1,0.0,0.0,0.0,1,0.0,0.0,0.0,0.0,0.0,1,0.0,0.0,0.0,0.0,20,1,7,0
2528,624,107,0.0,0.0,1,0.0,0.0,0.0,0.0,0.0,1,1,0.0,0.0,0.0,0.0,0.0,6,5,24,0
2529,367,26,0.0,0.0,0.0,1,0.0,0.0,1,0.0,0.0,0.0,0.0,0.0,0.0,1,0.0,10,8,12,0
2530,275,169,0.0,0.0,1,0.0,0.0,0.0,0.0,0.0,1,0.0,0.0,0.0,0.0,0.0,1,17,10,6,0
2531,353,116,0.0,0.0,1,0.0,0.0,0.0,1,0.0,0.0,0.0,0.0,0.0,0.0,1,0.0,17,13,26,0
2532,613,101,0.0,1,0.0,0.0,0.0,0.0,0.0,1,0.0,1,0.0,0.0,0.0,0.0,0.0,20,0,13,0
2533,265,73,0.0,0.0,0.0,1,0.0,0.0,1,0.0,0.0,0.0,0.0,0.0,0.0,1,0.0,11,14,3,0
2534,826,117,0.0,1,0.0,0.0,0.0,1,0.0,0.0,0.0,0.0,0.0,0.0,0.0,0.0,1,20,0,27,0
2535,16,65,0.0,1,0.0,0.0,0.0,0.0,0.0,1,0.0,0.0,0.0,0.0,1,0.0,0.0,14,18,2,0
2536,795,124,0.0,0.0,0.0,1,0.0,0.0,1,0.0,0.0,0.0,1,0.0,0.0,0.0,0.0,23,14,7,0
2537,649,177,0.0,0.0,0.0,1,0.0,1,0.0,0.0,0.0,1,0.0,0.0,0.0,0.0,0.0,16,23,5,0
2538,189,49,0.0,0.0,0.0,1,1,0.0,0.0,0.0,0.0,0.0,1,0.0,0.0,0.0,0.0,16,17,18,0
2539,671,130,0.0,1,0.0,0.0,0.0,0.0,1,0.0,0.0,0.0,0.0,0.0,0.0,0.0,1,11,9,3,0
2540,150,34,0.0,0.0,0.0,1,1,0.0,0.0,0.0,0.0,0.0,0.0,0.0,0.0,0.0,1,12,4,6,0
2541,585,101,0.0,0.0,0.0,1,0.0,0.0,1,0.0,0.0,0.0,1,0.0,0.0,0.0,0.0,9,1,17,0
2542,201,9647,0.0,0.0,1,0.0,0.0,0.0,0.0,0.0,1,0.0,0.0,1,0.0,0.0,0.0,23,73,77,1
2543,396,95,0.0,1,0.0,0.0,0.0,1,0.0,0.0,0.0,0.0,0.0,0.0,1,0.0,0.0,16,14,1,0
2544,239,169,1,0.0,0.0,0.0,0.0,0.0,0.0,1,0.0,0.0,1,0.0,0.0,0.0,0.0,19,28,5,0
2545,270,96,0.0,1,0.0,0.0,0.0,1,0.0,0.0,0.0,0.0,1,0.0,0.0,0.0,0.0,15,22,15,0
2546,654,38,0.0,0.0,1,0.0,0.0,1,0.0,0.0,0.0,0.0,1,0.0,0.0,0.0,0.0,8,26,12,0
2547,676,69,0.0,0.0,0.0,1,0.0,1,0.0,0.0,0.0,0.0,0.0,0.0,1,0.0,0.0,22,0,26,0
2548,530,104,1,0.0,0.0,0.0,0.0,0.0,0.0,1,0.0,0.0,1,0.0,0.0,0.0,0.0,21,17,3,0
2549,495,155,0.0,0.0,1,0.0,0.0,0.0,0.0,1,0.0,1,0.0,0.0,0.0,0.0,0.0,16,20,24,0
2550,538,138,0.0,0.0,1,0.0,1,0.0,0.0,0.0,0.0,0.0,1,0.0,0.0,0.0,0.0,6,8,19,0
2551,672,146,0.0,0.0,1,0.0,0.0,1,0.0,0.0,0.0,0.0,0.0,0.0,0.0,0.0,1,11,25,1,0
2552,114,81,0.0,1,0.0,0.0,0.0,0.0,1,0.0,0.0,0.0,0.0,0.0,0.0,1,0.0,20,4,4,0
2553,942,129,1,0.0,0.0,0.0,0.0,0.0,0.0,1,0.0,1,0.0,0.0,0.0,0.0,0.0,21,22,12,0
2554,508,198,1,0.0,0.0,0.0,0.0,1,0.0,0.0,0.0,0.0,0.0,0.0,1,0.0,0.0,22,29,5,0
2555,855,54,0.0,0.0,0.0,1,1,0.0,0.0,0.0,0.0,0.0,0.0,0.0,1,0.0,0.0,6,13,26,0
2556,438,16,0.0,0.0,1,0.0,0.0,0.0,0.0,1,0.0,0.0,1,0.0,0.0,0.0,0.0,17,5,9,0
2557,192,137,0.0,1,0.0,0.0,0.0,0.0,0.0,1,0.0,0.0,0.0,0.0,0.0,0.0,1,10,29,14,0
2558,816,99,0.0,0.0,0.0,1,0.0,1,0.0,0.0,0.0,0.0,1,0.0,0.0,0.0,0.0,15,2,19,0
2559,138,77,1,0.0,0.0,0.0,0.0,1,0.0,0.0,0.0,0.0,0.0,0.0,1,0.0,0.0,19,29,16,0
2560,870,105,0.0,1,0.0,0.0,1,0.0,0.0,0.0,0.0,0.0,0.0,0.0,0.0,0.0,1,17,17,21,0
2561,275,102,0.0,1,0.0,0.0,0.0,0.0,1,0.0,0.0,0.0,1,0.0,0.0,0.0,0.0,11,20,8,0
2562,543,136,0.0,0.0,0.0,1,0.0,0.0,1,0.0,0.0,0.0,0.0,0.0,0.0,0.0,1,7,29,26,0
2563,170,3,1,0.0,0.0,0.0,0.0,1,0.0,0.0,0.0,0.0,1,0.0,0.0,0.0,0.0,10,16,15,0
2564,662,60,0.0,0.0,1,0.0,0.0,1,0.0,0.0,0.0,0.0,1,0.0,0.0,0.0,0.0,15,18,25,0
2565,611,111,1,0.0,0.0,0.0,0.0,0.0,0.0,0.0,1,1,0.0,0.0,0.0,0.0,0.0,19,10,20,0
2566,634,173,0.0,0.0,0.0,1,0.0,0.0,0.0,0.0,1,1,0.0,0.0,0.0,0.0,0.0,10,22,12,0
2567,967,24,0.0,1,0.0,0.0,0.0,0.0,0.0,0.0,1,0.0,0.0,0.0,0.0,1,0.0,22,23,12,0
2568,105,108,0.0,1,0.0,0.0,0.0,0.0,0.0,1,0.0,0.0,0.0,0.0,1,0.0,0.0,7,18,2,0
2569,954,119,0.0,1,0.0,0.0,0.0,0.0,0.0,1,0.0,0.0,0.0,0.0,1,0.0,0.0,9,20,4,0
2570,803,60,0.0,0.0,1,0.0,1,0.0,0.0,0.0,0.0,0.0,1,0.0,0.0,0.0,0.0,12,20,0,0
2571,741,103,1,0.0,0.0,0.0,0.0,1,0.0,0.0,0.0,0.0,0.0,0.0,1,0.0,0.0,22,5,19,0
2572,852,62,0.0,0.0,1,0.0,0.0,0.0,1,0.0,0.0,0.0,1,0.0,0.0,0.0,0.0,21,28,2,0
2573,420,184,1,0.0,0.0,0.0,0.0,0.0,0.0,1,0.0,0.0,0.0,0.0,0.0,0.0,1,12,10,27,0
2574,677,19,1,0.0,0.0,0.0,0.0,0.0,0.0,0.0,1,1,0.0,0.0,0.0,0.0,0.0,22,21,9,0
2575,108,98,0.0,1,0.0,0.0,0.0,0.0,0.0,0.0,1,0.0,0.0,0.0,0.0,1,0.0,20,18,26,0
2576,844,89,0.0,0.0,1,0.0,0.0,0.0,0.0,1,0.0,0.0,0.0,0.0,1,0.0,0.0,6,24,13,0
2577,540,194,0.0,0.0,1,0.0,1,0.0,0.0,0.0,0.0,0.0,1,0.0,0.0,0.0,0.0,17,9,14,0
2578,155,64,1,0.0,0.0,0.0,0.0,1,0.0,0.0,0.0,0.0,0.0,0.0,0.0,0.0,1,6,0,15,0
2579,371,48,0.0,0.0,1,0.0,0.0,0.0,0.0,1,0.0,0.0,0.0,0.0,0.0,1,0.0,15,16,7,0
2580,247,120,0.0,0.0,0.0,1,0.0,0.0,0.0,0.0,1,1,0.0,0.0,0.0,0.0,0.0,16,15,19,0
2581,852,180,0.0,0.0,1,0.0,1,0.0,0.0,0.0,0.0,0.0,0.0,0.0,1,0.0,0.0,10,27,17,0
2582,912,77,0.0,0.0,1,0.0,0.0,0.0,0.0,0.0,1,1,0.0,0.0,0.0,0.0,0.0,14,12,2,0
2583,919,133,0.0,0.0,0.0,1,1,0.0,0.0,0.0,0.0,0.0,0.0,0.0,1,0.0,0.0,18,18,23,0
2584,925,66,0.0,1,0.0,0.0,1,0.0,0.0,0.0,0.0,0.0,0.0,0.0,0.0,0.0,1,18,27,1,0
2585,919,77,0.0,1,0.0,0.0,0.0,0.0,0.0,0.0,1,0.0,0.0,0.0,0.0,0.0,1,9,3,8,0
2586,845,188,1,0.0,0.0,0.0,0.0,0.0,1,0.0,0.0,0.0,0.0,0.0,0.0,1,0.0,13,25,4,0
2587,696,56,1,0.0,0.0,0.0,0.0,0.0,0.0,0.0,1,1,0.0,0.0,0.0,0.0,0.0,20,21,28,0
2588,348,110,0.0,0.0,1,0.0,0.0,0.0,1,0.0,0.0,0.0,0.0,0.0,1,0.0,0.0,11,3,29,0
2589,778,108,0.0,1,0.0,0.0,0.0,0.0,1,0.0,0.0,0.0,0.0,0.0,0.0,0.0,1,8,18,19,0
2590,994,151,1,0.0,0.0,0.0,0.0,0.0,1,0.0,0.0,0.0,0.0,0.0,0.0,0.0,1,16,23,7,0
2591,440,96,0.0,0.0,0.0,1,0.0,0.0,1,0.0,0.0,0.0,0.0,0.0,0.0,1,0.0,10,23,20,0
2592,81,177,1,0.0,0.0,0.0,0.0,0.0,0.0,1,0.0,0.0,0.0,0.0,0.0,0.0,1,23,21,2,0
2593,214,68,0.0,1,0.0,0.0,1,0.0,0.0,0.0,0.0,0.0,0.0,0.0,0.0,1,0.0,11,3,26,0
2594,905,64,0.0,0.0,1,0.0,0.0,0.0,0.0,0.0,1,0.0,0.0,0.0,0.0,0.0,1,13,25,7,0
2595,617,93,0.0,0.0,1,0.0,0.0,1,0.0,0.0,0.0,1,0.0,0.0,0.0,0.0,0.0,10,6,5,0
2596,852,46,0.0,0.0,0.0,1,0.0,1,0.0,0.0,0.0,0.0,1,0.0,0.0,0.0,0.0,16,15,9,0
2597,407,405,0.0,1,0.0,0.0,0.0,0.0,0.0,0.0,1,0.0,0.0,0.0,1,0.0,0.0,2,83,92,1
2598,820,86,1,0.0,0.0,0.0,0.0,0.0,0.0,1,0.0,1,0.0,0.0,0.0,0.0,0.0,17,5,24,0
2599,748,89,0.0,0.0,0.0,1,0.0,1,0.0,0.0,0.0,0.0,0.0,0.0,0.0,1,0.0,13,26,28,0
2600,708,87,0.0,1,0.0,0.0,0.0,0.0,0.0,1,0.0,1,0.0,0.0,0.0,0.0,0.0,23,4,22,0
2601,645,1609,0.0,0.0,0.0,1,1,0.0,0.0,0.0,0.0,1,0.0,0.0,0.0,0.0,0.0,13,93,78,1
2602,22,49,1,0.0,0.0,0.0,0.0,0.0,1,0.0,0.0,0.0,0.0,0.0,1,0.0,0.0,9,19,25,0
2603,978,172,0.0,0.0,0.0,1,0.0,0.0,0.0,0.0,1,0.0,0.0,0.0,0.0,0.0,1,9,15,18,0
2604,893,63,0.0,0.0,1,0.0,0.0,0.0,0.0,1,0.0,0.0,0.0,0.0,0.0,1,0.0,23,24,0,0
2605,623,105,0.0,0.0,0.0,1,0.0,1,0.0,0.0,0.0,0.0,0.0,0.0,1,0.0,0.0,19,21,28,0
2606,157,34,0.0,0.0,1,0.0,0.0,1,0.0,0.0,0.0,0.0,0.0,0.0,0.0,1,0.0,10,23,9,0
2607,697,226,0.0,1,0.0,0.0,0.0,0.0,0.0,1,0.0,0.0,0.0,0.0,0.0,0.0,1,6,12,8,0
2608,968,68,0.0,0.0,1,0.0,0.0,0.0,0.0,1,0.0,1,0.0,0.0,0.0,0.0,0.0,20,23,16,0
2609,241,115,0.0,1,0.0,0.0,0.0,0.0,0.0,0.0,1,0.0,0.0,0.0,1,0.0,0.0,9,16,15,0
2610,600,64,0.0,1,0.0,0.0,1,0.0,0.0,0.0,0.0,0.0,0.0,0.0,1,0.0,0.0,12,28,18,0
2611,241,82,0.0,1,0.0,0.0,0.0,1,0.0,0.0,0.0,0.0,1,0.0,0.0,0.0,0.0,20,6,2,0
2612,282,116,1,0.0,0.0,0.0,1,0.0,0.0,0.0,0.0,0.0,1,0.0,0.0,0.0,0.0,21,10,16,0
2613,376,40,0.0,0.0,1,0.0,0.0,0.0,0.0,0.0,1,0.0,0.0,0.0,1,0.0,0.0,11,24,1,0
2614,202,170,0.0,0.0,1,0.0,1,0.0,0.0,0.0,0.0,0.0,1,0.0,0.0,0.0,0.0,13,16,26,0
2615,286,72,1,0.0,0.0,0.0,0.0,0.0,1,0.0,0.0,0.0,0.0,0.0,0.0,0.0,1,16,12,1,0
2616,899,49,0.0,0.0,0.0,1,0.0,1,0.0,0.0,0.0,0.0,0.0,0.0,0.0,0.0,1,21,28,22,0
2617,157,155,0.0,1,0.0,0.0,1,0.0,0.0,0.0,0.0,0.0,0.0,0.0,0.0,0.0,1,18,3,23,0
2618,753,131,0.0,0.0,1,0.0,0.0,0.0,0.0,1,0.0,0.0,0.0,0.0,1,0.0,0.0,23,1,0,0
2619,652,114,0.0,0.0,1,0.0,0.0,1,0.0,0.0,0.0,0.0,0.0,0.0,1,0.0,0.0,17,24,14,0
2620,301,76,1,0.0,0.0,0.0,0.0,1,0.0,0.0,0.0,1,0.0,0.0,0.0,0.0,0.0,13,17,25,0
2621,600,130,0.0,0.0,1,0.0,0.0,0.0,1,0.0,0.0,0.0,0.0,0.0,0.0,1,0.0,19,2,8,0
2622,920,64,1,0.0,0.0,0.0,0.0,0.0,1,0.0,0.0,0.0,1,0.0,0.0,0.0,0.0,11,6,27,0
2623,501,77,0.0,1,0.0,0.0,0.0,0.0,0.0,1,0.0,0.0,1,0.0,0.0,0.0,0.0,19,5,28,0
2624,610,109,1,0.0,0.0,0.0,0.0,1,0.0,0.0,0.0,0.0,0.0,0.0,1,0.0,0.0,23,29,16,0
2625,734,30,0.0,1,0.0,0.0,0.0,0.0,1,0.0,0.0,0.0,0.0,0.0,0.0,1,0.0,17,21,27,0
2626,276,81,0.0,0.0,1,0.0,0.0,0.0,0.0,1,0.0,0.0,0.0,0.0,1,0.0,0.0,19,23,18,0
2627,750,188,0.0,0.0,1,0.0,0.0,0.0,0.0,0.0,1,0.0,1,0.0,0.0,0.0,0.0,12,28,2,0
2628,366,3471,0.0,1,0.0,0.0,0.0,1,0.0,0.0,0.0,0.0,1,0.0,0.0,0.0,0.0,4,95,72,1
2629,704,40,0.0,1,0.0,0.0,0.0,0.0,1,0.0,0.0,0.0,0.0,0.0,0.0,0.0,1,21,1,23,0
2630,148,90,1,0.0,0.0,0.0,0.0,0.0,1,0.0,0.0,0.0,1,0.0,0.0,0.0,0.0,11,5,10,0
2631,910,31,0.0,1,0.0,0.0,0.0,1,0.0,0.0,0.0,1,0.0,0.0,0.0,0.0,0.0,10,10,9,0
2632,148,126,1,0.0,0.0,0.0,0.0,0.0,1,0.0,0.0,0.0,1,0.0,0.0,0.0,0.0,10,20,17,0
2633,340,119,1,0.0,0.0,0.0,0.0,0.0,1,0.0,0.0,1,0.0,0.0,0.0,0.0,0.0,22,19,2,0
2634,129,133,0.0,1,0.0,0.0,1,0.0,0.0,0.0,0.0,0.0,0.0,0.0,0.0,1,0.0,7,11,10,0
2635,494,13,1,0.0,0.0,0.0,0.0,0.0,0.0,1,0.0,1,0.0,0.0,0.0,0.0,0.0,15,20,27,0
2636,547,125,1,0.0,0.0,0.0,1,0.0,0.0,0.0,0.0,0.0,0.0,0.0,0.0,1,0.0,17,4,29,0
2637,584,92,0.0,0.0,0.0,1,0.0,0.0,0.0,0.0,1,1,0.0,0.0,0.0,0.0,0.0,9,18,21,0
2638,661,84,1,0.0,0.0,0.0,0.0,1,0.0,0.0,0.0,0.0,1,0.0,0.0,0.0,0.0,23,25,12,0
2639,370,100,0.0,0.0,1,0.0,0.0,0.0,1,0.0,0.0,0.0,0.0,0.0,0.0,1,0.0,23,6,15,0
2640,742,88,1,0.0,0.0,0.0,0.0,0.0,0.0,1,0.0,0.0,0.0,0.0,0.0,0.0,1,13,12,0,0
2641,139,123,0.0,0.0,0.0,1,0.0,0.0,1,0.0,0.0,0.0,0.0,0.0,1,0.0,0.0,23,19,6,0
2642,939,28,0.0,1,0.0,0.0,0.0,0.0,0.0,1,0.0,1,0.0,0.0,0.0,0.0,0.0,10,1,3,0
2643,755,202,1,0.0,0.0,0.0,0.0,1,0.0,0.0,0.0,0.0,0.0,0.0,1,0.0,0.0,9,2,26,0
2644,919,169,0.0,0.0,0.0,1,0.0,0.0,0.0,0.0,1,0.0,0.0,0.0,0.0,1,0.0,19,20,21,0
2645,664,81,0.0,0.0,0.0,1,0.0,0.0,0.0,0.0,1,0.0,0.0,0.0,0.0,0.0,1,11,14,10,0
2646,277,122,0.0,0.0,1,0.0,0.0,1,0.0,0.0,0.0,0.0,0.0,0.0,0.0,1,0.0,16,29,10,0
2647,108,49,0.0,0.0,1,0.0,0.0,0.0,0.0,1,0.0,1,0.0,0.0,0.0,0.0,0.0,17,5,1,0
2648,2,133,0.0,1,0.0,0.0,0.0,0.0,1,0.0,0.0,0.0,0.0,0.0,1,0.0,0.0,11,1,28,0
2649,877,109,0.0,0.0,1,0.0,0.0,0.0,0.0,1,0.0,1,0.0,0.0,0.0,0.0,0.0,16,26,5,0
2650,836,151,0.0,0.0,1,0.0,0.0,0.0,0.0,0.0,1,0.0,0.0,0.0,0.0,1,0.0,8,5,4,0
2651,369,47,0.0,0.0,1,0.0,0.0,0.0,1,0.0,0.0,1,0.0,0.0,0.0,0.0,0.0,20,4,0,0
2652,557,72,0.0,0.0,0.0,1,0.0,1,0.0,0.0,0.0,0.0,0.0,0.0,1,0.0,0.0,8,0,19,0
2653,831,71,0.0,0.0,1,0.0,0.0,0.0,1,0.0,0.0,0.0,0.0,0.0,0.0,0.0,1,15,8,11,0
2654,858,140,0.0,0.0,0.0,1,0.0,0.0,0.0,0.0,1,0.0,0.0,0.0,0.0,0.0,1,21,27,0,0
2655,111,136,0.0,0.0,1,0.0,0.0,0.0,0.0,1,0.0,0.0,0.0,0.0,0.0,1,0.0,16,22,22,0
2656,55,612,0.0,0.0,1,0.0,1,0.0,0.0,0.0,0.0,1,0.0,0.0,0.0,0.0,0.0,13,82,79,1
2657,270,91,0.0,0.0,0.0,1,0.0,1,0.0,0.0,0.0,0.0,0.0,0.0,0.0,0.0,1,7,22,22,0
2658,559,49,0.0,0.0,1,0.0,1,0.0,0.0,0.0,0.0,0.0,0.0,0.0,0.0,1,0.0,8,2,27,0
2659,73,123,0.0,1,0.0,0.0,1,0.0,0.0,0.0,0.0,1,0.0,0.0,0.0,0.0,0.0,22,27,4,0
2660,55,122,0.0,1,0.0,0.0,0.0,0.0,0.0,0.0,1,1,0.0,0.0,0.0,0.0,0.0,19,27,6,0
2661,621,46,0.0,1,0.0,0.0,1,0.0,0.0,0.0,0.0,0.0,1,0.0,0.0,0.0,0.0,12,7,23,0
2662,921,92,1,0.0,0.0,0.0,0.0,0.0,0.0,1,0.0,0.0,0.0,0.0,0.0,1,0.0,13,28,17,0
2663,977,84,1,0.0,0.0,0.0,1,0.0,0.0,0.0,0.0,0.0,1,0.0,0.0,0.0,0.0,6,4,3,0
2664,703,89,1,0.0,0.0,0.0,0.0,1,0.0,0.0,0.0,0.0,0.0,0.0,0.0,0.0,1,23,27,11,0
2665,245,92,0.0,0.0,0.0,1,0.0,0.0,1,0.0,0.0,0.0,0.0,0.0,0.0,0.0,1,13,26,8,0
2666,529,111,1,0.0,0.0,0.0,0.0,0.0,0.0,1,0.0,1,0.0,0.0,0.0,0.0,0.0,6,9,0,0
2667,989,140,0.0,1,0.0,0.0,0.0,0.0,1,0.0,0.0,0.0,0.0,0.0,0.0,0.0,1,21,11,29,0
2668,252,172,0.0,0.0,1,0.0,0.0,0.0,0.0,0.0,1,0.0,0.0,0.0,0.0,1,0.0,6,3,15,0
2669,824,148,0.0,0.0,0.0,1,0.0,0.0,0.0,0.0,1,0.0,0.0,0.0,1,0.0,0.0,23,14,12,0
2670,293,98,0.0,0.0,0.0,1,0.0,1,0.0,0.0,0.0,1,0.0,0.0,0.0,0.0,0.0,20,7,13,0
2671,86,66,0.0,0.0,1,0.0,0.0,0.0,0.0,0.0,1,0.0,0.0,0.0,0.0,0.0,1,22,19,15,0
2672,428,34,0.0,1,0.0,0.0,0.0,1,0.0,0.0,0.0,0.0,0.0,0.0,0.0,0.0,1,23,7,17,0
2673,698,1,1,0.0,0.0,0.0,0.0,0.0,0.0,0.0,1,0.0,1,0.0,0.0,0.0,0.0,23,7,13,0
2674,885,51,0.0,0.0,1,0.0,1,0.0,0.0,0.0,0.0,0.0,0.0,0.0,0.0,0.0,1,19,17,13,0
2675,437,77,0.0,0.0,1,0.0,0.0,0.0,0.0,1,0.0,1,0.0,0.0,0.0,0.0,0.0,23,25,3,0
2676,849,1,0.0,0.0,0.0,1,0.0,0.0,0.0,1,0.0,0.0,0.0,0.0,0.0,0.0,1,23,7,17,0
2677,448,43,1,0.0,0.0,0.0,0.0,0.0,0.0,0.0,1,0.0,0.0,0.0,0.0,1,0.0,21,25,8,0
2678,583,11,0.0,0.0,1,0.0,0.0,0.0,0.0,0.0,1,1,0.0,0.0,0.0,0.0,0.0,20,21,24,0
2679,140,85,0.0,0.0,0.0,1,0.0,0.0,0.0,0.0,1,0.0,0.0,0.0,0.0,1,0.0,11,29,27,0
2680,566,115,0.0,0.0,1,0.0,0.0,0.0,0.0,0.0,1,0.0,0.0,0.0,0.0,0.0,1,17,1,29,0
2681,221,64,0.0,0.0,1,0.0,0.0,1,0.0,0.0,0.0,1,0.0,0.0,0.0,0.0,0.0,14,22,29,0
2682,961,107,1,0.0,0.0,0.0,0.0,0.0,1,0.0,0.0,0.0,1,0.0,0.0,0.0,0.0,19,13,20,0
2683,224,62,1,0.0,0.0,0.0,1,0.0,0.0,0.0,0.0,0.0,0.0,0.0,1,0.0,0.0,19,26,23,0
2684,599,1,0.0,0.0,0.0,1,0.0,0.0,1,0.0,0.0,0.0,1,0.0,0.0,0.0,0.0,16,15,25,0
2685,922,201,0.0,0.0,1,0.0,0.0,1,0.0,0.0,0.0,0.0,1,0.0,0.0,0.0,0.0,14,11,26,0
2686,165,42,0.0,1,0.0,0.0,0.0,1,0.0,0.0,0.0,0.0,0.0,0.0,0.0,1,0.0,20,17,14,0
2687,69,105,0.0,0.0,0.0,1,0.0,0.0,0.0,0.0,1,0.0,0.0,0.0,0.0,1,0.0,14,14,12,0
2688,836,181,0.0,0.0,1,0.0,0.0,0.0,1,0.0,0.0,1,0.0,0.0,0.0,0.0,0.0,8,16,18,0
2689,95,134,0.0,0.0,0.0,1,0.0,0.0,1,0.0,0.0,0.0,1,0.0,0.0,0.0,0.0,13,15,24,0
2690,900,187,0.0,0.0,0.0,1,1,0.0,0.0,0.0,0.0,0.0,0.0,0.0,0.0,0.0,1,13,5,16,0
2691,173,120,0.0,1,0.0,0.0,0.0,0.0,0.0,0.0,1,0.0,1,0.0,0.0,0.0,0.0,17,8,20,0
2692,146,62,0.0,0.0,0.0,1,1,0.0,0.0,0.0,0.0,0.0,0.0,0.0,0.0,1,0.0,6,19,1,0
2693,659,38,0.0,1,0.0,0.0,0.0,1,0.0,0.0,0.0,1,0.0,0.0,0.0,0.0,0.0,23,25,24,0
2694,784,128,0.0,1,0.0,0.0,0.0,0.0,0.0,0.0,1,0.0,0.0,0.0,0.0,0.0,1,23,8,14,0
2695,326,93,1,0.0,0.0,0.0,0.0,0.0,0.0,1,0.0,0.0,1,0.0,0.0,0.0,0.0,20,16,25,0
2696,450,51,1,0.0,0.0,0.0,0.0,0.0,0.0,1,0.0,0.0,0.0,0.0,1,0.0,0.0,16,15,2,0
2697,442,83,0.0,0.0,0.0,1,0.0,1,0.0,0.0,0.0,0.0,0.0,0.0,0.0,0.0,1,6,29,24,0
2698,58,164,0.0,0.0,0.0,1,1,0.0,0.0,0.0,0.0,0.0,1,0.0,0.0,0.0,0.0,6,27,19,0
2699,624,36,0.0,1,0.0,0.0,0.0,0.0,0.0,1,0.0,0.0,0.0,0.0,1,0.0,0.0,9,6,7,0
2700,37,1,0.0,0.0,1,0.0,0.0,0.0,0.0,1,0.0,0.0,0.0,0.0,1,0.0,0.0,22,25,8,0
2701,539,107,0.0,0.0,0.0,1,0.0,0.0,1,0.0,0.0,0.0,0.0,0.0,0.0,1,0.0,8,28,17,0
2702,436,81,0.0,0.0,1,0.0,1,0.0,0.0,0.0,0.0,0.0,0.0,0.0,0.0,1,0.0,16,16,26,0
2703,354,129,0.0,0.0,0.0,1,0.0,0.0,0.0,1,0.0,1,0.0,0.0,0.0,0.0,0.0,7,24,20,0
2704,142,44,1,0.0,0.0,0.0,0.0,1,0.0,0.0,0.0,0.0,0.0,0.0,0.0,1,0.0,17,15,17,0
2705,625,63,0.0,0.0,0.0,1,0.0,0.0,0.0,1,0.0,1,0.0,0.0,0.0,0.0,0.0,6,18,6,0
2706,218,90,1,0.0,0.0,0.0,0.0,0.0,0.0,1,0.0,0.0,1,0.0,0.0,0.0,0.0,6,0,26,0
2707,767,39,0.0,1,0.0,0.0,0.0,0.0,0.0,0.0,1,0.0,0.0,0.0,0.0,0.0,1,10,0,10,0
2708,626,69,0.0,0.0,0.0,1,1,0.0,0.0,0.0,0.0,0.0,0.0,0.0,1,0.0,0.0,7,25,19,0
2709,460,148,1,0.0,0.0,0.0,0.0,1,0.0,0.0,0.0,0.0,0.0,0.0,0.0,0.0,1,10,24,13,0
2710,98,111,0.0,0.0,1,0.0,0.0,1,0.0,0.0,0.0,0.0,0.0,0.0,0.0,1,0.0,21,25,1,0
2711,771,169,1,0.0,0.0,0.0,0.0,1,0.0,0.0,0.0,0.0,0.0,0.0,0.0,1,0.0,10,29,8,0
2712,988,59,1,0.0,0.0,0.0,0.0,0.0,0.0,1,0.0,0.0,0.0,0.0,0.0,0.0,1,7,18,9,0
2713,667,110,0.0,0.0,1,0.0,0.0,0.0,0.0,0.0,1,0.0,0.0,0.0,0.0,0.0,1,19,8,24,0
2714,974,84,0.0,0.0,0.0,1,0.0,1,0.0,0.0,0.0,0.0,1,0.0,0.0,0.0,0.0,11,8,13,0
2715,723,72,0.0,0.0,0.0,1,1,0.0,0.0,0.0,0.0,0.0,1,0.0,0.0,0.0,0.0,12,5,13,0
2716,924,49,0.0,1,0.0,0.0,1,0.0,0.0,0.0,0.0,0.0,0.0,0.0,1,0.0,0.0,17,15,20,0
2717,598,1,0.0,0.0,1,0.0,0.0,0.0,0.0,0.0,1,0.0,0.0,0.0,1,0.0,0.0,14,14,11,0
2718,987,130,0.0,1,0.0,0.0,0.0,0.0,0.0,0.0,1,0.0,1,0.0,0.0,0.0,0.0,9,24,15,0
2719,148,158,0.0,0.0,1,0.0,0.0,1,0.0,0.0,0.0,1,0.0,0.0,0.0,0.0,0.0,16,19,4,0
2720,454,78,1,0.0,0.0,0.0,0.0,1,0.0,0.0,0.0,0.0,1,0.0,0.0,0.0,0.0,19,26,27,0
2721,974,188,1,0.0,0.0,0.0,0.0,0.0,0.0,0.0,1,0.0,0.0,0.0,0.0,0.0,1,13,28,9,0
2722,543,104,0.0,0.0,0.0,1,0.0,0.0,0.0,0.0,1,0.0,0.0,0.0,1,0.0,0.0,10,4,29,0
2723,620,44,0.0,0.0,0.0,1,0.0,0.0,1,0.0,0.0,0.0,0.0,0.0,0.0,1,0.0,11,5,29,0
2724,153,202,0.0,1,0.0,0.0,1,0.0,0.0,0.0,0.0,0.0,0.0,0.0,0.0,0.0,1,15,25,26,0
2725,959,50,0.0,1,0.0,0.0,0.0,1,0.0,0.0,0.0,0.0,0.0,0.0,0.0,0.0,1,23,11,21,0
2726,269,187,0.0,0.0,1,0.0,0.0,0.0,0.0,1,0.0,0.0,0.0,0.0,1,0.0,0.0,18,14,20,0
2727,851,158,0.0,0.0,0.0,1,0.0,0.0,1,0.0,0.0,1,0.0,0.0,0.0,0.0,0.0,15,11,2,0
2728,888,60,0.0,1,0.0,0.0,1,0.0,0.0,0.0,0.0,0.0,0.0,0.0,0.0,0.0,1,18,20,28,0
2729,670,138,0.0,1,0.0,0.0,0.0,0.0,0.0,1,0.0,0.0,0.0,0.0,0.0,1,0.0,7,29,27,0
2730,678,42,0.0,0.0,1,0.0,0.0,0.0,1,0.0,0.0,0.0,1,0.0,0.0,0.0,0.0,8,5,2,0
2731,23,122,0.0,1,0.0,0.0,0.0,1,0.0,0.0,0.0,0.0,0.0,0.0,1,0.0,0.0,21,16,26,0
2732,206,96,1,0.0,0.0,0.0,0.0,0.0,0.0,0.0,1,0.0,0.0,0.0,0.0,0.0,1,22,19,22,0
2733,173,134,1,0.0,0.0,0.0,0.0,0.0,0.0,1,0.0,0.0,0.0,0.0,0.0,0.0,1,13,16,11,0
2734,854,198,0.0,0.0,1,0.0,0.0,0.0,0.0,1,0.0,0.0,0.0,0.0,1,0.0,0.0,14,4,20,0
2735,229,76,0.0,0.0,1,0.0,0.0,0.0,0.0,0.0,1,0.0,0.0,0.0,0.0,1,0.0,18,1,13,0
2736,734,1,0.0,1,0.0,0.0,0.0,0.0,0.0,1,0.0,0.0,1,0.0,0.0,0.0,0.0,6,2,7,0
2737,742,162,0.0,0.0,1,0.0,0.0,0.0,1,0.0,0.0,1,0.0,0.0,0.0,0.0,0.0,13,5,17,0
2738,174,22,1,0.0,0.0,0.0,0.0,0.0,0.0,0.0,1,0.0,0.0,0.0,0.0,0.0,1,20,85,82,1
2739,493,59,0.0,1,0.0,0.0,0.0,0.0,0.0,0.0,1,0.0,0.0,0.0,1,0.0,0.0,20,19,7,0
2740,906,10,0.0,0.0,1,0.0,0.0,0.0,1,0.0,0.0,0.0,0.0,1,0.0,0.0,0.0,7,90,92,1
2741,918,153,0.0,0.0,0.0,1,0.0,0.0,0.0,1,0.0,0.0,0.0,0.0,1,0.0,0.0,11,28,7,0
2742,844,47,0.0,1,0.0,0.0,0.0,0.0,1,0.0,0.0,1,0.0,0.0,0.0,0.0,0.0,9,3,7,0
2743,859,37,0.0,0.0,0.0,1,1,0.0,0.0,0.0,0.0,0.0,0.0,0.0,0.0,0.0,1,6,28,5,0
2744,722,54,0.0,0.0,0.0,1,0.0,0.0,0.0,1,0.0,0.0,1,0.0,0.0,0.0,0.0,14,17,29,0
2745,556,96,0.0,0.0,0.0,1,0.0,0.0,1,0.0,0.0,0.0,0.0,0.0,0.0,1,0.0,7,28,6,0
2746,652,113,0.0,0.0,1,0.0,1,0.0,0.0,0.0,0.0,0.0,0.0,0.0,0.0,1,0.0,13,29,18,0
2747,84,186,0.0,0.0,1,0.0,0.0,0.0,0.0,1,0.0,0.0,0.0,0.0,1,0.0,0.0,8,27,5,0
2748,100,39,0.0,0.0,0.0,1,0.0,0.0,0.0,0.0,1,0.0,0.0,0.0,0.0,0.0,1,11,23,10,0
2749,585,107,0.0,0.0,1,0.0,0.0,1,0.0,0.0,0.0,0.0,0.0,0.0,0.0,1,0.0,17,28,14,0
2750,859,44,0.0,0.0,1,0.0,0.0,0.0,0.0,0.0,1,0.0,0.0,0.0,1,0.0,0.0,14,16,18,0
2751,477,48,0.0,0.0,0.0,1,0.0,1,0.0,0.0,0.0,1,0.0,0.0,0.0,0.0,0.0,10,17,17,0
2752,722,66,0.0,0.0,0.0,1,0.0,1,0.0,0.0,0.0,0.0,0.0,0.0,1,0.0,0.0,10,9,1,0
2753,824,78,0.0,1,0.0,0.0,0.0,0.0,1,0.0,0.0,0.0,0.0,0.0,0.0,1,0.0,20,28,10,0
2754,374,98,0.0,1,0.0,0.0,0.0,0.0,0.0,0.0,1,0.0,1,0.0,0.0,0.0,0.0,22,26,17,0
2755,831,143,0.0,0.0,1,0.0,0.0,0.0,0.0,0.0,1,0.0,0.0,0.0,1,0.0,0.0,9,25,3,0
2756,132,156,0.0,0.0,0.0,1,0.0,0.0,0.0,1,0.0,0.0,0.0,0.0,0.0,0.0,1,7,20,26,0
2757,161,149,0.0,0.0,0.0,1,0.0,0.0,0.0,0.0,1,0.0,0.0,0.0,0.0,0.0,1,18,6,29,0
2758,370,19,1,0.0,0.0,0.0,0.0,1,0.0,0.0,0.0,1,0.0,0.0,0.0,0.0,0.0,13,21,21,0
2759,262,47,0.0,0.0,1,0.0,0.0,0.0,1,0.0,0.0,0.0,0.0,0.0,1,0.0,0.0,11,28,16,0
2760,41,1,0.0,0.0,0.0,1,1,0.0,0.0,0.0,0.0,0.0,0.0,0.0,0.0,0.0,1,13,26,16,0
2761,184,194,0.0,0.0,0.0,1,0.0,0.0,0.0,0.0,1,0.0,0.0,0.0,0.0,1,0.0,16,11,10,0
2762,800,119,1,0.0,0.0,0.0,0.0,0.0,0.0,0.0,1,0.0,0.0,0.0,1,0.0,0.0,6,14,26,0
2763,341,179,0.0,1,0.0,0.0,0.0,0.0,0.0,1,0.0,0.0,0.0,1,0.0,0.0,0.0,3,82,85,1
2764,297,98,0.0,0.0,1,0.0,0.0,0.0,1,0.0,0.0,0.0,0.0,0.0,0.0,0.0,1,15,9,24,0
2765,839,171,1,0.0,0.0,0.0,1,0.0,0.0,0.0,0.0,0.0,0.0,0.0,1,0.0,0.0,9,9,12,0
2766,95,38,1,0.0,0.0,0.0,0.0,0.0,1,0.0,0.0,1,0.0,0.0,0.0,0.0,0.0,17,22,23,0
2767,90,113,1,0.0,0.0,0.0,1,0.0,0.0,0.0,0.0,0.0,0.0,0.0,0.0,1,0.0,19,24,19,0
2768,818,115,1,0.0,0.0,0.0,0.0,0.0,1,0.0,0.0,0.0,1,0.0,0.0,0.0,0.0,16,9,26,0
2769,107,101,1,0.0,0.0,0.0,0.0,0.0,1,0.0,0.0,0.0,0.0,0.0,0.0,1,0.0,12,8,24,0
2770,854,89,1,0.0,0.0,0.0,0.0,0.0,0.0,1,0.0,0.0,0.0,0.0,0.0,1,0.0,21,15,2,0
2771,450,80,0.0,0.0,0.0,1,0.0,0.0,0.0,1,0.0,0.0,0.0,0.0,1,0.0,0.0,21,29,0,0
2772,799,102,1,0.0,0.0,0.0,0.0,0.0,1,0.0,0.0,0.0,0.0,0.0,1,0.0,0.0,14,7,8,0
2773,257,3293,1,0.0,0.0,0.0,0.0,0.0,1,0.0,0.0,1,0.0,0.0,0.0,0.0,0.0,4,92,84,1
2774,298,143,1,0.0,0.0,0.0,0.0,0.0,0.0,1,0.0,0.0,1,0.0,0.0,0.0,0.0,10,2,26,0
2775,627,153,0.0,0.0,0.0,1,0.0,0.0,0.0,0.0,1,0.0,1,0.0,0.0,0.0,0.0,22,23,4,0
2776,598,85,0.0,0.0,0.0,1,0.0,0.0,0.0,0.0,1,0.0,0.0,0.0,0.0,0.0,1,6,23,29,0
2777,543,74,0.0,1,0.0,0.0,0.0,0.0,1,0.0,0.0,0.0,0.0,0.0,0.0,0.0,1,7,28,16,0
2778,662,92,1,0.0,0.0,0.0,1,0.0,0.0,0.0,0.0,0.0,0.0,0.0,0.0,1,0.0,13,23,26,0
2779,608,51,0.0,0.0,1,0.0,0.0,0.0,1,0.0,0.0,0.0,1,0.0,0.0,0.0,0.0,18,2,16,0
2780,697,67,0.0,0.0,1,0.0,0.0,0.0,1,0.0,0.0,0.0,0.0,0.0,1,0.0,0.0,9,3,16,0
2781,538,121,0.0,0.0,0.0,1,1,0.0,0.0,0.0,0.0,0.0,0.0,0.0,0.0,0.0,1,23,1,15,0
2782,867,164,0.0,0.0,0.0,1,1,0.0,0.0,0.0,0.0,0.0,0.0,0.0,1,0.0,0.0,22,1,16,0
2783,762,86,1,0.0,0.0,0.0,0.0,0.0,0.0,0.0,1,0.0,0.0,0.0,0.0,0.0,1,15,19,14,0
2784,215,143,0.0,0.0,1,0.0,1,0.0,0.0,0.0,0.0,1,0.0,0.0,0.0,0.0,0.0,10,29,17,0
2785,286,109,1,0.0,0.0,0.0,0.0,0.0,0.0,1,0.0,0.0,0.0,0.0,0.0,0.0,1,10,27,21,0
2786,334,110,0.0,0.0,1,0.0,0.0,1,0.0,0.0,0.0,0.0,0.0,0.0,0.0,1,0.0,12,5,26,0
2787,712,91,0.0,0.0,0.0,1,0.0,1,0.0,0.0,0.0,1,0.0,0.0,0.0,0.0,0.0,10,2,28,0
2788,286,131,0.0,0.0,1,0.0,0.0,1,0.0,0.0,0.0,0.0,0.0,0.0,0.0,0.0,1,11,6,0,0
2789,193,86,1,0.0,0.0,0.0,0.0,0.0,0.0,1,0.0,1,0.0,0.0,0.0,0.0,0.0,20,5,12,0
2790,85,47,0.0,0.0,0.0,1,0.0,0.0,0.0,1,0.0,1,0.0,0.0,0.0,0.0,0.0,14,4,22,0
2791,866,44,1,0.0,0.0,0.0,0.0,1,0.0,0.0,0.0,0.0,0.0,0.0,0.0,0.0,1,6,28,6,0
2792,194,208,1,0.0,0.0,0.0,1,0.0,0.0,0.0,0.0,0.0,0.0,0.0,1,0.0,0.0,15,16,28,0
2793,883,170,0.0,0.0,1,0.0,0.0,0.0,0.0,0.0,1,0.0,0.0,0.0,0.0,0.0,1,23,14,12,0
2794,78,132,0.0,0.0,0.0,1,0.0,0.0,0.0,1,0.0,0.0,0.0,0.0,1,0.0,0.0,11,22,28,0
2795,855,60,0.0,0.0,1,0.0,1,0.0,0.0,0.0,0.0,0.0,0.0,0.0,1,0.0,0.0,16,6,11,0
2796,560,151,0.0,0.0,1,0.0,0.0,0.0,1,0.0,0.0,1,0.0,0.0,0.0,0.0,0.0,18,26,28,0
2797,248,79,0.0,0.0,0.0,1,0.0,0.0,1,0.0,0.0,0.0,0.0,0.0,0.0,0.0,1,12,2,22,0
2798,462,837,0.0,1,0.0,0.0,0.0,1,0.0,0.0,0.0,0.0,1,0.0,0.0,0.0,0.0,17,95,89,1
2799,592,1,1,0.0,0.0,0.0,0.0,1,0.0,0.0,0.0,0.0,0.0,0.0,0.0,0.0,1,16,4,26,0
2800,46,108,0.0,0.0,0.0,1,1,0.0,0.0,0.0,0.0,0.0,0.0,0.0,0.0,1,0.0,21,16,14,0
2801,923,1,1,0.0,0.0,0.0,0.0,0.0,1,0.0,0.0,0.0,0.0,0.0,0.0,0.0,1,9,12,2,0
2802,54,115,1,0.0,0.0,0.0,0.0,0.0,0.0,0.0,1,0.0,0.0,0.0,0.0,1,0.0,17,22,8,0
2803,187,129,0.0,1,0.0,0.0,0.0,0.0,0.0,0.0,1,0.0,1,0.0,0.0,0.0,0.0,9,6,23,0
2804,293,136,0.0,1,0.0,0.0,0.0,0.0,1,0.0,0.0,0.0,0.0,0.0,1,0.0,0.0,9,1,16,0
2805,190,56,1,0.0,0.0,0.0,0.0,0.0,0.0,0.0,1,0.0,1,0.0,0.0,0.0,0.0,17,13,26,0
2806,658,105,0.0,1,0.0,0.0,0.0,0.0,0.0,0.0,1,1,0.0,0.0,0.0,0.0,0.0,11,16,27,0
2807,901,69,1,0.0,0.0,0.0,0.0,0.0,1,0.0,0.0,1,0.0,0.0,0.0,0.0,0.0,19,4,0,0
2808,70,77,0.0,0.0,1,0.0,1,0.0,0.0,0.0,0.0,0.0,0.0,0.0,0.0,0.0,1,16,4,20,0
2809,567,74,0.0,0.0,1,0.0,0.0,0.0,0.0,1,0.0,0.0,0.0,0.0,1,0.0,0.0,23,24,20,0
2810,779,132,0.0,0.0,1,0.0,0.0,0.0,0.0,0.0,1,1,0.0,0.0,0.0,0.0,0.0,14,19,1,0
2811,361,36,0.0,0.0,0.0,1,0.0,1,0.0,0.0,0.0,0.0,0.0,0.0,0.0,1,0.0,17,0,21,0
2812,342,145,0.0,1,0.0,0.0,0.0,0.0,1,0.0,0.0,0.0,1,0.0,0.0,0.0,0.0,12,12,24,0
2813,479,1,1,0.0,0.0,0.0,0.0,0.0,0.0,1,0.0,0.0,0.0,0.0,0.0,0.0,1,9,13,17,0
2814,656,92,0.0,0.0,0.0,1,0.0,0.0,1,0.0,0.0,0.0,0.0,0.0,0.0,0.0,1,9,21,26,0
2815,966,1,0.0,0.0,1,0.0,0.0,0.0,0.0,0.0,1,1,0.0,0.0,0.0,0.0,0.0,23,0,15,0
2816,439,148,0.0,0.0,0.0,1,0.0,0.0,0.0,0.0,1,0.0,0.0,0.0,0.0,0.0,1,13,27,9,0
2817,132,144,0.0,1,0.0,0.0,1,0.0,0.0,0.0,0.0,0.0,0.0,0.0,1,0.0,0.0,18,17,24,0
2818,142,137,0.0,0.0,1,0.0,1,0.0,0.0,0.0,0.0,0.0,0.0,0.0,0.0,1,0.0,7,25,7,0
2819,729,34,0.0,0.0,0.0,1,0.0,0.0,1,0.0,0.0,1,0.0,0.0,0.0,0.0,0.0,10,4,13,0
2820,350,1208,0.0,0.0,1,0.0,0.0,0.0,0.0,1,0.0,0.0,0.0,0.0,1,0.0,0.0,4,84,82,1
2821,298,3238,0.0,0.0,1,0.0,0.0,0.0,0.0,0.0,1,0.0,0.0,0.0,0.0,0.0,1,4,91,79,1
2822,955,83,0.0,0.0,0.0,1,1,0.0,0.0,0.0,0.0,1,0.0,0.0,0.0,0.0,0.0,14,23,15,0
2823,374,136,1,0.0,0.0,0.0,0.0,0.0,1,0.0,0.0,0.0,0.0,0.0,1,0.0,0.0,20,27,26,0
2824,728,20,1,0.0,0.0,0.0,0.0,1,0.0,0.0,0.0,0.0,0.0,0.0,0.0,1,0.0,23,25,26,0
2825,775,41,0.0,0.0,1,0.0,1,0.0,0.0,0.0,0.0,0.0,0.0,0.0,0.0,0.0,1,21,7,23,0
2826,892,140,1,0.0,0.0,0.0,0.0,0.0,0.0,1,0.0,0.0,0.0,0.0,0.0,0.0,1,20,14,1,0
2827,389,117,0.0,0.0,0.0,1,0.0,1,0.0,0.0,0.0,0.0,0.0,0.0,0.0,1,0.0,8,9,22,0
2828,354,115,0.0,0.0,1,0.0,0.0,1,0.0,0.0,0.0,0.0,0.0,0.0,0.0,0.0,1,9,13,14,0
2829,147,48,1,0.0,0.0,0.0,0.0,0.0,1,0.0,0.0,0.0,0.0,0.0,0.0,1,0.0,6,12,14,0
2830,742,109,0.0,0.0,0.0,1,0.0,0.0,1,0.0,0.0,0.0,0.0,0.0,1,0.0,0.0,13,27,19,0
2831,600,15,0.0,1,0.0,0.0,0.0,0.0,0.0,1,0.0,0.0,1,0.0,0.0,0.0,0.0,15,22,27,0
2832,104,67,1,0.0,0.0,0.0,0.0,0.0,0.0,0.0,1,0.0,1,0.0,0.0,0.0,0.0,19,2,24,0
2833,840,105,1,0.0,0.0,0.0,1,0.0,0.0,0.0,0.0,0.0,0.0,0.0,0.0,0.0,1,14,19,4,0
2834,517,84,0.0,0.0,0.0,1,0.0,1,0.0,0.0,0.0,1,0.0,0.0,0.0,0.0,0.0,13,23,29,0
2835,238,96,1,0.0,0.0,0.0,0.0,1,0.0,0.0,0.0,0.0,0.0,0.0,0.0,0.0,1,6,6,21,0
2836,138,122,0.0,0.0,1,0.0,0.0,0.0,0.0,0.0,1,0.0,1,0.0,0.0,0.0,0.0,7,25,1,0
2837,374,94,1,0.0,0.0,0.0,1,0.0,0.0,0.0,0.0,1,0.0,0.0,0.0,0.0,0.0,21,16,6,0
2838,207,86,0.0,0.0,0.0,1,0.0,1,0.0,0.0,0.0,1,0.0,0.0,0.0,0.0,0.0,7,24,25,0
2839,269,22,0.0,0.0,1,0.0,0.0,0.0,1,0.0,0.0,1,0.0,0.0,0.0,0.0,0.0,12,81,96,1
2840,699,88,1,0.0,0.0,0.0,1,0.0,0.0,0.0,0.0,0.0,1,0.0,0.0,0.0,0.0,15,1,2,0
2841,443,14,0.0,1,0.0,0.0,0.0,1,0.0,0.0,0.0,0.0,0.0,0.0,0.0,1,0.0,23,1,1,0
2842,125,73,1,0.0,0.0,0.0,0.0,1,0.0,0.0,0.0,0.0,0.0,0.0,0.0,0.0,1,6,23,13,0
2843,329,103,0.0,1,0.0,0.0,0.0,0.0,0.0,0.0,1,0.0,0.0,0.0,1,0.0,0.0,15,9,20,0
2844,946,28,0.0,1,0.0,0.0,0.0,1,0.0,0.0,0.0,1,0.0,0.0,0.0,0.0,0.0,7,26,29,0
2845,796,168,1,0.0,0.0,0.0,0.0,0.0,0.0,1,0.0,0.0,0.0,0.0,1,0.0,0.0,13,5,16,0
2846,588,234,0.0,1,0.0,0.0,0.0,0.0,1,0.0,0.0,0.0,0.0,0.0,1,0.0,0.0,8,29,28,0
2847,912,128,0.0,0.0,0.0,1,0.0,0.0,0.0,1,0.0,0.0,0.0,0.0,0.0,0.0,1,7,7,14,0
2848,180,143,0.0,1,0.0,0.0,1,0.0,0.0,0.0,0.0,0.0,0.0,0.0,0.0,0.0,1,16,2,25,0
2849,838,93,1,0.0,0.0,0.0,1,0.0,0.0,0.0,0.0,0.0,0.0,0.0,0.0,1,0.0,11,16,2,0
2850,122,178,1,0.0,0.0,0.0,0.0,0.0,1,0.0,0.0,0.0,0.0,0.0,0.0,0.0,1,23,24,0,0
2851,981,86,0.0,0.0,1,0.0,0.0,0.0,0.0,0.0,1,0.0,0.0,0.0,0.0,0.0,1,6,15,28,0
2852,527,128,0.0,0.0,0.0,1,0.0,0.0,0.0,1,0.0,0.0,0.0,0.0,0.0,1,0.0,21,3,28,0
2853,573,101,0.0,1,0.0,0.0,0.0,0.0,0.0,1,0.0,0.0,0.0,0.0,0.0,0.0,1,17,19,5,0
2854,760,138,1,0.0,0.0,0.0,0.0,0.0,0.0,1,0.0,0.0,0.0,0.0,0.0,0.0,1,9,26,27,0
2855,682,112,0.0,1,0.0,0.0,0.0,0.0,1,0.0,0.0,0.0,0.0,0.0,1,0.0,0.0,12,7,19,0
2856,484,90,0.0,0.0,0.0,1,0.0,1,0.0,0.0,0.0,0.0,0.0,0.0,1,0.0,0.0,6,20,24,0
2857,943,75,0.0,0.0,1,0.0,1,0.0,0.0,0.0,0.0,1,0.0,0.0,0.0,0.0,0.0,11,8,9,0
2858,914,168,0.0,0.0,0.0,1,0.0,0.0,0.0,1,0.0,1,0.0,0.0,0.0,0.0,0.0,10,2,21,0
2859,356,1,1,0.0,0.0,0.0,0.0,0.0,0.0,1,0.0,0.0,0.0,0.0,0.0,0.0,1,6,6,23,0
2860,556,63,0.0,0.0,1,0.0,0.0,0.0,0.0,1,0.0,0.0,1,0.0,0.0,0.0,0.0,12,24,21,0
2861,40,195,0.0,0.0,1,0.0,1,0.0,0.0,0.0,0.0,0.0,1,0.0,0.0,0.0,0.0,22,24,14,0
2862,355,133,1,0.0,0.0,0.0,0.0,0.0,0.0,0.0,1,0.0,0.0,0.0,0.0,1,0.0,8,24,6,0
2863,485,4,0.0,0.0,1,0.0,0.0,0.0,0.0,0.0,1,0.0,1,0.0,0.0,0.0,0.0,14,10,4,0
2864,446,80,0.0,1,0.0,0.0,0.0,1,0.0,0.0,0.0,0.0,1,0.0,0.0,0.0,0.0,21,27,10,0
2865,630,28,0.0,0.0,0.0,1,1,0.0,0.0,0.0,0.0,0.0,0.0,0.0,0.0,0.0,1,22,12,16,0
2866,413,142,1,0.0,0.0,0.0,0.0,1,0.0,0.0,0.0,1,0.0,0.0,0.0,0.0,0.0,8,8,0,0
2867,308,130,0.0,0.0,0.0,1,1,0.0,0.0,0.0,0.0,0.0,0.0,0.0,1,0.0,0.0,17,0,25,0
2868,570,1,0.0,0.0,1,0.0,0.0,1,0.0,0.0,0.0,0.0,0.0,0.0,1,0.0,0.0,16,10,6,0
2869,360,62,0.0,1,0.0,0.0,0.0,0.0,1,0.0,0.0,0.0,0.0,0.0,0.0,0.0,1,14,28,2,0
2870,607,64,0.0,0.0,1,0.0,0.0,1,0.0,0.0,0.0,0.0,0.0,0.0,0.0,1,0.0,23,21,25,0
2871,237,129,0.0,0.0,0.0,1,1,0.0,0.0,0.0,0.0,0.0,0.0,0.0,0.0,0.0,1,17,12,22,0
2872,49,44,0.0,1,0.0,0.0,0.0,0.0,1,0.0,0.0,0.0,0.0,0.0,0.0,0.0,1,11,4,8,0
2873,619,163,0.0,1,0.0,0.0,0.0,1,0.0,0.0,0.0,0.0,0.0,0.0,0.0,1,0.0,8,14,13,0
2874,703,55,0.0,0.0,0.0,1,0.0,0.0,0.0,0.0,1,0.0,0.0,0.0,1,0.0,0.0,19,4,7,0
2875,160,172,0.0,1,0.0,0.0,0.0,1,0.0,0.0,0.0,0.0,0.0,0.0,0.0,1,0.0,19,4,13,0
2876,871,119,1,0.0,0.0,0.0,0.0,0.0,1,0.0,0.0,0.0,1,0.0,0.0,0.0,0.0,23,19,25,0
2877,831,99,0.0,0.0,1,0.0,0.0,0.0,0.0,1,0.0,1,0.0,0.0,0.0,0.0,0.0,11,5,12,0
2878,215,207,0.0,1,0.0,0.0,0.0,1,0.0,0.0,0.0,1,0.0,0.0,0.0,0.0,0.0,16,9,25,0
2879,950,106,0.0,0.0,0.0,1,1,0.0,0.0,0.0,0.0,1,0.0,0.0,0.0,0.0,0.0,13,26,21,0
2880,807,149,0.0,0.0,0.0,1,0.0,0.0,1,0.0,0.0,0.0,1,0.0,0.0,0.0,0.0,17,24,6,0
2881,758,174,0.0,1,0.0,0.0,1,0.0,0.0,0.0,0.0,0.0,0.0,0.0,1,0.0,0.0,7,16,22,0
2882,124,225,0.0,0.0,1,0.0,0.0,0.0,1,0.0,0.0,1,0.0,0.0,0.0,0.0,0.0,15,1,21,0
2883,387,78,1,0.0,0.0,0.0,0.0,0.0,0.0,1,0.0,0.0,1,0.0,0.0,0.0,0.0,13,29,24,0
2884,6,111,0.0,1,0.0,0.0,0.0,0.0,1,0.0,0.0,0.0,1,0.0,0.0,0.0,0.0,14,24,26,0
2885,999,89,0.0,0.0,1,0.0,0.0,0.0,1,0.0,0.0,1,0.0,0.0,0.0,0.0,0.0,23,4,25,0
2886,134,2980,0.0,0.0,0.0,1,1,0.0,0.0,0.0,0.0,0.0,0.0,0.0,0.0,0.0,1,2,89,81,1
2887,296,160,0.0,0.0,0.0,1,0.0,1,0.0,0.0,0.0,1,0.0,0.0,0.0,0.0,0.0,11,23,10,0
2888,758,103,0.0,0.0,0.0,1,0.0,1,0.0,0.0,0.0,1,0.0,0.0,0.0,0.0,0.0,17,15,11,0
2889,658,84,0.0,0.0,1,0.0,0.0,1,0.0,0.0,0.0,0.0,0.0,0.0,0.0,0.0,1,13,11,20,0
2890,934,109,1,0.0,0.0,0.0,0.0,1,0.0,0.0,0.0,0.0,0.0,0.0,1,0.0,0.0,17,23,24,0
2891,131,114,0.0,1,0.0,0.0,0.0,0.0,1,0.0,0.0,0.0,1,0.0,0.0,0.0,0.0,13,2,12,0
2892,119,66,0.0,0.0,0.0,1,0.0,1,0.0,0.0,0.0,1,0.0,0.0,0.0,0.0,0.0,13,3,29,0
2893,491,123,1,0.0,0.0,0.0,0.0,0.0,1,0.0,0.0,0.0,0.0,1,0.0,0.0,0.0,20,81,84,1
2894,671,94,1,0.0,0.0,0.0,0.0,0.0,0.0,0.0,1,0.0,0.0,0.0,0.0,1,0.0,20,9,24,0
2895,800,149,0.0,0.0,0.0,1,0.0,0.0,0.0,0.0,1,0.0,0.0,0.0,0.0,1,0.0,20,19,13,0
2896,379,90,0.0,0.0,0.0,1,1,0.0,0.0,0.0,0.0,1,0.0,0.0,0.0,0.0,0.0,7,5,5,0
2897,269,159,0.0,0.0,0.0,1,0.0,0.0,0.0,0.0,1,0.0,0.0,0.0,0.0,1,0.0,19,3,17,0
2898,549,58,1,0.0,0.0,0.0,0.0,0.0,0.0,0.0,1,1,0.0,0.0,0.0,0.0,0.0,22,19,2,0
2899,34,98,0.0,1,0.0,0.0,0.0,0.0,0.0,1,0.0,1,0.0,0.0,0.0,0.0,0.0,6,29,14,0
2900,22,118,0.0,0.0,0.0,1,0.0,1,0.0,0.0,0.0,0.0,0.0,0.0,1,0.0,0.0,10,5,21,0
2901,633,74,0.0,0.0,0.0,1,0.0,1,0.0,0.0,0.0,0.0,0.0,0.0,0.0,0.0,1,19,28,8,0
2902,78,106,1,0.0,0.0,0.0,0.0,0.0,0.0,1,0.0,0.0,0.0,0.0,0.0,0.0,1,16,15,21,0
2903,572,87,0.0,0.0,1,0.0,0.0,0.0,1,0.0,0.0,1,0.0,0.0,0.0,0.0,0.0,21,27,19,0
2904,715,165,0.0,0.0,1,0.0,0.0,0.0,0.0,0.0,1,1,0.0,0.0,0.0,0.0,0.0,21,13,9,0
2905,836,154,0.0,0.0,0.0,1,0.0,1,0.0,0.0,0.0,0.0,0.0,0.0,1,0.0,0.0,20,14,12,0
2906,40,102,0.0,1,0.0,0.0,0.0,0.0,1,0.0,0.0,0.0,1,0.0,0.0,0.0,0.0,15,11,24,0
2907,916,55,0.0,0.0,1,0.0,0.0,1,0.0,0.0,0.0,0.0,0.0,0.0,1,0.0,0.0,22,17,18,0
2908,696,163,0.0,0.0,0.0,1,0.0,1,0.0,0.0,0.0,0.0,0.0,0.0,0.0,1,0.0,17,1,3,0
2909,100,18,0.0,0.0,0.0,1,0.0,0.0,0.0,1,0.0,0.0,0.0,0.0,0.0,1,0.0,16,26,21,0
2910,590,184,1,0.0,0.0,0.0,0.0,0.0,1,0.0,0.0,1,0.0,0.0,0.0,0.0,0.0,18,21,0,0
2911,914,139,0.0,0.0,1,0.0,0.0,0.0,0.0,0.0,1,0.0,0.0,0.0,1,0.0,0.0,12,2,20,0
2912,188,55,0.0,1,0.0,0.0,0.0,0.0,0.0,1,0.0,0.0,0.0,0.0,0.0,0.0,1,23,14,14,0
2913,334,180,0.0,1,0.0,0.0,0.0,0.0,0.0,1,0.0,1,0.0,0.0,0.0,0.0,0.0,12,26,8,0
2914,64,38,1,0.0,0.0,0.0,0.0,0.0,1,0.0,0.0,0.0,0.0,0.0,0.0,0.0,1,15,23,3,0
2915,350,83,0.0,1,0.0,0.0,0.0,0.0,0.0,0.0,1,0.0,1,0.0,0.0,0.0,0.0,12,25,14,0
2916,560,85,0.0,0.0,1,0.0,0.0,0.0,0.0,1,0.0,0.0,0.0,0.0,1,0.0,0.0,10,22,0,0
2917,928,74,0.0,0.0,1,0.0,0.0,0.0,0.0,0.0,1,0.0,0.0,0.0,1,0.0,0.0,12,28,3,0
2918,437,136,0.0,0.0,1,0.0,0.0,0.0,0.0,1,0.0,0.0,0.0,0.0,0.0,1,0.0,20,8,5,0
2919,424,88,0.0,0.0,1,0.0,1,0.0,0.0,0.0,0.0,0.0,0.0,0.0,0.0,0.0,1,14,17,25,0
2920,386,82,0.0,0.0,0.0,1,0.0,1,0.0,0.0,0.0,0.0,1,0.0,0.0,0.0,0.0,12,10,14,0
2921,283,111,1,0.0,0.0,0.0,0.0,0.0,0.0,0.0,1,0.0,1,0.0,0.0,0.0,0.0,13,21,22,0
2922,681,23,0.0,0.0,0.0,1,0.0,0.0,1,0.0,0.0,0.0,0.0,0.0,0.0,0.0,1,17,22,11,0
2923,651,93,0.0,0.0,1,0.0,0.0,1,0.0,0.0,0.0,0.0,0.0,0.0,0.0,1,0.0,17,12,25,0
2924,645,107,1,0.0,0.0,0.0,0.0,0.0,1,0.0,0.0,0.0,1,0.0,0.0,0.0,0.0,19,20,11,0
2925,670,88,1,0.0,0.0,0.0,0.0,1,0.0,0.0,0.0,0.0,1,0.0,0.0,0.0,0.0,10,6,16,0
2926,440,80,0.0,0.0,0.0,1,0.0,0.0,0.0,1,0.0,0.0,0.0,0.0,1,0.0,0.0,7,14,1,0
2927,26,74,0.0,1,0.0,0.0,1,0.0,0.0,0.0,0.0,1,0.0,0.0,0.0,0.0,0.0,15,5,17,0
2928,779,84,0.0,1,0.0,0.0,0.0,0.0,1,0.0,0.0,0.0,0.0,0.0,1,0.0,0.0,21,7,5,0
2929,939,105,0.0,0.0,0.0,1,0.0,0.0,0.0,1,0.0,0.0,0.0,0.0,0.0,1,0.0,9,13,14,0
2930,165,61,0.0,0.0,0.0,1,0.0,1,0.0,0.0,0.0,0.0,1,0.0,0.0,0.0,0.0,15,26,10,0
2931,466,87,0.0,1,0.0,0.0,1,0.0,0.0,0.0,0.0,0.0,0.0,0.0,0.0,1,0.0,18,3,25,0
2932,78,88,1,0.0,0.0,0.0,0.0,0.0,0.0,0.0,1,0.0,0.0,0.0,0.0,1,0.0,14,14,6,0
2933,7,141,0.0,0.0,0.0,1,0.0,0.0,0.0,1,0.0,0.0,0.0,0.0,0.0,0.0,1,21,24,20,0
2934,847,86,0.0,1,0.0,0.0,0.0,0.0,0.0,1,0.0,0.0,1,0.0,0.0,0.0,0.0,6,18,16,0
2935,786,106,0.0,0.0,0.0,1,0.0,0.0,1,0.0,0.0,0.0,0.0,0.0,0.0,0.0,1,9,16,6,0
2936,617,141,0.0,1,0.0,0.0,0.0,0.0,0.0,0.0,1,0.0,0.0,0.0,0.0,1,0.0,19,1,3,0
2937,811,121,1,0.0,0.0,0.0,0.0,1,0.0,0.0,0.0,0.0,1,0.0,0.0,0.0,0.0,20,11,22,0
2938,100,167,0.0,0.0,1,0.0,0.0,0.0,1,0.0,0.0,0.0,0.0,0.0,1,0.0,0.0,23,7,0,0
2939,524,157,0.0,0.0,1,0.0,0.0,1,0.0,0.0,0.0,0.0,0.0,0.0,0.0,1,0.0,11,8,2,0
2940,506,156,0.0,0.0,1,0.0,0.0,0.0,0.0,1,0.0,0.0,0.0,0.0,1,0.0,0.0,13,28,17,0
2941,386,57,1,0.0,0.0,0.0,0.0,0.0,0.0,1,0.0,0.0,0.0,0.0,0.0,0.0,1,15,24,21,0
2942,220,117,1,0.0,0.0,0.0,0.0,1,0.0,0.0,0.0,0.0,1,0.0,0.0,0.0,0.0,18,5,23,0
2943,925,152,0.0,1,0.0,0.0,1,0.0,0.0,0.0,0.0,0.0,0.0,0.0,1,0.0,0.0,12,14,14,0
2944,168,85,0.0,0.0,1,0.0,0.0,0.0,0.0,0.0,1,1,0.0,0.0,0.0,0.0,0.0,18,8,12,0
2945,73,124,1,0.0,0.0,0.0,0.0,0.0,0.0,0.0,1,0.0,1,0.0,0.0,0.0,0.0,17,3,0,0
2946,961,75,0.0,1,0.0,0.0,1,0.0,0.0,0.0,0.0,0.0,0.0,0.0,1,0.0,0.0,17,6,9,0
2947,138,151,1,0.0,0.0,0.0,1,0.0,0.0,0.0,0.0,1,0.0,0.0,0.0,0.0,0.0,17,7,8,0
2948,631,91,0.0,0.0,1,0.0,0.0,0.0,0.0,1,0.0,0.0,0.0,0.0,1,0.0,0.0,20,18,8,0
2949,272,106,0.0,0.0,1,0.0,0.0,0.0,1,0.0,0.0,0.0,0.0,0.0,1,0.0,0.0,20,29,13,0
2950,858,157,0.0,1,0.0,0.0,0.0,1,0.0,0.0,0.0,0.0,1,0.0,0.0,0.0,0.0,21,20,29,0
2951,938,172,1,0.0,0.0,0.0,1,0.0,0.0,0.0,0.0,1,0.0,0.0,0.0,0.0,0.0,21,9,15,0
2952,978,41,0.0,1,0.0,0.0,0.0,0.0,1,0.0,0.0,0.0,1,0.0,0.0,0.0,0.0,16,7,12,0
2953,51,155,0.0,0.0,0.0,1,0.0,0.0,1,0.0,0.0,1,0.0,0.0,0.0,0.0,0.0,6,19,0,0
2954,326,132,0.0,0.0,1,0.0,0.0,0.0,0.0,0.0,1,0.0,1,0.0,0.0,0.0,0.0,16,26,27,0
2955,677,70,1,0.0,0.0,0.0,0.0,0.0,0.0,1,0.0,0.0,1,0.0,0.0,0.0,0.0,6,26,6,0
2956,138,81,1,0.0,0.0,0.0,0.0,0.0,0.0,1,0.0,1,0.0,0.0,0.0,0.0,0.0,16,13,13,0
2957,501,121,1,0.0,0.0,0.0,0.0,0.0,0.0,0.0,1,0.0,0.0,0.0,0.0,1,0.0,17,2,27,0
2958,705,97,0.0,0.0,1,0.0,0.0,0.0,1,0.0,0.0,0.0,0.0,0.0,0.0,0.0,1,19,18,3,0
2959,653,35,0.0,0.0,0.0,1,1,0.0,0.0,0.0,0.0,0.0,0.0,0.0,0.0,1,0.0,15,11,17,0
2960,581,141,0.0,0.0,1,0.0,0.0,0.0,1,0.0,0.0,1,0.0,0.0,0.0,0.0,0.0,9,14,20,0
2961,763,1,0.0,1,0.0,0.0,0.0,0.0,0.0,0.0,1,0.0,0.0,0.0,1,0.0,0.0,18,16,11,0
2962,6,67,1,0.0,0.0,0.0,0.0,0.0,1,0.0,0.0,1,0.0,0.0,0.0,0.0,0.0,18,22,19,0
2963,325,107,0.0,0.0,1,0.0,1,0.0,0.0,0.0,0.0,0.0,0.0,0.0,1,0.0,0.0,21,13,16,0
2964,724,117,0.0,0.0,1,0.0,0.0,1,0.0,0.0,0.0,0.0,1,0.0,0.0,0.0,0.0,19,1,3,0
2965,212,21,0.0,0.0,1,0.0,0.0,0.0,1,0.0,0.0,0.0,0.0,0.0,0.0,0.0,1,17,21,5,0
2966,637,117,0.0,0.0,0.0,1,0.0,0.0,0.0,1,0.0,0.0,0.0,0.0,0.0,1,0.0,22,6,14,0
2967,991,154,0.0,0.0,0.0,1,0.0,1,0.0,0.0,0.0,1,0.0,0.0,0.0,0.0,0.0,7,2,10,0
2968,965,106,1,0.0,0.0,0.0,0.0,0.0,1,0.0,0.0,0.0,1,0.0,0.0,0.0,0.0,14,7,11,0
2969,18,98,0.0,1,0.0,0.0,0.0,1,0.0,0.0,0.0,0.0,1,0.0,0.0,0.0,0.0,21,13,23,0
2970,207,101,1,0.0,0.0,0.0,0.0,0.0,0.0,1,0.0,0.0,1,0.0,0.0,0.0,0.0,22,10,0,0
2971,552,50,1,0.0,0.0,0.0,0.0,1,0.0,0.0,0.0,0.0,0.0,0.0,0.0,1,0.0,19,19,18,0
2972,146,91,0.0,1,0.0,0.0,0.0,0.0,0.0,0.0,1,0.0,0.0,0.0,0.0,0.0,1,22,25,19,0
2973,160,122,0.0,1,0.0,0.0,0.0,1,0.0,0.0,0.0,0.0,0.0,0.0,1,0.0,0.0,11,9,6,0
2974,869,84,0.0,1,0.0,0.0,0.0,1,0.0,0.0,0.0,0.0,1,0.0,0.0,0.0,0.0,6,7,18,0
2975,588,145,0.0,0.0,1,0.0,0.0,0.0,0.0,0.0,1,1,0.0,0.0,0.0,0.0,0.0,18,22,2,0
2976,318,98,0.0,0.0,0.0,1,0.0,0.0,0.0,0.0,1,0.0,0.0,0.0,0.0,0.0,1,9,26,15,0
2977,614,70,1,0.0,0.0,0.0,0.0,0.0,0.0,0.0,1,0.0,0.0,0.0,1,0.0,0.0,17,19,7,0
2978,952,111,0.0,0.0,1,0.0,1,0.0,0.0,0.0,0.0,0.0,0.0,0.0,0.0,1,0.0,23,8,12,0
2979,614,1,0.0,1,0.0,0.0,1,0.0,0.0,0.0,0.0,0.0,0.0,0.0,0.0,1,0.0,16,14,28,0
2980,900,37,1,0.0,0.0,0.0,0.0,1,0.0,0.0,0.0,0.0,0.0,0.0,0.0,1,0.0,13,21,8,0
2981,927,100,1,0.0,0.0,0.0,1,0.0,0.0,0.0,0.0,0.0,0.0,0.0,1,0.0,0.0,10,11,15,0
2982,891,77,0.0,0.0,0.0,1,0.0,0.0,0.0,0.0,1,0.0,0.0,0.0,0.0,1,0.0,14,18,1,0
2983,98,97,0.0,0.0,0.0,1,0.0,0.0,0.0,1,0.0,0.0,0.0,0.0,0.0,1,0.0,10,20,29,0
2984,756,56,0.0,1,0.0,0.0,0.0,0.0,0.0,1,0.0,0.0,0.0,0.0,1,0.0,0.0,10,24,11,0
2985,872,32,0.0,1,0.0,0.0,0.0,0.0,1,0.0,0.0,1,0.0,0.0,0.0,0.0,0.0,12,18,0,0
2986,966,124,0.0,0.0,0.0,1,0.0,0.0,0.0,0.0,1,0.0,1,0.0,0.0,0.0,0.0,9,9,7,0
2987,854,65,1,0.0,0.0,0.0,0.0,0.0,1,0.0,0.0,0.0,0.0,0.0,0.0,0.0,1,11,12,17,0
2988,711,210,0.0,0.0,1,0.0,0.0,0.0,0.0,0.0,1,0.0,0.0,0.0,0.0,0.0,1,8,4,21,0
2989,217,119,0.0,1,0.0,0.0,0.0,0.0,0.0,1,0.0,0.0,0.0,0.0,0.0,0.0,1,20,28,17,0
2990,210,144,0.0,1,0.0,0.0,1,0.0,0.0,0.0,0.0,0.0,0.0,0.0,1,0.0,0.0,6,20,4,0
2991,649,78,0.0,0.0,1,0.0,0.0,0.0,1,0.0,0.0,0.0,1,0.0,0.0,0.0,0.0,12,20,27,0
2992,732,19,0.0,0.0,1,0.0,0.0,0.0,1,0.0,0.0,0.0,0.0,0.0,1,0.0,0.0,10,16,1,0
2993,113,37,1,0.0,0.0,0.0,0.0,0.0,0.0,0.0,1,0.0,0.0,0.0,0.0,1,0.0,22,9,24,0
2994,537,104,0.0,0.0,1,0.0,0.0,0.0,1,0.0,0.0,0.0,0.0,0.0,0.0,1,0.0,8,26,18,0
2995,58,86,0.0,0.0,0.0,1,0.0,0.0,1,0.0,0.0,0.0,0.0,0.0,0.0,1,0.0,14,27,14,0
2996,312,75,0.0,1,0.0,0.0,0.0,0.0,1,0.0,0.0,1,0.0,0.0,0.0,0.0,0.0,13,23,15,0
2997,112,105,0.0,1,0.0,0.0,0.0,0.0,0.0,1,0.0,1,0.0,0.0,0.0,0.0,0.0,14,23,5,0
2998,798,70,0.0,1,0.0,0.0,0.0,0.0,0.0,1,0.0,0.0,0.0,0.0,1,0.0,0.0,19,9,27,0
2999,942,149,0.0,0.0,1,0.0,0.0,0.0,1,0.0,0.0,0.0,0.0,0.0,0.0,0.0,1,13,2,22,0
3000,146,44,1,0.0,0.0,0.0,0.0,0.0,0.0,1,0.0,0.0,0.0,0.0,1,0.0,0.0,21,14,14,0
3001,142,107,0.0,0.0,1,0.0,0.0,0.0,0.0,0.0,1,1,0.0,0.0,0.0,0.0,0.0,17,29,1,0
3002,969,41,1,0.0,0.0,0.0,0.0,0.0,0.0,1,0.0,0.0,0.0,0.0,0.0,0.0,1,8,28,5,0
3003,204,77,0.0,1,0.0,0.0,0.0,1,0.0,0.0,0.0,0.0,0.0,0.0,1,0.0,0.0,8,7,0,0
3004,204,82,1,0.0,0.0,0.0,0.0,0.0,0.0,0.0,1,0.0,0.0,0.0,1,0.0,0.0,21,7,2,0
3005,535,1,1,0.0,0.0,0.0,0.0,1,0.0,0.0,0.0,0.0,0.0,0.0,0.0,1,0.0,13,8,24,0
3006,208,120,0.0,0.0,0.0,1,0.0,0.0,1,0.0,0.0,1,0.0,0.0,0.0,0.0,0.0,20,6,20,0
3007,363,96,0.0,0.0,0.0,1,0.0,0.0,1,0.0,0.0,0.0,0.0,0.0,0.0,1,0.0,16,9,10,0
3008,945,125,0.0,0.0,1,0.0,0.0,0.0,1,0.0,0.0,0.0,0.0,0.0,0.0,1,0.0,19,14,2,0
3009,297,104,0.0,0.0,0.0,1,0.0,0.0,0.0,1,0.0,0.0,0.0,0.0,1,0.0,0.0,11,28,4,0
3010,731,62,0.0,1,0.0,0.0,0.0,0.0,0.0,0.0,1,0.0,0.0,0.0,0.0,1,0.0,16,19,11,0
3011,913,50,0.0,1,0.0,0.0,0.0,0.0,0.0,1,0.0,0.0,0.0,0.0,0.0,0.0,1,19,11,3,0
3012,802,145,0.0,0.0,1,0.0,1,0.0,0.0,0.0,0.0,1,0.0,0.0,0.0,0.0,0.0,22,16,14,0
3013,67,106,0.0,0.0,1,0.0,0.0,0.0,0.0,1,0.0,1,0.0,0.0,0.0,0.0,0.0,16,16,20,0
3014,362,165,0.0,1,0.0,0.0,0.0,1,0.0,0.0,0.0,0.0,0.0,0.0,0.0,0.0,1,14,28,7,0
3015,457,75,0.0,0.0,1,0.0,1,0.0,0.0,0.0,0.0,0.0,1,0.0,0.0,0.0,0.0,23,14,23,0
3016,648,98,0.0,0.0,1,0.0,1,0.0,0.0,0.0,0.0,0.0,1,0.0,0.0,0.0,0.0,15,7,0,0
3017,111,26,0.0,0.0,1,0.0,0.0,0.0,0.0,1,0.0,0.0,0.0,0.0,1,0.0,0.0,14,3,24,0
3018,520,79,0.0,1,0.0,0.0,0.0,0.0,0.0,0.0,1,1,0.0,0.0,0.0,0.0,0.0,16,2,25,0
3019,630,10,0.0,0.0,1,0.0,1,0.0,0.0,0.0,0.0,0.0,0.0,0.0,0.0,1,0.0,18,91,86,1
3020,919,99,1,0.0,0.0,0.0,0.0,1,0.0,0.0,0.0,0.0,1,0.0,0.0,0.0,0.0,15,19,2,0
3021,9,109,0.0,0.0,0.0,1,0.0,0.0,1,0.0,0.0,1,0.0,0.0,0.0,0.0,0.0,18,22,8,0
3022,182,42,1,0.0,0.0,0.0,0.0,0.0,0.0,0.0,1,0.0,0.0,0.0,0.0,1,0.0,23,9,8,0
3023,655,30,1,0.0,0.0,0.0,0.0,1,0.0,0.0,0.0,0.0,0.0,0.0,0.0,1,0.0,16,17,9,0
3024,897,205,1,0.0,0.0,0.0,0.0,1,0.0,0.0,0.0,0.0,0.0,0.0,0.0,1,0.0,6,15,16,0
3025,871,200,0.0,0.0,0.0,1,0.0,0.0,0.0,1,0.0,0.0,0.0,0.0,0.0,1,0.0,16,4,7,0
3026,669,81,0.0,0.0,1,0.0,1,0.0,0.0,0.0,0.0,0.0,0.0,0.0,0.0,1,0.0,18,27,14,0
3027,794,125,0.0,0.0,1,0.0,0.0,1,0.0,0.0,0.0,0.0,1,0.0,0.0,0.0,0.0,17,14,8,0
3028,445,28,1,0.0,0.0,0.0,0.0,0.0,0.0,1,0.0,0.0,0.0,0.0,0.0,1,0.0,18,17,8,0
3029,543,10,0.0,1,0.0,0.0,0.0,1,0.0,0.0,0.0,0.0,0.0,1,0.0,0.0,0.0,8,85,75,1
3030,643,62,1,0.0,0.0,0.0,1,0.0,0.0,0.0,0.0,1,0.0,0.0,0.0,0.0,0.0,19,0,28,0
3031,68,117,0.0,0.0,1,0.0,0.0,0.0,0.0,0.0,1,0.0,0.0,0.0,0.0,0.0,1,21,27,19,0
3032,481,134,0.0,1,0.0,0.0,0.0,0.0,0.0,0.0,1,0.0,0.0,0.0,1,0.0,0.0,15,14,9,0
3033,951,171,0.0,0.0,1,0.0,1,0.0,0.0,0.0,0.0,0.0,0.0,0.0,1,0.0,0.0,19,16,1,0
3034,55,18,0.0,1,0.0,0.0,0.0,0.0,0.0,1,0.0,1,0.0,0.0,0.0,0.0,0.0,8,15,0,0
3035,72,143,0.0,0.0,1,0.0,0.0,1,0.0,0.0,0.0,0.0,0.0,0.0,1,0.0,0.0,23,0,1,0
3036,232,66,1,0.0,0.0,0.0,0.0,1,0.0,0.0,0.0,0.0,1,0.0,0.0,0.0,0.0,10,5,10,0
3037,236,172,0.0,0.0,0.0,1,0.0,0.0,0.0,1,0.0,0.0,0.0,0.0,0.0,1,0.0,18,17,26,0
3038,549,142,1,0.0,0.0,0.0,0.0,1,0.0,0.0,0.0,0.0,0.0,0.0,0.0,0.0,1,7,18,15,0
3039,292,94,0.0,0.0,0.0,1,0.0,0.0,0.0,1,0.0,1,0.0,0.0,0.0,0.0,0.0,23,8,25,0
3040,788,44,0.0,0.0,0.0,1,0.0,0.0,0.0,1,0.0,0.0,0.0,0.0,0.0,1,0.0,23,23,10,0
3041,298,142,0.0,1,0.0,0.0,0.0,0.0,0.0,1,0.0,0.0,0.0,0.0,1,0.0,0.0,8,8,3,0
3042,699,12,1,0.0,0.0,0.0,1,0.0,0.0,0.0,0.0,0.0,1,0.0,0.0,0.0,0.0,12,4,1,0
3043,862,2869,1,0.0,0.0,0.0,1,0.0,0.0,0.0,0.0,0.0,0.0,0.0,0.0,1,0.0,21,97,96,1
3044,45,224,0.0,0.0,1,0.0,0.0,0.0,0.0,1,0.0,0.0,0.0,0.0,1,0.0,0.0,22,18,13,0
3045,737,22,0.0,0.0,0.0,1,0.0,0.0,0.0,0.0,1,1,0.0,0.0,0.0,0.0,0.0,4,97,73,1
3046,101,92,0.0,0.0,0.0,1,0.0,0.0,1,0.0,0.0,0.0,1,0.0,0.0,0.0,0.0,7,20,5,0
3047,217,164,0.0,0.0,1,0.0,0.0,0.0,1,0.0,0.0,0.0,0.0,0.0,0.0,0.0,1,23,4,3,0
3048,395,54,0.0,1,0.0,0.0,0.0,0.0,0.0,0.0,1,0.0,0.0,0.0,0.0,0.0,1,14,21,12,0
3049,545,89,1,0.0,0.0,0.0,0.0,1,0.0,0.0,0.0,0.0,0.0,0.0,0.0,1,0.0,20,7,9,0
3050,387,80,0.0,0.0,1,0.0,0.0,0.0,1,0.0,0.0,0.0,1,0.0,0.0,0.0,0.0,9,7,18,0
3051,153,204,0.0,1,0.0,0.0,0.0,1,0.0,0.0,0.0,0.0,1,0.0,0.0,0.0,0.0,10,21,13,0
3052,95,166,1,0.0,0.0,0.0,0.0,0.0,0.0,1,0.0,0.0,1,0.0,0.0,0.0,0.0,20,3,6,0
3053,987,108,1,0.0,0.0,0.0,0.0,0.0,1,0.0,0.0,0.0,1,0.0,0.0,0.0,0.0,12,7,3,0
3054,801,58,1,0.0,0.0,0.0,1,0.0,0.0,0.0,0.0,0.0,0.0,0.0,0.0,0.0,1,16,8,3,0
3055,268,121,0.0,1,0.0,0.0,0.0,0.0,0.0,0.0,1,0.0,1,0.0,0.0,0.0,0.0,9,5,20,0
3056,778,80,1,0.0,0.0,0.0,0.0,0.0,1,0.0,0.0,0.0,0.0,0.0,0.0,0.0,1,7,22,18,0
3057,764,72,1,0.0,0.0,0.0,1,0.0,0.0,0.0,0.0,0.0,0.0,0.0,0.0,0.0,1,21,21,3,0
3058,851,86,0.0,0.0,0.0,1,0.0,0.0,0.0,1,0.0,0.0,1,0.0,0.0,0.0,0.0,10,29,2,0
3059,276,191,0.0,0.0,0.0,1,0.0,1,0.0,0.0,0.0,1,0.0,0.0,0.0,0.0,0.0,7,19,29,0
3060,558,99,0.0,1,0.0,0.0,0.0,0.0,0.0,0.0,1,0.0,0.0,0.0,1,0.0,0.0,15,17,18,0
3061,958,39,0.0,0.0,1,0.0,0.0,0.0,0.0,0.0,1,0.0,0.0,0.0,1,0.0,0.0,21,15,6,0
3062,343,124,1,0.0,0.0,0.0,0.0,0.0,0.0,1,0.0,1,0.0,0.0,0.0,0.0,0.0,8,15,10,0
3063,451,82,1,0.0,0.0,0.0,1,0.0,0.0,0.0,0.0,0.0,0.0,0.0,0.0,0.0,1,7,15,6,0
3064,361,144,0.0,1,0.0,0.0,1,0.0,0.0,0.0,0.0,0.0,0.0,0.0,0.0,0.0,1,8,4,17,0
3065,349,70,0.0,0.0,0.0,1,0.0,0.0,1,0.0,0.0,0.0,1,0.0,0.0,0.0,0.0,15,4,28,0
3066,38,103,0.0,1,0.0,0.0,0.0,0.0,1,0.0,0.0,0.0,0.0,0.0,0.0,1,0.0,8,22,17,0
3067,576,111,0.0,1,0.0,0.0,0.0,0.0,0.0,1,0.0,0.0,0.0,0.0,1,0.0,0.0,15,8,19,0
3068,216,50,0.0,1,0.0,0.0,1,0.0,0.0,0.0,0.0,0.0,0.0,0.0,1,0.0,0.0,16,28,0,0
3069,51,92,1,0.0,0.0,0.0,0.0,1,0.0,0.0,0.0,0.0,1,0.0,0.0,0.0,0.0,23,3,25,0
3070,599,142,1,0.0,0.0,0.0,0.0,0.0,0.0,0.0,1,0.0,0.0,0.0,1,0.0,0.0,11,13,17,0
3071,278,93,0.0,1,0.0,0.0,0.0,0.0,0.0,1,0.0,0.0,0.0,0.0,1,0.0,0.0,6,21,5,0
3072,537,112,0.0,0.0,1,0.0,1,0.0,0.0,0.0,0.0,0.0,0.0,0.0,1,0.0,0.0,10,23,23,0
3073,975,99,1,0.0,0.0,0.0,0.0,1,0.0,0.0,0.0,0.0,0.0,0.0,0.0,0.0,1,10,12,13,0
3074,219,10,0.0,0.0,1,0.0,0.0,0.0,0.0,0.0,1,0.0,0.0,1,0.0,0.0,0.0,17,79,93,1
3075,974,135,0.0,0.0,1,0.0,0.0,1,0.0,0.0,0.0,0.0,1,0.0,0.0,0.0,0.0,8,8,25,0
3076,680,110,0.0,0.0,0.0,1,0.0,1,0.0,0.0,0.0,0.0,0.0,0.0,0.0,0.0,1,10,0,21,0
3077,458,120,0.0,0.0,1,0.0,0.0,0.0,0.0,0.0,1,1,0.0,0.0,0.0,0.0,0.0,21,1,22,0
3078,16,148,0.0,1,0.0,0.0,0.0,0.0,1,0.0,0.0,0.0,1,0.0,0.0,0.0,0.0,11,15,18,0
3079,404,80,0.0,1,0.0,0.0,0.0,0.0,1,0.0,0.0,0.0,0.0,0.0,1,0.0,0.0,16,23,27,0
3080,824,84,0.0,0.0,0.0,1,0.0,1,0.0,0.0,0.0,0.0,0.0,0.0,0.0,0.0,1,21,9,20,0
3081,187,95,0.0,1,0.0,0.0,0.0,0.0,1,0.0,0.0,0.0,1,0.0,0.0,0.0,0.0,10,25,20,0
3082,671,158,0.0,0.0,0.0,1,0.0,0.0,1,0.0,0.0,0.0,0.0,0.0,1,0.0,0.0,17,19,14,0
3083,338,118,1,0.0,0.0,0.0,0.0,1,0.0,0.0,0.0,1,0.0,0.0,0.0,0.0,0.0,9,19,24,0
3084,919,97,0.0,1,0.0,0.0,1,0.0,0.0,0.0,0.0,1,0.0,0.0,0.0,0.0,0.0,17,3,14,0
3085,430,113,0.0,1,0.0,0.0,0.0,0.0,0.0,0.0,1,0.0,0.0,0.0,1,0.0,0.0,12,27,2,0
3086,735,81,0.0,0.0,1,0.0,0.0,0.0,0.0,0.0,1,0.0,0.0,0.0,1,0.0,0.0,22,4,1,0
3087,419,42,0.0,1,0.0,0.0,0.0,0.0,0.0,1,0.0,0.0,0.0,0.0,0.0,1,0.0,16,5,19,0
3088,533,132,0.0,0.0,0.0,1,1,0.0,0.0,0.0,0.0,0.0,1,0.0,0.0,0.0,0.0,8,15,22,0
3089,633,3454,1,0.0,0.0,0.0,0.0,0.0,0.0,1,0.0,0.0,0.0,0.0,0.0,0.0,1,13,98,76,1
3090,804,130,0.0,1,0.0,0.0,0.0,1,0.0,0.0,0.0,0.0,0.0,0.0,0.0,0.0,1,13,1,4,0
3091,687,46,0.0,0.0,0.0,1,1,0.0,0.0,0.0,0.0,1,0.0,0.0,0.0,0.0,0.0,10,12,24,0
3092,62,1,0.0,0.0,1,0.0,0.0,0.0,0.0,0.0,1,0.0,0.0,0.0,1,0.0,0.0,22,0,6,0
3093,923,72,0.0,0.0,1,0.0,1,0.0,0.0,0.0,0.0,1,0.0,0.0,0.0,0.0,0.0,20,2,2,0
3094,454,178,0.0,1,0.0,0.0,0.0,0.0,1,0.0,0.0,1,0.0,0.0,0.0,0.0,0.0,6,10,20,0
3095,621,16,0.0,0.0,0.0,1,0.0,0.0,0.0,1,0.0,0.0,0.0,0.0,0.0,0.0,1,22,17,4,0
3096,20,148,0.0,0.0,0.0,1,0.0,0.0,0.0,0.0,1,0.0,0.0,0.0,1,0.0,0.0,19,18,11,0
3097,839,163,0.0,0.0,1,0.0,1,0.0,0.0,0.0,0.0,0.0,0.0,0.0,0.0,0.0,1,12,23,1,0
3098,6,110,0.0,0.0,0.0,1,0.0,1,0.0,0.0,0.0,0.0,1,0.0,0.0,0.0,0.0,8,15,18,0
3099,457,79,0.0,0.0,1,0.0,0.0,0.0,1,0.0,0.0,0.0,1,0.0,0.0,0.0,0.0,16,26,18,0
3100,682,111,0.0,0.0,1,0.0,0.0,0.0,0.0,0.0,1,0.0,0.0,0.0,1,0.0,0.0,14,16,23,0
3101,291,102,0.0,0.0,0.0,1,0.0,0.0,0.0,1,0.0,0.0,1,0.0,0.0,0.0,0.0,20,8,18,0
3102,937,84,0.0,0.0,1,0.0,0.0,0.0,0.0,1,0.0,0.0,1,0.0,0.0,0.0,0.0,9,17,29,0
3103,971,4,1,0.0,0.0,0.0,0.0,0.0,0.0,1,0.0,0.0,0.0,0.0,1,0.0,0.0,10,25,16,0
3104,199,112,0.0,0.0,1,0.0,0.0,0.0,0.0,0.0,1,1,0.0,0.0,0.0,0.0,0.0,17,23,6,0
3105,338,103,0.0,0.0,0.0,1,1,0.0,0.0,0.0,0.0,0.0,0.0,0.0,1,0.0,0.0,7,19,18,0
3106,517,101,0.0,0.0,1,0.0,0.0,0.0,1,0.0,0.0,0.0,0.0,0.0,1,0.0,0.0,9,26,21,0
3107,962,229,0.0,1,0.0,0.0,1,0.0,0.0,0.0,0.0,0.0,0.0,0.0,0.0,1,0.0,16,7,20,0
3108,179,119,0.0,0.0,1,0.0,0.0,0.0,0.0,1,0.0,0.0,0.0,0.0,1,0.0,0.0,15,2,22,0
3109,584,2182,1,0.0,0.0,0.0,0.0,0.0,0.0,1,0.0,0.0,0.0,1,0.0,0.0,0.0,0,75,90,1
3110,82,99,0.0,0.0,0.0,1,1,0.0,0.0,0.0,0.0,0.0,1,0.0,0.0,0.0,0.0,23,22,25,0
3111,236,84,0.0,0.0,0.0,1,0.0,0.0,1,0.0,0.0,1,0.0,0.0,0.0,0.0,0.0,12,25,22,0
3112,947,117,0.0,0.0,0.0,1,0.0,0.0,0.0,1,0.0,0.0,0.0,0.0,1,0.0,0.0,9,16,12,0
3113,458,104,0.0,0.0,0.0,1,1,0.0,0.0,0.0,0.0,0.0,0.0,0.0,0.0,1,0.0,6,29,22,0
3114,920,9,0.0,0.0,0.0,1,0.0,0.0,0.0,0.0,1,1,0.0,0.0,0.0,0.0,0.0,9,12,19,0
3115,583,45,1,0.0,0.0,0.0,0.0,1,0.0,0.0,0.0,1,0.0,0.0,0.0,0.0,0.0,13,29,9,0
3116,862,30,0.0,0.0,0.0,1,0.0,1,0.0,0.0,0.0,0.0,0.0,0.0,0.0,1,0.0,22,5,15,0
3117,883,65,0.0,0.0,1,0.0,1,0.0,0.0,0.0,0.0,0.0,0.0,0.0,1,0.0,0.0,7,14,12,0
3118,715,107,0.0,1,0.0,0.0,1,0.0,0.0,0.0,0.0,0.0,1,0.0,0.0,0.0,0.0,6,23,21,0
3119,668,117,0.0,1,0.0,0.0,1,0.0,0.0,0.0,0.0,0.0,0.0,0.0,0.0,0.0,1,16,29,25,0
3120,168,145,1,0.0,0.0,0.0,0.0,1,0.0,0.0,0.0,1,0.0,0.0,0.0,0.0,0.0,7,0,16,0
3121,903,55,0.0,0.0,0.0,1,1,0.0,0.0,0.0,0.0,0.0,1,0.0,0.0,0.0,0.0,6,28,6,0
3122,690,96,0.0,0.0,0.0,1,0.0,1,0.0,0.0,0.0,1,0.0,0.0,0.0,0.0,0.0,7,7,21,0
3123,972,140,0.0,1,0.0,0.0,1,0.0,0.0,0.0,0.0,1,0.0,0.0,0.0,0.0,0.0,13,1,11,0
3124,967,101,0.0,0.0,0.0,1,1,0.0,0.0,0.0,0.0,0.0,0.0,0.0,0.0,0.0,1,20,14,11,0
3125,506,68,0.0,0.0,0.0,1,0.0,0.0,1,0.0,0.0,0.0,0.0,0.0,1,0.0,0.0,21,21,12,0
3126,629,145,0.0,0.0,0.0,1,0.0,0.0,0.0,0.0,1,0.0,0.0,0.0,1,0.0,0.0,23,15,6,0
3127,434,138,0.0,0.0,1,0.0,0.0,0.0,1,0.0,0.0,1,0.0,0.0,0.0,0.0,0.0,17,7,26,0
3128,108,64,0.0,0.0,1,0.0,0.0,0.0,0.0,0.0,1,0.0,0.0,0.0,1,0.0,0.0,14,4,28,0
3129,914,70,0.0,0.0,0.0,1,0.0,0.0,0.0,1,0.0,0.0,0.0,0.0,0.0,1,0.0,11,27,7,0
3130,853,68,0.0,1,0.0,0.0,0.0,0.0,0.0,0.0,1,0.0,0.0,0.0,0.0,0.0,1,15,12,7,0
3131,556,166,1,0.0,0.0,0.0,0.0,0.0,0.0,1,0.0,0.0,0.0,0.0,0.0,1,0.0,7,4,5,0
3132,731,37,0.0,0.0,0.0,1,0.0,0.0,0.0,1,0.0,0.0,0.0,0.0,1,0.0,0.0,8,20,22,0
3133,522,48,0.0,0.0,1,0.0,0.0,1,0.0,0.0,0.0,1,0.0,0.0,0.0,0.0,0.0,16,14,13,0
3134,856,132,0.0,0.0,0.0,1,1,0.0,0.0,0.0,0.0,0.0,0.0,0.0,0.0,1,0.0,19,24,29,0
3135,104,44,1,0.0,0.0,0.0,1,0.0,0.0,0.0,0.0,0.0,0.0,0.0,0.0,1,0.0,11,2,17,0
3136,850,24,0.0,0.0,0.0,1,0.0,0.0,0.0,0.0,1,0.0,0.0,0.0,0.0,0.0,1,14,29,6,0
3137,665,114,1,0.0,0.0,0.0,0.0,0.0,1,0.0,0.0,0.0,0.0,0.0,0.0,1,0.0,22,25,29,0
3138,298,187,0.0,1,0.0,0.0,0.0,0.0,1,0.0,0.0,0.0,0.0,0.0,0.0,1,0.0,19,8,22,0
3139,986,141,0.0,0.0,0.0,1,1,0.0,0.0,0.0,0.0,0.0,0.0,0.0,0.0,0.0,1,22,9,18,0
3140,649,86,0.0,1,0.0,0.0,1,0.0,0.0,0.0,0.0,0.0,0.0,0.0,0.0,1,0.0,9,29,1,0
3141,663,96,0.0,1,0.0,0.0,0.0,1,0.0,0.0,0.0,0.0,0.0,0.0,0.0,1,0.0,21,9,3,0
3142,73,68,0.0,0.0,1,0.0,0.0,0.0,0.0,0.0,1,0.0,0.0,0.0,0.0,1,0.0,17,23,13,0
3143,366,159,0.0,1,0.0,0.0,0.0,0.0,0.0,0.0,1,0.0,1,0.0,0.0,0.0,0.0,17,22,23,0
3144,821,90,0.0,0.0,0.0,1,0.0,1,0.0,0.0,0.0,0.0,0.0,0.0,0.0,1,0.0,10,20,2,0
3145,395,167,0.0,0.0,0.0,1,0.0,0.0,1,0.0,0.0,0.0,1,0.0,0.0,0.0,0.0,8,28,18,0
3146,834,60,1,0.0,0.0,0.0,0.0,0.0,1,0.0,0.0,0.0,0.0,0.0,0.0,0.0,1,13,6,5,0
3147,530,114,0.0,1,0.0,0.0,0.0,1,0.0,0.0,0.0,0.0,0.0,0.0,0.0,0.0,1,21,5,19,0
3148,721,87,0.0,0.0,1,0.0,0.0,1,0.0,0.0,0.0,0.0,0.0,0.0,0.0,1,0.0,18,13,0,0
3149,782,152,0.0,1,0.0,0.0,0.0,0.0,1,0.0,0.0,0.0,0.0,0.0,0.0,0.0,1,8,0,14,0
3150,131,26,0.0,1,0.0,0.0,0.0,0.0,0.0,0.0,1,1,0.0,0.0,0.0,0.0,0.0,13,8,26,0
3151,201,69,1,0.0,0.0,0.0,0.0,0.0,0.0,0.0,1,0.0,0.0,0.0,0.0,0.0,1,13,22,10,0
3152,628,173,1,0.0,0.0,0.0,0.0,0.0,0.0,0.0,1,0.0,0.0,0.0,0.0,1,0.0,17,10,19,0
3153,288,71,0.0,1,0.0,0.0,0.0,1,0.0,0.0,0.0,0.0,0.0,0.0,1,0.0,0.0,18,24,5,0
3154,786,103,0.0,0.0,0.0,1,0.0,0.0,0.0,1,0.0,0.0,0.0,0.0,0.0,1,0.0,10,21,18,0
3155,765,118,0.0,0.0,0.0,1,0.0,0.0,1,0.0,0.0,0.0,0.0,0.0,0.0,0.0,1,7,16,12,0
3156,238,44,1,0.0,0.0,0.0,1,0.0,0.0,0.0,0.0,0.0,0.0,0.0,1,0.0,0.0,11,25,0,0
3157,841,126,0.0,1,0.0,0.0,0.0,1,0.0,0.0,0.0,1,0.0,0.0,0.0,0.0,0.0,19,13,22,0
3158,643,152,0.0,0.0,1,0.0,1,0.0,0.0,0.0,0.0,0.0,0.0,0.0,1,0.0,0.0,14,18,26,0
3159,415,198,1,0.0,0.0,0.0,0.0,0.0,1,0.0,0.0,0.0,0.0,0.0,0.0,1,0.0,13,18,8,0
3160,998,12,0.0,0.0,0.0,1,0.0,0.0,0.0,1,0.0,0.0,1,0.0,0.0,0.0,0.0,9,6,0,0
3161,445,119,0.0,1,0.0,0.0,0.0,0.0,0.0,0.0,1,0.0,1,0.0,0.0,0.0,0.0,22,3,26,0
3162,391,117,0.0,0.0,0.0,1,0.0,1,0.0,0.0,0.0,0.0,0.0,0.0,0.0,1,0.0,23,26,10,0
3163,305,73,0.0,1,0.0,0.0,0.0,1,0.0,0.0,0.0,0.0,0.0,0.0,0.0,0.0,1,23,2,23,0
3164,304,79,1,0.0,0.0,0.0,0.0,0.0,0.0,0.0,1,0.0,1,0.0,0.0,0.0,0.0,13,11,5,0
3165,635,182,1,0.0,0.0,0.0,0.0,0.0,1,0.0,0.0,0.0,0.0,0.0,1,0.0,0.0,16,16,20,0
3166,535,135,0.0,1,0.0,0.0,1,0.0,0.0,0.0,0.0,0.0,0.0,0.0,0.0,1,0.0,14,10,16,0
3167,43,41,0.0,0.0,0.0,1,0.0,1,0.0,0.0,0.0,0.0,0.0,0.0,0.0,1,0.0,20,15,19,0
3168,156,98,1,0.0,0.0,0.0,1,0.0,0.0,0.0,0.0,0.0,1,0.0,0.0,0.0,0.0,22,13,14,0
3169,197,94,0.0,0.0,1,0.0,0.0,0.0,0.0,0.0,1,0.0,0.0,0.0,0.0,1,0.0,15,0,3,0
3170,55,165,0.0,1,0.0,0.0,0.0,1,0.0,0.0,0.0,0.0,1,0.0,0.0,0.0,0.0,21,20,22,0
3171,937,152,0.0,0.0,0.0,1,0.0,0.0,0.0,1,0.0,0.0,0.0,0.0,1,0.0,0.0,18,19,24,0
3172,909,110,1,0.0,0.0,0.0,0.0,1,0.0,0.0,0.0,1,0.0,0.0,0.0,0.0,0.0,16,9,1,0
3173,81,133,0.0,0.0,1,0.0,0.0,0.0,0.0,0.0,1,0.0,0.0,0.0,0.0,0.0,1,22,7,16,0
3174,724,166,0.0,0.0,0.0,1,0.0,0.0,0.0,0.0,1,0.0,0.0,0.0,1,0.0,0.0,7,24,7,0
3175,307,1,0.0,0.0,0.0,1,0.0,0.0,1,0.0,0.0,0.0,0.0,0.0,0.0,1,0.0,8,12,23,0
3176,234,32,0.0,0.0,1,0.0,0.0,0.0,1,0.0,0.0,0.0,0.0,0.0,1,0.0,0.0,9,6,27,0
3177,111,131,0.0,0.0,0.0,1,0.0,0.0,0.0,0.0,1,0.0,0.0,0.0,0.0,0.0,1,16,23,25,0
3178,222,49,0.0,0.0,0.0,1,1,0.0,0.0,0.0,0.0,0.0,0.0,0.0,0.0,1,0.0,7,28,11,0
3179,178,145,0.0,0.0,1,0.0,0.0,1,0.0,0.0,0.0,0.0,0.0,0.0,0.0,0.0,1,23,25,5,0
3180,833,180,0.0,0.0,1,0.0,0.0,0.0,0.0,1,0.0,0.0,0.0,0.0,0.0,0.0,1,11,11,15,0
3181,89,51,0.0,0.0,0.0,1,0.0,0.0,0.0,0.0,1,0.0,0.0,0.0,1,0.0,0.0,18,22,11,0
3182,978,148,0.0,0.0,0.0,1,0.0,0.0,0.0,1,0.0,0.0,0.0,0.0,1,0.0,0.0,9,10,10,0
3183,152,52,0.0,1,0.0,0.0,0.0,0.0,0.0,1,0.0,0.0,1,0.0,0.0,0.0,0.0,14,5,28,0
3184,744,58,1,0.0,0.0,0.0,0.0,0.0,0.0,1,0.0,0.0,0.0,0.0,0.0,1,0.0,22,24,7,0
3185,812,1,0.0,0.0,1,0.0,0.0,0.0,1,0.0,0.0,0.0,0.0,0.0,0.0,1,0.0,12,22,19,0
3186,97,73,0.0,0.0,0.0,1,1,0.0,0.0,0.0,0.0,0.0,1,0.0,0.0,0.0,0.0,18,13,22,0
3187,891,111,0.0,1,0.0,0.0,0.0,1,0.0,0.0,0.0,0.0,0.0,0.0,0.0,0.0,1,7,24,15,0
3188,854,2,0.0,0.0,0.0,1,0.0,0.0,0.0,1,0.0,0.0,0.0,0.0,0.0,1,0.0,20,24,17,0
3189,316,20,1,0.0,0.0,0.0,0.0,1,0.0,0.0,0.0,1,0.0,0.0,0.0,0.0,0.0,12,29,27,0
3190,440,188,0.0,0.0,1,0.0,0.0,0.0,0.0,1,0.0,0.0,0.0,0.0,1,0.0,0.0,6,1,4,0
3191,464,74,0.0,1,0.0,0.0,0.0,1,0.0,0.0,0.0,1,0.0,0.0,0.0,0.0,0.0,6,22,5,0
3192,334,1,0.0,0.0,0.0,1,0.0,0.0,1,0.0,0.0,1,0.0,0.0,0.0,0.0,0.0,20,1,10,0
3193,25,86,0.0,0.0,0.0,1,0.0,1,0.0,0.0,0.0,0.0,1,0.0,0.0,0.0,0.0,17,24,8,0
3194,756,44,0.0,0.0,1,0.0,0.0,0.0,0.0,0.0,1,0.0,0.0,0.0,0.0,0.0,1,12,19,3,0
3195,640,79,0.0,0.0,1,0.0,0.0,1,0.0,0.0,0.0,0.0,0.0,0.0,1,0.0,0.0,11,26,17,0
3196,703,52,0.0,1,0.0,0.0,0.0,1,0.0,0.0,0.0,0.0,0.0,0.0,0.0,1,0.0,16,13,15,0
3197,627,81,0.0,0.0,1,0.0,0.0,0.0,1,0.0,0.0,0.0,0.0,0.0,1,0.0,0.0,17,21,16,0
3198,562,146,0.0,0.0,1,0.0,1,0.0,0.0,0.0,0.0,0.0,1,0.0,0.0,0.0,0.0,10,3,4,0
3199,105,61,0.0,1,0.0,0.0,0.0,0.0,0.0,1,0.0,0.0,0.0,0.0,1,0.0,0.0,16,26,19,0
3200,767,24,0.0,0.0,0.0,1,0.0,0.0,0.0,1,0.0,0.0,1,0.0,0.0,0.0,0.0,23,27,16,0
3201,916,42,0.0,1,0.0,0.0,1,0.0,0.0,0.0,0.0,0.0,1,0.0,0.0,0.0,0.0,20,3,27,0
3202,864,77,1,0.0,0.0,0.0,0.0,1,0.0,0.0,0.0,0.0,1,0.0,0.0,0.0,0.0,16,17,21,0
3203,474,228,0.0,1,0.0,0.0,0.0,0.0,1,0.0,0.0,1,0.0,0.0,0.0,0.0,0.0,12,22,12,0
3204,386,114,1,0.0,0.0,0.0,1,0.0,0.0,0.0,0.0,0.0,1,0.0,0.0,0.0,0.0,12,25,9,0
3205,804,125,0.0,0.0,0.0,1,0.0,0.0,0.0,0.0,1,0.0,0.0,0.0,1,0.0,0.0,10,27,19,0
3206,765,98,1,0.0,0.0,0.0,0.0,0.0,0.0,0.0,1,0.0,0.0,0.0,1,0.0,0.0,11,7,19,0
3207,502,58,0.0,1,0.0,0.0,0.0,0.0,0.0,1,0.0,0.0,0.0,0.0,1,0.0,0.0,7,2,23,0
3208,357,110,1,0.0,0.0,0.0,0.0,0.0,0.0,1,0.0,0.0,0.0,0.0,0.0,1,0.0,21,5,26,0
3209,873,126,0.0,1,0.0,0.0,0.0,0.0,0.0,1,0.0,0.0,0.0,0.0,0.0,0.0,1,12,13,27,0
3210,661,57,1,0.0,0.0,0.0,0.0,0.0,1,0.0,0.0,0.0,0.0,0.0,0.0,1,0.0,20,18,3,0
3211,60,119,1,0.0,0.0,0.0,1,0.0,0.0,0.0,0.0,0.0,1,0.0,0.0,0.0,0.0,11,2,18,0
3212,684,92,1,0.0,0.0,0.0,0.0,1,0.0,0.0,0.0,0.0,1,0.0,0.0,0.0,0.0,7,4,20,0
3213,387,126,0.0,1,0.0,0.0,0.0,0.0,0.0,0.0,1,0.0,0.0,0.0,0.0,0.0,1,9,24,15,0
3214,140,115,1,0.0,0.0,0.0,0.0,0.0,0.0,1,0.0,1,0.0,0.0,0.0,0.0,0.0,21,8,6,0
3215,962,179,1,0.0,0.0,0.0,1,0.0,0.0,0.0,0.0,0.0,0.0,0.0,0.0,1,0.0,21,24,13,0
3216,354,85,0.0,0.0,1,0.0,0.0,1,0.0,0.0,0.0,0.0,0.0,0.0,0.0,1,0.0,19,16,27,0
3217,411,1,0.0,0.0,1,0.0,0.0,0.0,0.0,0.0,1,0.0,0.0,0.0,0.0,1,0.0,7,24,7,0
3218,179,61,0.0,0.0,1,0.0,0.0,0.0,1,0.0,0.0,0.0,1,0.0,0.0,0.0,0.0,20,0,0,0
3219,410,55,0.0,1,0.0,0.0,1,0.0,0.0,0.0,0.0,0.0,0.0,0.0,0.0,0.0,1,22,8,19,0
3220,273,92,1,0.0,0.0,0.0,0.0,0.0,1,0.0,0.0,1,0.0,0.0,0.0,0.0,0.0,13,10,29,0
3221,226,116,0.0,1,0.0,0.0,1,0.0,0.0,0.0,0.0,0.0,0.0,0.0,0.0,1,0.0,10,9,12,0
3222,695,88,0.0,0.0,1,0.0,0.0,1,0.0,0.0,0.0,0.0,1,0.0,0.0,0.0,0.0,15,24,27,0
3223,332,168,0.0,0.0,1,0.0,1,0.0,0.0,0.0,0.0,0.0,0.0,0.0,0.0,0.0,1,7,29,0,0
3224,755,88,0.0,1,0.0,0.0,1,0.0,0.0,0.0,0.0,0.0,0.0,0.0,1,0.0,0.0,15,22,13,0
3225,798,137,0.0,0.0,1,0.0,0.0,1,0.0,0.0,0.0,0.0,1,0.0,0.0,0.0,0.0,13,4,25,0
3226,80,402,0.0,1,0.0,0.0,0.0,0.0,0.0,0.0,1,0.0,0.0,0.0,0.0,1,0.0,5,88,97,1
3227,182,103,1,0.0,0.0,0.0,0.0,1,0.0,0.0,0.0,0.0,0.0,0.0,0.0,0.0,1,10,11,11,0
3228,167,45,0.0,0.0,1,0.0,0.0,0.0,1,0.0,0.0,1,0.0,0.0,0.0,0.0,0.0,23,11,17,0
3229,663,195,0.0,0.0,1,0.0,0.0,0.0,0.0,0.0,1,1,0.0,0.0,0.0,0.0,0.0,19,11,4,0
3230,994,12,0.0,1,0.0,0.0,1,0.0,0.0,0.0,0.0,0.0,0.0,0.0,0.0,0.0,1,21,1,6,0
3231,83,161,0.0,0.0,0.0,1,0.0,0.0,0.0,1,0.0,0.0,0.0,0.0,1,0.0,0.0,18,12,22,0
3232,394,235,0.0,1,0.0,0.0,0.0,0.0,0.0,0.0,1,0.0,0.0,0.0,1,0.0,0.0,11,19,3,0
3233,666,92,0.0,0.0,0.0,1,0.0,0.0,0.0,0.0,1,0.0,0.0,0.0,0.0,0.0,1,8,14,2,0
3234,165,209,1,0.0,0.0,0.0,0.0,0.0,0.0,0.0,1,0.0,0.0,0.0,0.0,1,0.0,20,3,4,0
3235,598,81,0.0,0.0,0.0,1,1,0.0,0.0,0.0,0.0,1,0.0,0.0,0.0,0.0,0.0,17,23,10,0
3236,928,107,0.0,0.0,1,0.0,0.0,1,0.0,0.0,0.0,0.0,1,0.0,0.0,0.0,0.0,22,14,20,0
3237,105,71,0.0,0.0,0.0,1,0.0,1,0.0,0.0,0.0,1,0.0,0.0,0.0,0.0,0.0,9,12,16,0
3238,939,1011,0.0,1,0.0,0.0,0.0,0.0,1,0.0,0.0,0.0,0.0,0.0,1,0.0,0.0,3,75,88,1
3239,655,18,1,0.0,0.0,0.0,0.0,0.0,0.0,0.0,1,0.0,0.0,0.0,0.0,1,0.0,8,7,18,0
3240,98,822,0.0,0.0,0.0,1,0.0,1,0.0,0.0,0.0,0.0,0.0,1,0.0,0.0,0.0,11,94,82,1
3241,503,148,0.0,1,0.0,0.0,0.0,0.0,1,0.0,0.0,0.0,1,0.0,0.0,0.0,0.0,16,21,4,0
3242,408,77,0.0,1,0.0,0.0,0.0,0.0,1,0.0,0.0,0.0,0.0,0.0,0.0,1,0.0,9,7,29,0
3243,833,109,0.0,0.0,1,0.0,0.0,0.0,1,0.0,0.0,0.0,0.0,0.0,0.0,0.0,1,21,1,9,0
3244,118,155,0.0,1,0.0,0.0,0.0,0.0,0.0,1,0.0,0.0,0.0,0.0,1,0.0,0.0,14,25,10,0
3245,252,122,0.0,0.0,0.0,1,1,0.0,0.0,0.0,0.0,0.0,1,0.0,0.0,0.0,0.0,7,11,17,0
3246,603,61,0.0,1,0.0,0.0,1,0.0,0.0,0.0,0.0,0.0,0.0,0.0,1,0.0,0.0,14,8,15,0
3247,303,102,1,0.0,0.0,0.0,0.0,0.0,1,0.0,0.0,0.0,0.0,0.0,1,0.0,0.0,23,24,7,0
3248,984,114,0.0,0.0,1,0.0,0.0,0.0,1,0.0,0.0,0.0,0.0,0.0,0.0,0.0,1,14,21,1,0
3249,849,98,0.0,0.0,1,0.0,0.0,0.0,1,0.0,0.0,0.0,0.0,0.0,0.0,1,0.0,18,1,16,0
3250,77,22,0.0,1,0.0,0.0,0.0,0.0,1,0.0,0.0,1,0.0,0.0,0.0,0.0,0.0,15,2,6,0
3251,190,119,0.0,1,0.0,0.0,0.0,1,0.0,0.0,0.0,1,0.0,0.0,0.0,0.0,0.0,11,21,13,0
3252,991,161,0.0,0.0,0.0,1,0.0,1,0.0,0.0,0.0,0.0,0.0,0.0,0.0,1,0.0,7,24,11,0
3253,378,67,0.0,0.0,0.0,1,0.0,0.0,1,0.0,0.0,0.0,1,0.0,0.0,0.0,0.0,13,15,14,0
3254,725,61,0.0,0.0,1,0.0,0.0,0.0,1,0.0,0.0,0.0,1,0.0,0.0,0.0,0.0,12,7,1,0
3255,737,1,0.0,0.0,1,0.0,0.0,1,0.0,0.0,0.0,0.0,0.0,0.0,0.0,1,0.0,14,1,5,0
3256,687,86,0.0,1,0.0,0.0,0.0,1,0.0,0.0,0.0,1,0.0,0.0,0.0,0.0,0.0,7,8,0,0
3257,390,20,1,0.0,0.0,0.0,0.0,0.0,0.0,0.0,1,0.0,0.0,0.0,0.0,1,0.0,12,19,21,0
3258,503,93,1,0.0,0.0,0.0,0.0,1,0.0,0.0,0.0,0.0,0.0,0.0,0.0,0.0,1,12,21,3,0
3259,533,102,0.0,0.0,1,0.0,1,0.0,0.0,0.0,0.0,1,0.0,0.0,0.0,0.0,0.0,6,1,7,0
3260,225,76,0.0,0.0,1,0.0,0.0,0.0,0.0,0.0,1,1,0.0,0.0,0.0,0.0,0.0,19,25,10,0
3261,228,1,1,0.0,0.0,0.0,0.0,0.0,1,0.0,0.0,0.0,0.0,0.0,0.0,0.0,1,22,8,24,0
3262,915,72,0.0,0.0,0.0,1,0.0,0.0,0.0,0.0,1,0.0,0.0,0.0,0.0,1,0.0,12,6,19,0
3263,599,80,0.0,0.0,0.0,1,0.0,1,0.0,0.0,0.0,1,0.0,0.0,0.0,0.0,0.0,11,29,7,0
3264,151,121,0.0,1,0.0,0.0,0.0,0.0,1,0.0,0.0,1,0.0,0.0,0.0,0.0,0.0,12,8,19,0
3265,641,169,0.0,0.0,1,0.0,0.0,1,0.0,0.0,0.0,1,0.0,0.0,0.0,0.0,0.0,17,22,20,0
3266,393,103,0.0,1,0.0,0.0,1,0.0,0.0,0.0,0.0,0.0,1,0.0,0.0,0.0,0.0,6,16,6,0
3267,158,52,0.0,0.0,1,0.0,1,0.0,0.0,0.0,0.0,1,0.0,0.0,0.0,0.0,0.0,10,23,23,0
3268,285,109,0.0,1,0.0,0.0,0.0,1,0.0,0.0,0.0,0.0,0.0,0.0,1,0.0,0.0,14,23,15,0
3269,250,65,1,0.0,0.0,0.0,0.0,0.0,0.0,0.0,1,0.0,0.0,0.0,0.0,0.0,1,8,29,14,0
3270,386,85,1,0.0,0.0,0.0,0.0,0.0,0.0,0.0,1,0.0,1,0.0,0.0,0.0,0.0,17,17,9,0
3271,842,82,0.0,0.0,0.0,1,0.0,0.0,0.0,1,0.0,1,0.0,0.0,0.0,0.0,0.0,9,27,16,0
3272,608,162,0.0,1,0.0,0.0,0.0,0.0,0.0,0.0,1,0.0,0.0,0.0,0.0,1,0.0,8,29,2,0
3273,229,40,1,0.0,0.0,0.0,1,0.0,0.0,0.0,0.0,0.0,0.0,0.0,1,0.0,0.0,8,7,29,0
3274,375,112,1,0.0,0.0,0.0,1,0.0,0.0,0.0,0.0,0.0,1,0.0,0.0,0.0,0.0,15,22,16,0
3275,922,29,0.0,1,0.0,0.0,0.0,0.0,1,0.0,0.0,0.0,0.0,0.0,0.0,0.0,1,14,19,20,0
3276,242,1,0.0,0.0,0.0,1,0.0,0.0,1,0.0,0.0,0.0,0.0,0.0,0.0,1,0.0,17,8,5,0
3277,982,96,0.0,0.0,0.0,1,1,0.0,0.0,0.0,0.0,1,0.0,0.0,0.0,0.0,0.0,13,24,25,0
3278,50,110,0.0,0.0,1,0.0,0.0,1,0.0,0.0,0.0,0.0,1,0.0,0.0,0.0,0.0,9,8,20,0
3279,795,115,0.0,1,0.0,0.0,0.0,0.0,0.0,0.0,1,0.0,0.0,0.0,0.0,1,0.0,8,28,24,0
3280,819,77,0.0,0.0,0.0,1,0.0,0.0,1,0.0,0.0,0.0,0.0,0.0,0.0,0.0,1,16,26,2,0
3281,463,78,1,0.0,0.0,0.0,0.0,0.0,0.0,1,0.0,0.0,0.0,0.0,0.0,1,0.0,16,5,25,0
3282,453,59,0.0,0.0,1,0.0,0.0,0.0,0.0,0.0,1,0.0,0.0,0.0,0.0,1,0.0,22,2,24,0
3283,211,78,1,0.0,0.0,0.0,1,0.0,0.0,0.0,0.0,0.0,0.0,0.0,0.0,1,0.0,19,19,1,0
3284,389,151,1,0.0,0.0,0.0,0.0,0.0,1,0.0,0.0,0.0,0.0,0.0,0.0,1,0.0,10,23,7,0
3285,449,159,1,0.0,0.0,0.0,0.0,0.0,0.0,1,0.0,0.0,0.0,0.0,0.0,0.0,1,13,18,14,0
3286,673,111,0.0,0.0,1,0.0,1,0.0,0.0,0.0,0.0,0.0,0.0,0.0,0.0,0.0,1,19,13,14,0
3287,534,46,0.0,0.0,1,0.0,0.0,0.0,1,0.0,0.0,0.0,0.0,0.0,0.0,0.0,1,6,1,7,0
3288,660,86,1,0.0,0.0,0.0,0.0,0.0,0.0,0.0,1,0.0,0.0,0.0,0.0,0.0,1,15,17,4,0
3289,427,60,0.0,1,0.0,0.0,1,0.0,0.0,0.0,0.0,0.0,0.0,0.0,1,0.0,0.0,8,1,19,0
3290,642,58,0.0,0.0,1,0.0,1,0.0,0.0,0.0,0.0,0.0,0.0,0.0,0.0,0.0,1,13,11,4,0
3291,850,159,1,0.0,0.0,0.0,0.0,0.0,0.0,1,0.0,0.0,0.0,0.0,1,0.0,0.0,21,25,3,0
3292,278,74,0.0,1,0.0,0.0,0.0,1,0.0,0.0,0.0,1,0.0,0.0,0.0,0.0,0.0,14,12,0,0
3293,760,10,1,0.0,0.0,0.0,0.0,0.0,0.0,0.0,1,0.0,0.0,0.0,0.0,0.0,1,8,19,2,0
3294,188,186,0.0,0.0,1,0.0,0.0,0.0,0.0,0.0,1,0.0,1,0.0,0.0,0.0,0.0,19,5,11,0
3295,510,142,0.0,1,0.0,0.0,0.0,0.0,0.0,0.0,1,0.0,0.0,0.0,1,0.0,0.0,15,14,29,0
3296,335,118,0.0,1,0.0,0.0,0.0,0.0,0.0,1,0.0,0.0,0.0,0.0,0.0,1,0.0,13,16,28,0
3297,537,62,1,0.0,0.0,0.0,0.0,0.0,0.0,0.0,1,1,0.0,0.0,0.0,0.0,0.0,6,2,23,0
3298,100,150,0.0,0.0,0.0,1,1,0.0,0.0,0.0,0.0,0.0,1,0.0,0.0,0.0,0.0,23,17,8,0
3299,63,49,0.0,1,0.0,0.0,0.0,1,0.0,0.0,0.0,0.0,0.0,0.0,0.0,0.0,1,12,19,5,0
3300,139,57,0.0,1,0.0,0.0,0.0,0.0,1,0.0,0.0,0.0,0.0,0.0,0.0,0.0,1,6,9,9,0
3301,976,146,1,0.0,0.0,0.0,0.0,0.0,1,0.0,0.0,0.0,0.0,0.0,0.0,1,0.0,13,17,25,0
3302,224,106,1,0.0,0.0,0.0,0.0,0.0,0.0,0.0,1,0.0,0.0,0.0,1,0.0,0.0,20,20,22,0
3303,757,107,0.0,0.0,0.0,1,0.0,0.0,0.0,0.0,1,1,0.0,0.0,0.0,0.0,0.0,12,6,18,0
3304,750,127,0.0,0.0,1,0.0,1,0.0,0.0,0.0,0.0,0.0,0.0,0.0,0.0,0.0,1,10,21,19,0
3305,339,85,0.0,1,0.0,0.0,0.0,1,0.0,0.0,0.0,1,0.0,0.0,0.0,0.0,0.0,7,17,5,0
3306,97,68,0.0,0.0,0.0,1,1,0.0,0.0,0.0,0.0,0.0,0.0,0.0,1,0.0,0.0,9,24,23,0
3307,743,82,0.0,0.0,0.0,1,0.0,0.0,0.0,1,0.0,0.0,0.0,0.0,0.0,0.0,1,13,28,5,0
3308,146,120,0.0,1,0.0,0.0,0.0,1,0.0,0.0,0.0,0.0,0.0,0.0,0.0,0.0,1,10,2,25,0
3309,526,44,1,0.0,0.0,0.0,0.0,0.0,0.0,0.0,1,0.0,0.0,0.0,0.0,0.0,1,13,5,6,0
3310,170,68,0.0,0.0,0.0,1,0.0,1,0.0,0.0,0.0,0.0,0.0,0.0,1,0.0,0.0,16,27,24,0
3311,920,10,1,0.0,0.0,0.0,0.0,0.0,1,0.0,0.0,0.0,0.0,0.0,0.0,0.0,1,13,16,23,0
3312,482,133,0.0,0.0,0.0,1,0.0,0.0,0.0,0.0,1,1,0.0,0.0,0.0,0.0,0.0,14,0,11,0
3313,80,153,0.0,0.0,1,0.0,1,0.0,0.0,0.0,0.0,1,0.0,0.0,0.0,0.0,0.0,17,6,10,0
3314,347,104,1,0.0,0.0,0.0,0.0,1,0.0,0.0,0.0,0.0,1,0.0,0.0,0.0,0.0,12,29,13,0
3315,677,4,1,0.0,0.0,0.0,1,0.0,0.0,0.0,0.0,1,0.0,0.0,0.0,0.0,0.0,10,15,8,0
3316,68,16,0.0,0.0,0.0,1,1,0.0,0.0,0.0,0.0,0.0,1,0.0,0.0,0.0,0.0,17,21,16,0
3317,736,90,1,0.0,0.0,0.0,0.0,1,0.0,0.0,0.0,0.0,0.0,0.0,0.0,1,0.0,14,13,17,0
3318,256,128,0.0,0.0,0.0,1,0.0,0.0,1,0.0,0.0,0.0,0.0,0.0,1,0.0,0.0,6,12,28,0
3319,962,51,0.0,1,0.0,0.0,1,0.0,0.0,0.0,0.0,0.0,0.0,0.0,1,0.0,0.0,22,11,5,0
3320,58,113,1,0.0,0.0,0.0,0.0,1,0.0,0.0,0.0,0.0,0.0,0.0,0.0,1,0.0,22,22,20,0
3321,980,16,1,0.0,0.0,0.0,0.0,0.0,0.0,0.0,1,1,0.0,0.0,0.0,0.0,0.0,18,15,0,0
3322,684,154,1,0.0,0.0,0.0,0.0,0.0,0.0,1,0.0,0.0,0.0,0.0,1,0.0,0.0,20,20,14,0
3323,922,131,1,0.0,0.0,0.0,0.0,0.0,0.0,0.0,1,0.0,0.0,0.0,0.0,0.0,1,11,10,24,0
3324,839,209,0.0,1,0.0,0.0,0.0,0.0,1,0.0,0.0,0.0,0.0,0.0,0.0,0.0,1,6,10,20,0
3325,828,71,1,0.0,0.0,0.0,0.0,0.0,0.0,0.0,1,0.0,1,0.0,0.0,0.0,0.0,18,19,22,0
3326,503,107,1,0.0,0.0,0.0,0.0,0.0,1,0.0,0.0,0.0,0.0,0.0,0.0,0.0,1,20,2,24,0
3327,445,163,1,0.0,0.0,0.0,0.0,0.0,1,0.0,0.0,0.0,0.0,0.0,0.0,0.0,1,19,9,16,0
3328,656,94,1,0.0,0.0,0.0,0.0,0.0,0.0,0.0,1,0.0,0.0,0.0,1,0.0,0.0,16,27,12,0
3329,748,42,1,0.0,0.0,0.0,0.0,0.0,0.0,0.0,1,0.0,0.0,0.0,0.0,0.0,1,22,5,6,0
3330,465,82,1,0.0,0.0,0.0,0.0,0.0,0.0,1,0.0,0.0,0.0,0.0,1,0.0,0.0,6,19,7,0
3331,479,100,0.0,1,0.0,0.0,0.0,0.0,1,0.0,0.0,0.0,0.0,0.0,0.0,0.0,1,13,14,14,0
3332,955,148,0.0,0.0,0.0,1,1,0.0,0.0,0.0,0.0,0.0,0.0,0.0,0.0,1,0.0,13,1,17,0
3333,757,175,0.0,1,0.0,0.0,1,0.0,0.0,0.0,0.0,0.0,0.0,0.0,0.0,0.0,1,7,14,15,0
3334,748,98,0.0,1,0.0,0.0,0.0,0.0,0.0,1,0.0,0.0,0.0,0.0,0.0,0.0,1,12,18,7,0
3335,467,120,0.0,0.0,0.0,1,0.0,0.0,1,0.0,0.0,0.0,1,0.0,0.0,0.0,0.0,15,12,29,0
3336,998,85,0.0,1,0.0,0.0,1,0.0,0.0,0.0,0.0,0.0,1,0.0,0.0,0.0,0.0,7,8,15,0
3337,531,69,0.0,1,0.0,0.0,1,0.0,0.0,0.0,0.0,0.0,1,0.0,0.0,0.0,0.0,21,22,22,0
3338,635,151,1,0.0,0.0,0.0,1,0.0,0.0,0.0,0.0,0.0,0.0,0.0,0.0,0.0,1,13,23,2,0
3339,112,109,0.0,1,0.0,0.0,0.0,1,0.0,0.0,0.0,0.0,0.0,0.0,0.0,1,0.0,10,3,0,0
3340,128,74,0.0,0.0,0.0,1,0.0,0.0,0.0,1,0.0,0.0,0.0,0.0,0.0,0.0,1,7,28,28,0
3341,493,155,0.0,0.0,0.0,1,1,0.0,0.0,0.0,0.0,0.0,0.0,0.0,0.0,0.0,1,17,17,10,0
3342,191,174,0.0,0.0,0.0,1,0.0,0.0,0.0,0.0,1,0.0,0.0,0.0,0.0,1,0.0,15,17,20,0
3343,430,151,0.0,0.0,1,0.0,0.0,0.0,0.0,1,0.0,0.0,1,0.0,0.0,0.0,0.0,21,28,28,0
3344,770,110,0.0,0.0,1,0.0,1,0.0,0.0,0.0,0.0,1,0.0,0.0,0.0,0.0,0.0,11,0,5,0
3345,87,111,0.0,1,0.0,0.0,1,0.0,0.0,0.0,0.0,0.0,0.0,0.0,0.0,1,0.0,14,12,5,0
3346,569,87,0.0,1,0.0,0.0,1,0.0,0.0,0.0,0.0,1,0.0,0.0,0.0,0.0,0.0,15,9,13,0
3347,959,25,0.0,0.0,1,0.0,0.0,0.0,0.0,1,0.0,0.0,1,0.0,0.0,0.0,0.0,19,24,18,0
3348,732,52,0.0,0.0,1,0.0,0.0,1,0.0,0.0,0.0,0.0,1,0.0,0.0,0.0,0.0,23,15,10,0
3349,413,78,0.0,1,0.0,0.0,0.0,0.0,0.0,0.0,1,1,0.0,0.0,0.0,0.0,0.0,6,18,4,0
3350,109,1,1,0.0,0.0,0.0,0.0,0.0,1,0.0,0.0,1,0.0,0.0,0.0,0.0,0.0,7,4,9,0
3351,297,166,1,0.0,0.0,0.0,0.0,1,0.0,0.0,0.0,0.0,1,0.0,0.0,0.0,0.0,9,9,3,0
3352,819,150,0.0,0.0,0.0,1,0.0,0.0,0.0,1,0.0,1,0.0,0.0,0.0,0.0,0.0,22,15,0,0
3353,352,53,0.0,1,0.0,0.0,0.0,0.0,0.0,0.0,1,1,0.0,0.0,0.0,0.0,0.0,13,19,7,0
3354,326,115,1,0.0,0.0,0.0,0.0,0.0,0.0,1,0.0,0.0,0.0,0.0,0.0,0.0,1,14,25,0,0
3355,837,94,0.0,0.0,0.0,1,1,0.0,0.0,0.0,0.0,0.0,1,0.0,0.0,0.0,0.0,8,2,3,0
3356,892,81,0.0,0.0,0.0,1,0.0,0.0,0.0,1,0.0,0.0,0.0,0.0,1,0.0,0.0,16,9,21,0
3357,728,142,0.0,0.0,0.0,1,0.0,0.0,0.0,1,0.0,1,0.0,0.0,0.0,0.0,0.0,9,15,8,0
3358,617,185,1,0.0,0.0,0.0,0.0,0.0,0.0,1,0.0,0.0,0.0,0.0,0.0,0.0,1,17,2,23,0
3359,858,98,0.0,1,0.0,0.0,0.0,1,0.0,0.0,0.0,1,0.0,0.0,0.0,0.0,0.0,21,21,24,0
3360,786,167,0.0,0.0,0.0,1,0.0,1,0.0,0.0,0.0,0.0,0.0,0.0,0.0,1,0.0,8,14,0,0
3361,38,32,0.0,0.0,1,0.0,0.0,0.0,1,0.0,0.0,0.0,0.0,0.0,0.0,1,0.0,17,0,10,0
3362,940,2378,0.0,1,0.0,0.0,0.0,0.0,1,0.0,0.0,1,0.0,0.0,0.0,0.0,0.0,11,97,78,1
3363,433,130,1,0.0,0.0,0.0,0.0,0.0,0.0,1,0.0,0.0,0.0,0.0,1,0.0,0.0,22,8,23,0
3364,81,141,1,0.0,0.0,0.0,0.0,1,0.0,0.0,0.0,0.0,0.0,0.0,0.0,0.0,1,16,11,2,0
3365,670,48,0.0,0.0,1,0.0,0.0,0.0,1,0.0,0.0,0.0,0.0,0.0,1,0.0,0.0,12,23,24,0
3366,137,119,1,0.0,0.0,0.0,1,0.0,0.0,0.0,0.0,0.0,0.0,0.0,0.0,0.0,1,14,24,3,0
3367,402,74,1,0.0,0.0,0.0,0.0,0.0,1,0.0,0.0,0.0,1,0.0,0.0,0.0,0.0,18,16,28,0
3368,340,114,0.0,0.0,1,0.0,0.0,1,0.0,0.0,0.0,0.0,0.0,0.0,0.0,0.0,1,9,16,18,0
3369,241,2758,1,0.0,0.0,0.0,0.0,0.0,0.0,0.0,1,1,0.0,0.0,0.0,0.0,0.0,11,96,86,1
3370,889,169,0.0,1,0.0,0.0,0.0,0.0,0.0,0.0,1,0.0,0.0,0.0,0.0,0.0,1,20,21,6,0
3371,193,75,1,0.0,0.0,0.0,0.0,0.0,0.0,1,0.0,0.0,0.0,0.0,1,0.0,0.0,14,6,20,0
3372,987,124,1,0.0,0.0,0.0,0.0,0.0,0.0,1,0.0,0.0,0.0,0.0,0.0,1,0.0,20,15,20,0
3373,323,139,0.0,1,0.0,0.0,0.0,0.0,0.0,1,0.0,1,0.0,0.0,0.0,0.0,0.0,10,25,13,0
3374,567,115,0.0,0.0,1,0.0,0.0,0.0,1,0.0,0.0,0.0,0.0,0.0,1,0.0,0.0,10,11,13,0
3375,803,69,1,0.0,0.0,0.0,0.0,0.0,1,0.0,0.0,0.0,0.0,0.0,0.0,0.0,1,18,20,26,0
3376,871,108,0.0,0.0,1,0.0,0.0,1,0.0,0.0,0.0,0.0,0.0,0.0,0.0,0.0,1,20,2,10,0
3377,830,160,0.0,0.0,0.0,1,0.0,0.0,0.0,1,0.0,0.0,1,0.0,0.0,0.0,0.0,23,1,20,0
3378,27,133,0.0,0.0,1,0.0,0.0,0.0,0.0,1,0.0,0.0,0.0,0.0,0.0,0.0,1,21,7,12,0
3379,6,49,1,0.0,0.0,0.0,0.0,0.0,0.0,1,0.0,1,0.0,0.0,0.0,0.0,0.0,11,19,3,0
3380,822,96,0.0,0.0,1,0.0,0.0,0.0,1,0.0,0.0,0.0,0.0,0.0,0.0,0.0,1,8,6,16,0
3381,879,113,0.0,0.0,1,0.0,1,0.0,0.0,0.0,0.0,0.0,0.0,0.0,1,0.0,0.0,21,13,22,0
3382,153,159,0.0,1,0.0,0.0,1,0.0,0.0,0.0,0.0,0.0,0.0,0.0,1,0.0,0.0,22,20,15,0
3383,761,422,0.0,0.0,1,0.0,0.0,1,0.0,0.0,0.0,0.0,0.0,1,0.0,0.0,0.0,6,75,92,1
3384,855,98,0.0,0.0,0.0,1,0.0,0.0,0.0,1,0.0,1,0.0,0.0,0.0,0.0,0.0,19,5,22,0
3385,277,143,0.0,1,0.0,0.0,1,0.0,0.0,0.0,0.0,0.0,0.0,0.0,0.0,0.0,1,19,13,13,0
3386,505,168,1,0.0,0.0,0.0,0.0,0.0,1,0.0,0.0,0.0,0.0,0.0,0.0,0.0,1,14,0,17,0
3387,777,195,0.0,1,0.0,0.0,0.0,0.0,0.0,0.0,1,0.0,0.0,0.0,0.0,1,0.0,17,8,22,0
3388,203,40,1,0.0,0.0,0.0,0.0,0.0,1,0.0,0.0,0.0,0.0,0.0,0.0,0.0,1,9,9,22,0
3389,663,1552,0.0,0.0,0.0,1,0.0,0.0,1,0.0,0.0,0.0,0.0,1,0.0,0.0,0.0,2,71,92,1
3390,524,141,0.0,1,0.0,0.0,1,0.0,0.0,0.0,0.0,0.0,0.0,0.0,1,0.0,0.0,19,8,12,0
3391,15,80,0.0,0.0,1,0.0,0.0,0.0,1,0.0,0.0,0.0,0.0,0.0,0.0,1,0.0,10,0,12,0
3392,3,142,0.0,0.0,0.0,1,0.0,1,0.0,0.0,0.0,0.0,0.0,0.0,0.0,0.0,1,15,4,9,0
3393,979,88,1,0.0,0.0,0.0,0.0,0.0,0.0,0.0,1,1,0.0,0.0,0.0,0.0,0.0,13,21,16,0
3394,2,86,0.0,0.0,0.0,1,0.0,0.0,0.0,0.0,1,0.0,0.0,0.0,0.0,1,0.0,19,15,12,0
3395,244,89,0.0,1,0.0,0.0,0.0,0.0,1,0.0,0.0,0.0,0.0,0.0,1,0.0,0.0,22,0,16,0
3396,192,23,0.0,0.0,0.0,1,0.0,0.0,0.0,1,0.0,1,0.0,0.0,0.0,0.0,0.0,11,10,23,0
3397,292,140,1,0.0,0.0,0.0,1,0.0,0.0,0.0,0.0,0.0,1,0.0,0.0,0.0,0.0,15,17,27,0
3398,417,139,0.0,0.0,0.0,1,0.0,0.0,0.0,1,0.0,0.0,0.0,0.0,0.0,1,0.0,8,1,6,0
3399,65,109,0.0,1,0.0,0.0,0.0,0.0,1,0.0,0.0,0.0,1,0.0,0.0,0.0,0.0,15,25,23,0
3400,44,60,0.0,0.0,1,0.0,0.0,0.0,1,0.0,0.0,1,0.0,0.0,0.0,0.0,0.0,7,21,7,0
3401,357,72,1,0.0,0.0,0.0,1,0.0,0.0,0.0,0.0,0.0,1,0.0,0.0,0.0,0.0,14,23,15,0
3402,29,89,0.0,0.0,1,0.0,0.0,0.0,0.0,1,0.0,0.0,1,0.0,0.0,0.0,0.0,12,27,5,0
3403,921,34,0.0,0.0,0.0,1,0.0,0.0,0.0,0.0,1,0.0,0.0,0.0,0.0,1,0.0,8,4,10,0
3404,752,124,0.0,0.0,1,0.0,0.0,0.0,1,0.0,0.0,1,0.0,0.0,0.0,0.0,0.0,13,3,9,0
3405,9,144,0.0,0.0,0.0,1,0.0,1,0.0,0.0,0.0,0.0,0.0,0.0,1,0.0,0.0,15,23,16,0
3406,970,124,1,0.0,0.0,0.0,0.0,0.0,0.0,0.0,1,1,0.0,0.0,0.0,0.0,0.0,13,16,18,0
3407,426,75,0.0,0.0,0.0,1,1,0.0,0.0,0.0,0.0,1,0.0,0.0,0.0,0.0,0.0,11,19,14,0
3408,336,202,1,0.0,0.0,0.0,1,0.0,0.0,0.0,0.0,0.0,0.0,0.0,0.0,0.0,1,8,18,11,0
3409,454,111,1,0.0,0.0,0.0,0.0,1,0.0,0.0,0.0,1,0.0,0.0,0.0,0.0,0.0,15,13,6,0
3410,361,4946,0.0,0.0,1,0.0,0.0,0.0,0.0,1,0.0,0.0,0.0,0.0,0.0,1,0.0,4,81,92,1
3411,264,33,1,0.0,0.0,0.0,1,0.0,0.0,0.0,0.0,0.0,0.0,0.0,1,0.0,0.0,12,29,28,0
3412,355,209,0.0,0.0,1,0.0,0.0,0.0,0.0,1,0.0,0.0,1,0.0,0.0,0.0,0.0,21,12,10,0
3413,606,104,0.0,0.0,0.0,1,0.0,0.0,1,0.0,0.0,0.0,0.0,0.0,0.0,0.0,1,11,2,22,0
3414,367,18,0.0,0.0,1,0.0,0.0,1,0.0,0.0,0.0,1,0.0,0.0,0.0,0.0,0.0,13,5,4,0
3415,817,1,0.0,1,0.0,0.0,0.0,1,0.0,0.0,0.0,0.0,0.0,0.0,0.0,0.0,1,19,19,27,0
3416,950,79,1,0.0,0.0,0.0,0.0,0.0,1,0.0,0.0,1,0.0,0.0,0.0,0.0,0.0,11,3,6,0
3417,924,210,0.0,0.0,1,0.0,0.0,1,0.0,0.0,0.0,1,0.0,0.0,0.0,0.0,0.0,14,1,3,0
3418,976,151,0.0,1,0.0,0.0,0.0,0.0,1,0.0,0.0,1,0.0,0.0,0.0,0.0,0.0,6,0,24,0
3419,860,93,0.0,0.0,0.0,1,0.0,1,0.0,0.0,0.0,1,0.0,0.0,0.0,0.0,0.0,19,9,11,0
3420,687,106,0.0,1,0.0,0.0,0.0,1,0.0,0.0,0.0,1,0.0,0.0,0.0,0.0,0.0,8,9,12,0
3421,755,56,0.0,0.0,0.0,1,0.0,0.0,0.0,1,0.0,1,0.0,0.0,0.0,0.0,0.0,13,5,1,0
3422,256,187,1,0.0,0.0,0.0,0.0,0.0,0.0,0.0,1,0.0,1,0.0,0.0,0.0,0.0,10,0,11,0
3423,316,18,0.0,0.0,0.0,1,0.0,0.0,1,0.0,0.0,0.0,1,0.0,0.0,0.0,0.0,20,17,0,0
3424,864,187,0.0,0.0,0.0,1,0.0,0.0,0.0,1,0.0,0.0,1,0.0,0.0,0.0,0.0,16,8,4,0
3425,725,15,0.0,1,0.0,0.0,0.0,1,0.0,0.0,0.0,0.0,0.0,0.0,0.0,0.0,1,15,6,19,0
3426,720,148,0.0,0.0,0.0,1,1,0.0,0.0,0.0,0.0,0.0,0.0,0.0,0.0,1,0.0,22,4,1,0
3427,958,10,1,0.0,0.0,0.0,1,0.0,0.0,0.0,0.0,0.0,0.0,1,0.0,0.0,0.0,15,79,81,1
3428,299,170,0.0,0.0,1,0.0,0.0,0.0,0.0,1,0.0,0.0,1,0.0,0.0,0.0,0.0,23,27,14,0
3429,400,36,1,0.0,0.0,0.0,0.0,1,0.0,0.0,0.0,0.0,0.0,0.0,0.0,0.0,1,19,29,13,0
3430,333,140,0.0,0.0,1,0.0,1,0.0,0.0,0.0,0.0,0.0,0.0,0.0,0.0,0.0,1,16,23,12,0
3431,1,48,1,0.0,0.0,0.0,0.0,1,0.0,0.0,0.0,0.0,0.0,0.0,0.0,1,0.0,16,9,13,0
3432,283,109,0.0,0.0,1,0.0,0.0,0.0,0.0,1,0.0,0.0,0.0,0.0,1,0.0,0.0,6,27,9,0
3433,868,92,1,0.0,0.0,0.0,1,0.0,0.0,0.0,0.0,0.0,1,0.0,0.0,0.0,0.0,14,22,16,0
3434,912,132,0.0,1,0.0,0.0,0.0,0.0,1,0.0,0.0,1,0.0,0.0,0.0,0.0,0.0,17,2,17,0
3435,782,119,0.0,0.0,0.0,1,0.0,0.0,0.0,1,0.0,0.0,0.0,0.0,0.0,0.0,1,15,13,12,0
3436,955,8,0.0,0.0,0.0,1,0.0,0.0,0.0,0.0,1,0.0,0.0,0.0,0.0,0.0,1,17,13,7,0
3437,950,15,1,0.0,0.0,0.0,0.0,0.0,0.0,1,0.0,0.0,1,0.0,0.0,0.0,0.0,18,18,16,0
3438,968,111,0.0,1,0.0,0.0,0.0,0.0,0.0,1,0.0,0.0,0.0,0.0,0.0,1,0.0,20,4,24,0
3439,599,118,0.0,0.0,0.0,1,0.0,1,0.0,0.0,0.0,0.0,0.0,0.0,0.0,1,0.0,19,10,5,0
3440,778,91,1,0.0,0.0,0.0,1,0.0,0.0,0.0,0.0,0.0,0.0,0.0,0.0,1,0.0,8,26,16,0
3441,494,103,0.0,1,0.0,0.0,0.0,0.0,0.0,0.0,1,0.0,1,0.0,0.0,0.0,0.0,15,24,25,0
3442,419,90,1,0.0,0.0,0.0,0.0,1,0.0,0.0,0.0,0.0,1,0.0,0.0,0.0,0.0,13,13,3,0
3443,798,106,0.0,0.0,1,0.0,0.0,0.0,1,0.0,0.0,0.0,0.0,0.0,0.0,1,0.0,13,12,27,0
3444,232,142,1,0.0,0.0,0.0,1,0.0,0.0,0.0,0.0,0.0,0.0,0.0,0.0,0.0,1,17,14,28,0
3445,247,103,0.0,0.0,1,0.0,1,0.0,0.0,0.0,0.0,0.0,0.0,0.0,0.0,0.0,1,21,23,8,0
3446,797,1,0.0,0.0,0.0,1,0.0,0.0,0.0,0.0,1,1,0.0,0.0,0.0,0.0,0.0,12,18,17,0
3447,245,51,0.0,1,0.0,0.0,0.0,0.0,0.0,0.0,1,0.0,1,0.0,0.0,0.0,0.0,19,29,3,0
3448,832,184,0.0,0.0,0.0,1,0.0,0.0,0.0,0.0,1,0.0,0.0,0.0,0.0,0.0,1,12,27,29,0
3449,645,94,1,0.0,0.0,0.0,1,0.0,0.0,0.0,0.0,1,0.0,0.0,0.0,0.0,0.0,14,6,28,0
3450,460,108,0.0,0.0,0.0,1,0.0,1,0.0,0.0,0.0,0.0,1,0.0,0.0,0.0,0.0,7,25,4,0
3451,966,16,0.0,0.0,1,0.0,0.0,1,0.0,0.0,0.0,0.0,1,0.0,0.0,0.0,0.0,12,6,7,0
3452,136,204,0.0,1,0.0,0.0,0.0,1,0.0,0.0,0.0,0.0,1,0.0,0.0,0.0,0.0,14,29,29,0
3453,9,94,0.0,0.0,1,0.0,0.0,0.0,1,0.0,0.0,0.0,0.0,0.0,0.0,0.0,1,16,22,3,0
3454,489,116,0.0,0.0,0.0,1,0.0,0.0,1,0.0,0.0,0.0,0.0,0.0,1,0.0,0.0,22,18,8,0
3455,209,52,0.0,1,0.0,0.0,1,0.0,0.0,0.0,0.0,0.0,0.0,0.0,1,0.0,0.0,12,5,7,0
3456,617,108,0.0,1,0.0,0.0,0.0,0.0,0.0,1,0.0,0.0,1,0.0,0.0,0.0,0.0,20,9,1,0
3457,845,36,1,0.0,0.0,0.0,1,0.0,0.0,0.0,0.0,0.0,0.0,0.0,0.0,0.0,1,22,5,14,0
3458,613,151,0.0,0.0,1,0.0,0.0,1,0.0,0.0,0.0,0.0,0.0,0.0,0.0,1,0.0,20,12,26,0
3459,579,139,0.0,0.0,1,0.0,0.0,1,0.0,0.0,0.0,1,0.0,0.0,0.0,0.0,0.0,8,9,10,0
3460,541,126,0.0,0.0,0.0,1,0.0,0.0,0.0,1,0.0,0.0,0.0,0.0,0.0,0.0,1,6,14,21,0
3461,572,124,1,0.0,0.0,0.0,0.0,0.0,0.0,1,0.0,0.0,0.0,0.0,0.0,0.0,1,13,0,7,0
3462,734,170,0.0,0.0,1,0.0,0.0,0.0,0.0,1,0.0,0.0,0.0,0.0,0.0,0.0,1,21,8,23,0
3463,819,72,0.0,1,0.0,0.0,0.0,0.0,1,0.0,0.0,1,0.0,0.0,0.0,0.0,0.0,6,0,17,0
3464,479,101,0.0,1,0.0,0.0,0.0,0.0,1,0.0,0.0,0.0,1,0.0,0.0,0.0,0.0,7,24,25,0
3465,164,49,0.0,1,0.0,0.0,0.0,1,0.0,0.0,0.0,0.0,0.0,0.0,0.0,0.0,1,16,21,14,0
3466,452,114,0.0,0.0,1,0.0,0.0,0.0,0.0,1,0.0,0.0,1,0.0,0.0,0.0,0.0,16,18,7,0
3467,751,118,1,0.0,0.0,0.0,0.0,0.0,0.0,0.0,1,0.0,0.0,0.0,0.0,1,0.0,21,29,21,0
3468,926,4694,1,0.0,0.0,0.0,1,0.0,0.0,0.0,0.0,0.0,0.0,0.0,1,0.0,0.0,10,74,73,1
3469,877,59,0.0,0.0,1,0.0,1,0.0,0.0,0.0,0.0,0.0,0.0,0.0,0.0,0.0,1,20,19,2,0
3470,546,209,0.0,1,0.0,0.0,0.0,0.0,0.0,1,0.0,0.0,0.0,0.0,0.0,1,0.0,16,21,8,0
3471,172,145,0.0,0.0,1,0.0,1,0.0,0.0,0.0,0.0,1,0.0,0.0,0.0,0.0,0.0,19,24,12,0
3472,846,26,0.0,0.0,1,0.0,0.0,0.0,0.0,1,0.0,0.0,0.0,0.0,0.0,1,0.0,18,14,28,0
3473,11,45,0.0,0.0,1,0.0,0.0,1,0.0,0.0,0.0,0.0,0.0,0.0,0.0,0.0,1,9,7,28,0
3474,36,124,0.0,1,0.0,0.0,0.0,0.0,0.0,1,0.0,0.0,0.0,0.0,0.0,0.0,1,7,22,24,0
3475,943,1615,0.0,0.0,1,0.0,0.0,0.0,1,0.0,0.0,1,0.0,0.0,0.0,0.0,0.0,8,98,70,1
3476,788,131,1,0.0,0.0,0.0,0.0,0.0,1,0.0,0.0,1,0.0,0.0,0.0,0.0,0.0,20,3,7,0
3477,315,106,0.0,0.0,1,0.0,1,0.0,0.0,0.0,0.0,0.0,0.0,0.0,1,0.0,0.0,14,14,25,0
3478,288,102,1,0.0,0.0,0.0,0.0,1,0.0,0.0,0.0,1,0.0,0.0,0.0,0.0,0.0,21,21,20,0
3479,40,650,0.0,0.0,0.0,1,0.0,1,0.0,0.0,0.0,0.0,1,0.0,0.0,0.0,0.0,4,78,75,1
3480,734,97,0.0,0.0,0.0,1,0.0,1,0.0,0.0,0.0,0.0,0.0,0.0,0.0,0.0,1,15,26,10,0
3481,632,93,0.0,0.0,1,0.0,0.0,0.0,0.0,1,0.0,0.0,0.0,0.0,0.0,0.0,1,14,2,5,0
3482,921,55,0.0,0.0,0.0,1,1,0.0,0.0,0.0,0.0,0.0,0.0,0.0,1,0.0,0.0,11,28,25,0
3483,948,110,0.0,0.0,0.0,1,0.0,0.0,0.0,0.0,1,0.0,0.0,0.0,0.0,1,0.0,9,5,4,0
3484,769,4524,0.0,0.0,1,0.0,0.0,1,0.0,0.0,0.0,0.0,0.0,0.0,0.0,1,0.0,9,79,99,1
3485,983,188,0.0,1,0.0,0.0,0.0,0.0,0.0,1,0.0,0.0,1,0.0,0.0,0.0,0.0,7,10,10,0
3486,450,104,0.0,0.0,0.0,1,0.0,0.0,1,0.0,0.0,0.0,0.0,0.0,0.0,0.0,1,13,28,2,0
3487,912,34,0.0,1,0.0,0.0,1,0.0,0.0,0.0,0.0,0.0,0.0,0.0,1,0.0,0.0,23,17,19,0
3488,72,101,0.0,0.0,1,0.0,0.0,0.0,0.0,1,0.0,1,0.0,0.0,0.0,0.0,0.0,20,23,8,0
3489,956,62,0.0,1,0.0,0.0,0.0,0.0,0.0,1,0.0,0.0,0.0,0.0,0.0,1,0.0,7,22,27,0
3490,538,2227,0.0,0.0,1,0.0,0.0,1,0.0,0.0,0.0,0.0,0.0,0.0,0.0,0.0,1,13,72,77,1
3491,788,1557,0.0,0.0,1,0.0,0.0,0.0,0.0,1,0.0,0.0,1,0.0,0.0,0.0,0.0,12,87,91,1
3492,853,130,0.0,0.0,0.0,1,0.0,0.0,0.0,1,0.0,1,0.0,0.0,0.0,0.0,0.0,7,6,1,0
3493,203,141,0.0,0.0,1,0.0,0.0,0.0,0.0,1,0.0,0.0,0.0,0.0,1,0.0,0.0,20,12,8,0
3494,641,121,0.0,1,0.0,0.0,0.0,0.0,0.0,0.0,1,1,0.0,0.0,0.0,0.0,0.0,13,21,27,0
3495,150,139,0.0,0.0,1,0.0,0.0,0.0,0.0,0.0,1,0.0,0.0,0.0,0.0,1,0.0,16,24,10,0
3496,347,78,0.0,0.0,1,0.0,0.0,1,0.0,0.0,0.0,0.0,0.0,0.0,1,0.0,0.0,13,26,0,0
3497,438,249,0.0,0.0,0.0,1,0.0,0.0,0.0,1,0.0,1,0.0,0.0,0.0,0.0,0.0,19,24,13,0
3498,18,17,0.0,0.0,0.0,1,1,0.0,0.0,0.0,0.0,0.0,0.0,0.0,0.0,1,0.0,21,2,24,0
3499,268,107,0.0,1,0.0,0.0,0.0,0.0,0.0,0.0,1,1,0.0,0.0,0.0,0.0,0.0,17,22,11,0
3500,427,92,1,0.0,0.0,0.0,0.0,0.0,1,0.0,0.0,0.0,1,0.0,0.0,0.0,0.0,23,18,22,0
3501,656,113,0.0,1,0.0,0.0,0.0,0.0,1,0.0,0.0,0.0,0.0,0.0,0.0,0.0,1,22,7,3,0
3502,82,57,0.0,0.0,1,0.0,0.0,0.0,0.0,1,0.0,0.0,0.0,0.0,0.0,1,0.0,23,26,29,0
3503,541,110,0.0,0.0,1,0.0,0.0,1,0.0,0.0,0.0,1,0.0,0.0,0.0,0.0,0.0,7,17,19,0
3504,205,52,0.0,1,0.0,0.0,0.0,0.0,0.0,1,0.0,0.0,1,0.0,0.0,0.0,0.0,11,19,22,0
3505,262,117,1,0.0,0.0,0.0,0.0,1,0.0,0.0,0.0,0.0,1,0.0,0.0,0.0,0.0,14,29,14,0
3506,894,105,0.0,0.0,0.0,1,0.0,0.0,1,0.0,0.0,1,0.0,0.0,0.0,0.0,0.0,17,20,1,0
3507,110,98,0.0,0.0,1,0.0,0.0,0.0,0.0,1,0.0,0.0,1,0.0,0.0,0.0,0.0,8,3,5,0
3508,88,75,0.0,0.0,0.0,1,0.0,0.0,1,0.0,0.0,0.0,0.0,0.0,0.0,0.0,1,16,3,13,0
3509,662,188,0.0,0.0,0.0,1,0.0,0.0,0.0,0.0,1,0.0,0.0,0.0,1,0.0,0.0,18,22,27,0
3510,333,99,0.0,1,0.0,0.0,0.0,0.0,0.0,0.0,1,0.0,0.0,0.0,0.0,1,0.0,17,16,9,0
3511,541,137,0.0,0.0,0.0,1,0.0,0.0,0.0,0.0,1,0.0,0.0,0.0,0.0,1,0.0,22,4,28,0
3512,214,137,0.0,0.0,0.0,1,0.0,1,0.0,0.0,0.0,0.0,0.0,0.0,1,0.0,0.0,10,1,8,0
3513,683,150,0.0,0.0,0.0,1,0.0,1,0.0,0.0,0.0,0.0,1,0.0,0.0,0.0,0.0,12,17,9,0
3514,154,82,0.0,1,0.0,0.0,0.0,0.0,0.0,1,0.0,0.0,1,0.0,0.0,0.0,0.0,21,6,16,0
3515,702,37,0.0,0.0,1,0.0,0.0,0.0,0.0,1,0.0,1,0.0,0.0,0.0,0.0,0.0,23,5,27,0
3516,559,157,0.0,0.0,0.0,1,1,0.0,0.0,0.0,0.0,0.0,0.0,0.0,0.0,0.0,1,9,28,17,0
3517,899,75,1,0.0,0.0,0.0,1,0.0,0.0,0.0,0.0,0.0,0.0,0.0,0.0,0.0,1,15,26,17,0
3518,761,35,1,0.0,0.0,0.0,0.0,0.0,0.0,0.0,1,0.0,0.0,0.0,0.0,1,0.0,17,25,17,0
3519,540,81,0.0,1,0.0,0.0,0.0,0.0,0.0,0.0,1,0.0,0.0,0.0,0.0,0.0,1,7,17,16,0
3520,999,83,0.0,1,0.0,0.0,0.0,1,0.0,0.0,0.0,1,0.0,0.0,0.0,0.0,0.0,10,2,28,0
3521,198,90,0.0,1,0.0,0.0,1,0.0,0.0,0.0,0.0,1,0.0,0.0,0.0,0.0,0.0,21,0,20,0
3522,126,85,1,0.0,0.0,0.0,0.0,0.0,1,0.0,0.0,0.0,0.0,0.0,1,0.0,0.0,6,27,9,0
3523,81,122,0.0,0.0,0.0,1,0.0,0.0,1,0.0,0.0,1,0.0,0.0,0.0,0.0,0.0,17,7,14,0
3524,143,168,0.0,0.0,0.0,1,1,0.0,0.0,0.0,0.0,0.0,0.0,0.0,0.0,0.0,1,11,17,14,0
3525,445,34,0.0,0.0,0.0,1,0.0,0.0,1,0.0,0.0,0.0,0.0,0.0,1,0.0,0.0,8,13,17,0
3526,233,99,0.0,0.0,1,0.0,0.0,0.0,0.0,1,0.0,0.0,0.0,0.0,1,0.0,0.0,22,14,13,0
3527,683,153,0.0,1,0.0,0.0,0.0,1,0.0,0.0,0.0,0.0,0.0,0.0,0.0,0.0,1,13,18,27,0
3528,309,161,0.0,1,0.0,0.0,1,0.0,0.0,0.0,0.0,0.0,1,0.0,0.0,0.0,0.0,11,23,22,0
3529,423,111,0.0,0.0,0.0,1,0.0,0.0,1,0.0,0.0,0.0,1,0.0,0.0,0.0,0.0,15,4,4,0
3530,679,173,0.0,0.0,1,0.0,0.0,0.0,0.0,0.0,1,1,0.0,0.0,0.0,0.0,0.0,21,17,14,0
3531,140,125,0.0,0.0,0.0,1,0.0,0.0,1,0.0,0.0,0.0,0.0,0.0,1,0.0,0.0,6,26,8,0
3532,194,94,0.0,0.0,1,0.0,0.0,1,0.0,0.0,0.0,1,0.0,0.0,0.0,0.0,0.0,8,20,0,0
3533,479,110,1,0.0,0.0,0.0,0.0,0.0,0.0,1,0.0,0.0,0.0,0.0,1,0.0,0.0,14,11,11,0
3534,417,69,1,0.0,0.0,0.0,0.0,0.0,0.0,0.0,1,0.0,0.0,0.0,0.0,0.0,1,22,2,4,0
3535,85,42,0.0,0.0,1,0.0,0.0,0.0,1,0.0,0.0,1,0.0,0.0,0.0,0.0,0.0,8,6,15,0
3536,586,16,0.0,0.0,1,0.0,0.0,0.0,0.0,1,0.0,0.0,1,0.0,0.0,0.0,0.0,19,28,27,0
3537,44,135,0.0,0.0,0.0,1,0.0,0.0,1,0.0,0.0,0.0,0.0,0.0,0.0,1,0.0,18,15,29,0
3538,746,116,0.0,0.0,0.0,1,0.0,0.0,0.0,0.0,1,1,0.0,0.0,0.0,0.0,0.0,8,8,6,0
3539,645,162,0.0,0.0,1,0.0,0.0,0.0,1,0.0,0.0,0.0,0.0,0.0,1,0.0,0.0,18,15,16,0
3540,514,175,0.0,1,0.0,0.0,0.0,0.0,0.0,1,0.0,1,0.0,0.0,0.0,0.0,0.0,19,4,15,0
3541,115,182,0.0,0.0,1,0.0,1,0.0,0.0,0.0,0.0,0.0,0.0,0.0,0.0,1,0.0,17,11,3,0
3542,84,113,0.0,1,0.0,0.0,0.0,0.0,1,0.0,0.0,0.0,1,0.0,0.0,0.0,0.0,14,2,28,0
3543,831,7,0.0,0.0,0.0,1,0.0,0.0,0.0,1,0.0,0.0,1,0.0,0.0,0.0,0.0,16,2,1,0
3544,381,195,0.0,0.0,1,0.0,0.0,0.0,1,0.0,0.0,0.0,0.0,0.0,0.0,1,0.0,22,18,20,0
3545,916,106,1,0.0,0.0,0.0,0.0,0.0,1,0.0,0.0,0.0,1,0.0,0.0,0.0,0.0,7,10,25,0
3546,898,158,1,0.0,0.0,0.0,0.0,0.0,0.0,1,0.0,1,0.0,0.0,0.0,0.0,0.0,6,4,21,0
3547,123,172,0.0,1,0.0,0.0,0.0,1,0.0,0.0,0.0,0.0,0.0,0.0,0.0,1,0.0,13,1,2,0
3548,470,61,0.0,0.0,0.0,1,0.0,1,0.0,0.0,0.0,0.0,0.0,0.0,1,0.0,0.0,6,11,0,0
3549,117,78,1,0.0,0.0,0.0,0.0,0.0,1,0.0,0.0,1,0.0,0.0,0.0,0.0,0.0,15,3,8,0
3550,611,182,0.0,1,0.0,0.0,0.0,0.0,1,0.0,0.0,1,0.0,0.0,0.0,0.0,0.0,9,3,24,0
3551,967,51,0.0,1,0.0,0.0,0.0,0.0,1,0.0,0.0,1,0.0,0.0,0.0,0.0,0.0,23,24,13,0
3552,437,83,0.0,0.0,1,0.0,1,0.0,0.0,0.0,0.0,0.0,1,0.0,0.0,0.0,0.0,8,23,13,0
3553,314,129,0.0,1,0.0,0.0,0.0,0.0,0.0,0.0,1,1,0.0,0.0,0.0,0.0,0.0,17,3,29,0
3554,303,196,1,0.0,0.0,0.0,1,0.0,0.0,0.0,0.0,0.0,1,0.0,0.0,0.0,0.0,10,22,2,0
3555,152,35,0.0,0.0,0.0,1,0.0,1,0.0,0.0,0.0,0.0,1,0.0,0.0,0.0,0.0,22,19,11,0
3556,461,116,1,0.0,0.0,0.0,0.0,0.0,1,0.0,0.0,0.0,0.0,0.0,0.0,1,0.0,19,23,1,0
3557,414,49,0.0,0.0,1,0.0,0.0,1,0.0,0.0,0.0,0.0,0.0,0.0,0.0,1,0.0,21,3,20,0
3558,901,111,0.0,0.0,1,0.0,0.0,0.0,0.0,1,0.0,0.0,1,0.0,0.0,0.0,0.0,7,27,12,0
3559,534,198,0.0,0.0,0.0,1,0.0,0.0,0.0,0.0,1,0.0,1,0.0,0.0,0.0,0.0,18,3,27,0
3560,680,193,0.0,1,0.0,0.0,0.0,0.0,1,0.0,0.0,0.0,0.0,0.0,1,0.0,0.0,12,13,17,0
3561,973,199,0.0,0.0,1,0.0,0.0,0.0,0.0,0.0,1,0.0,1,0.0,0.0,0.0,0.0,18,14,11,0
3562,126,91,0.0,1,0.0,0.0,0.0,0.0,0.0,0.0,1,1,0.0,0.0,0.0,0.0,0.0,16,26,1,0
3563,682,66,0.0,0.0,0.0,1,0.0,1,0.0,0.0,0.0,0.0,0.0,0.0,0.0,1,0.0,13,12,8,0
3564,259,144,0.0,0.0,0.0,1,1,0.0,0.0,0.0,0.0,0.0,0.0,0.0,1,0.0,0.0,19,6,21,0
3565,247,110,1,0.0,0.0,0.0,0.0,0.0,1,0.0,0.0,0.0,0.0,0.0,1,0.0,0.0,10,21,3,0
3566,213,36,0.0,0.0,1,0.0,0.0,0.0,0.0,1,0.0,0.0,0.0,0.0,1,0.0,0.0,6,29,16,0
3567,746,130,0.0,0.0,1,0.0,1,0.0,0.0,0.0,0.0,0.0,0.0,0.0,0.0,1,0.0,15,24,20,0
3568,12,53,0.0,0.0,0.0,1,1,0.0,0.0,0.0,0.0,0.0,0.0,0.0,0.0,1,0.0,13,22,13,0
3569,100,49,1,0.0,0.0,0.0,1,0.0,0.0,0.0,0.0,0.0,1,0.0,0.0,0.0,0.0,18,5,29,0
3570,399,2325,0.0,0.0,1,0.0,0.0,0.0,0.0,1,0.0,0.0,0.0,0.0,1,0.0,0.0,16,91,84,1
3571,935,162,0.0,1,0.0,0.0,0.0,0.0,0.0,1,0.0,0.0,0.0,0.0,0.0,0.0,1,15,9,26,0
3572,83,103,0.0,0.0,0.0,1,0.0,0.0,0.0,1,0.0,0.0,1,0.0,0.0,0.0,0.0,14,12,3,0
3573,432,125,0.0,1,0.0,0.0,0.0,0.0,0.0,0.0,1,0.0,0.0,0.0,0.0,1,0.0,19,0,26,0
3574,367,2364,0.0,0.0,1,0.0,1,0.0,0.0,0.0,0.0,0.0,0.0,1,0.0,0.0,0.0,4,87,72,1
3575,553,136,0.0,0.0,0.0,1,0.0,1,0.0,0.0,0.0,0.0,0.0,0.0,1,0.0,0.0,11,2,9,0
3576,927,98,0.0,0.0,0.0,1,0.0,0.0,0.0,0.0,1,0.0,0.0,0.0,0.0,0.0,1,20,21,0,0
3577,170,150,0.0,0.0,1,0.0,0.0,0.0,0.0,1,0.0,0.0,0.0,0.0,0.0,1,0.0,22,21,18,0
3578,518,35,0.0,0.0,0.0,1,0.0,0.0,1,0.0,0.0,0.0,0.0,0.0,1,0.0,0.0,11,29,7,0
3579,306,1440,1,0.0,0.0,0.0,0.0,0.0,0.0,1,0.0,0.0,0.0,0.0,0.0,0.0,1,13,96,79,1
3580,764,93,0.0,0.0,0.0,1,0.0,0.0,1,0.0,0.0,0.0,0.0,0.0,0.0,1,0.0,11,25,12,0
3581,79,87,1,0.0,0.0,0.0,0.0,1,0.0,0.0,0.0,0.0,0.0,0.0,0.0,0.0,1,13,14,23,0
3582,842,147,0.0,1,0.0,0.0,1,0.0,0.0,0.0,0.0,0.0,0.0,0.0,0.0,0.0,1,14,16,5,0
3583,495,82,0.0,0.0,0.0,1,0.0,0.0,0.0,1,0.0,1,0.0,0.0,0.0,0.0,0.0,20,5,14,0
3584,124,150,1,0.0,0.0,0.0,0.0,1,0.0,0.0,0.0,0.0,0.0,0.0,0.0,0.0,1,19,24,19,0
3585,575,22,1,0.0,0.0,0.0,0.0,1,0.0,0.0,0.0,1,0.0,0.0,0.0,0.0,0.0,9,81,94,1
3586,109,91,0.0,0.0,0.0,1,1,0.0,0.0,0.0,0.0,1,0.0,0.0,0.0,0.0,0.0,14,11,6,0
3587,594,114,1,0.0,0.0,0.0,0.0,0.0,0.0,0.0,1,0.0,1,0.0,0.0,0.0,0.0,13,16,15,0
3588,310,112,0.0,1,0.0,0.0,0.0,1,0.0,0.0,0.0,0.0,0.0,0.0,1,0.0,0.0,8,5,21,0
3589,75,110,0.0,0.0,0.0,1,0.0,1,0.0,0.0,0.0,0.0,1,0.0,0.0,0.0,0.0,10,9,27,0
3590,423,11628,0.0,0.0,1,0.0,0.0,0.0,1,0.0,0.0,0.0,0.0,0.0,1,0.0,0.0,23,95,94,1
3591,205,119,0.0,0.0,0.0,1,0.0,0.0,0.0,0.0,1,0.0,0.0,0.0,0.0,1,0.0,18,14,23,0
3592,818,138,1,0.0,0.0,0.0,0.0,0.0,1,0.0,0.0,0.0,0.0,0.0,0.0,0.0,1,7,2,18,0
3593,542,75,0.0,0.0,1,0.0,0.0,0.0,0.0,1,0.0,0.0,0.0,0.0,0.0,1,0.0,17,3,17,0
3594,55,193,0.0,0.0,1,0.0,0.0,0.0,1,0.0,0.0,0.0,1,0.0,0.0,0.0,0.0,23,13,21,0
3595,615,72,0.0,0.0,0.0,1,0.0,1,0.0,0.0,0.0,0.0,0.0,0.0,0.0,0.0,1,12,10,24,0
3596,981,95,0.0,1,0.0,0.0,0.0,0.0,0.0,1,0.0,0.0,1,0.0,0.0,0.0,0.0,21,1,16,0
3597,996,180,0.0,0.0,1,0.0,0.0,1,0.0,0.0,0.0,0.0,0.0,0.0,1,0.0,0.0,12,22,13,0
3598,667,86,1,0.0,0.0,0.0,0.0,1,0.0,0.0,0.0,0.0,1,0.0,0.0,0.0,0.0,13,17,1,0
3599,90,133,0.0,0.0,1,0.0,0.0,0.0,1,0.0,0.0,0.0,0.0,0.0,0.0,0.0,1,23,7,1,0
3600,156,64,0.0,0.0,0.0,1,1,0.0,0.0,0.0,0.0,1,0.0,0.0,0.0,0.0,0.0,23,20,11,0
3601,995,131,0.0,0.0,1,0.0,0.0,0.0,1,0.0,0.0,0.0,0.0,0.0,1,0.0,0.0,21,26,27,0
3602,693,173,0.0,1,0.0,0.0,0.0,0.0,0.0,0.0,1,0.0,0.0,0.0,0.0,0.0,1,20,1,14,0
3603,824,82,0.0,0.0,1,0.0,0.0,1,0.0,0.0,0.0,0.0,0.0,0.0,1,0.0,0.0,7,10,22,0
3604,843,152,1,0.0,0.0,0.0,0.0,0.0,0.0,1,0.0,1,0.0,0.0,0.0,0.0,0.0,12,21,1,0
3605,164,13,1,0.0,0.0,0.0,0.0,0.0,0.0,0.0,1,0.0,0.0,0.0,0.0,0.0,1,20,24,22,0
3606,466,10,1,0.0,0.0,0.0,0.0,0.0,0.0,1,0.0,0.0,0.0,0.0,1,0.0,0.0,17,96,70,1
3607,834,42,0.0,0.0,0.0,1,0.0,0.0,0.0,0.0,1,1,0.0,0.0,0.0,0.0,0.0,18,29,2,0
3608,319,56,0.0,0.0,1,0.0,0.0,0.0,0.0,1,0.0,1,0.0,0.0,0.0,0.0,0.0,18,25,12,0
3609,877,186,0.0,0.0,1,0.0,1,0.0,0.0,0.0,0.0,0.0,1,0.0,0.0,0.0,0.0,18,18,25,0
3610,727,156,0.0,1,0.0,0.0,0.0,0.0,0.0,0.0,1,1,0.0,0.0,0.0,0.0,0.0,11,11,15,0
3611,428,1767,0.0,1,0.0,0.0,0.0,0.0,0.0,1,0.0,0.0,0.0,0.0,0.0,1,0.0,12,79,85,1
3612,677,4,0.0,1,0.0,0.0,0.0,1,0.0,0.0,0.0,1,0.0,0.0,0.0,0.0,0.0,7,2,9,0
3613,273,89,1,0.0,0.0,0.0,0.0,0.0,0.0,1,0.0,1,0.0,0.0,0.0,0.0,0.0,19,4,24,0
3614,415,82,0.0,0.0,0.0,1,0.0,0.0,0.0,1,0.0,1,0.0,0.0,0.0,0.0,0.0,19,28,10,0
3615,439,129,0.0,1,0.0,0.0,0.0,1,0.0,0.0,0.0,0.0,0.0,0.0,0.0,1,0.0,20,8,23,0
3616,950,115,0.0,0.0,1,0.0,1,0.0,0.0,0.0,0.0,0.0,0.0,0.0,0.0,0.0,1,10,26,10,0
3617,979,71,1,0.0,0.0,0.0,0.0,0.0,0.0,1,0.0,0.0,0.0,0.0,0.0,0.0,1,6,22,16,0
3618,381,135,0.0,1,0.0,0.0,0.0,1,0.0,0.0,0.0,0.0,1,0.0,0.0,0.0,0.0,14,17,18,0
3619,175,55,0.0,1,0.0,0.0,0.0,0.0,0.0,1,0.0,0.0,0.0,0.0,0.0,0.0,1,7,28,0,0
3620,899,30,0.0,1,0.0,0.0,0.0,0.0,0.0,1,0.0,0.0,1,0.0,0.0,0.0,0.0,11,4,21,0
3621,285,115,0.0,0.0,1,0.0,0.0,0.0,0.0,1,0.0,0.0,0.0,0.0,1,0.0,0.0,9,25,12,0
3622,39,160,1,0.0,0.0,0.0,0.0,0.0,0.0,1,0.0,0.0,0.0,0.0,1,0.0,0.0,17,7,29,0
3623,143,122,1,0.0,0.0,0.0,0.0,0.0,0.0,1,0.0,0.0,1,0.0,0.0,0.0,0.0,9,7,5,0
3624,125,57,0.0,0.0,0.0,1,0.0,0.0,0.0,1,0.0,0.0,1,0.0,0.0,0.0,0.0,9,0,14,0
3625,614,61,0.0,0.0,0.0,1,1,0.0,0.0,0.0,0.0,0.0,0.0,0.0,0.0,0.0,1,23,26,15,0
3626,618,142,0.0,0.0,0.0,1,0.0,0.0,1,0.0,0.0,0.0,0.0,0.0,0.0,0.0,1,6,22,25,0
3627,825,29,0.0,0.0,1,0.0,0.0,0.0,1,0.0,0.0,0.0,0.0,0.0,0.0,0.0,1,18,12,12,0
3628,686,101,0.0,0.0,1,0.0,0.0,0.0,1,0.0,0.0,0.0,1,0.0,0.0,0.0,0.0,15,19,13,0
3629,674,83,0.0,0.0,1,0.0,0.0,0.0,0.0,0.0,1,0.0,0.0,0.0,0.0,1,0.0,11,27,17,0
3630,566,55,0.0,0.0,0.0,1,0.0,1,0.0,0.0,0.0,0.0,0.0,0.0,0.0,0.0,1,18,0,28,0
3631,254,10,0.0,0.0,0.0,1,0.0,0.0,0.0,1,0.0,1,0.0,0.0,0.0,0.0,0.0,16,29,26,0
3632,876,190,0.0,0.0,1,0.0,0.0,0.0,0.0,1,0.0,0.0,1,0.0,0.0,0.0,0.0,8,19,10,0
3633,264,143,0.0,0.0,0.0,1,0.0,0.0,0.0,1,0.0,0.0,0.0,0.0,0.0,1,0.0,8,0,27,0
3634,430,982,0.0,0.0,0.0,1,0.0,0.0,0.0,1,0.0,0.0,0.0,1,0.0,0.0,0.0,18,78,82,1
3635,428,177,0.0,0.0,1,0.0,1,0.0,0.0,0.0,0.0,0.0,0.0,0.0,0.0,0.0,1,20,12,22,0
3636,428,44,0.0,1,0.0,0.0,0.0,0.0,0.0,1,0.0,1,0.0,0.0,0.0,0.0,0.0,14,20,0,0
3637,717,56,0.0,0.0,1,0.0,1,0.0,0.0,0.0,0.0,0.0,1,0.0,0.0,0.0,0.0,9,10,14,0
3638,879,43,0.0,1,0.0,0.0,1,0.0,0.0,0.0,0.0,0.0,0.0,0.0,0.0,1,0.0,6,21,5,0
3639,833,104,0.0,0.0,0.0,1,0.0,0.0,0.0,0.0,1,0.0,0.0,0.0,1,0.0,0.0,23,26,7,0
3640,254,109,0.0,0.0,1,0.0,0.0,0.0,0.0,0.0,1,0.0,1,0.0,0.0,0.0,0.0,8,20,18,0
3641,332,66,1,0.0,0.0,0.0,0.0,0.0,0.0,0.0,1,1,0.0,0.0,0.0,0.0,0.0,17,11,14,0
3642,442,141,0.0,0.0,0.0,1,0.0,1,0.0,0.0,0.0,0.0,0.0,0.0,1,0.0,0.0,10,17,26,0
3643,220,116,1,0.0,0.0,0.0,0.0,0.0,1,0.0,0.0,0.0,1,0.0,0.0,0.0,0.0,10,9,8,0
3644,265,120,1,0.0,0.0,0.0,0.0,0.0,0.0,0.0,1,0.0,0.0,0.0,0.0,1,0.0,15,23,15,0
3645,497,113,0.0,1,0.0,0.0,0.0,0.0,0.0,1,0.0,0.0,0.0,0.0,0.0,1,0.0,19,6,0,0
3646,24,108,1,0.0,0.0,0.0,0.0,1,0.0,0.0,0.0,1,0.0,0.0,0.0,0.0,0.0,8,26,17,0
3647,697,133,1,0.0,0.0,0.0,0.0,0.0,0.0,0.0,1,1,0.0,0.0,0.0,0.0,0.0,14,10,2,0
3648,630,104,0.0,1,0.0,0.0,0.0,1,0.0,0.0,0.0,1,0.0,0.0,0.0,0.0,0.0,20,28,16,0
3649,383,88,0.0,0.0,0.0,1,0.0,1,0.0,0.0,0.0,1,0.0,0.0,0.0,0.0,0.0,16,7,28,0
3650,267,91,0.0,0.0,1,0.0,0.0,0.0,0.0,1,0.0,0.0,0.0,0.0,0.0,0.0,1,12,11,0,0
3651,268,90,0.0,1,0.0,0.0,1,0.0,0.0,0.0,0.0,0.0,0.0,0.0,0.0,1,0.0,8,5,28,0
3652,818,19,0.0,0.0,1,0.0,0.0,0.0,0.0,1,0.0,0.0,0.0,0.0,0.0,0.0,1,18,0,8,0
3653,981,81,0.0,0.0,0.0,1,0.0,1,0.0,0.0,0.0,0.0,0.0,0.0,0.0,1,0.0,7,1,2,0
3654,186,125,0.0,0.0,0.0,1,0.0,1,0.0,0.0,0.0,0.0,0.0,0.0,0.0,0.0,1,21,1,18,0
3655,92,162,0.0,0.0,1,0.0,0.0,0.0,0.0,1,0.0,0.0,1,0.0,0.0,0.0,0.0,6,12,6,0
3656,834,110,1,0.0,0.0,0.0,0.0,0.0,1,0.0,0.0,0.0,1,0.0,0.0,0.0,0.0,20,26,4,0
3657,211,126,0.0,0.0,0.0,1,0.0,0.0,1,0.0,0.0,0.0,0.0,0.0,1,0.0,0.0,19,26,11,0
3658,467,63,0.0,0.0,1,0.0,0.0,0.0,0.0,1,0.0,0.0,0.0,0.0,1,0.0,0.0,21,1,5,0
3659,512,166,0.0,0.0,0.0,1,0.0,1,0.0,0.0,0.0,0.0,0.0,0.0,0.0,1,0.0,6,2,16,0
3660,867,44,1,0.0,0.0,0.0,0.0,0.0,1,0.0,0.0,0.0,0.0,0.0,0.0,0.0,1,9,5,10,0
3661,513,61,0.0,1,0.0,0.0,0.0,0.0,0.0,0.0,1,0.0,0.0,0.0,0.0,0.0,1,11,19,25,0
3662,532,10,0.0,0.0,1,0.0,0.0,0.0,1,0.0,0.0,0.0,0.0,0.0,0.0,1,0.0,6,77,73,1
3663,16,18,0.0,0.0,0.0,1,0.0,0.0,1,0.0,0.0,0.0,0.0,0.0,0.0,0.0,1,20,8,4,0
3664,70,155,0.0,0.0,1,0.0,0.0,0.0,1,0.0,0.0,0.0,1,0.0,0.0,0.0,0.0,15,3,13,0
3665,235,138,1,0.0,0.0,0.0,0.0,1,0.0,0.0,0.0,0.0,0.0,0.0,1,0.0,0.0,7,13,17,0
3666,363,61,0.0,0.0,0.0,1,0.0,0.0,0.0,1,0.0,1,0.0,0.0,0.0,0.0,0.0,18,21,4,0
3667,227,14,0.0,0.0,0.0,1,0.0,0.0,0.0,0.0,1,1,0.0,0.0,0.0,0.0,0.0,6,16,22,0
3668,692,142,1,0.0,0.0,0.0,0.0,0.0,1,0.0,0.0,0.0,1,0.0,0.0,0.0,0.0,20,13,10,0
3669,886,1,1,0.0,0.0,0.0,1,0.0,0.0,0.0,0.0,1,0.0,0.0,0.0,0.0,0.0,14,29,0,0
3670,146,91,1,0.0,0.0,0.0,0.0,0.0,0.0,0.0,1,0.0,0.0,0.0,0.0,0.0,1,14,29,19,0
3671,533,74,0.0,0.0,1,0.0,0.0,0.0,1,0.0,0.0,0.0,0.0,0.0,0.0,0.0,1,15,16,21,0
3672,603,36,0.0,0.0,0.0,1,0.0,0.0,0.0,1,0.0,0.0,1,0.0,0.0,0.0,0.0,9,21,1,0
3673,89,107,1,0.0,0.0,0.0,0.0,1,0.0,0.0,0.0,1,0.0,0.0,0.0,0.0,0.0,6,6,6,0
3674,343,104,0.0,0.0,1,0.0,0.0,0.0,0.0,0.0,1,1,0.0,0.0,0.0,0.0,0.0,22,16,28,0
3675,348,18,0.0,1,0.0,0.0,0.0,0.0,0.0,1,0.0,0.0,0.0,0.0,0.0,0.0,1,23,23,13,0
3676,595,85,0.0,0.0,0.0,1,0.0,0.0,0.0,1,0.0,0.0,1,0.0,0.0,0.0,0.0,15,5,8,0
3677,385,69,0.0,0.0,0.0,1,1,0.0,0.0,0.0,0.0,0.0,1,0.0,0.0,0.0,0.0,21,0,26,0
3678,562,6,0.0,0.0,1,0.0,0.0,1,0.0,0.0,0.0,0.0,1,0.0,0.0,0.0,0.0,9,23,8,0
3679,0,1,0.0,1,0.0,0.0,0.0,1,0.0,0.0,0.0,1,0.0,0.0,0.0,0.0,0.0,8,14,16,0
3680,12,73,1,0.0,0.0,0.0,1,0.0,0.0,0.0,0.0,1,0.0,0.0,0.0,0.0,0.0,7,17,26,0
3681,341,133,0.0,1,0.0,0.0,1,0.0,0.0,0.0,0.0,0.0,0.0,0.0,0.0,0.0,1,20,26,17,0
3682,168,14,0.0,1,0.0,0.0,0.0,0.0,0.0,0.0,1,1,0.0,0.0,0.0,0.0,0.0,16,11,29,0
3683,123,1598,0.0,1,0.0,0.0,1,0.0,0.0,0.0,0.0,0.0,1,0.0,0.0,0.0,0.0,23,80,84,1
3684,615,148,0.0,1,0.0,0.0,0.0,0.0,0.0,0.0,1,0.0,1,0.0,0.0,0.0,0.0,16,17,6,0
3685,260,3391,1,0.0,0.0,0.0,0.0,1,0.0,0.0,0.0,0.0,0.0,1,0.0,0.0,0.0,21,83,72,1
3686,253,135,0.0,1,0.0,0.0,0.0,1,0.0,0.0,0.0,0.0,1,0.0,0.0,0.0,0.0,12,10,1,0
3687,60,117,1,0.0,0.0,0.0,0.0,0.0,1,0.0,0.0,0.0,1,0.0,0.0,0.0,0.0,17,15,9,0
3688,192,45,0.0,0.0,0.0,1,0.0,0.0,0.0,1,0.0,0.0,0.0,0.0,0.0,0.0,1,7,11,12,0
3689,738,79,1,0.0,0.0,0.0,0.0,0.0,0.0,0.0,1,0.0,0.0,0.0,0.0,1,0.0,15,18,5,0
3690,330,37,0.0,0.0,0.0,1,0.0,0.0,0.0,0.0,1,1,0.0,0.0,0.0,0.0,0.0,21,12,10,0
3691,557,101,0.0,0.0,1,0.0,1,0.0,0.0,0.0,0.0,0.0,1,0.0,0.0,0.0,0.0,11,28,27,0
3692,854,50,0.0,0.0,1,0.0,0.0,0.0,1,0.0,0.0,0.0,0.0,0.0,1,0.0,0.0,7,13,28,0
3693,665,108,0.0,0.0,0.0,1,0.0,0.0,0.0,0.0,1,0.0,0.0,0.0,0.0,1,0.0,10,22,29,0
3694,905,152,0.0,0.0,0.0,1,0.0,0.0,1,0.0,0.0,0.0,1,0.0,0.0,0.0,0.0,6,23,5,0
3695,945,124,0.0,0.0,1,0.0,1,0.0,0.0,0.0,0.0,0.0,0.0,0.0,1,0.0,0.0,11,3,1,0
3696,847,167,0.0,0.0,1,0.0,0.0,0.0,0.0,1,0.0,1,0.0,0.0,0.0,0.0,0.0,19,0,7,0
3697,203,195,0.0,1,0.0,0.0,1,0.0,0.0,0.0,0.0,1,0.0,0.0,0.0,0.0,0.0,21,20,21,0
3698,604,79,1,0.0,0.0,0.0,0.0,1,0.0,0.0,0.0,0.0,0.0,0.0,0.0,1,0.0,8,6,4,0
3699,688,112,0.0,0.0,1,0.0,0.0,0.0,0.0,1,0.0,0.0,0.0,0.0,0.0,0.0,1,18,1,20,0
3700,13,2924,0.0,0.0,0.0,1,1,0.0,0.0,0.0,0.0,0.0,0.0,0.0,0.0,1,0.0,4,76,86,1
3701,144,148,1,0.0,0.0,0.0,0.0,0.0,0.0,0.0,1,0.0,0.0,0.0,1,0.0,0.0,17,0,17,0
3702,68,157,0.0,0.0,1,0.0,0.0,0.0,0.0,1,0.0,1,0.0,0.0,0.0,0.0,0.0,15,6,4,0
3703,681,74,1,0.0,0.0,0.0,0.0,0.0,1,0.0,0.0,0.0,0.0,0.0,0.0,1,0.0,14,15,12,0
3704,238,69,0.0,0.0,1,0.0,0.0,0.0,0.0,1,0.0,0.0,0.0,0.0,0.0,0.0,1,23,8,27,0
3705,846,199,0.0,1,0.0,0.0,1,0.0,0.0,0.0,0.0,0.0,0.0,0.0,0.0,1,0.0,22,0,20,0
3706,881,59,0.0,1,0.0,0.0,1,0.0,0.0,0.0,0.0,0.0,0.0,0.0,0.0,0.0,1,6,27,15,0
3707,456,146,0.0,1,0.0,0.0,0.0,1,0.0,0.0,0.0,0.0,0.0,0.0,0.0,1,0.0,11,29,18,0
3708,654,114,0.0,0.0,0.0,1,0.0,0.0,1,0.0,0.0,0.0,0.0,0.0,1,0.0,0.0,16,18,1,0
3709,850,14,0.0,0.0,1,0.0,0.0,0.0,0.0,0.0,1,0.0,0.0,0.0,0.0,1,0.0,23,18,0,0
3710,813,83,0.0,1,0.0,0.0,0.0,1,0.0,0.0,0.0,0.0,1,0.0,0.0,0.0,0.0,10,23,11,0
3711,503,188,0.0,0.0,1,0.0,0.0,1,0.0,0.0,0.0,1,0.0,0.0,0.0,0.0,0.0,21,27,5,0
3712,693,69,0.0,1,0.0,0.0,0.0,0.0,1,0.0,0.0,0.0,0.0,0.0,0.0,1,0.0,16,21,29,0
3713,647,60,0.0,1,0.0,0.0,1,0.0,0.0,0.0,0.0,1,0.0,0.0,0.0,0.0,0.0,12,5,11,0
3714,672,3779,0.0,0.0,1,0.0,0.0,0.0,1,0.0,0.0,0.0,0.0,0.0,0.0,0.0,1,4,84,70,1
3715,957,61,1,0.0,0.0,0.0,1,0.0,0.0,0.0,0.0,0.0,0.0,0.0,1,0.0,0.0,23,17,7,0
3716,675,25,0.0,0.0,0.0,1,0.0,0.0,1,0.0,0.0,0.0,0.0,0.0,1,0.0,0.0,10,17,9,0
3717,692,123,1,0.0,0.0,0.0,0.0,0.0,1,0.0,0.0,0.0,0.0,0.0,0.0,0.0,1,17,11,4,0
3718,660,64,1,0.0,0.0,0.0,0.0,1,0.0,0.0,0.0,0.0,0.0,0.0,0.0,1,0.0,11,9,12,0
3719,177,129,0.0,1,0.0,0.0,0.0,0.0,0.0,0.0,1,0.0,0.0,0.0,0.0,0.0,1,12,7,6,0
3720,253,111,0.0,0.0,0.0,1,0.0,0.0,0.0,0.0,1,0.0,0.0,0.0,0.0,1,0.0,15,11,4,0
3721,441,133,0.0,0.0,1,0.0,1,0.0,0.0,0.0,0.0,0.0,0.0,0.0,1,0.0,0.0,10,6,25,0
3722,558,64,0.0,0.0,0.0,1,0.0,0.0,0.0,1,0.0,0.0,0.0,0.0,1,0.0,0.0,7,14,16,0
3723,366,101,0.0,0.0,1,0.0,0.0,0.0,0.0,0.0,1,1,0.0,0.0,0.0,0.0,0.0,14,15,26,0
3724,218,117,0.0,1,0.0,0.0,1,0.0,0.0,0.0,0.0,0.0,0.0,0.0,1,0.0,0.0,8,6,1,0
3725,643,1,0.0,1,0.0,0.0,0.0,0.0,1,0.0,0.0,0.0,1,0.0,0.0,0.0,0.0,8,9,3,0
3726,95,98,0.0,0.0,1,0.0,1,0.0,0.0,0.0,0.0,1,0.0,0.0,0.0,0.0,0.0,14,7,12,0
3727,900,52,0.0,1,0.0,0.0,0.0,1,0.0,0.0,0.0,1,0.0,0.0,0.0,0.0,0.0,15,20,5,0
3728,760,60,1,0.0,0.0,0.0,0.0,0.0,0.0,1,0.0,0.0,0.0,0.0,0.0,1,0.0,23,12,22,0
3729,61,76,0.0,0.0,0.0,1,0.0,0.0,1,0.0,0.0,1,0.0,0.0,0.0,0.0,0.0,9,16,12,0
3730,351,40,1,0.0,0.0,0.0,0.0,0.0,0.0,1,0.0,0.0,0.0,0.0,1,0.0,0.0,14,24,19,0
3731,125,136,1,0.0,0.0,0.0,0.0,0.0,0.0,1,0.0,0.0,0.0,0.0,1,0.0,0.0,14,14,10,0
3732,440,93,0.0,1,0.0,0.0,0.0,0.0,0.0,1,0.0,0.0,0.0,0.0,0.0,0.0,1,22,25,5,0
3733,244,167,0.0,0.0,0.0,1,0.0,1,0.0,0.0,0.0,0.0,0.0,0.0,1,0.0,0.0,16,0,18,0
3734,104,88,0.0,0.0,1,0.0,0.0,1,0.0,0.0,0.0,0.0,0.0,0.0,0.0,0.0,1,18,15,11,0
3735,994,98,0.0,0.0,0.0,1,0.0,0.0,0.0,1,0.0,0.0,1,0.0,0.0,0.0,0.0,7,26,9,0
3736,102,205,0.0,1,0.0,0.0,0.0,0.0,0.0,1,0.0,0.0,0.0,0.0,0.0,1,0.0,12,12,22,0
3737,969,125,0.0,0.0,1,0.0,1,0.0,0.0,0.0,0.0,0.0,0.0,0.0,1,0.0,0.0,19,2,14,0
3738,794,147,0.0,0.0,1,0.0,1,0.0,0.0,0.0,0.0,0.0,1,0.0,0.0,0.0,0.0,16,27,25,0
3739,593,78,0.0,0.0,1,0.0,0.0,1,0.0,0.0,0.0,0.0,0.0,0.0,1,0.0,0.0,23,10,18,0
3740,786,90,0.0,0.0,0.0,1,0.0,0.0,1,0.0,0.0,1,0.0,0.0,0.0,0.0,0.0,8,22,7,0
3741,24,177,1,0.0,0.0,0.0,0.0,0.0,1,0.0,0.0,0.0,0.0,0.0,1,0.0,0.0,19,16,22,0
3742,288,126,0.0,1,0.0,0.0,0.0,1,0.0,0.0,0.0,1,0.0,0.0,0.0,0.0,0.0,7,21,25,0
3743,712,107,1,0.0,0.0,0.0,0.0,1,0.0,0.0,0.0,0.0,0.0,0.0,1,0.0,0.0,6,3,4,0
3744,701,124,0.0,0.0,1,0.0,0.0,0.0,0.0,1,0.0,1,0.0,0.0,0.0,0.0,0.0,19,29,13,0
3745,915,17,0.0,1,0.0,0.0,0.0,1,0.0,0.0,0.0,0.0,0.0,0.0,1,0.0,0.0,8,24,28,0
3746,554,202,0.0,0.0,0.0,1,0.0,1,0.0,0.0,0.0,0.0,0.0,0.0,1,0.0,0.0,21,21,22,0
3747,528,129,0.0,0.0,0.0,1,0.0,0.0,0.0,1,0.0,1,0.0,0.0,0.0,0.0,0.0,23,12,19,0
3748,652,215,0.0,0.0,1,0.0,0.0,0.0,1,0.0,0.0,0.0,0.0,0.0,1,0.0,0.0,19,13,12,0
3749,499,190,0.0,1,0.0,0.0,0.0,0.0,1,0.0,0.0,0.0,0.0,0.0,1,0.0,0.0,22,9,9,0
3750,25,32,0.0,1,0.0,0.0,1,0.0,0.0,0.0,0.0,0.0,1,0.0,0.0,0.0,0.0,18,10,28,0
3751,657,10,0.0,0.0,0.0,1,0.0,0.0,0.0,0.0,1,1,0.0,0.0,0.0,0.0,0.0,23,94,71,1
3752,143,117,0.0,0.0,0.0,1,0.0,0.0,0.0,0.0,1,0.0,0.0,0.0,0.0,1,0.0,21,5,9,0
3753,573,31,0.0,1,0.0,0.0,0.0,0.0,0.0,1,0.0,0.0,0.0,0.0,0.0,0.0,1,6,19,7,0
3754,292,112,0.0,0.0,0.0,1,0.0,0.0,0.0,0.0,1,0.0,0.0,0.0,0.0,1,0.0,7,25,29,0
3755,420,166,0.0,0.0,1,0.0,0.0,1,0.0,0.0,0.0,0.0,0.0,0.0,0.0,1,0.0,6,29,18,0
3756,71,197,0.0,1,0.0,0.0,0.0,0.0,1,0.0,0.0,0.0,0.0,0.0,0.0,1,0.0,21,20,10,0
3757,776,150,0.0,0.0,1,0.0,0.0,0.0,1,0.0,0.0,0.0,1,0.0,0.0,0.0,0.0,16,29,11,0
3758,449,28,0.0,0.0,0.0,1,0.0,1,0.0,0.0,0.0,0.0,1,0.0,0.0,0.0,0.0,13,5,25,0
3759,345,134,0.0,0.0,1,0.0,1,0.0,0.0,0.0,0.0,0.0,0.0,0.0,0.0,1,0.0,19,1,17,0
3760,987,127,0.0,0.0,1,0.0,1,0.0,0.0,0.0,0.0,0.0,0.0,0.0,0.0,0.0,1,23,8,0,0
3761,854,98,1,0.0,0.0,0.0,0.0,0.0,1,0.0,0.0,1,0.0,0.0,0.0,0.0,0.0,9,15,17,0
3762,915,124,0.0,0.0,1,0.0,1,0.0,0.0,0.0,0.0,0.0,0.0,0.0,0.0,1,0.0,22,9,3,0
3763,870,131,0.0,0.0,0.0,1,0.0,1,0.0,0.0,0.0,1,0.0,0.0,0.0,0.0,0.0,16,27,6,0
3764,319,70,0.0,0.0,1,0.0,0.0,0.0,1,0.0,0.0,0.0,0.0,0.0,0.0,1,0.0,22,23,10,0
3765,462,161,0.0,0.0,0.0,1,0.0,1,0.0,0.0,0.0,0.0,0.0,0.0,0.0,0.0,1,23,2,8,0
3766,974,100,0.0,1,0.0,0.0,0.0,1,0.0,0.0,0.0,0.0,0.0,0.0,0.0,1,0.0,22,13,12,0
3767,986,135,0.0,0.0,0.0,1,1,0.0,0.0,0.0,0.0,0.0,0.0,0.0,0.0,1,0.0,21,12,13,0
3768,291,100,0.0,0.0,1,0.0,0.0,0.0,1,0.0,0.0,0.0,0.0,0.0,0.0,1,0.0,7,21,27,0
3769,191,84,0.0,0.0,0.0,1,0.0,0.0,0.0,0.0,1,0.0,0.0,0.0,0.0,1,0.0,15,18,20,0
3770,200,133,0.0,0.0,0.0,1,0.0,0.0,1,0.0,0.0,0.0,1,0.0,0.0,0.0,0.0,17,13,20,0
3771,231,99,1,0.0,0.0,0.0,0.0,0.0,0.0,0.0,1,0.0,0.0,0.0,0.0,0.0,1,15,9,18,0
3772,972,99,1,0.0,0.0,0.0,1,0.0,0.0,0.0,0.0,0.0,1,0.0,0.0,0.0,0.0,11,2,10,0
3773,494,114,1,0.0,0.0,0.0,1,0.0,0.0,0.0,0.0,0.0,0.0,0.0,1,0.0,0.0,17,18,1,0
3774,197,107,1,0.0,0.0,0.0,0.0,1,0.0,0.0,0.0,0.0,0.0,0.0,0.0,0.0,1,22,7,24,0
3775,736,157,1,0.0,0.0,0.0,1,0.0,0.0,0.0,0.0,0.0,0.0,0.0,1,0.0,0.0,15,22,8,0
3776,338,80,1,0.0,0.0,0.0,0.0,0.0,1,0.0,0.0,0.0,0.0,0.0,1,0.0,0.0,10,1,13,0
3777,159,86,0.0,0.0,1,0.0,0.0,1,0.0,0.0,0.0,0.0,0.0,0.0,0.0,0.0,1,13,17,11,0
3778,85,98,0.0,0.0,0.0,1,0.0,0.0,1,0.0,0.0,1,0.0,0.0,0.0,0.0,0.0,6,28,15,0
3779,84,103,0.0,0.0,1,0.0,0.0,1,0.0,0.0,0.0,1,0.0,0.0,0.0,0.0,0.0,16,21,20,0
3780,382,141,0.0,0.0,1,0.0,0.0,0.0,0.0,1,0.0,0.0,0.0,0.0,0.0,1,0.0,10,21,5,0
3781,693,128,0.0,1,0.0,0.0,0.0,0.0,0.0,0.0,1,0.0,0.0,0.0,0.0,1,0.0,10,18,26,0
3782,557,77,0.0,1,0.0,0.0,0.0,1,0.0,0.0,0.0,0.0,0.0,0.0,1,0.0,0.0,20,16,1,0
3783,150,84,0.0,0.0,0.0,1,0.0,0.0,1,0.0,0.0,0.0,0.0,0.0,0.0,1,0.0,17,22,19,0
3784,451,42,0.0,0.0,1,0.0,0.0,0.0,1,0.0,0.0,0.0,0.0,0.0,0.0,1,0.0,11,25,0,0
3785,283,22,0.0,0.0,0.0,1,0.0,0.0,0.0,1,0.0,0.0,0.0,0.0,0.0,0.0,1,4,90,82,1
3786,745,652,1,0.0,0.0,0.0,1,0.0,0.0,0.0,0.0,0.0,0.0,0.0,0.0,0.0,1,4,83,88,1
3787,579,72,0.0,0.0,1,0.0,0.0,0.0,0.0,0.0,1,0.0,1,0.0,0.0,0.0,0.0,12,12,25,0
3788,127,148,1,0.0,0.0,0.0,0.0,0.0,1,0.0,0.0,0.0,1,0.0,0.0,0.0,0.0,7,26,21,0
3789,435,76,0.0,0.0,0.0,1,0.0,0.0,0.0,0.0,1,0.0,1,0.0,0.0,0.0,0.0,10,13,6,0
3790,588,172,0.0,0.0,1,0.0,1,0.0,0.0,0.0,0.0,0.0,0.0,0.0,0.0,0.0,1,16,25,27,0
3791,825,187,0.0,1,0.0,0.0,0.0,0.0,1,0.0,0.0,0.0,0.0,0.0,0.0,0.0,1,2,76,80,1
3792,105,185,0.0,0.0,1,0.0,1,0.0,0.0,0.0,0.0,1,0.0,0.0,0.0,0.0,0.0,20,15,19,0
3793,954,128,0.0,0.0,1,0.0,1,0.0,0.0,0.0,0.0,1,0.0,0.0,0.0,0.0,0.0,8,19,18,0
3794,882,92,1,0.0,0.0,0.0,0.0,0.0,1,0.0,0.0,0.0,0.0,0.0,0.0,1,0.0,20,14,19,0
3795,723,154,0.0,0.0,1,0.0,0.0,0.0,0.0,0.0,1,0.0,0.0,0.0,0.0,1,0.0,14,23,2,0
3796,216,114,0.0,0.0,0.0,1,0.0,0.0,0.0,1,0.0,0.0,1,0.0,0.0,0.0,0.0,16,22,21,0
3797,621,116,0.0,0.0,1,0.0,0.0,0.0,0.0,0.0,1,0.0,0.0,0.0,0.0,1,0.0,8,20,3,0
3798,490,135,0.0,1,0.0,0.0,1,0.0,0.0,0.0,0.0,0.0,1,0.0,0.0,0.0,0.0,23,8,19,0
3799,114,78,0.0,0.0,0.0,1,0.0,0.0,1,0.0,0.0,0.0,0.0,0.0,0.0,1,0.0,9,15,23,0
3800,482,90,0.0,1,0.0,0.0,0.0,0.0,0.0,0.0,1,1,0.0,0.0,0.0,0.0,0.0,12,4,0,0
3801,185,2132,0.0,0.0,0.0,1,0.0,1,0.0,0.0,0.0,1,0.0,0.0,0.0,0.0,0.0,9,90,73,1
3802,815,141,0.0,0.0,1,0.0,1,0.0,0.0,0.0,0.0,0.0,0.0,0.0,0.0,1,0.0,12,0,17,0
3803,165,125,0.0,1,0.0,0.0,0.0,0.0,1,0.0,0.0,0.0,0.0,0.0,1,0.0,0.0,18,27,22,0
3804,439,168,0.0,1,0.0,0.0,0.0,1,0.0,0.0,0.0,0.0,0.0,0.0,0.0,0.0,1,18,3,7,0
3805,799,115,0.0,0.0,0.0,1,1,0.0,0.0,0.0,0.0,0.0,0.0,0.0,1,0.0,0.0,22,10,5,0
3806,603,139,0.0,1,0.0,0.0,0.0,0.0,0.0,0.0,1,0.0,0.0,0.0,0.0,1,0.0,13,20,0,0
3807,933,42,0.0,0.0,1,0.0,0.0,0.0,0.0,0.0,1,0.0,1,0.0,0.0,0.0,0.0,11,28,14,0
3808,855,75,0.0,0.0,0.0,1,0.0,0.0,0.0,0.0,1,0.0,0.0,0.0,0.0,0.0,1,10,13,18,0
3809,202,88,1,0.0,0.0,0.0,0.0,0.0,0.0,0.0,1,0.0,0.0,0.0,1,0.0,0.0,22,21,17,0
3810,206,106,0.0,1,0.0,0.0,0.0,0.0,0.0,0.0,1,0.0,0.0,0.0,0.0,0.0,1,11,1,18,0
3811,941,76,1,0.0,0.0,0.0,1,0.0,0.0,0.0,0.0,1,0.0,0.0,0.0,0.0,0.0,17,29,11,0
3812,349,92,0.0,0.0,0.0,1,0.0,0.0,0.0,1,0.0,0.0,0.0,0.0,0.0,1,0.0,23,11,28,0
3813,532,41,0.0,0.0,1,0.0,0.0,0.0,0.0,0.0,1,0.0,1,0.0,0.0,0.0,0.0,16,5,13,0
3814,316,1228,0.0,0.0,0.0,1,0.0,1,0.0,0.0,0.0,0.0,0.0,0.0,0.0,0.0,1,17,91,90,1
3815,481,49,0.0,0.0,0.0,1,0.0,0.0,1,0.0,0.0,0.0,0.0,0.0,0.0,1,0.0,21,27,29,0
3816,185,70,0.0,0.0,0.0,1,0.0,0.0,0.0,0.0,1,0.0,1,0.0,0.0,0.0,0.0,16,19,21,0
3817,658,937,1,0.0,0.0,0.0,0.0,0.0,0.0,1,0.0,1,0.0,0.0,0.0,0.0,0.0,4,76,70,1
3818,870,6,0.0,0.0,0.0,1,0.0,0.0,1,0.0,0.0,0.0,0.0,0.0,0.0,0.0,1,7,4,1,0
3819,476,116,1,0.0,0.0,0.0,1,0.0,0.0,0.0,0.0,0.0,0.0,0.0,1,0.0,0.0,15,21,20,0
3820,986,136,0.0,1,0.0,0.0,0.0,0.0,0.0,0.0,1,0.0,0.0,0.0,0.0,0.0,1,20,6,25,0
3821,715,72,0.0,1,0.0,0.0,0.0,0.0,0.0,1,0.0,0.0,0.0,0.0,1,0.0,0.0,11,26,10,0
3822,12,121,0.0,1,0.0,0.0,1,0.0,0.0,0.0,0.0,0.0,0.0,0.0,1,0.0,0.0,9,19,20,0
3823,509,113,0.0,1,0.0,0.0,0.0,0.0,0.0,1,0.0,0.0,1,0.0,0.0,0.0,0.0,16,4,28,0
3824,823,37,1,0.0,0.0,0.0,0.0,0.0,1,0.0,0.0,0.0,1,0.0,0.0,0.0,0.0,12,3,8,0
3825,849,18,0.0,0.0,1,0.0,1,0.0,0.0,0.0,0.0,0.0,1,0.0,0.0,0.0,0.0,17,28,23,0
3826,162,143,0.0,0.0,1,0.0,0.0,1,0.0,0.0,0.0,0.0,0.0,0.0,0.0,1,0.0,7,2,15,0
3827,627,72,0.0,0.0,0.0,1,0.0,0.0,1,0.0,0.0,0.0,0.0,0.0,1,0.0,0.0,20,1,1,0
3828,601,141,0.0,0.0,0.0,1,1,0.0,0.0,0.0,0.0,0.0,0.0,0.0,0.0,1,0.0,11,25,16,0
3829,396,106,0.0,0.0,1,0.0,0.0,0.0,1,0.0,0.0,0.0,1,0.0,0.0,0.0,0.0,16,23,12,0
3830,990,83,1,0.0,0.0,0.0,0.0,0.0,0.0,0.0,1,1,0.0,0.0,0.0,0.0,0.0,10,8,19,0
3831,416,69,0.0,1,0.0,0.0,1,0.0,0.0,0.0,0.0,0.0,0.0,0.0,0.0,1,0.0,21,22,27,0
3832,731,143,1,0.0,0.0,0.0,0.0,1,0.0,0.0,0.0,0.0,0.0,0.0,1,0.0,0.0,22,13,12,0
3833,985,202,0.0,0.0,0.0,1,0.0,0.0,0.0,0.0,1,0.0,0.0,0.0,0.0,1,0.0,15,11,19,0
3834,0,115,0.0,0.0,1,0.0,0.0,1,0.0,0.0,0.0,0.0,1,0.0,0.0,0.0,0.0,18,23,7,0
3835,709,81,0.0,1,0.0,0.0,0.0,1,0.0,0.0,0.0,0.0,1,0.0,0.0,0.0,0.0,10,25,2,0
3836,210,69,0.0,1,0.0,0.0,0.0,0.0,0.0,0.0,1,0.0,0.0,0.0,0.0,0.0,1,21,19,18,0
3837,769,60,0.0,1,0.0,0.0,0.0,0.0,1,0.0,0.0,0.0,0.0,0.0,0.0,0.0,1,20,16,19,0
3838,706,164,0.0,0.0,1,0.0,0.0,1,0.0,0.0,0.0,0.0,0.0,0.0,0.0,0.0,1,7,7,5,0
3839,708,65,1,0.0,0.0,0.0,0.0,0.0,1,0.0,0.0,1,0.0,0.0,0.0,0.0,0.0,21,2,24,0
3840,482,58,0.0,0.0,0.0,1,0.0,0.0,0.0,0.0,1,0.0,1,0.0,0.0,0.0,0.0,8,15,19,0
3841,550,106,0.0,1,0.0,0.0,1,0.0,0.0,0.0,0.0,0.0,0.0,0.0,0.0,0.0,1,8,23,25,0
3842,742,234,1,0.0,0.0,0.0,0.0,1,0.0,0.0,0.0,0.0,0.0,0.0,0.0,0.0,1,15,26,11,0
3843,181,146,0.0,0.0,0.0,1,0.0,0.0,1,0.0,0.0,0.0,1,0.0,0.0,0.0,0.0,9,22,3,0
3844,324,138,0.0,1,0.0,0.0,0.0,0.0,1,0.0,0.0,0.0,0.0,0.0,0.0,1,0.0,10,21,2,0
3845,982,85,1,0.0,0.0,0.0,0.0,1,0.0,0.0,0.0,0.0,0.0,0.0,0.0,0.0,1,16,23,29,0
3846,414,69,0.0,0.0,0.0,1,1,0.0,0.0,0.0,0.0,0.0,1,0.0,0.0,0.0,0.0,19,10,5,0
3847,550,1,0.0,0.0,1,0.0,0.0,0.0,0.0,1,0.0,0.0,0.0,0.0,0.0,0.0,1,15,20,15,0
3848,42,87,0.0,0.0,0.0,1,0.0,1,0.0,0.0,0.0,0.0,0.0,0.0,0.0,1,0.0,20,7,11,0
3849,787,72,0.0,0.0,0.0,1,0.0,0.0,0.0,1,0.0,0.0,0.0,0.0,0.0,0.0,1,21,10,7,0
3850,335,88,1,0.0,0.0,0.0,1,0.0,0.0,0.0,0.0,1,0.0,0.0,0.0,0.0,0.0,10,9,24,0
3851,352,100,1,0.0,0.0,0.0,0.0,0.0,1,0.0,0.0,0.0,0.0,0.0,0.0,0.0,1,20,7,15,0
3852,623,73,0.0,0.0,0.0,1,1,0.0,0.0,0.0,0.0,0.0,0.0,0.0,0.0,0.0,1,19,16,17,0
3853,821,115,0.0,0.0,0.0,1,1,0.0,0.0,0.0,0.0,1,0.0,0.0,0.0,0.0,0.0,6,0,0,0
3854,20,6,1,0.0,0.0,0.0,1,0.0,0.0,0.0,0.0,0.0,1,0.0,0.0,0.0,0.0,9,19,14,0
3855,473,154,0.0,1,0.0,0.0,0.0,0.0,0.0,1,0.0,0.0,0.0,0.0,0.0,1,0.0,14,22,23,0
3856,937,1122,1,0.0,0.0,0.0,0.0,0.0,0.0,0.0,1,1,0.0,0.0,0.0,0.0,0.0,23,82,86,1
3857,170,117,0.0,0.0,1,0.0,0.0,0.0,0.0,1,0.0,0.0,0.0,0.0,1,0.0,0.0,20,10,14,0
3858,944,1,0.0,1,0.0,0.0,0.0,1,0.0,0.0,0.0,1,0.0,0.0,0.0,0.0,0.0,20,16,15,0
3859,886,1,0.0,1,0.0,0.0,0.0,0.0,1,0.0,0.0,0.0,0.0,0.0,0.0,1,0.0,15,1,16,0
3860,502,2,0.0,0.0,1,0.0,1,0.0,0.0,0.0,0.0,0.0,1,0.0,0.0,0.0,0.0,14,6,15,0
3861,104,78,0.0,0.0,1,0.0,1,0.0,0.0,0.0,0.0,1,0.0,0.0,0.0,0.0,0.0,17,17,23,0
3862,961,92,0.0,0.0,0.0,1,0.0,1,0.0,0.0,0.0,0.0,0.0,0.0,0.0,0.0,1,8,0,25,0
3863,65,168,0.0,0.0,1,0.0,1,0.0,0.0,0.0,0.0,0.0,0.0,0.0,1,0.0,0.0,10,22,2,0
3864,828,78,0.0,0.0,1,0.0,0.0,1,0.0,0.0,0.0,1,0.0,0.0,0.0,0.0,0.0,21,23,18,0
3865,569,40,1,0.0,0.0,0.0,0.0,0.0,0.0,1,0.0,0.0,0.0,0.0,0.0,0.0,1,10,6,11,0
3866,502,103,0.0,0.0,0.0,1,0.0,0.0,1,0.0,0.0,0.0,0.0,0.0,1,0.0,0.0,11,3,17,0
3867,487,407,1,0.0,0.0,0.0,0.0,0.0,0.0,1,0.0,0.0,0.0,0.0,1,0.0,0.0,4,97,73,1
3868,366,104,0.0,0.0,1,0.0,0.0,0.0,1,0.0,0.0,0.0,0.0,0.0,0.0,1,0.0,19,26,15,0
3869,529,165,0.0,0.0,1,0.0,0.0,1,0.0,0.0,0.0,0.0,0.0,0.0,1,0.0,0.0,6,10,1,0
3870,47,115,0.0,0.0,1,0.0,0.0,1,0.0,0.0,0.0,0.0,1,0.0,0.0,0.0,0.0,12,0,20,0
3871,517,111,0.0,0.0,1,0.0,1,0.0,0.0,0.0,0.0,1,0.0,0.0,0.0,0.0,0.0,11,18,27,0
3872,522,54,1,0.0,0.0,0.0,1,0.0,0.0,0.0,0.0,0.0,0.0,0.0,1,0.0,0.0,11,6,7,0
3873,916,164,1,0.0,0.0,0.0,0.0,0.0,1,0.0,0.0,0.0,0.0,0.0,0.0,1,0.0,21,8,2,0
3874,273,130,0.0,0.0,0.0,1,0.0,1,0.0,0.0,0.0,1,0.0,0.0,0.0,0.0,0.0,11,26,2,0
3875,412,147,0.0,0.0,0.0,1,0.0,1,0.0,0.0,0.0,0.0,1,0.0,0.0,0.0,0.0,17,29,0,0
3876,89,149,0.0,1,0.0,0.0,0.0,1,0.0,0.0,0.0,0.0,1,0.0,0.0,0.0,0.0,15,17,29,0
3877,313,64,0.0,0.0,0.0,1,0.0,1,0.0,0.0,0.0,1,0.0,0.0,0.0,0.0,0.0,20,22,25,0
3878,15,109,0.0,1,0.0,0.0,0.0,0.0,0.0,1,0.0,0.0,0.0,0.0,1,0.0,0.0,14,19,22,0
3879,834,103,1,0.0,0.0,0.0,0.0,0.0,0.0,0.0,1,0.0,1,0.0,0.0,0.0,0.0,6,1,4,0
3880,761,115,0.0,0.0,1,0.0,0.0,0.0,0.0,1,0.0,0.0,0.0,0.0,0.0,1,0.0,15,5,19,0
3881,673,145,1,0.0,0.0,0.0,0.0,0.0,0.0,1,0.0,0.0,1,0.0,0.0,0.0,0.0,9,29,16,0
3882,991,79,0.0,0.0,1,0.0,0.0,0.0,1,0.0,0.0,0.0,1,0.0,0.0,0.0,0.0,6,12,1,0
3883,113,109,1,0.0,0.0,0.0,0.0,1,0.0,0.0,0.0,0.0,0.0,0.0,1,0.0,0.0,14,10,26,0
3884,495,34,1,0.0,0.0,0.0,0.0,0.0,0.0,1,0.0,0.0,0.0,0.0,0.0,1,0.0,14,20,28,0
3885,710,67,1,0.0,0.0,0.0,0.0,0.0,1,0.0,0.0,0.0,0.0,0.0,0.0,0.0,1,17,19,23,0
3886,332,117,0.0,1,0.0,0.0,0.0,0.0,1,0.0,0.0,0.0,1,0.0,0.0,0.0,0.0,21,10,0,0
3887,931,103,0.0,0.0,0.0,1,0.0,0.0,0.0,1,0.0,0.0,0.0,0.0,1,0.0,0.0,20,3,6,0
3888,73,88,0.0,0.0,1,0.0,0.0,0.0,1,0.0,0.0,0.0,0.0,0.0,0.0,0.0,1,16,9,11,0
3889,174,99,0.0,0.0,0.0,1,0.0,0.0,0.0,1,0.0,1,0.0,0.0,0.0,0.0,0.0,20,11,18,0
3890,333,76,0.0,1,0.0,0.0,0.0,0.0,0.0,0.0,1,0.0,0.0,0.0,1,0.0,0.0,6,19,7,0
3891,106,100,0.0,0.0,0.0,1,1,0.0,0.0,0.0,0.0,0.0,0.0,0.0,0.0,1,0.0,12,21,27,0
3892,715,76,0.0,0.0,1,0.0,0.0,0.0,0.0,0.0,1,0.0,0.0,0.0,1,0.0,0.0,20,5,14,0
3893,983,43,0.0,0.0,0.0,1,0.0,0.0,0.0,0.0,1,0.0,0.0,0.0,0.0,1,0.0,15,21,15,0
3894,737,65,0.0,0.0,1,0.0,1,0.0,0.0,0.0,0.0,0.0,0.0,0.0,1,0.0,0.0,18,26,8,0
3895,719,115,0.0,1,0.0,0.0,0.0,1,0.0,0.0,0.0,0.0,0.0,0.0,0.0,0.0,1,15,17,7,0
3896,691,3,0.0,0.0,1,0.0,0.0,0.0,0.0,0.0,1,1,0.0,0.0,0.0,0.0,0.0,16,10,15,0
3897,620,1,0.0,0.0,0.0,1,1,0.0,0.0,0.0,0.0,0.0,0.0,0.0,1,0.0,0.0,6,5,29,0
3898,392,164,0.0,1,0.0,0.0,1,0.0,0.0,0.0,0.0,0.0,0.0,0.0,0.0,1,0.0,23,26,20,0
3899,909,119,1,0.0,0.0,0.0,0.0,0.0,0.0,0.0,1,1,0.0,0.0,0.0,0.0,0.0,23,23,23,0
3900,543,91,0.0,1,0.0,0.0,0.0,0.0,0.0,0.0,1,0.0,1,0.0,0.0,0.0,0.0,7,20,20,0
3901,438,97,0.0,0.0,0.0,1,0.0,0.0,0.0,0.0,1,0.0,0.0,0.0,1,0.0,0.0,20,8,0,0
3902,791,125,1,0.0,0.0,0.0,0.0,0.0,0.0,0.0,1,0.0,0.0,0.0,0.0,1,0.0,8,15,2,0
3903,481,161,1,0.0,0.0,0.0,0.0,1,0.0,0.0,0.0,0.0,1,0.0,0.0,0.0,0.0,11,25,27,0
3904,611,87,0.0,0.0,0.0,1,0.0,0.0,0.0,1,0.0,0.0,0.0,0.0,1,0.0,0.0,8,25,25,0
3905,140,66,0.0,0.0,1,0.0,0.0,0.0,0.0,0.0,1,1,0.0,0.0,0.0,0.0,0.0,8,18,15,0
3906,660,121,0.0,0.0,0.0,1,1,0.0,0.0,0.0,0.0,0.0,1,0.0,0.0,0.0,0.0,19,10,18,0
3907,834,102,0.0,0.0,1,0.0,0.0,0.0,0.0,0.0,1,0.0,0.0,0.0,0.0,1,0.0,9,8,3,0
3908,141,89,1,0.0,0.0,0.0,0.0,1,0.0,0.0,0.0,0.0,1,0.0,0.0,0.0,0.0,10,9,11,0
3909,614,34,0.0,1,0.0,0.0,0.0,1,0.0,0.0,0.0,0.0,0.0,0.0,0.0,1,0.0,13,9,7,0
3910,238,98,1,0.0,0.0,0.0,0.0,0.0,1,0.0,0.0,0.0,1,0.0,0.0,0.0,0.0,23,24,14,0
3911,845,148,0.0,1,0.0,0.0,1,0.0,0.0,0.0,0.0,0.0,0.0,0.0,0.0,0.0,1,19,3,19,0
3912,995,114,0.0,1,0.0,0.0,0.0,0.0,0.0,1,0.0,0.0,0.0,0.0,1,0.0,0.0,18,29,5,0
3913,757,1,0.0,0.0,1,0.0,0.0,0.0,0.0,0.0,1,0.0,0.0,0.0,0.0,1,0.0,16,4,10,0
3914,272,187,0.0,1,0.0,0.0,0.0,0.0,0.0,0.0,1,0.0,1,0.0,0.0,0.0,0.0,20,21,9,0
3915,618,185,0.0,0.0,0.0,1,0.0,0.0,1,0.0,0.0,0.0,1,0.0,0.0,0.0,0.0,8,23,11,0
3916,240,55,0.0,0.0,1,0.0,0.0,1,0.0,0.0,0.0,0.0,1,0.0,0.0,0.0,0.0,19,11,19,0
3917,95,139,0.0,1,0.0,0.0,0.0,1,0.0,0.0,0.0,0.0,0.0,0.0,0.0,1,0.0,13,12,20,0
3918,200,138,0.0,0.0,1,0.0,0.0,0.0,1,0.0,0.0,0.0,1,0.0,0.0,0.0,0.0,15,20,1,0
3919,464,74,0.0,1,0.0,0.0,0.0,1,0.0,0.0,0.0,0.0,1,0.0,0.0,0.0,0.0,11,23,29,0
3920,362,127,0.0,0.0,1,0.0,0.0,0.0,1,0.0,0.0,0.0,0.0,0.0,0.0,0.0,1,6,22,16,0
3921,898,34,0.0,0.0,1,0.0,1,0.0,0.0,0.0,0.0,0.0,0.0,0.0,1,0.0,0.0,15,5,10,0
3922,122,80,0.0,1,0.0,0.0,1,0.0,0.0,0.0,0.0,0.0,0.0,0.0,0.0,1,0.0,11,19,13,0
3923,544,99,1,0.0,0.0,0.0,1,0.0,0.0,0.0,0.0,0.0,0.0,0.0,0.0,0.0,1,9,17,18,0
3924,975,100,0.0,0.0,0.0,1,0.0,0.0,0.0,1,0.0,0.0,0.0,0.0,0.0,0.0,1,15,27,24,0
3925,675,3462,0.0,0.0,0.0,1,0.0,0.0,1,0.0,0.0,0.0,1,0.0,0.0,0.0,0.0,1,90,93,1
3926,27,114,1,0.0,0.0,0.0,0.0,0.0,0.0,0.0,1,0.0,1,0.0,0.0,0.0,0.0,10,12,13,0
3927,209,76,0.0,0.0,1,0.0,0.0,0.0,0.0,1,0.0,0.0,0.0,0.0,0.0,0.0,1,10,19,12,0
3928,430,95,1,0.0,0.0,0.0,0.0,0.0,0.0,0.0,1,0.0,0.0,0.0,1,0.0,0.0,11,5,7,0
3929,102,60,0.0,0.0,0.0,1,0.0,0.0,0.0,1,0.0,0.0,0.0,0.0,1,0.0,0.0,11,18,29,0
3930,564,127,0.0,0.0,1,0.0,0.0,1,0.0,0.0,0.0,0.0,0.0,0.0,1,0.0,0.0,11,23,11,0
3931,809,61,0.0,0.0,1,0.0,0.0,0.0,0.0,0.0,1,0.0,1,0.0,0.0,0.0,0.0,11,24,0,0
3932,103,231,0.0,0.0,1,0.0,0.0,0.0,1,0.0,0.0,0.0,1,0.0,0.0,0.0,0.0,17,23,26,0
3933,963,1,0.0,0.0,0.0,1,1,0.0,0.0,0.0,0.0,0.0,0.0,0.0,1,0.0,0.0,11,3,29,0
3934,578,87,1,0.0,0.0,0.0,0.0,0.0,1,0.0,0.0,0.0,0.0,0.0,0.0,1,0.0,22,21,26,0
3935,852,96,0.0,1,0.0,0.0,0.0,0.0,0.0,1,0.0,0.0,0.0,0.0,0.0,0.0,1,10,18,8,0
3936,568,12,0.0,0.0,0.0,1,0.0,0.0,1,0.0,0.0,0.0,0.0,0.0,0.0,0.0,1,15,29,6,0
3937,113,170,0.0,1,0.0,0.0,0.0,0.0,0.0,1,0.0,0.0,1,0.0,0.0,0.0,0.0,22,22,6,0
3938,61,27,1,0.0,0.0,0.0,1,0.0,0.0,0.0,0.0,0.0,0.0,0.0,1,0.0,0.0,13,15,19,0
3939,269,158,0.0,0.0,0.0,1,0.0,0.0,0.0,1,0.0,0.0,0.0,0.0,0.0,0.0,1,18,26,29,0
3940,823,97,1,0.0,0.0,0.0,0.0,0.0,0.0,1,0.0,0.0,0.0,0.0,1,0.0,0.0,20,3,14,0
3941,455,121,0.0,1,0.0,0.0,0.0,0.0,1,0.0,0.0,0.0,0.0,0.0,0.0,0.0,1,20,2,14,0
3942,506,115,0.0,0.0,0.0,1,0.0,0.0,0.0,0.0,1,0.0,1,0.0,0.0,0.0,0.0,22,10,9,0
3943,510,106,0.0,1,0.0,0.0,0.0,0.0,1,0.0,0.0,1,0.0,0.0,0.0,0.0,0.0,22,12,22,0
3944,783,5446,1,0.0,0.0,0.0,0.0,0.0,0.0,0.0,1,0.0,1,0.0,0.0,0.0,0.0,22,84,92,1
3945,807,135,0.0,1,0.0,0.0,0.0,0.0,0.0,1,0.0,0.0,0.0,0.0,0.0,1,0.0,14,27,2,0
3946,565,38,0.0,0.0,1,0.0,0.0,1,0.0,0.0,0.0,0.0,1,0.0,0.0,0.0,0.0,8,11,9,0
3947,290,95,1,0.0,0.0,0.0,0.0,1,0.0,0.0,0.0,0.0,0.0,0.0,1,0.0,0.0,10,6,1,0
3948,361,73,1,0.0,0.0,0.0,1,0.0,0.0,0.0,0.0,1,0.0,0.0,0.0,0.0,0.0,8,12,26,0
3949,174,110,0.0,1,0.0,0.0,1,0.0,0.0,0.0,0.0,0.0,0.0,0.0,0.0,1,0.0,23,29,2,0
3950,450,120,0.0,0.0,1,0.0,1,0.0,0.0,0.0,0.0,0.0,0.0,0.0,0.0,1,0.0,9,22,10,0
3951,438,139,0.0,0.0,1,0.0,1,0.0,0.0,0.0,0.0,0.0,0.0,0.0,0.0,1,0.0,13,3,9,0
3952,834,125,0.0,0.0,0.0,1,0.0,0.0,0.0,0.0,1,0.0,0.0,0.0,1,0.0,0.0,8,6,28,0
3953,190,129,1,0.0,0.0,0.0,0.0,1,0.0,0.0,0.0,1,0.0,0.0,0.0,0.0,0.0,17,0,9,0
3954,842,149,0.0,1,0.0,0.0,0.0,0.0,0.0,1,0.0,0.0,0.0,0.0,0.0,1,0.0,6,19,6,0
3955,42,52,0.0,0.0,1,0.0,0.0,1,0.0,0.0,0.0,0.0,0.0,0.0,0.0,0.0,1,16,21,1,0
3956,122,42,1,0.0,0.0,0.0,0.0,0.0,0.0,0.0,1,0.0,0.0,0.0,1,0.0,0.0,17,7,14,0
3957,295,135,0.0,0.0,1,0.0,0.0,0.0,1,0.0,0.0,0.0,0.0,0.0,1,0.0,0.0,20,18,4,0
3958,365,52,0.0,1,0.0,0.0,0.0,0.0,0.0,0.0,1,1,0.0,0.0,0.0,0.0,0.0,16,10,23,0
3959,333,145,0.0,1,0.0,0.0,1,0.0,0.0,0.0,0.0,1,0.0,0.0,0.0,0.0,0.0,12,11,4,0
3960,120,81,1,0.0,0.0,0.0,1,0.0,0.0,0.0,0.0,0.0,0.0,0.0,1,0.0,0.0,16,6,11,0
3961,169,111,1,0.0,0.0,0.0,0.0,1,0.0,0.0,0.0,0.0,0.0,0.0,0.0,0.0,1,14,14,6,0
3962,657,141,0.0,0.0,1,0.0,0.0,1,0.0,0.0,0.0,0.0,0.0,0.0,0.0,0.0,1,7,9,15,0
3963,652,157,0.0,0.0,0.0,1,0.0,0.0,1,0.0,0.0,0.0,0.0,0.0,0.0,0.0,1,22,14,19,0
3964,160,62,0.0,1,0.0,0.0,1,0.0,0.0,0.0,0.0,0.0,1,0.0,0.0,0.0,0.0,14,28,1,0
3965,924,121,0.0,0.0,0.0,1,0.0,0.0,0.0,1,0.0,0.0,0.0,0.0,0.0,1,0.0,23,29,10,0
3966,53,199,1,0.0,0.0,0.0,1,0.0,0.0,0.0,0.0,0.0,0.0,0.0,1,0.0,0.0,8,16,1,0
3967,810,154,1,0.0,0.0,0.0,0.0,0.0,0.0,1,0.0,0.0,0.0,0.0,0.0,0.0,1,8,18,6,0
3968,602,243,0.0,1,0.0,0.0,1,0.0,0.0,0.0,0.0,1,0.0,0.0,0.0,0.0,0.0,19,24,17,0
3969,299,166,0.0,1,0.0,0.0,1,0.0,0.0,0.0,0.0,0.0,0.0,0.0,1,0.0,0.0,13,22,22,0
3970,239,1766,0.0,0.0,1,0.0,0.0,0.0,0.0,0.0,1,0.0,0.0,0.0,0.0,1,0.0,5,74,70,1
3971,315,173,0.0,1,0.0,0.0,0.0,1,0.0,0.0,0.0,1,0.0,0.0,0.0,0.0,0.0,10,27,19,0
3972,751,117,0.0,0.0,1,0.0,0.0,1,0.0,0.0,0.0,0.0,0.0,0.0,0.0,1,0.0,13,20,21,0
3973,125,117,0.0,0.0,1,0.0,1,0.0,0.0,0.0,0.0,0.0,0.0,0.0,0.0,0.0,1,7,22,7,0
3974,305,134,1,0.0,0.0,0.0,0.0,1,0.0,0.0,0.0,1,0.0,0.0,0.0,0.0,0.0,10,9,6,0
3975,482,103,1,0.0,0.0,0.0,0.0,0.0,0.0,0.0,1,0.0,0.0,0.0,1,0.0,0.0,16,13,8,0
3976,782,83,1,0.0,0.0,0.0,0.0,0.0,0.0,0.0,1,0.0,0.0,0.0,0.0,1,0.0,18,11,1,0
3977,289,135,1,0.0,0.0,0.0,0.0,0.0,0.0,1,0.0,1,0.0,0.0,0.0,0.0,0.0,13,13,10,0
3978,630,138,1,0.0,0.0,0.0,0.0,0.0,1,0.0,0.0,0.0,0.0,0.0,0.0,1,0.0,14,2,6,0
3979,510,170,0.0,1,0.0,0.0,0.0,0.0,0.0,0.0,1,1,0.0,0.0,0.0,0.0,0.0,6,9,5,0
3980,421,21,0.0,0.0,1,0.0,0.0,0.0,0.0,1,0.0,0.0,0.0,0.0,1,0.0,0.0,21,9,5,0
3981,569,181,0.0,0.0,0.0,1,0.0,0.0,0.0,0.0,1,0.0,0.0,0.0,0.0,1,0.0,10,18,24,0
3982,139,81,0.0,1,0.0,0.0,1,0.0,0.0,0.0,0.0,0.0,0.0,0.0,1,0.0,0.0,8,9,19,0
3983,471,147,0.0,0.0,0.0,1,0.0,0.0,0.0,0.0,1,0.0,1,0.0,0.0,0.0,0.0,21,20,13,0
3984,280,92,1,0.0,0.0,0.0,0.0,0.0,0.0,0.0,1,0.0,0.0,0.0,0.0,1,0.0,11,9,12,0
3985,161,55,0.0,0.0,1,0.0,0.0,0.0,0.0,0.0,1,0.0,0.0,0.0,0.0,0.0,1,13,17,2,0
3986,816,35,0.0,0.0,0.0,1,0.0,0.0,0.0,0.0,1,0.0,0.0,0.0,1,0.0,0.0,11,17,5,0
3987,618,90,0.0,0.0,1,0.0,0.0,0.0,1,0.0,0.0,0.0,0.0,0.0,0.0,1,0.0,17,17,2,0
3988,520,43,0.0,0.0,1,0.0,0.0,0.0,0.0,1,0.0,0.0,1,0.0,0.0,0.0,0.0,22,23,13,0
3989,821,86,0.0,0.0,0.0,1,0.0,0.0,0.0,1,0.0,0.0,0.0,0.0,1,0.0,0.0,20,22,6,0
3990,980,73,0.0,0.0,0.0,1,0.0,1,0.0,0.0,0.0,0.0,1,0.0,0.0,0.0,0.0,9,27,29,0
3991,211,140,0.0,1,0.0,0.0,0.0,1,0.0,0.0,0.0,0.0,0.0,0.0,0.0,0.0,1,16,4,9,0
3992,523,81,1,0.0,0.0,0.0,0.0,0.0,1,0.0,0.0,0.0,0.0,0.0,0.0,0.0,1,20,18,23,0
3993,427,93,1,0.0,0.0,0.0,0.0,0.0,0.0,1,0.0,0.0,0.0,0.0,1,0.0,0.0,20,0,11,0
3994,258,138,0.0,0.0,1,0.0,0.0,0.0,1,0.0,0.0,0.0,0.0,0.0,0.0,0.0,1,6,13,8,0
3995,395,129,0.0,0.0,0.0,1,0.0,1,0.0,0.0,0.0,0.0,0.0,0.0,1,0.0,0.0,10,16,15,0
3996,818,49,0.0,1,0.0,0.0,1,0.0,0.0,0.0,0.0,0.0,0.0,0.0,0.0,1,0.0,12,24,5,0
3997,713,82,1,0.0,0.0,0.0,1,0.0,0.0,0.0,0.0,0.0,1,0.0,0.0,0.0,0.0,21,25,28,0
3998,946,149,1,0.0,0.0,0.0,0.0,0.0,0.0,1,0.0,0.0,1,0.0,0.0,0.0,0.0,13,22,20,0
3999,30,82,0.0,0.0,1,0.0,0.0,1,0.0,0.0,0.0,0.0,0.0,0.0,0.0,0.0,1,21,15,24,0
4000,179,139,0.0,0.0,1,0.0,1,0.0,0.0,0.0,0.0,0.0,0.0,0.0,0.0,1,0.0,12,26,4,0
4001,224,1,1,0.0,0.0,0.0,0.0,0.0,0.0,0.0,1,1,0.0,0.0,0.0,0.0,0.0,20,27,24,0
4002,107,56,1,0.0,0.0,0.0,0.0,0.0,0.0,1,0.0,0.0,0.0,0.0,0.0,0.0,1,14,26,18,0
4003,143,155,0.0,0.0,0.0,1,0.0,0.0,0.0,0.0,1,0.0,0.0,0.0,0.0,0.0,1,23,25,5,0
4004,866,1,0.0,0.0,0.0,1,0.0,0.0,1,0.0,0.0,0.0,0.0,0.0,1,0.0,0.0,15,11,6,0
4005,391,73,1,0.0,0.0,0.0,0.0,0.0,1,0.0,0.0,0.0,0.0,0.0,0.0,1,0.0,23,28,28,0
4006,843,1,0.0,0.0,1,0.0,1,0.0,0.0,0.0,0.0,0.0,0.0,0.0,0.0,1,0.0,14,18,26,0
4007,448,195,0.0,0.0,1,0.0,0.0,1,0.0,0.0,0.0,0.0,1,0.0,0.0,0.0,0.0,6,17,7,0
4008,978,71,0.0,0.0,1,0.0,0.0,0.0,0.0,0.0,1,0.0,0.0,0.0,0.0,0.0,1,20,3,0,0
4009,565,58,0.0,1,0.0,0.0,0.0,0.0,0.0,0.0,1,0.0,1,0.0,0.0,0.0,0.0,9,28,28,0
4010,149,33,0.0,0.0,0.0,1,0.0,0.0,0.0,1,0.0,0.0,0.0,0.0,1,0.0,0.0,13,19,13,0
4011,934,140,0.0,0.0,1,0.0,1,0.0,0.0,0.0,0.0,1,0.0,0.0,0.0,0.0,0.0,12,7,28,0
4012,693,122,0.0,1,0.0,0.0,0.0,1,0.0,0.0,0.0,0.0,0.0,0.0,0.0,0.0,1,8,23,13,0
4013,866,23,0.0,0.0,1,0.0,0.0,0.0,0.0,1,0.0,0.0,0.0,0.0,1,0.0,0.0,19,8,16,0
4014,275,88,0.0,1,0.0,0.0,0.0,0.0,0.0,0.0,1,1,0.0,0.0,0.0,0.0,0.0,14,20,24,0
4015,368,90,1,0.0,0.0,0.0,0.0,0.0,1,0.0,0.0,0.0,0.0,0.0,0.0,1,0.0,23,1,25,0
4016,403,74,0.0,0.0,0.0,1,0.0,0.0,1,0.0,0.0,0.0,1,0.0,0.0,0.0,0.0,10,9,5,0
4017,802,102,1,0.0,0.0,0.0,0.0,0.0,0.0,0.0,1,0.0,1,0.0,0.0,0.0,0.0,20,15,9,0
4018,21,37,0.0,1,0.0,0.0,1,0.0,0.0,0.0,0.0,1,0.0,0.0,0.0,0.0,0.0,19,21,25,0
4019,133,77,1,0.0,0.0,0.0,0.0,1,0.0,0.0,0.0,0.0,0.0,0.0,0.0,1,0.0,16,28,9,0
4020,468,136,0.0,0.0,1,0.0,0.0,0.0,1,0.0,0.0,1,0.0,0.0,0.0,0.0,0.0,16,11,18,0
4021,432,65,1,0.0,0.0,0.0,0.0,0.0,1,0.0,0.0,1,0.0,0.0,0.0,0.0,0.0,23,11,19,0
4022,56,70,0.0,1,0.0,0.0,1,0.0,0.0,0.0,0.0,0.0,0.0,0.0,0.0,0.0,1,20,29,16,0
4023,421,32,0.0,0.0,1,0.0,1,0.0,0.0,0.0,0.0,0.0,1,0.0,0.0,0.0,0.0,23,9,26,0
4024,537,68,1,0.0,0.0,0.0,1,0.0,0.0,0.0,0.0,0.0,0.0,0.0,0.0,0.0,1,14,20,8,0
4025,204,128,0.0,1,0.0,0.0,1,0.0,0.0,0.0,0.0,0.0,0.0,0.0,0.0,0.0,1,8,21,14,0
4026,774,84,0.0,1,0.0,0.0,0.0,0.0,0.0,1,0.0,0.0,1,0.0,0.0,0.0,0.0,15,21,9,0
4027,433,131,0.0,0.0,0.0,1,0.0,0.0,0.0,1,0.0,1,0.0,0.0,0.0,0.0,0.0,21,0,14,0
4028,888,147,1,0.0,0.0,0.0,1,0.0,0.0,0.0,0.0,1,0.0,0.0,0.0,0.0,0.0,19,18,20,0
4029,440,151,1,0.0,0.0,0.0,0.0,0.0,1,0.0,0.0,0.0,0.0,0.0,0.0,0.0,1,3,74,97,1
4030,548,54,0.0,1,0.0,0.0,0.0,1,0.0,0.0,0.0,1,0.0,0.0,0.0,0.0,0.0,17,20,9,0
4031,771,116,1,0.0,0.0,0.0,0.0,0.0,1,0.0,0.0,0.0,1,0.0,0.0,0.0,0.0,14,16,4,0
4032,308,90,1,0.0,0.0,0.0,0.0,0.0,1,0.0,0.0,1,0.0,0.0,0.0,0.0,0.0,7,22,7,0
4033,686,53,0.0,1,0.0,0.0,0.0,0.0,1,0.0,0.0,0.0,0.0,0.0,0.0,1,0.0,8,4,19,0
4034,155,84,0.0,1,0.0,0.0,0.0,0.0,1,0.0,0.0,0.0,1,0.0,0.0,0.0,0.0,15,2,18,0
4035,33,137,0.0,1,0.0,0.0,0.0,1,0.0,0.0,0.0,0.0,0.0,0.0,0.0,0.0,1,15,1,25,0
4036,831,99,1,0.0,0.0,0.0,1,0.0,0.0,0.0,0.0,0.0,0.0,0.0,0.0,0.0,1,14,17,20,0
4037,389,1,0.0,0.0,0.0,1,0.0,0.0,1,0.0,0.0,0.0,1,0.0,0.0,0.0,0.0,22,10,8,0
4038,144,127,0.0,0.0,1,0.0,0.0,0.0,1,0.0,0.0,0.0,0.0,0.0,0.0,1,0.0,8,9,15,0
4039,856,684,0.0,0.0,1,0.0,1,0.0,0.0,0.0,0.0,0.0,0.0,0.0,0.0,0.0,1,14,76,84,1
4040,548,18,1,0.0,0.0,0.0,0.0,0.0,0.0,1,0.0,0.0,0.0,0.0,0.0,0.0,1,13,14,12,0
4041,83,79,0.0,0.0,0.0,1,0.0,0.0,1,0.0,0.0,0.0,0.0,0.0,1,0.0,0.0,7,23,16,0
4042,51,6,0.0,1,0.0,0.0,0.0,0.0,0.0,0.0,1,0.0,1,0.0,0.0,0.0,0.0,23,3,13,0
4043,805,1,0.0,1,0.0,0.0,0.0,0.0,1,0.0,0.0,0.0,0.0,0.0,0.0,0.0,1,8,20,5,0
4044,473,107,0.0,0.0,0.0,1,0.0,0.0,0.0,1,0.0,0.0,0.0,0.0,1,0.0,0.0,20,8,29,0
4045,148,121,0.0,1,0.0,0.0,0.0,0.0,0.0,1,0.0,0.0,1,0.0,0.0,0.0,0.0,19,21,12,0
4046,420,5,1,0.0,0.0,0.0,0.0,0.0,0.0,1,0.0,0.0,0.0,0.0,0.0,0.0,1,12,4,26,0
4047,425,40,1,0.0,0.0,0.0,1,0.0,0.0,0.0,0.0,1,0.0,0.0,0.0,0.0,0.0,19,25,1,0
4048,955,3199,0.0,0.0,1,0.0,0.0,1,0.0,0.0,0.0,0.0,0.0,1,0.0,0.0,0.0,12,80,77,1
4049,319,92,0.0,1,0.0,0.0,0.0,1,0.0,0.0,0.0,0.0,0.0,0.0,0.0,0.0,1,20,21,0,0
4050,491,107,0.0,0.0,0.0,1,0.0,0.0,0.0,1,0.0,0.0,0.0,0.0,0.0,0.0,1,22,6,21,0
4051,486,138,1,0.0,0.0,0.0,1,0.0,0.0,0.0,0.0,0.0,1,0.0,0.0,0.0,0.0,11,21,23,0
4052,660,141,0.0,1,0.0,0.0,0.0,1,0.0,0.0,0.0,0.0,0.0,0.0,1,0.0,0.0,21,4,4,0
4053,270,102,0.0,1,0.0,0.0,0.0,1,0.0,0.0,0.0,0.0,0.0,0.0,1,0.0,0.0,17,24,27,0
4054,851,113,0.0,0.0,0.0,1,0.0,0.0,0.0,0.0,1,1,0.0,0.0,0.0,0.0,0.0,14,13,14,0
4055,954,88,0.0,0.0,0.0,1,0.0,0.0,0.0,1,0.0,0.0,0.0,0.0,0.0,0.0,1,22,7,21,0
4056,941,176,0.0,1,0.0,0.0,0.0,0.0,0.0,0.0,1,0.0,0.0,0.0,0.0,1,0.0,12,19,6,0
4057,438,96,0.0,0.0,0.0,1,0.0,0.0,0.0,1,0.0,0.0,0.0,0.0,1,0.0,0.0,19,4,9,0
4058,51,4,1,0.0,0.0,0.0,0.0,0.0,1,0.0,0.0,0.0,0.0,0.0,1,0.0,0.0,21,26,21,0
4059,678,75,0.0,0.0,0.0,1,0.0,0.0,0.0,1,0.0,0.0,0.0,0.0,0.0,0.0,1,6,10,7,0
4060,428,100,1,0.0,0.0,0.0,0.0,1,0.0,0.0,0.0,0.0,0.0,0.0,0.0,1,0.0,7,11,10,0
4061,945,91,0.0,0.0,0.0,1,1,0.0,0.0,0.0,0.0,1,0.0,0.0,0.0,0.0,0.0,19,22,26,0
4062,999,38,0.0,1,0.0,0.0,0.0,0.0,0.0,0.0,1,0.0,0.0,0.0,0.0,0.0,1,6,23,9,0
4063,271,1421,0.0,1,0.0,0.0,0.0,1,0.0,0.0,0.0,1,0.0,0.0,0.0,0.0,0.0,0,89,95,1
4064,332,128,1,0.0,0.0,0.0,0.0,1,0.0,0.0,0.0,0.0,0.0,0.0,0.0,0.0,1,8,22,8,0
4065,375,179,1,0.0,0.0,0.0,0.0,0.0,1,0.0,0.0,0.0,0.0,0.0,1,0.0,0.0,18,14,13,0
4066,573,77,0.0,1,0.0,0.0,0.0,0.0,0.0,1,0.0,0.0,0.0,0.0,0.0,0.0,1,18,9,27,0
4067,149,146,0.0,0.0,1,0.0,0.0,0.0,0.0,0.0,1,0.0,1,0.0,0.0,0.0,0.0,19,6,2,0
4068,896,79,0.0,1,0.0,0.0,0.0,0.0,1,0.0,0.0,0.0,1,0.0,0.0,0.0,0.0,20,22,15,0
4069,465,4031,0.0,0.0,0.0,1,0.0,0.0,0.0,1,0.0,0.0,0.0,0.0,0.0,0.0,1,4,96,96,1
4070,627,68,0.0,0.0,1,0.0,0.0,0.0,1,0.0,0.0,0.0,0.0,0.0,0.0,0.0,1,21,24,5,0
4071,126,132,0.0,0.0,1,0.0,0.0,0.0,1,0.0,0.0,0.0,1,0.0,0.0,0.0,0.0,21,19,16,0
4072,717,125,1,0.0,0.0,0.0,0.0,0.0,0.0,0.0,1,1,0.0,0.0,0.0,0.0,0.0,15,20,0,0
4073,473,1465,0.0,1,0.0,0.0,0.0,0.0,1,0.0,0.0,0.0,1,0.0,0.0,0.0,0.0,22,99,91,1
4074,40,129,0.0,0.0,1,0.0,0.0,0.0,0.0,0.0,1,0.0,0.0,0.0,0.0,0.0,1,10,11,6,0
4075,441,128,0.0,0.0,0.0,1,1,0.0,0.0,0.0,0.0,0.0,1,0.0,0.0,0.0,0.0,22,2,29,0
4076,562,67,0.0,1,0.0,0.0,0.0,0.0,0.0,0.0,1,0.0,0.0,0.0,0.0,1,0.0,6,19,9,0
4077,975,129,1,0.0,0.0,0.0,0.0,0.0,0.0,0.0,1,1,0.0,0.0,0.0,0.0,0.0,14,19,16,0
4078,844,135,0.0,0.0,1,0.0,0.0,0.0,0.0,0.0,1,0.0,1,0.0,0.0,0.0,0.0,15,0,28,0
4079,755,195,0.0,0.0,1,0.0,0.0,0.0,1,0.0,0.0,0.0,1,0.0,0.0,0.0,0.0,23,2,11,0
4080,519,35,1,0.0,0.0,0.0,0.0,0.0,0.0,0.0,1,0.0,0.0,0.0,0.0,1,0.0,7,27,5,0
4081,91,56,0.0,0.0,0.0,1,0.0,0.0,1,0.0,0.0,1,0.0,0.0,0.0,0.0,0.0,8,23,2,0
4082,932,156,0.0,0.0,0.0,1,0.0,0.0,1,0.0,0.0,0.0,0.0,0.0,0.0,0.0,1,23,1,9,0
4083,354,27,0.0,0.0,0.0,1,0.0,0.0,1,0.0,0.0,1,0.0,0.0,0.0,0.0,0.0,14,7,29,0
4084,520,117,0.0,0.0,0.0,1,0.0,0.0,1,0.0,0.0,1,0.0,0.0,0.0,0.0,0.0,16,29,5,0
4085,949,106,0.0,0.0,1,0.0,0.0,0.0,1,0.0,0.0,0.0,1,0.0,0.0,0.0,0.0,6,23,28,0
4086,37,53,0.0,0.0,0.0,1,0.0,0.0,1,0.0,0.0,1,0.0,0.0,0.0,0.0,0.0,19,19,12,0
4087,552,54,0.0,1,0.0,0.0,1,0.0,0.0,0.0,0.0,0.0,0.0,0.0,0.0,0.0,1,18,27,2,0
4088,320,192,0.0,0.0,1,0.0,0.0,0.0,0.0,1,0.0,0.0,1,0.0,0.0,0.0,0.0,15,9,12,0
4089,760,10,0.0,1,0.0,0.0,0.0,1,0.0,0.0,0.0,0.0,0.0,0.0,1,0.0,0.0,4,86,71,1
4090,525,31,0.0,1,0.0,0.0,0.0,0.0,1,0.0,0.0,1,0.0,0.0,0.0,0.0,0.0,6,1,5,0
4091,498,123,0.0,1,0.0,0.0,0.0,0.0,1,0.0,0.0,0.0,0.0,0.0,1,0.0,0.0,15,28,15,0
4092,962,1,0.0,0.0,0.0,1,1,0.0,0.0,0.0,0.0,0.0,0.0,0.0,0.0,1,0.0,11,8,9,0
4093,911,73,1,0.0,0.0,0.0,0.0,0.0,1,0.0,0.0,0.0,0.0,0.0,0.0,1,0.0,16,20,2,0
4094,729,117,0.0,1,0.0,0.0,0.0,0.0,0.0,1,0.0,0.0,1,0.0,0.0,0.0,0.0,16,14,22,0
4095,535,7,1,0.0,0.0,0.0,0.0,0.0,0.0,1,0.0,1,0.0,0.0,0.0,0.0,0.0,11,10,17,0
4096,962,102,0.0,0.0,0.0,1,0.0,0.0,0.0,1,0.0,0.0,0.0,0.0,0.0,0.0,1,19,4,4,0
4097,183,139,1,0.0,0.0,0.0,0.0,0.0,1,0.0,0.0,0.0,0.0,0.0,0.0,1,0.0,18,24,11,0
4098,521,94,0.0,1,0.0,0.0,0.0,0.0,0.0,0.0,1,1,0.0,0.0,0.0,0.0,0.0,23,27,14,0
4099,390,22,0.0,1,0.0,0.0,0.0,1,0.0,0.0,0.0,0.0,0.0,0.0,1,0.0,0.0,5,89,99,1
4100,87,95,0.0,1,0.0,0.0,1,0.0,0.0,0.0,0.0,0.0,0.0,0.0,0.0,1,0.0,22,21,13,0
4101,53,66,0.0,1,0.0,0.0,1,0.0,0.0,0.0,0.0,0.0,0.0,0.0,1,0.0,0.0,6,7,23,0
4102,152,101,0.0,0.0,1,0.0,0.0,0.0,0.0,1,0.0,0.0,0.0,0.0,0.0,1,0.0,22,24,18,0
4103,514,98,0.0,0.0,0.0,1,0.0,1,0.0,0.0,0.0,0.0,0.0,0.0,0.0,1,0.0,13,4,18,0
4104,615,95,0.0,1,0.0,0.0,0.0,0.0,0.0,0.0,1,0.0,0.0,0.0,0.0,0.0,1,10,27,23,0
4105,498,45,0.0,1,0.0,0.0,1,0.0,0.0,0.0,0.0,0.0,1,0.0,0.0,0.0,0.0,19,9,4,0
4106,333,141,1,0.0,0.0,0.0,0.0,0.0,0.0,0.0,1,0.0,0.0,0.0,0.0,1,0.0,20,9,21,0
4107,493,117,1,0.0,0.0,0.0,0.0,0.0,0.0,0.0,1,0.0,0.0,0.0,0.0,0.0,1,11,7,1,0
4108,190,116,0.0,0.0,0.0,1,0.0,1,0.0,0.0,0.0,0.0,0.0,0.0,0.0,1,0.0,9,12,25,0
4109,333,181,0.0,0.0,1,0.0,0.0,0.0,0.0,0.0,1,0.0,0.0,0.0,1,0.0,0.0,11,10,24,0
4110,689,182,0.0,0.0,0.0,1,1,0.0,0.0,0.0,0.0,1,0.0,0.0,0.0,0.0,0.0,8,5,8,0
4111,51,159,1,0.0,0.0,0.0,0.0,0.0,0.0,0.0,1,0.0,1,0.0,0.0,0.0,0.0,8,3,18,0
4112,789,75,0.0,0.0,1,0.0,0.0,0.0,0.0,1,0.0,0.0,0.0,0.0,1,0.0,0.0,17,11,18,0
4113,105,158,0.0,1,0.0,0.0,0.0,0.0,0.0,0.0,1,0.0,0.0,0.0,0.0,1,0.0,9,25,25,0
4114,73,108,0.0,0.0,0.0,1,0.0,0.0,1,0.0,0.0,0.0,0.0,0.0,0.0,0.0,1,12,4,7,0
4115,533,125,0.0,0.0,0.0,1,0.0,0.0,0.0,0.0,1,0.0,0.0,0.0,0.0,0.0,1,20,1,3,0
4116,444,29,0.0,1,0.0,0.0,0.0,0.0,1,0.0,0.0,0.0,0.0,0.0,0.0,1,0.0,9,28,1,0
4117,861,1,0.0,0.0,0.0,1,0.0,0.0,0.0,0.0,1,1,0.0,0.0,0.0,0.0,0.0,17,27,5,0
4118,693,109,0.0,0.0,1,0.0,0.0,1,0.0,0.0,0.0,1,0.0,0.0,0.0,0.0,0.0,8,3,0,0
4119,89,142,0.0,0.0,0.0,1,0.0,0.0,0.0,1,0.0,0.0,0.0,0.0,1,0.0,0.0,23,20,12,0
4120,999,141,0.0,0.0,0.0,1,0.0,0.0,0.0,0.0,1,0.0,0.0,0.0,0.0,0.0,1,9,13,0,0
4121,730,47,0.0,1,0.0,0.0,0.0,0.0,0.0,0.0,1,0.0,1,0.0,0.0,0.0,0.0,12,3,9,0
4122,239,63,0.0,1,0.0,0.0,0.0,0.0,0.0,1,0.0,0.0,0.0,0.0,1,0.0,0.0,7,22,10,0
4123,407,129,0.0,0.0,0.0,1,1,0.0,0.0,0.0,0.0,0.0,1,0.0,0.0,0.0,0.0,20,28,14,0
4124,950,103,0.0,0.0,0.0,1,0.0,0.0,1,0.0,0.0,1,0.0,0.0,0.0,0.0,0.0,14,10,2,0
4125,672,103,0.0,1,0.0,0.0,0.0,0.0,1,0.0,0.0,0.0,0.0,0.0,0.0,1,0.0,12,5,13,0
4126,665,143,0.0,0.0,1,0.0,0.0,0.0,0.0,1,0.0,0.0,0.0,0.0,1,0.0,0.0,9,19,22,0
4127,789,51,0.0,1,0.0,0.0,1,0.0,0.0,0.0,0.0,0.0,0.0,0.0,0.0,0.0,1,13,12,24,0
4128,267,1,0.0,0.0,0.0,1,0.0,0.0,1,0.0,0.0,0.0,0.0,0.0,1,0.0,0.0,23,18,26,0
4129,673,104,1,0.0,0.0,0.0,0.0,0.0,0.0,0.0,1,0.0,0.0,0.0,1,0.0,0.0,12,16,0,0
4130,556,186,0.0,0.0,1,0.0,1,0.0,0.0,0.0,0.0,0.0,0.0,0.0,0.0,1,0.0,11,0,6,0
4131,52,6,0.0,0.0,1,0.0,0.0,0.0,0.0,0.0,1,0.0,0.0,0.0,1,0.0,0.0,19,29,25,0
4132,107,85,0.0,0.0,0.0,1,0.0,0.0,0.0,0.0,1,0.0,0.0,0.0,1,0.0,0.0,7,23,16,0
4133,185,82,0.0,0.0,1,0.0,0.0,0.0,0.0,1,0.0,1,0.0,0.0,0.0,0.0,0.0,9,18,20,0
4134,103,112,0.0,0.0,0.0,1,0.0,0.0,1,0.0,0.0,0.0,1,0.0,0.0,0.0,0.0,15,0,19,0
4135,804,132,0.0,0.0,0.0,1,0.0,0.0,0.0,0.0,1,1,0.0,0.0,0.0,0.0,0.0,13,12,29,0
4136,186,152,0.0,0.0,1,0.0,0.0,1,0.0,0.0,0.0,0.0,0.0,0.0,0.0,0.0,1,18,20,13,0
4137,968,108,0.0,0.0,1,0.0,0.0,0.0,0.0,1,0.0,0.0,1,0.0,0.0,0.0,0.0,8,13,9,0
4138,876,104,0.0,0.0,0.0,1,0.0,0.0,0.0,0.0,1,1,0.0,0.0,0.0,0.0,0.0,11,4,22,0
4139,217,169,0.0,1,0.0,0.0,0.0,0.0,1,0.0,0.0,1,0.0,0.0,0.0,0.0,0.0,7,6,3,0
4140,241,89,1,0.0,0.0,0.0,0.0,0.0,0.0,0.0,1,0.0,0.0,0.0,0.0,0.0,1,13,24,20,0
4141,894,135,1,0.0,0.0,0.0,0.0,1,0.0,0.0,0.0,0.0,0.0,0.0,0.0,1,0.0,14,21,21,0
4142,927,138,0.0,0.0,1,0.0,0.0,1,0.0,0.0,0.0,0.0,0.0,0.0,0.0,1,0.0,18,24,18,0
4143,423,63,1,0.0,0.0,0.0,0.0,1,0.0,0.0,0.0,0.0,0.0,0.0,0.0,0.0,1,21,15,23,0
4144,855,83,1,0.0,0.0,0.0,0.0,0.0,0.0,0.0,1,0.0,0.0,0.0,1,0.0,0.0,13,3,13,0
4145,216,142,1,0.0,0.0,0.0,0.0,0.0,1,0.0,0.0,1,0.0,0.0,0.0,0.0,0.0,23,11,23,0
4146,379,154,0.0,1,0.0,0.0,0.0,0.0,0.0,0.0,1,0.0,0.0,0.0,0.0,0.0,1,15,25,9,0
4147,523,126,0.0,0.0,0.0,1,0.0,0.0,0.0,1,0.0,1,0.0,0.0,0.0,0.0,0.0,22,17,2,0
4148,752,141,0.0,0.0,1,0.0,0.0,0.0,0.0,0.0,1,0.0,0.0,0.0,0.0,1,0.0,8,5,11,0
4149,388,106,1,0.0,0.0,0.0,0.0,0.0,0.0,1,0.0,0.0,0.0,0.0,1,0.0,0.0,19,20,27,0
4150,278,64,0.0,0.0,1,0.0,0.0,0.0,0.0,1,0.0,0.0,0.0,0.0,0.0,1,0.0,20,3,4,0
4151,144,94,1,0.0,0.0,0.0,0.0,0.0,0.0,1,0.0,0.0,0.0,0.0,0.0,1,0.0,12,25,18,0
4152,902,72,0.0,0.0,0.0,1,0.0,0.0,0.0,0.0,1,1,0.0,0.0,0.0,0.0,0.0,14,23,19,0
4153,839,169,0.0,1,0.0,0.0,0.0,0.0,0.0,0.0,1,1,0.0,0.0,0.0,0.0,0.0,22,22,25,0
4154,32,36,0.0,1,0.0,0.0,0.0,0.0,0.0,1,0.0,0.0,0.0,0.0,0.0,1,0.0,20,12,7,0
4155,616,1,0.0,0.0,0.0,1,0.0,0.0,0.0,1,0.0,0.0,0.0,0.0,1,0.0,0.0,14,29,9,0
4156,971,192,0.0,0.0,1,0.0,0.0,0.0,1,0.0,0.0,0.0,0.0,0.0,0.0,0.0,1,12,15,24,0
4157,790,153,1,0.0,0.0,0.0,1,0.0,0.0,0.0,0.0,0.0,0.0,0.0,0.0,0.0,1,14,18,29,0
4158,11,91,0.0,0.0,0.0,1,0.0,0.0,1,0.0,0.0,1,0.0,0.0,0.0,0.0,0.0,23,2,28,0
4159,18,39,0.0,1,0.0,0.0,0.0,0.0,0.0,0.0,1,1,0.0,0.0,0.0,0.0,0.0,15,10,18,0
4160,272,56,1,0.0,0.0,0.0,1,0.0,0.0,0.0,0.0,0.0,0.0,0.0,1,0.0,0.0,7,16,25,0
4161,649,46,0.0,0.0,0.0,1,1,0.0,0.0,0.0,0.0,0.0,0.0,0.0,0.0,1,0.0,9,6,21,0
4162,203,64,0.0,1,0.0,0.0,0.0,0.0,0.0,1,0.0,1,0.0,0.0,0.0,0.0,0.0,18,20,25,0
4163,60,99,1,0.0,0.0,0.0,0.0,0.0,0.0,0.0,1,0.0,0.0,0.0,0.0,0.0,1,9,29,20,0
4164,318,1024,1,0.0,0.0,0.0,0.0,0.0,1,0.0,0.0,0.0,0.0,0.0,0.0,0.0,1,0,90,82,1
4165,777,86,0.0,0.0,0.0,1,0.0,0.0,0.0,1,0.0,0.0,0.0,0.0,0.0,1,0.0,8,4,26,0
4166,921,100,1,0.0,0.0,0.0,0.0,0.0,0.0,0.0,1,1,0.0,0.0,0.0,0.0,0.0,7,3,17,0
4167,574,72,1,0.0,0.0,0.0,0.0,1,0.0,0.0,0.0,0.0,0.0,0.0,0.0,0.0,1,13,1,18,0
4168,210,62,0.0,0.0,1,0.0,0.0,0.0,0.0,0.0,1,1,0.0,0.0,0.0,0.0,0.0,21,4,13,0
4169,959,1841,0.0,1,0.0,0.0,0.0,0.0,0.0,0.0,1,0.0,1,0.0,0.0,0.0,0.0,5,73,96,1
4170,859,157,0.0,0.0,0.0,1,0.0,0.0,0.0,1,0.0,1,0.0,0.0,0.0,0.0,0.0,16,8,17,0
4171,266,51,0.0,0.0,1,0.0,0.0,1,0.0,0.0,0.0,1,0.0,0.0,0.0,0.0,0.0,7,23,17,0
4172,810,7504,0.0,0.0,1,0.0,1,0.0,0.0,0.0,0.0,0.0,0.0,0.0,1,0.0,0.0,12,93,93,1
4173,598,123,0.0,1,0.0,0.0,1,0.0,0.0,0.0,0.0,0.0,1,0.0,0.0,0.0,0.0,23,2,12,0
4174,159,22,1,0.0,0.0,0.0,1,0.0,0.0,0.0,0.0,0.0,0.0,0.0,0.0,1,0.0,11,72,78,1
4175,145,85,0.0,1,0.0,0.0,0.0,0.0,0.0,1,0.0,1,0.0,0.0,0.0,0.0,0.0,13,12,29,0
4176,354,113,1,0.0,0.0,0.0,0.0,0.0,1,0.0,0.0,1,0.0,0.0,0.0,0.0,0.0,6,10,23,0
4177,404,86,0.0,0.0,0.0,1,0.0,0.0,1,0.0,0.0,0.0,0.0,0.0,1,0.0,0.0,18,27,0,0
4178,57,114,0.0,1,0.0,0.0,1,0.0,0.0,0.0,0.0,0.0,0.0,0.0,0.0,1,0.0,17,19,10,0
4179,314,89,0.0,1,0.0,0.0,0.0,0.0,0.0,0.0,1,0.0,1,0.0,0.0,0.0,0.0,15,8,11,0
4180,508,1,0.0,0.0,0.0,1,0.0,1,0.0,0.0,0.0,0.0,0.0,0.0,0.0,1,0.0,14,6,29,0
4181,231,87,0.0,1,0.0,0.0,1,0.0,0.0,0.0,0.0,0.0,1,0.0,0.0,0.0,0.0,12,6,7,0
4182,124,125,0.0,1,0.0,0.0,1,0.0,0.0,0.0,0.0,0.0,0.0,0.0,1,0.0,0.0,10,21,20,0
4183,174,91,0.0,0.0,0.0,1,0.0,0.0,0.0,0.0,1,1,0.0,0.0,0.0,0.0,0.0,19,22,16,0
4184,569,185,0.0,0.0,0.0,1,0.0,0.0,0.0,0.0,1,1,0.0,0.0,0.0,0.0,0.0,21,2,20,0
4185,58,25,0.0,1,0.0,0.0,0.0,1,0.0,0.0,0.0,0.0,0.0,0.0,0.0,0.0,1,22,17,7,0
4186,154,173,1,0.0,0.0,0.0,0.0,0.0,1,0.0,0.0,1,0.0,0.0,0.0,0.0,0.0,21,16,13,0
4187,431,136,0.0,0.0,0.0,1,0.0,0.0,0.0,0.0,1,1,0.0,0.0,0.0,0.0,0.0,23,24,18,0
4188,463,54,0.0,0.0,0.0,1,0.0,0.0,1,0.0,0.0,0.0,0.0,0.0,0.0,0.0,1,20,10,10,0
4189,661,135,0.0,1,0.0,0.0,0.0,0.0,0.0,1,0.0,0.0,0.0,0.0,0.0,0.0,1,13,2,7,0
4190,784,101,0.0,0.0,1,0.0,1,0.0,0.0,0.0,0.0,0.0,0.0,0.0,0.0,1,0.0,6,15,16,0
4191,267,149,0.0,1,0.0,0.0,0.0,0.0,0.0,0.0,1,0.0,1,0.0,0.0,0.0,0.0,20,2,15,0
4192,880,146,0.0,1,0.0,0.0,0.0,0.0,1,0.0,0.0,0.0,0.0,0.0,0.0,0.0,1,20,10,12,0
4193,567,30,0.0,0.0,1,0.0,0.0,0.0,0.0,0.0,1,0.0,0.0,0.0,0.0,0.0,1,13,25,16,0
4194,519,86,0.0,0.0,1,0.0,0.0,1,0.0,0.0,0.0,0.0,0.0,0.0,1,0.0,0.0,7,26,16,0
4195,470,107,0.0,0.0,0.0,1,0.0,0.0,1,0.0,0.0,0.0,0.0,0.0,0.0,1,0.0,12,16,16,0
4196,435,65,0.0,1,0.0,0.0,0.0,0.0,1,0.0,0.0,0.0,0.0,0.0,0.0,0.0,1,20,13,28,0
4197,500,26,0.0,0.0,0.0,1,1,0.0,0.0,0.0,0.0,0.0,0.0,0.0,1,0.0,0.0,14,25,6,0
4198,601,2587,1,0.0,0.0,0.0,0.0,0.0,0.0,1,0.0,0.0,0.0,1,0.0,0.0,0.0,7,84,88,1
4199,860,51,0.0,0.0,1,0.0,0.0,1,0.0,0.0,0.0,0.0,0.0,0.0,0.0,0.0,1,19,14,20,0
4200,614,113,0.0,0.0,0.0,1,0.0,0.0,1,0.0,0.0,0.0,1,0.0,0.0,0.0,0.0,17,15,11,0
4201,323,148,0.0,0.0,0.0,1,0.0,0.0,0.0,0.0,1,0.0,0.0,0.0,0.0,0.0,1,20,1,11,0
4202,85,105,0.0,0.0,1,0.0,0.0,1,0.0,0.0,0.0,0.0,0.0,0.0,0.0,1,0.0,16,3,20,0
4203,244,140,0.0,0.0,1,0.0,0.0,0.0,0.0,0.0,1,0.0,1,0.0,0.0,0.0,0.0,15,27,28,0
4204,53,103,0.0,0.0,1,0.0,0.0,0.0,0.0,0.0,1,0.0,0.0,0.0,0.0,1,0.0,16,0,11,0
4205,87,136,0.0,1,0.0,0.0,0.0,0.0,0.0,0.0,1,0.0,1,0.0,0.0,0.0,0.0,15,12,5,0
4206,165,87,0.0,0.0,0.0,1,0.0,0.0,0.0,0.0,1,0.0,1,0.0,0.0,0.0,0.0,12,23,2,0
4207,605,152,0.0,1,0.0,0.0,1,0.0,0.0,0.0,0.0,0.0,0.0,0.0,0.0,1,0.0,19,27,16,0
4208,894,94,0.0,0.0,1,0.0,0.0,0.0,1,0.0,0.0,0.0,1,0.0,0.0,0.0,0.0,17,7,13,0
4209,487,57,1,0.0,0.0,0.0,0.0,0.0,0.0,0.0,1,0.0,0.0,0.0,1,0.0,0.0,6,8,18,0
4210,856,228,0.0,1,0.0,0.0,0.0,0.0,0.0,0.0,1,1,0.0,0.0,0.0,0.0,0.0,7,0,14,0
4211,927,123,0.0,1,0.0,0.0,0.0,0.0,1,0.0,0.0,1,0.0,0.0,0.0,0.0,0.0,6,20,11,0
4212,421,98,0.0,1,0.0,0.0,0.0,0.0,1,0.0,0.0,0.0,1,0.0,0.0,0.0,0.0,9,22,1,0
4213,199,146,0.0,0.0,1,0.0,0.0,0.0,0.0,0.0,1,0.0,0.0,0.0,1,0.0,0.0,19,9,17,0
4214,317,107,0.0,0.0,1,0.0,1,0.0,0.0,0.0,0.0,0.0,0.0,0.0,1,0.0,0.0,10,26,9,0
4215,595,48,0.0,0.0,0.0,1,0.0,0.0,0.0,0.0,1,0.0,0.0,0.0,0.0,1,0.0,8,3,16,0
4216,565,150,0.0,1,0.0,0.0,0.0,0.0,0.0,1,0.0,0.0,1,0.0,0.0,0.0,0.0,19,6,20,0
4217,259,61,1,0.0,0.0,0.0,0.0,1,0.0,0.0,0.0,0.0,0.0,0.0,0.0,0.0,1,11,8,14,0
4218,87,6,0.0,1,0.0,0.0,0.0,0.0,1,0.0,0.0,0.0,0.0,0.0,0.0,1,0.0,19,14,17,0
4219,239,17,1,0.0,0.0,0.0,0.0,0.0,1,0.0,0.0,0.0,0.0,0.0,0.0,1,0.0,8,20,5,0
4220,708,2237,0.0,0.0,0.0,1,1,0.0,0.0,0.0,0.0,1,0.0,0.0,0.0,0.0,0.0,23,82,82,1
4221,270,6253,0.0,0.0,0.0,1,0.0,0.0,0.0,0.0,1,1,0.0,0.0,0.0,0.0,0.0,1,95,74,1
4222,0,178,1,0.0,0.0,0.0,0.0,0.0,0.0,1,0.0,1,0.0,0.0,0.0,0.0,0.0,21,23,15,0
4223,912,43,0.0,1,0.0,0.0,0.0,0.0,0.0,0.0,1,0.0,0.0,0.0,0.0,1,0.0,9,23,24,0
4224,257,46,0.0,0.0,0.0,1,0.0,0.0,1,0.0,0.0,1,0.0,0.0,0.0,0.0,0.0,15,19,28,0
4225,478,143,0.0,1,0.0,0.0,0.0,0.0,0.0,1,0.0,0.0,1,0.0,0.0,0.0,0.0,16,1,19,0
4226,721,57,0.0,1,0.0,0.0,0.0,0.0,1,0.0,0.0,0.0,0.0,0.0,0.0,0.0,1,15,27,12,0
4227,114,182,0.0,1,0.0,0.0,0.0,0.0,1,0.0,0.0,0.0,0.0,0.0,1,0.0,0.0,8,24,25,0
4228,326,53,0.0,0.0,1,0.0,1,0.0,0.0,0.0,0.0,0.0,0.0,0.0,1,0.0,0.0,21,19,29,0
4229,823,173,1,0.0,0.0,0.0,0.0,0.0,0.0,1,0.0,0.0,1,0.0,0.0,0.0,0.0,11,4,14,0
4230,754,56,0.0,0.0,0.0,1,1,0.0,0.0,0.0,0.0,0.0,0.0,0.0,1,0.0,0.0,15,12,8,0
4231,148,81,0.0,0.0,0.0,1,1,0.0,0.0,0.0,0.0,0.0,1,0.0,0.0,0.0,0.0,18,21,22,0
4232,24,22,1,0.0,0.0,0.0,0.0,0.0,0.0,0.0,1,0.0,0.0,0.0,0.0,1,0.0,13,25,10,0
4233,344,198,0.0,0.0,0.0,1,0.0,0.0,0.0,1,0.0,0.0,0.0,0.0,1,0.0,0.0,13,24,18,0
4234,713,10,0.0,0.0,1,0.0,0.0,1,0.0,0.0,0.0,0.0,1,0.0,0.0,0.0,0.0,4,83,89,1
4235,897,56,0.0,0.0,0.0,1,0.0,0.0,0.0,0.0,1,1,0.0,0.0,0.0,0.0,0.0,15,4,13,0
4236,922,85,0.0,0.0,0.0,1,0.0,0.0,0.0,0.0,1,1,0.0,0.0,0.0,0.0,0.0,20,3,7,0
4237,441,3,0.0,1,0.0,0.0,1,0.0,0.0,0.0,0.0,0.0,0.0,0.0,1,0.0,0.0,16,25,7,0
4238,175,142,0.0,0.0,0.0,1,0.0,0.0,0.0,0.0,1,1,0.0,0.0,0.0,0.0,0.0,15,26,2,0
4239,735,130,0.0,0.0,1,0.0,0.0,0.0,1,0.0,0.0,1,0.0,0.0,0.0,0.0,0.0,22,17,20,0
4240,452,36,0.0,0.0,1,0.0,1,0.0,0.0,0.0,0.0,0.0,0.0,0.0,0.0,0.0,1,22,18,9,0
4241,109,169,0.0,0.0,0.0,1,0.0,0.0,0.0,0.0,1,0.0,0.0,0.0,0.0,0.0,1,14,27,23,0
4242,557,44,0.0,0.0,0.0,1,0.0,0.0,1,0.0,0.0,0.0,1,0.0,0.0,0.0,0.0,23,11,0,0
4243,64,131,0.0,0.0,0.0,1,1,0.0,0.0,0.0,0.0,0.0,1,0.0,0.0,0.0,0.0,18,1,9,0
4244,72,1,1,0.0,0.0,0.0,0.0,0.0,0.0,1,0.0,0.0,1,0.0,0.0,0.0,0.0,9,21,25,0
4245,482,69,1,0.0,0.0,0.0,1,0.0,0.0,0.0,0.0,0.0,0.0,0.0,0.0,0.0,1,13,20,27,0
4246,12,78,0.0,1,0.0,0.0,0.0,0.0,1,0.0,0.0,1,0.0,0.0,0.0,0.0,0.0,12,19,3,0
4247,380,105,0.0,0.0,1,0.0,1,0.0,0.0,0.0,0.0,0.0,1,0.0,0.0,0.0,0.0,20,28,28,0
4248,567,64,0.0,0.0,1,0.0,1,0.0,0.0,0.0,0.0,0.0,0.0,0.0,0.0,1,0.0,14,29,19,0
4249,637,148,1,0.0,0.0,0.0,0.0,0.0,0.0,1,0.0,0.0,0.0,0.0,0.0,1,0.0,12,27,26,0
4250,176,87,0.0,0.0,1,0.0,0.0,0.0,1,0.0,0.0,0.0,1,0.0,0.0,0.0,0.0,8,5,13,0
4251,852,161,1,0.0,0.0,0.0,1,0.0,0.0,0.0,0.0,0.0,0.0,0.0,1,0.0,0.0,16,13,13,0
4252,380,33,0.0,0.0,0.0,1,0.0,0.0,0.0,0.0,1,0.0,0.0,0.0,0.0,1,0.0,13,15,21,0
4253,190,90,0.0,0.0,0.0,1,0.0,0.0,1,0.0,0.0,0.0,0.0,0.0,1,0.0,0.0,17,26,26,0
4254,600,57,0.0,0.0,1,0.0,0.0,0.0,0.0,1,0.0,0.0,0.0,0.0,1,0.0,0.0,15,11,1,0
4255,791,63,0.0,0.0,0.0,1,1,0.0,0.0,0.0,0.0,1,0.0,0.0,0.0,0.0,0.0,6,3,5,0
4256,439,157,0.0,0.0,0.0,1,0.0,1,0.0,0.0,0.0,0.0,0.0,0.0,1,0.0,0.0,19,24,20,0
4257,554,110,1,0.0,0.0,0.0,0.0,0.0,0.0,0.0,1,0.0,0.0,0.0,0.0,0.0,1,6,18,16,0
4258,28,93,1,0.0,0.0,0.0,0.0,1,0.0,0.0,0.0,0.0,1,0.0,0.0,0.0,0.0,7,4,0,0
4259,344,122,0.0,0.0,0.0,1,0.0,0.0,1,0.0,0.0,0.0,0.0,0.0,1,0.0,0.0,17,21,1,0
4260,31,12,0.0,0.0,0.0,1,0.0,0.0,0.0,1,0.0,1,0.0,0.0,0.0,0.0,0.0,9,11,20,0
4261,183,101,1,0.0,0.0,0.0,1,0.0,0.0,0.0,0.0,0.0,0.0,0.0,0.0,1,0.0,17,10,15,0
4262,582,51,1,0.0,0.0,0.0,0.0,0.0,1,0.0,0.0,0.0,1,0.0,0.0,0.0,0.0,17,18,3,0
4263,906,76,1,0.0,0.0,0.0,0.0,0.0,0.0,1,0.0,1,0.0,0.0,0.0,0.0,0.0,21,27,5,0
4264,793,96,0.0,0.0,1,0.0,0.0,0.0,0.0,1,0.0,0.0,0.0,0.0,1,0.0,0.0,11,13,0,0
4265,782,75,0.0,0.0,1,0.0,1,0.0,0.0,0.0,0.0,1,0.0,0.0,0.0,0.0,0.0,9,20,24,0
4266,802,35,0.0,0.0,0.0,1,0.0,0.0,1,0.0,0.0,0.0,0.0,0.0,0.0,1,0.0,9,8,18,0
4267,559,17,0.0,0.0,1,0.0,0.0,0.0,0.0,1,0.0,1,0.0,0.0,0.0,0.0,0.0,14,25,19,0
4268,820,39,0.0,1,0.0,0.0,0.0,0.0,1,0.0,0.0,0.0,0.0,0.0,1,0.0,0.0,7,3,28,0
4269,45,99,0.0,0.0,0.0,1,0.0,0.0,1,0.0,0.0,0.0,0.0,0.0,0.0,0.0,1,18,1,16,0
4270,395,35,0.0,1,0.0,0.0,0.0,0.0,0.0,0.0,1,0.0,0.0,0.0,0.0,0.0,1,21,9,25,0
4271,536,61,0.0,0.0,1,0.0,1,0.0,0.0,0.0,0.0,0.0,1,0.0,0.0,0.0,0.0,8,2,13,0
4272,850,37,1,0.0,0.0,0.0,0.0,1,0.0,0.0,0.0,0.0,0.0,0.0,1,0.0,0.0,14,8,5,0
4273,967,168,0.0,1,0.0,0.0,1,0.0,0.0,0.0,0.0,1,0.0,0.0,0.0,0.0,0.0,23,23,23,0
4274,375,100,0.0,1,0.0,0.0,0.0,0.0,0.0,0.0,1,1,0.0,0.0,0.0,0.0,0.0,22,24,22,0
4275,441,100,1,0.0,0.0,0.0,0.0,0.0,0.0,1,0.0,0.0,1,0.0,0.0,0.0,0.0,23,17,9,0
4276,759,39,0.0,0.0,0.0,1,1,0.0,0.0,0.0,0.0,1,0.0,0.0,0.0,0.0,0.0,21,19,3,0
4277,55,17,0.0,0.0,1,0.0,0.0,0.0,1,0.0,0.0,0.0,1,0.0,0.0,0.0,0.0,13,24,27,0
4278,638,45,0.0,1,0.0,0.0,0.0,0.0,0.0,1,0.0,0.0,0.0,0.0,0.0,1,0.0,13,13,27,0
4279,278,134,1,0.0,0.0,0.0,0.0,0.0,0.0,1,0.0,0.0,0.0,0.0,0.0,0.0,1,19,22,12,0
4280,991,212,0.0,0.0,1,0.0,0.0,0.0,0.0,1,0.0,1,0.0,0.0,0.0,0.0,0.0,22,27,22,0
4281,656,147,1,0.0,0.0,0.0,0.0,0.0,1,0.0,0.0,0.0,0.0,0.0,0.0,0.0,1,20,1,27,0
4282,528,59,1,0.0,0.0,0.0,1,0.0,0.0,0.0,0.0,1,0.0,0.0,0.0,0.0,0.0,9,4,13,0
4283,72,30,1,0.0,0.0,0.0,0.0,0.0,0.0,1,0.0,0.0,1,0.0,0.0,0.0,0.0,18,13,22,0
4284,16,109,1,0.0,0.0,0.0,0.0,0.0,1,0.0,0.0,0.0,0.0,0.0,1,0.0,0.0,11,18,21,0
4285,636,66,1,0.0,0.0,0.0,0.0,0.0,0.0,0.0,1,1,0.0,0.0,0.0,0.0,0.0,8,17,26,0
4286,418,150,1,0.0,0.0,0.0,0.0,1,0.0,0.0,0.0,0.0,0.0,0.0,0.0,0.0,1,13,23,8,0
4287,452,64,1,0.0,0.0,0.0,1,0.0,0.0,0.0,0.0,0.0,0.0,0.0,0.0,1,0.0,8,6,21,0
4288,531,30,0.0,0.0,1,0.0,0.0,0.0,0.0,1,0.0,0.0,1,0.0,0.0,0.0,0.0,19,8,16,0
4289,256,1,0.0,0.0,0.0,1,1,0.0,0.0,0.0,0.0,0.0,0.0,0.0,1,0.0,0.0,17,24,26,0
4290,99,97,0.0,1,0.0,0.0,1,0.0,0.0,0.0,0.0,0.0,1,0.0,0.0,0.0,0.0,11,28,20,0
4291,157,62,0.0,1,0.0,0.0,0.0,1,0.0,0.0,0.0,0.0,0.0,0.0,1,0.0,0.0,18,14,2,0
4292,784,103,0.0,0.0,1,0.0,0.0,0.0,1,0.0,0.0,1,0.0,0.0,0.0,0.0,0.0,19,4,8,0
4293,52,166,0.0,0.0,0.0,1,0.0,0.0,1,0.0,0.0,0.0,1,0.0,0.0,0.0,0.0,8,1,0,0
4294,898,116,0.0,1,0.0,0.0,0.0,1,0.0,0.0,0.0,0.0,1,0.0,0.0,0.0,0.0,13,27,18,0
4295,8,33,1,0.0,0.0,0.0,0.0,0.0,1,0.0,0.0,1,0.0,0.0,0.0,0.0,0.0,22,26,22,0
4296,470,76,1,0.0,0.0,0.0,0.0,0.0,0.0,1,0.0,0.0,0.0,0.0,0.0,0.0,1,15,25,24,0
4297,560,65,0.0,0.0,1,0.0,0.0,0.0,0.0,0.0,1,0.0,0.0,0.0,0.0,0.0,1,9,3,26,0
4298,970,103,0.0,0.0,1,0.0,0.0,0.0,0.0,0.0,1,0.0,0.0,0.0,0.0,1,0.0,8,27,20,0
4299,194,150,0.0,0.0,1,0.0,0.0,0.0,0.0,0.0,1,0.0,0.0,0.0,0.0,0.0,1,16,9,28,0
4300,937,163,0.0,0.0,1,0.0,0.0,0.0,0.0,1,0.0,0.0,0.0,0.0,0.0,0.0,1,7,5,19,0
4301,301,180,1,0.0,0.0,0.0,0.0,0.0,0.0,1,0.0,0.0,0.0,0.0,0.0,0.0,1,18,16,14,0
4302,9,153,0.0,0.0,0.0,1,0.0,0.0,0.0,1,0.0,0.0,0.0,0.0,0.0,1,0.0,7,16,6,0
4303,22,118,0.0,0.0,1,0.0,0.0,1,0.0,0.0,0.0,0.0,1,0.0,0.0,0.0,0.0,13,2,19,0
4304,886,38,0.0,0.0,1,0.0,0.0,1,0.0,0.0,0.0,1,0.0,0.0,0.0,0.0,0.0,10,11,18,0
4305,285,124,0.0,1,0.0,0.0,0.0,0.0,0.0,0.0,1,0.0,0.0,0.0,1,0.0,0.0,14,27,9,0
4306,508,113,0.0,0.0,0.0,1,1,0.0,0.0,0.0,0.0,0.0,0.0,0.0,0.0,1,0.0,11,18,11,0
4307,22,107,0.0,0.0,0.0,1,0.0,0.0,0.0,0.0,1,1,0.0,0.0,0.0,0.0,0.0,6,16,11,0
4308,511,111,0.0,0.0,1,0.0,0.0,0.0,0.0,0.0,1,0.0,1,0.0,0.0,0.0,0.0,16,19,25,0
4309,478,107,0.0,0.0,1,0.0,0.0,0.0,1,0.0,0.0,0.0,0.0,0.0,1,0.0,0.0,16,11,26,0
4310,165,25,0.0,0.0,0.0,1,1,0.0,0.0,0.0,0.0,0.0,0.0,0.0,1,0.0,0.0,16,3,26,0
4311,438,210,0.0,0.0,0.0,1,0.0,1,0.0,0.0,0.0,0.0,1,0.0,0.0,0.0,0.0,18,22,8,0
4312,661,111,1,0.0,0.0,0.0,0.0,1,0.0,0.0,0.0,0.0,0.0,0.0,0.0,1,0.0,13,8,24,0
4313,32,143,0.0,1,0.0,0.0,0.0,0.0,1,0.0,0.0,0.0,0.0,0.0,1,0.0,0.0,17,9,29,0
4314,719,171,0.0,0.0,0.0,1,1,0.0,0.0,0.0,0.0,1,0.0,0.0,0.0,0.0,0.0,12,25,5,0
4315,851,113,0.0,0.0,1,0.0,0.0,0.0,0.0,0.0,1,0.0,0.0,0.0,0.0,1,0.0,16,26,26,0
4316,324,95,0.0,0.0,1,0.0,1,0.0,0.0,0.0,0.0,0.0,0.0,0.0,0.0,0.0,1,23,16,19,0
4317,469,136,0.0,0.0,1,0.0,1,0.0,0.0,0.0,0.0,0.0,0.0,0.0,0.0,1,0.0,14,15,24,0
4318,186,110,1,0.0,0.0,0.0,0.0,0.0,0.0,0.0,1,0.0,0.0,0.0,0.0,1,0.0,18,20,18,0
4319,132,57,0.0,1,0.0,0.0,0.0,0.0,0.0,1,0.0,0.0,0.0,0.0,0.0,0.0,1,23,20,1,0
4320,301,95,0.0,0.0,0.0,1,0.0,0.0,0.0,0.0,1,1,0.0,0.0,0.0,0.0,0.0,12,1,11,0
4321,916,3,0.0,0.0,0.0,1,0.0,0.0,0.0,1,0.0,0.0,0.0,0.0,0.0,0.0,1,11,9,25,0
4322,689,103,0.0,0.0,1,0.0,0.0,0.0,1,0.0,0.0,0.0,1,0.0,0.0,0.0,0.0,9,21,24,0
4323,877,1,0.0,0.0,0.0,1,0.0,0.0,0.0,0.0,1,1,0.0,0.0,0.0,0.0,0.0,12,10,19,0
4324,618,52,0.0,1,0.0,0.0,0.0,0.0,0.0,1,0.0,1,0.0,0.0,0.0,0.0,0.0,15,19,14,0
4325,432,114,1,0.0,0.0,0.0,1,0.0,0.0,0.0,0.0,0.0,0.0,0.0,0.0,0.0,1,6,5,22,0
4326,603,59,1,0.0,0.0,0.0,0.0,0.0,1,0.0,0.0,0.0,0.0,0.0,0.0,1,0.0,17,4,7,0
4327,574,119,0.0,0.0,0.0,1,0.0,1,0.0,0.0,0.0,0.0,0.0,0.0,0.0,0.0,1,18,24,19,0
4328,976,150,1,0.0,0.0,0.0,0.0,1,0.0,0.0,0.0,0.0,1,0.0,0.0,0.0,0.0,22,8,14,0
4329,849,61,0.0,0.0,1,0.0,0.0,0.0,1,0.0,0.0,0.0,1,0.0,0.0,0.0,0.0,12,20,25,0
4330,935,5,0.0,0.0,0.0,1,0.0,0.0,1,0.0,0.0,0.0,1,0.0,0.0,0.0,0.0,11,13,22,0
4331,879,209,0.0,0.0,0.0,1,1,0.0,0.0,0.0,0.0,0.0,1,0.0,0.0,0.0,0.0,16,20,17,0
4332,167,1783,0.0,0.0,0.0,1,1,0.0,0.0,0.0,0.0,0.0,0.0,0.0,0.0,1,0.0,5,93,87,1
4333,456,99,0.0,0.0,0.0,1,0.0,1,0.0,0.0,0.0,0.0,0.0,0.0,0.0,1,0.0,23,27,1,0
4334,983,124,0.0,0.0,1,0.0,0.0,1,0.0,0.0,0.0,0.0,0.0,0.0,1,0.0,0.0,9,22,29,0
4335,941,129,0.0,1,0.0,0.0,0.0,0.0,0.0,1,0.0,0.0,0.0,0.0,0.0,0.0,1,18,2,13,0
4336,138,156,0.0,1,0.0,0.0,0.0,0.0,0.0,0.0,1,0.0,0.0,0.0,0.0,0.0,1,16,20,9,0
4337,321,60,1,0.0,0.0,0.0,1,0.0,0.0,0.0,0.0,1,0.0,0.0,0.0,0.0,0.0,6,9,4,0
4338,503,111,1,0.0,0.0,0.0,0.0,1,0.0,0.0,0.0,0.0,0.0,0.0,0.0,0.0,1,20,24,11,0
4339,74,149,1,0.0,0.0,0.0,0.0,1,0.0,0.0,0.0,0.0,1,0.0,0.0,0.0,0.0,19,7,3,0
4340,976,117,1,0.0,0.0,0.0,0.0,0.0,0.0,1,0.0,0.0,0.0,0.0,0.0,0.0,1,13,1,8,0
4341,436,73,0.0,0.0,0.0,1,1,0.0,0.0,0.0,0.0,1,0.0,0.0,0.0,0.0,0.0,18,7,17,0
4342,843,35,0.0,0.0,1,0.0,1,0.0,0.0,0.0,0.0,0.0,0.0,0.0,1,0.0,0.0,23,13,20,0
4343,944,151,0.0,0.0,0.0,1,0.0,1,0.0,0.0,0.0,0.0,1,0.0,0.0,0.0,0.0,11,14,29,0
4344,508,86,0.0,0.0,1,0.0,0.0,0.0,0.0,1,0.0,0.0,0.0,0.0,1,0.0,0.0,10,5,21,0
4345,492,143,0.0,0.0,1,0.0,0.0,0.0,0.0,1,0.0,1,0.0,0.0,0.0,0.0,0.0,6,7,22,0
4346,305,103,0.0,0.0,1,0.0,0.0,1,0.0,0.0,0.0,0.0,1,0.0,0.0,0.0,0.0,21,18,17,0
4347,944,2330,0.0,0.0,0.0,1,1,0.0,0.0,0.0,0.0,1,0.0,0.0,0.0,0.0,0.0,13,85,70,1
4348,544,137,1,0.0,0.0,0.0,0.0,0.0,0.0,1,0.0,0.0,1,0.0,0.0,0.0,0.0,22,4,1,0
4349,770,176,0.0,0.0,1,0.0,0.0,0.0,0.0,1,0.0,1,0.0,0.0,0.0,0.0,0.0,10,28,10,0
4350,501,88,0.0,0.0,0.0,1,1,0.0,0.0,0.0,0.0,1,0.0,0.0,0.0,0.0,0.0,18,4,19,0
4351,588,141,0.0,0.0,1,0.0,0.0,0.0,0.0,0.0,1,0.0,0.0,0.0,0.0,0.0,1,7,0,18,0
4352,294,160,1,0.0,0.0,0.0,0.0,1,0.0,0.0,0.0,0.0,1,0.0,0.0,0.0,0.0,20,4,20,0
4353,807,72,0.0,0.0,1,0.0,0.0,0.0,0.0,0.0,1,0.0,0.0,0.0,0.0,1,0.0,16,23,3,0
4354,529,138,1,0.0,0.0,0.0,0.0,0.0,0.0,0.0,1,0.0,0.0,0.0,1,0.0,0.0,23,21,5,0
4355,507,127,0.0,1,0.0,0.0,0.0,0.0,1,0.0,0.0,0.0,1,0.0,0.0,0.0,0.0,6,2,27,0
4356,925,59,0.0,1,0.0,0.0,0.0,0.0,1,0.0,0.0,0.0,0.0,0.0,1,0.0,0.0,18,27,23,0
4357,802,118,0.0,0.0,1,0.0,0.0,0.0,0.0,1,0.0,0.0,0.0,0.0,0.0,0.0,1,10,18,29,0
4358,529,87,0.0,0.0,1,0.0,0.0,1,0.0,0.0,0.0,0.0,1,0.0,0.0,0.0,0.0,23,21,27,0
4359,657,67,0.0,0.0,1,0.0,0.0,0.0,0.0,0.0,1,1,0.0,0.0,0.0,0.0,0.0,22,22,5,0
4360,94,1000,1,0.0,0.0,0.0,0.0,0.0,0.0,0.0,1,1,0.0,0.0,0.0,0.0,0.0,2,95,82,1
4361,405,57,0.0,0.0,0.0,1,0.0,0.0,0.0,1,0.0,0.0,0.0,0.0,0.0,0.0,1,8,3,22,0
4362,72,11,0.0,0.0,1,0.0,1,0.0,0.0,0.0,0.0,0.0,0.0,0.0,0.0,0.0,1,19,7,8,0
4363,280,104,1,0.0,0.0,0.0,1,0.0,0.0,0.0,0.0,0.0,0.0,0.0,1,0.0,0.0,13,0,17,0
4364,896,72,0.0,0.0,0.0,1,0.0,0.0,0.0,1,0.0,0.0,0.0,0.0,1,0.0,0.0,22,11,12,0
4365,291,173,0.0,0.0,1,0.0,1,0.0,0.0,0.0,0.0,0.0,0.0,0.0,0.0,0.0,1,10,6,26,0
4366,540,204,0.0,0.0,0.0,1,1,0.0,0.0,0.0,0.0,0.0,0.0,0.0,0.0,0.0,1,21,28,20,0
4367,129,1,0.0,0.0,1,0.0,0.0,1,0.0,0.0,0.0,1,0.0,0.0,0.0,0.0,0.0,14,2,17,0
4368,502,210,1,0.0,0.0,0.0,0.0,1,0.0,0.0,0.0,1,0.0,0.0,0.0,0.0,0.0,11,8,16,0
4369,678,183,0.0,0.0,1,0.0,0.0,1,0.0,0.0,0.0,0.0,1,0.0,0.0,0.0,0.0,7,29,12,0
4370,971,166,0.0,0.0,0.0,1,0.0,1,0.0,0.0,0.0,0.0,1,0.0,0.0,0.0,0.0,12,8,25,0
4371,137,141,0.0,0.0,1,0.0,1,0.0,0.0,0.0,0.0,1,0.0,0.0,0.0,0.0,0.0,16,25,18,0
4372,675,18,0.0,1,0.0,0.0,0.0,0.0,1,0.0,0.0,0.0,1,0.0,0.0,0.0,0.0,6,5,9,0
4373,747,91,0.0,0.0,0.0,1,0.0,1,0.0,0.0,0.0,0.0,1,0.0,0.0,0.0,0.0,10,4,2,0
4374,868,2605,1,0.0,0.0,0.0,0.0,0.0,0.0,1,0.0,0.0,1,0.0,0.0,0.0,0.0,8,95,87,1
4375,489,104,0.0,1,0.0,0.0,0.0,1,0.0,0.0,0.0,0.0,0.0,0.0,1,0.0,0.0,7,26,28,0
4376,265,51,0.0,0.0,1,0.0,0.0,1,0.0,0.0,0.0,0.0,0.0,0.0,1,0.0,0.0,21,26,26,0
4377,660,158,1,0.0,0.0,0.0,0.0,0.0,1,0.0,0.0,0.0,0.0,0.0,0.0,0.0,1,9,9,19,0
4378,807,98,1,0.0,0.0,0.0,0.0,1,0.0,0.0,0.0,0.0,0.0,0.0,0.0,0.0,1,11,11,18,0
4379,213,136,0.0,1,0.0,0.0,1,0.0,0.0,0.0,0.0,0.0,0.0,0.0,1,0.0,0.0,20,9,18,0
4380,439,162,0.0,1,0.0,0.0,1,0.0,0.0,0.0,0.0,0.0,0.0,0.0,1,0.0,0.0,18,27,9,0
4381,821,110,0.0,0.0,0.0,1,1,0.0,0.0,0.0,0.0,0.0,0.0,0.0,0.0,1,0.0,20,29,15,0
4382,574,156,1,0.0,0.0,0.0,0.0,0.0,1,0.0,0.0,0.0,0.0,0.0,0.0,0.0,1,6,3,13,0
4383,577,135,0.0,0.0,1,0.0,1,0.0,0.0,0.0,0.0,1,0.0,0.0,0.0,0.0,0.0,13,5,10,0
4384,611,130,0.0,0.0,1,0.0,0.0,0.0,0.0,1,0.0,1,0.0,0.0,0.0,0.0,0.0,19,0,21,0
4385,107,60,1,0.0,0.0,0.0,0.0,0.0,0.0,1,0.0,0.0,0.0,0.0,0.0,1,0.0,19,26,29,0
4386,249,67,0.0,0.0,0.0,1,0.0,0.0,0.0,1,0.0,0.0,1,0.0,0.0,0.0,0.0,20,22,16,0
4387,607,64,0.0,0.0,1,0.0,0.0,0.0,0.0,1,0.0,0.0,0.0,0.0,0.0,1,0.0,18,16,26,0
4388,104,22,0.0,0.0,0.0,1,0.0,0.0,0.0,0.0,1,0.0,1,0.0,0.0,0.0,0.0,17,94,98,1
4389,559,84,0.0,0.0,0.0,1,0.0,0.0,1,0.0,0.0,0.0,1,0.0,0.0,0.0,0.0,21,29,19,0
4390,43,68,0.0,0.0,1,0.0,0.0,1,0.0,0.0,0.0,0.0,0.0,0.0,1,0.0,0.0,20,21,28,0
4391,701,39,0.0,1,0.0,0.0,0.0,0.0,1,0.0,0.0,0.0,0.0,0.0,1,0.0,0.0,7,11,23,0
4392,401,158,0.0,0.0,1,0.0,0.0,0.0,0.0,0.0,1,1,0.0,0.0,0.0,0.0,0.0,9,15,9,0
4393,688,42,0.0,0.0,0.0,1,0.0,0.0,0.0,1,0.0,1,0.0,0.0,0.0,0.0,0.0,9,2,6,0
4394,883,59,0.0,0.0,1,0.0,0.0,0.0,0.0,0.0,1,1,0.0,0.0,0.0,0.0,0.0,13,5,18,0
4395,13,92,0.0,0.0,0.0,1,0.0,0.0,1,0.0,0.0,0.0,0.0,0.0,0.0,1,0.0,9,1,3,0
4396,124,2149,1,0.0,0.0,0.0,0.0,1,0.0,0.0,0.0,0.0,0.0,0.0,1,0.0,0.0,14,71,80,1
4397,216,227,0.0,0.0,0.0,1,1,0.0,0.0,0.0,0.0,1,0.0,0.0,0.0,0.0,0.0,20,22,9,0
4398,440,166,0.0,1,0.0,0.0,0.0,1,0.0,0.0,0.0,0.0,1,0.0,0.0,0.0,0.0,8,16,15,0
4399,542,1,1,0.0,0.0,0.0,0.0,0.0,0.0,1,0.0,0.0,0.0,0.0,0.0,1,0.0,8,21,8,0
4400,519,115,0.0,1,0.0,0.0,0.0,0.0,0.0,1,0.0,0.0,0.0,0.0,1,0.0,0.0,12,27,27,0
4401,797,10,0.0,0.0,1,0.0,1,0.0,0.0,0.0,0.0,0.0,0.0,1,0.0,0.0,0.0,2,81,77,1
4402,116,23,1,0.0,0.0,0.0,1,0.0,0.0,0.0,0.0,0.0,1,0.0,0.0,0.0,0.0,14,15,17,0
4403,168,114,0.0,0.0,0.0,1,0.0,1,0.0,0.0,0.0,0.0,0.0,0.0,1,0.0,0.0,9,2,20,0
4404,209,77,0.0,1,0.0,0.0,0.0,0.0,0.0,0.0,1,0.0,1,0.0,0.0,0.0,0.0,22,7,18,0
4405,707,107,0.0,1,0.0,0.0,0.0,0.0,0.0,1,0.0,0.0,0.0,0.0,0.0,0.0,1,15,23,5,0
4406,766,10,0.0,1,0.0,0.0,0.0,0.0,0.0,1,0.0,0.0,0.0,0.0,0.0,1,0.0,2,92,87,1
4407,338,2645,0.0,0.0,0.0,1,0.0,1,0.0,0.0,0.0,0.0,0.0,0.0,0.0,1,0.0,16,76,92,1
4408,247,129,0.0,0.0,0.0,1,0.0,0.0,0.0,0.0,1,0.0,1,0.0,0.0,0.0,0.0,12,23,21,0
4409,533,2,1,0.0,0.0,0.0,0.0,1,0.0,0.0,0.0,0.0,0.0,0.0,0.0,0.0,1,11,8,10,0
4410,493,163,0.0,0.0,0.0,1,0.0,1,0.0,0.0,0.0,1,0.0,0.0,0.0,0.0,0.0,9,4,6,0
4411,956,171,0.0,0.0,0.0,1,1,0.0,0.0,0.0,0.0,0.0,0.0,0.0,0.0,1,0.0,8,17,25,0
4412,396,119,0.0,0.0,1,0.0,0.0,0.0,1,0.0,0.0,0.0,1,0.0,0.0,0.0,0.0,21,6,3,0
4413,414,53,0.0,0.0,1,0.0,0.0,0.0,0.0,1,0.0,0.0,0.0,0.0,0.0,1,0.0,7,7,24,0
4414,109,103,0.0,0.0,0.0,1,1,0.0,0.0,0.0,0.0,0.0,0.0,0.0,1,0.0,0.0,9,21,16,0
4415,91,156,0.0,0.0,0.0,1,0.0,0.0,0.0,0.0,1,0.0,0.0,0.0,0.0,0.0,1,7,19,4,0
4416,927,69,0.0,1,0.0,0.0,0.0,0.0,1,0.0,0.0,0.0,0.0,0.0,0.0,0.0,1,15,4,19,0
4417,368,46,0.0,0.0,0.0,1,1,0.0,0.0,0.0,0.0,1,0.0,0.0,0.0,0.0,0.0,17,5,11,0
4418,325,115,0.0,0.0,1,0.0,0.0,0.0,1,0.0,0.0,0.0,1,0.0,0.0,0.0,0.0,22,19,22,0
4419,569,67,0.0,0.0,0.0,1,0.0,0.0,0.0,1,0.0,0.0,0.0,0.0,0.0,1,0.0,13,21,13,0
4420,882,100,0.0,0.0,1,0.0,0.0,0.0,0.0,1,0.0,0.0,0.0,0.0,0.0,1,0.0,19,23,20,0
4421,400,121,0.0,0.0,1,0.0,0.0,0.0,1,0.0,0.0,0.0,1,0.0,0.0,0.0,0.0,13,17,24,0
4422,843,70,0.0,0.0,1,0.0,0.0,0.0,0.0,1,0.0,1,0.0,0.0,0.0,0.0,0.0,8,24,26,0
4423,501,1,1,0.0,0.0,0.0,0.0,0.0,1,0.0,0.0,1,0.0,0.0,0.0,0.0,0.0,16,15,25,0
4424,467,132,0.0,0.0,1,0.0,1,0.0,0.0,0.0,0.0,0.0,0.0,0.0,0.0,0.0,1,17,14,10,0
4425,716,1,1,0.0,0.0,0.0,0.0,1,0.0,0.0,0.0,1,0.0,0.0,0.0,0.0,0.0,21,29,13,0
4426,935,125,0.0,0.0,1,0.0,1,0.0,0.0,0.0,0.0,0.0,1,0.0,0.0,0.0,0.0,13,23,28,0
4427,15,4150,0.0,1,0.0,0.0,0.0,1,0.0,0.0,0.0,1,0.0,0.0,0.0,0.0,0.0,8,76,85,1
4428,282,2400,0.0,0.0,1,0.0,0.0,0.0,1,0.0,0.0,0.0,0.0,0.0,0.0,1,0.0,4,93,99,1
4429,825,137,0.0,0.0,0.0,1,1,0.0,0.0,0.0,0.0,1,0.0,0.0,0.0,0.0,0.0,19,8,9,0
4430,208,116,1,0.0,0.0,0.0,0.0,0.0,0.0,1,0.0,0.0,0.0,0.0,0.0,1,0.0,7,2,19,0
4431,610,104,0.0,0.0,1,0.0,0.0,0.0,1,0.0,0.0,0.0,0.0,0.0,1,0.0,0.0,19,19,18,0
4432,358,136,0.0,0.0,0.0,1,0.0,0.0,0.0,0.0,1,1,0.0,0.0,0.0,0.0,0.0,14,3,13,0
4433,19,130,0.0,0.0,0.0,1,1,0.0,0.0,0.0,0.0,0.0,0.0,0.0,0.0,1,0.0,6,24,6,0
4434,350,93,0.0,1,0.0,0.0,0.0,0.0,0.0,0.0,1,0.0,0.0,0.0,0.0,0.0,1,8,11,9,0
4435,246,66,0.0,1,0.0,0.0,0.0,1,0.0,0.0,0.0,0.0,0.0,0.0,0.0,1,0.0,21,6,24,0
4436,559,54,0.0,0.0,1,0.0,0.0,1,0.0,0.0,0.0,0.0,0.0,0.0,1,0.0,0.0,19,13,21,0
4437,957,2993,0.0,0.0,1,0.0,0.0,0.0,0.0,0.0,1,0.0,0.0,1,0.0,0.0,0.0,4,75,96,1
4438,814,140,0.0,0.0,1,0.0,0.0,0.0,0.0,1,0.0,0.0,0.0,0.0,0.0,1,0.0,23,21,20,0
4439,308,194,0.0,0.0,0.0,1,1,0.0,0.0,0.0,0.0,0.0,1,0.0,0.0,0.0,0.0,8,1,13,0
4440,213,191,1,0.0,0.0,0.0,1,0.0,0.0,0.0,0.0,0.0,0.0,0.0,0.0,1,0.0,12,8,7,0
4441,209,70,0.0,0.0,0.0,1,0.0,0.0,0.0,0.0,1,1,0.0,0.0,0.0,0.0,0.0,11,5,15,0
4442,859,156,1,0.0,0.0,0.0,0.0,1,0.0,0.0,0.0,0.0,0.0,0.0,0.0,1,0.0,12,19,29,0
4443,93,125,0.0,0.0,0.0,1,0.0,0.0,1,0.0,0.0,0.0,0.0,0.0,0.0,0.0,1,19,9,7,0
4444,470,58,0.0,0.0,0.0,1,0.0,0.0,0.0,0.0,1,0.0,1,0.0,0.0,0.0,0.0,15,17,14,0
4445,491,212,0.0,1,0.0,0.0,0.0,0.0,0.0,0.0,1,0.0,0.0,0.0,1,0.0,0.0,16,3,26,0
4446,592,104,0.0,1,0.0,0.0,0.0,1,0.0,0.0,0.0,0.0,0.0,0.0,0.0,0.0,1,20,29,13,0
4447,43,156,0.0,0.0,1,0.0,0.0,0.0,0.0,0.0,1,0.0,1,0.0,0.0,0.0,0.0,22,12,27,0
4448,607,103,0.0,0.0,1,0.0,0.0,0.0,0.0,0.0,1,0.0,0.0,0.0,0.0,0.0,1,9,15,24,0
4449,451,121,0.0,0.0,0.0,1,0.0,0.0,0.0,0.0,1,1,0.0,0.0,0.0,0.0,0.0,17,23,3,0
4450,481,128,1,0.0,0.0,0.0,0.0,0.0,0.0,1,0.0,1,0.0,0.0,0.0,0.0,0.0,9,19,3,0
4451,725,132,0.0,0.0,1,0.0,0.0,0.0,0.0,0.0,1,1,0.0,0.0,0.0,0.0,0.0,15,11,13,0
4452,489,126,0.0,1,0.0,0.0,0.0,0.0,0.0,1,0.0,0.0,0.0,0.0,1,0.0,0.0,8,6,26,0
4453,847,171,0.0,0.0,1,0.0,1,0.0,0.0,0.0,0.0,0.0,0.0,0.0,0.0,1,0.0,23,9,14,0
4454,892,140,0.0,1,0.0,0.0,0.0,0.0,0.0,0.0,1,0.0,0.0,0.0,0.0,1,0.0,9,16,12,0
4455,869,134,0.0,0.0,1,0.0,0.0,0.0,1,0.0,0.0,0.0,0.0,0.0,0.0,1,0.0,20,5,20,0
4456,596,102,0.0,0.0,1,0.0,1,0.0,0.0,0.0,0.0,0.0,1,0.0,0.0,0.0,0.0,11,25,11,0
4457,171,50,0.0,0.0,1,0.0,0.0,1,0.0,0.0,0.0,0.0,0.0,0.0,1,0.0,0.0,14,24,15,0
4458,482,24,0.0,1,0.0,0.0,0.0,0.0,0.0,1,0.0,1,0.0,0.0,0.0,0.0,0.0,14,3,19,0
4459,832,60,0.0,1,0.0,0.0,0.0,0.0,0.0,0.0,1,0.0,0.0,0.0,1,0.0,0.0,16,29,25,0
4460,115,132,0.0,0.0,0.0,1,0.0,0.0,0.0,0.0,1,1,0.0,0.0,0.0,0.0,0.0,17,22,23,0
4461,801,76,0.0,0.0,1,0.0,0.0,1,0.0,0.0,0.0,0.0,1,0.0,0.0,0.0,0.0,15,8,5,0
4462,737,106,0.0,1,0.0,0.0,0.0,0.0,1,0.0,0.0,0.0,0.0,0.0,0.0,0.0,1,10,6,16,0
4463,440,155,0.0,0.0,0.0,1,1,0.0,0.0,0.0,0.0,0.0,0.0,0.0,0.0,0.0,1,19,20,18,0
4464,987,100,0.0,0.0,1,0.0,0.0,0.0,0.0,0.0,1,1,0.0,0.0,0.0,0.0,0.0,9,20,15,0
4465,206,124,0.0,0.0,1,0.0,0.0,0.0,0.0,0.0,1,0.0,0.0,0.0,1,0.0,0.0,16,4,13,0
4466,330,45,0.0,1,0.0,0.0,0.0,1,0.0,0.0,0.0,1,0.0,0.0,0.0,0.0,0.0,22,1,6,0
4467,980,100,0.0,1,0.0,0.0,0.0,0.0,0.0,1,0.0,0.0,1,0.0,0.0,0.0,0.0,18,21,28,0
4468,442,1,0.0,0.0,1,0.0,0.0,1,0.0,0.0,0.0,0.0,0.0,0.0,1,0.0,0.0,7,8,24,0
4469,149,100,0.0,0.0,1,0.0,0.0,0.0,1,0.0,0.0,1,0.0,0.0,0.0,0.0,0.0,19,3,4,0
4470,392,71,0.0,0.0,0.0,1,0.0,0.0,1,0.0,0.0,0.0,0.0,0.0,0.0,0.0,1,23,18,22,0
4471,163,96,0.0,0.0,1,0.0,0.0,0.0,0.0,1,0.0,1,0.0,0.0,0.0,0.0,0.0,8,27,29,0
4472,808,66,0.0,0.0,1,0.0,1,0.0,0.0,0.0,0.0,0.0,0.0,0.0,0.0,1,0.0,16,10,13,0
4473,711,79,0.0,0.0,1,0.0,1,0.0,0.0,0.0,0.0,0.0,1,0.0,0.0,0.0,0.0,8,9,3,0
4474,440,9,0.0,1,0.0,0.0,0.0,1,0.0,0.0,0.0,0.0,0.0,0.0,1,0.0,0.0,10,29,5,0
4475,559,132,0.0,1,0.0,0.0,0.0,1,0.0,0.0,0.0,1,0.0,0.0,0.0,0.0,0.0,21,7,26,0
4476,618,96,0.0,1,0.0,0.0,0.0,0.0,1,0.0,0.0,1,0.0,0.0,0.0,0.0,0.0,8,14,29,0
4477,611,129,0.0,0.0,0.0,1,1,0.0,0.0,0.0,0.0,1,0.0,0.0,0.0,0.0,0.0,20,20,5,0
4478,185,87,0.0,0.0,0.0,1,0.0,0.0,1,0.0,0.0,0.0,0.0,0.0,1,0.0,0.0,18,5,26,0
4479,461,109,0.0,1,0.0,0.0,1,0.0,0.0,0.0,0.0,0.0,0.0,0.0,0.0,0.0,1,9,5,6,0
4480,446,168,0.0,1,0.0,0.0,0.0,0.0,0.0,1,0.0,0.0,0.0,0.0,0.0,1,0.0,14,29,5,0
4481,694,86,0.0,0.0,0.0,1,1,0.0,0.0,0.0,0.0,0.0,1,0.0,0.0,0.0,0.0,6,24,20,0
4482,657,73,1,0.0,0.0,0.0,1,0.0,0.0,0.0,0.0,0.0,0.0,0.0,1,0.0,0.0,18,17,23,0
4483,755,51,0.0,1,0.0,0.0,0.0,0.0,0.0,1,0.0,0.0,0.0,0.0,1,0.0,0.0,21,8,27,0
4484,114,1,1,0.0,0.0,0.0,0.0,0.0,0.0,0.0,1,0.0,0.0,0.0,0.0,0.0,1,13,15,13,0
4485,342,119,0.0,0.0,1,0.0,0.0,0.0,1,0.0,0.0,1,0.0,0.0,0.0,0.0,0.0,18,24,11,0
4486,220,73,0.0,0.0,0.0,1,0.0,0.0,1,0.0,0.0,0.0,0.0,0.0,0.0,1,0.0,15,20,5,0
4487,520,46,0.0,0.0,0.0,1,0.0,0.0,0.0,1,0.0,0.0,0.0,0.0,1,0.0,0.0,14,9,4,0
4488,936,102,0.0,0.0,1,0.0,0.0,1,0.0,0.0,0.0,1,0.0,0.0,0.0,0.0,0.0,22,2,28,0
4489,488,118,0.0,0.0,0.0,1,0.0,0.0,1,0.0,0.0,0.0,0.0,0.0,0.0,1,0.0,15,7,23,0
4490,130,125,1,0.0,0.0,0.0,0.0,0.0,1,0.0,0.0,0.0,0.0,0.0,0.0,0.0,1,8,16,3,0
4491,687,19,0.0,1,0.0,0.0,0.0,0.0,0.0,1,0.0,0.0,1,0.0,0.0,0.0,0.0,20,8,1,0
4492,497,158,0.0,0.0,1,0.0,1,0.0,0.0,0.0,0.0,1,0.0,0.0,0.0,0.0,0.0,22,9,23,0
4493,313,120,0.0,0.0,1,0.0,0.0,0.0,0.0,1,0.0,0.0,0.0,0.0,0.0,0.0,1,11,18,8,0
4494,495,104,0.0,0.0,1,0.0,1,0.0,0.0,0.0,0.0,0.0,0.0,0.0,0.0,1,0.0,6,16,7,0
4495,160,122,0.0,0.0,1,0.0,0.0,0.0,0.0,1,0.0,1,0.0,0.0,0.0,0.0,0.0,17,26,23,0
4496,446,6,0.0,0.0,1,0.0,1,0.0,0.0,0.0,0.0,1,0.0,0.0,0.0,0.0,0.0,14,16,10,0
4497,595,112,0.0,1,0.0,0.0,0.0,1,0.0,0.0,0.0,0.0,1,0.0,0.0,0.0,0.0,11,26,1,0
4498,861,115,0.0,0.0,0.0,1,0.0,0.0,0.0,1,0.0,1,0.0,0.0,0.0,0.0,0.0,9,27,20,0
4499,251,3149,1,0.0,0.0,0.0,0.0,1,0.0,0.0,0.0,0.0,0.0,0.0,0.0,1,0.0,18,75,73,1
4500,838,91,0.0,0.0,1,0.0,0.0,0.0,0.0,1,0.0,0.0,0.0,0.0,0.0,1,0.0,10,24,26,0
4501,339,109,0.0,1,0.0,0.0,0.0,0.0,0.0,0.0,1,0.0,0.0,0.0,1,0.0,0.0,22,11,18,0
4502,684,129,1,0.0,0.0,0.0,0.0,0.0,0.0,1,0.0,1,0.0,0.0,0.0,0.0,0.0,11,9,21,0
4503,596,59,0.0,0.0,1,0.0,0.0,1,0.0,0.0,0.0,0.0,0.0,0.0,0.0,1,0.0,19,0,6,0
4504,897,12,0.0,0.0,1,0.0,0.0,1,0.0,0.0,0.0,0.0,0.0,0.0,0.0,1,0.0,7,26,7,0
4505,692,134,0.0,0.0,1,0.0,0.0,0.0,1,0.0,0.0,1,0.0,0.0,0.0,0.0,0.0,16,15,5,0
4506,180,42,0.0,0.0,1,0.0,1,0.0,0.0,0.0,0.0,0.0,0.0,0.0,0.0,1,0.0,6,8,27,0
4507,12,157,1,0.0,0.0,0.0,0.0,1,0.0,0.0,0.0,0.0,1,0.0,0.0,0.0,0.0,10,18,29,0
4508,588,2613,0.0,0.0,1,0.0,1,0.0,0.0,0.0,0.0,0.0,0.0,0.0,0.0,1,0.0,5,76,78,1
4509,742,166,1,0.0,0.0,0.0,0.0,1,0.0,0.0,0.0,0.0,0.0,0.0,0.0,1,0.0,16,1,27,0
4510,651,72,0.0,1,0.0,0.0,0.0,0.0,1,0.0,0.0,0.0,0.0,0.0,1,0.0,0.0,20,4,2,0
4511,170,59,0.0,0.0,0.0,1,0.0,1,0.0,0.0,0.0,0.0,0.0,0.0,0.0,1,0.0,20,9,3,0
4512,392,90,1,0.0,0.0,0.0,0.0,0.0,0.0,1,0.0,0.0,0.0,0.0,1,0.0,0.0,20,6,19,0
4513,664,1638,1,0.0,0.0,0.0,1,0.0,0.0,0.0,0.0,0.0,0.0,1,0.0,0.0,0.0,9,78,73,1
4514,237,40,1,0.0,0.0,0.0,0.0,0.0,1,0.0,0.0,1,0.0,0.0,0.0,0.0,0.0,12,2,0,0
4515,539,41,1,0.0,0.0,0.0,0.0,0.0,1,0.0,0.0,0.0,1,0.0,0.0,0.0,0.0,23,28,26,0
4516,401,153,0.0,1,0.0,0.0,1,0.0,0.0,0.0,0.0,0.0,0.0,0.0,1,0.0,0.0,9,5,24,0
4517,969,162,0.0,0.0,1,0.0,0.0,1,0.0,0.0,0.0,0.0,1,0.0,0.0,0.0,0.0,18,10,16,0
4518,201,152,1,0.0,0.0,0.0,1,0.0,0.0,0.0,0.0,1,0.0,0.0,0.0,0.0,0.0,6,26,8,0
4519,638,66,0.0,1,0.0,0.0,0.0,0.0,0.0,0.0,1,1,0.0,0.0,0.0,0.0,0.0,13,15,15,0
4520,534,32,0.0,0.0,1,0.0,0.0,1,0.0,0.0,0.0,1,0.0,0.0,0.0,0.0,0.0,23,27,0,0
4521,697,68,1,0.0,0.0,0.0,0.0,0.0,0.0,1,0.0,0.0,1,0.0,0.0,0.0,0.0,22,17,3,0
4522,319,100,0.0,1,0.0,0.0,0.0,0.0,1,0.0,0.0,1,0.0,0.0,0.0,0.0,0.0,10,25,23,0
4523,743,72,0.0,0.0,0.0,1,1,0.0,0.0,0.0,0.0,0.0,0.0,0.0,0.0,1,0.0,22,13,10,0
4524,209,159,0.0,1,0.0,0.0,0.0,1,0.0,0.0,0.0,0.0,0.0,0.0,1,0.0,0.0,7,17,11,0
4525,580,123,0.0,0.0,0.0,1,0.0,1,0.0,0.0,0.0,0.0,1,0.0,0.0,0.0,0.0,23,2,26,0
4526,720,198,0.0,0.0,1,0.0,1,0.0,0.0,0.0,0.0,1,0.0,0.0,0.0,0.0,0.0,21,14,27,0
4527,391,1,1,0.0,0.0,0.0,0.0,0.0,0.0,0.0,1,1,0.0,0.0,0.0,0.0,0.0,15,19,29,0
4528,583,48,0.0,0.0,0.0,1,1,0.0,0.0,0.0,0.0,0.0,1,0.0,0.0,0.0,0.0,21,17,1,0
4529,672,169,1,0.0,0.0,0.0,0.0,0.0,0.0,1,0.0,0.0,1,0.0,0.0,0.0,0.0,8,5,27,0
4530,282,154,1,0.0,0.0,0.0,1,0.0,0.0,0.0,0.0,0.0,0.0,0.0,0.0,0.0,1,11,6,3,0
4531,381,1,1,0.0,0.0,0.0,0.0,0.0,1,0.0,0.0,1,0.0,0.0,0.0,0.0,0.0,22,7,16,0
4532,78,85,0.0,0.0,1,0.0,0.0,0.0,0.0,1,0.0,1,0.0,0.0,0.0,0.0,0.0,11,21,7,0
4533,943,191,0.0,0.0,1,0.0,1,0.0,0.0,0.0,0.0,0.0,0.0,0.0,1,0.0,0.0,13,15,9,0
4534,746,93,1,0.0,0.0,0.0,1,0.0,0.0,0.0,0.0,1,0.0,0.0,0.0,0.0,0.0,6,7,19,0
4535,951,227,0.0,1,0.0,0.0,0.0,0.0,0.0,1,0.0,0.0,0.0,0.0,0.0,0.0,1,14,23,18,0
4536,351,45,0.0,1,0.0,0.0,0.0,0.0,0.0,1,0.0,0.0,0.0,0.0,0.0,0.0,1,14,26,7,0
4537,66,152,0.0,0.0,1,0.0,0.0,1,0.0,0.0,0.0,1,0.0,0.0,0.0,0.0,0.0,8,3,15,0
4538,221,84,0.0,1,0.0,0.0,1,0.0,0.0,0.0,0.0,0.0,0.0,0.0,1,0.0,0.0,18,8,25,0
4539,551,10,0.0,0.0,1,0.0,0.0,0.0,0.0,1,0.0,0.0,0.0,1,0.0,0.0,0.0,13,78,91,1
4540,377,121,0.0,1,0.0,0.0,0.0,0.0,0.0,1,0.0,0.0,0.0,0.0,0.0,1,0.0,15,4,26,0
4541,865,84,0.0,0.0,0.0,1,0.0,0.0,0.0,1,0.0,1,0.0,0.0,0.0,0.0,0.0,21,1,17,0
4542,506,101,0.0,0.0,1,0.0,1,0.0,0.0,0.0,0.0,0.0,0.0,0.0,0.0,1,0.0,15,19,28,0
4543,189,129,1,0.0,0.0,0.0,0.0,0.0,0.0,1,0.0,1,0.0,0.0,0.0,0.0,0.0,17,22,24,0
4544,2,101,1,0.0,0.0,0.0,0.0,0.0,1,0.0,0.0,0.0,1,0.0,0.0,0.0,0.0,23,18,29,0
4545,405,72,0.0,0.0,1,0.0,0.0,0.0,0.0,0.0,1,0.0,0.0,0.0,0.0,0.0,1,21,23,15,0
4546,125,57,0.0,1,0.0,0.0,1,0.0,0.0,0.0,0.0,0.0,0.0,0.0,0.0,1,0.0,7,4,20,0
4547,642,74,0.0,1,0.0,0.0,0.0,0.0,0.0,0.0,1,0.0,1,0.0,0.0,0.0,0.0,7,1,3,0
4548,27,113,0.0,0.0,1,0.0,0.0,0.0,1,0.0,0.0,0.0,0.0,0.0,1,0.0,0.0,22,15,10,0
4549,437,123,0.0,1,0.0,0.0,0.0,0.0,1,0.0,0.0,0.0,0.0,0.0,0.0,1,0.0,12,1,11,0
4550,689,1853,0.0,0.0,1,0.0,1,0.0,0.0,0.0,0.0,1,0.0,0.0,0.0,0.0,0.0,8,84,71,1
4551,852,118,0.0,0.0,0.0,1,0.0,0.0,1,0.0,0.0,0.0,0.0,0.0,1,0.0,0.0,14,24,15,0
4552,7,106,0.0,0.0,0.0,1,1,0.0,0.0,0.0,0.0,0.0,0.0,0.0,0.0,0.0,1,23,0,5,0
4553,979,1,1,0.0,0.0,0.0,0.0,1,0.0,0.0,0.0,1,0.0,0.0,0.0,0.0,0.0,11,18,27,0
4554,53,119,0.0,0.0,1,0.0,0.0,0.0,0.0,1,0.0,0.0,0.0,0.0,1,0.0,0.0,14,28,26,0
4555,784,157,0.0,1,0.0,0.0,0.0,1,0.0,0.0,0.0,0.0,0.0,0.0,0.0,0.0,1,8,1,27,0
4556,839,136,0.0,0.0,0.0,1,0.0,0.0,0.0,0.0,1,0.0,1,0.0,0.0,0.0,0.0,23,2,20,0
4557,72,65,0.0,1,0.0,0.0,0.0,1,0.0,0.0,0.0,0.0,0.0,0.0,0.0,1,0.0,19,3,10,0
4558,991,30,0.0,1,0.0,0.0,0.0,0.0,0.0,0.0,1,0.0,0.0,0.0,1,0.0,0.0,17,5,16,0
4559,732,216,0.0,0.0,0.0,1,0.0,1,0.0,0.0,0.0,0.0,0.0,0.0,0.0,1,0.0,16,19,10,0
4560,889,115,0.0,1,0.0,0.0,0.0,0.0,1,0.0,0.0,0.0,0.0,0.0,0.0,0.0,1,12,1,22,0
4561,217,147,1,0.0,0.0,0.0,0.0,0.0,0.0,0.0,1,1,0.0,0.0,0.0,0.0,0.0,19,13,16,0
4562,109,57,0.0,0.0,0.0,1,0.0,0.0,0.0,1,0.0,0.0,0.0,0.0,1,0.0,0.0,21,14,19,0
4563,366,88,0.0,0.0,0.0,1,1,0.0,0.0,0.0,0.0,0.0,0.0,0.0,0.0,1,0.0,23,1,9,0
4564,316,94,0.0,0.0,0.0,1,0.0,1,0.0,0.0,0.0,0.0,0.0,0.0,0.0,1,0.0,16,9,5,0
4565,849,69,1,0.0,0.0,0.0,0.0,0.0,1,0.0,0.0,1,0.0,0.0,0.0,0.0,0.0,20,2,12,0
4566,326,118,0.0,1,0.0,0.0,0.0,0.0,0.0,0.0,1,0.0,1,0.0,0.0,0.0,0.0,15,9,16,0
4567,644,48,1,0.0,0.0,0.0,0.0,1,0.0,0.0,0.0,0.0,1,0.0,0.0,0.0,0.0,9,9,15,0
4568,752,66,0.0,1,0.0,0.0,1,0.0,0.0,0.0,0.0,0.0,1,0.0,0.0,0.0,0.0,7,20,21,0
4569,549,120,0.0,1,0.0,0.0,0.0,0.0,0.0,0.0,1,0.0,0.0,0.0,1,0.0,0.0,16,16,13,0
4570,681,75,0.0,1,0.0,0.0,0.0,0.0,1,0.0,0.0,1,0.0,0.0,0.0,0.0,0.0,7,26,15,0
4571,127,134,1,0.0,0.0,0.0,0.0,0.0,1,0.0,0.0,0.0,1,0.0,0.0,0.0,0.0,12,4,4,0
4572,993,79,0.0,1,0.0,0.0,0.0,0.0,0.0,0.0,1,0.0,0.0,0.0,0.0,1,0.0,20,6,4,0
4573,126,150,1,0.0,0.0,0.0,0.0,1,0.0,0.0,0.0,1,0.0,0.0,0.0,0.0,0.0,21,5,0,0
4574,729,138,0.0,0.0,0.0,1,0.0,0.0,1,0.0,0.0,0.0,1,0.0,0.0,0.0,0.0,20,27,26,0
4575,480,116,0.0,0.0,1,0.0,0.0,0.0,1,0.0,0.0,1,0.0,0.0,0.0,0.0,0.0,23,17,19,0
4576,388,10,0.0,1,0.0,0.0,0.0,0.0,0.0,0.0,1,1,0.0,0.0,0.0,0.0,0.0,4,84,79,1
4577,791,166,1,0.0,0.0,0.0,0.0,0.0,0.0,0.0,1,0.0,0.0,0.0,0.0,1,0.0,13,28,3,0
4578,580,71,1,0.0,0.0,0.0,0.0,0.0,1,0.0,0.0,0.0,0.0,0.0,1,0.0,0.0,23,2,4,0
4579,302,57,0.0,0.0,1,0.0,1,0.0,0.0,0.0,0.0,0.0,1,0.0,0.0,0.0,0.0,19,23,20,0
4580,137,121,0.0,1,0.0,0.0,0.0,0.0,0.0,0.0,1,0.0,1,0.0,0.0,0.0,0.0,16,27,15,0
4581,570,174,0.0,1,0.0,0.0,0.0,1,0.0,0.0,0.0,0.0,0.0,0.0,0.0,1,0.0,17,25,28,0
4582,997,185,1,0.0,0.0,0.0,0.0,1,0.0,0.0,0.0,0.0,0.0,0.0,0.0,1,0.0,6,5,19,0
4583,596,161,0.0,0.0,0.0,1,1,0.0,0.0,0.0,0.0,0.0,1,0.0,0.0,0.0,0.0,8,0,14,0
4584,824,73,0.0,0.0,0.0,1,1,0.0,0.0,0.0,0.0,0.0,0.0,0.0,0.0,0.0,1,11,14,13,0
4585,498,42,0.0,1,0.0,0.0,1,0.0,0.0,0.0,0.0,1,0.0,0.0,0.0,0.0,0.0,13,19,7,0
4586,989,65,0.0,0.0,0.0,1,0.0,0.0,0.0,0.0,1,0.0,1,0.0,0.0,0.0,0.0,21,28,14,0
4587,484,131,1,0.0,0.0,0.0,1,0.0,0.0,0.0,0.0,0.0,0.0,0.0,1,0.0,0.0,11,18,14,0
4588,322,26,0.0,0.0,0.0,1,0.0,0.0,0.0,1,0.0,0.0,0.0,0.0,0.0,1,0.0,15,23,28,0
4589,748,169,1,0.0,0.0,0.0,0.0,0.0,0.0,0.0,1,0.0,0.0,0.0,1,0.0,0.0,20,8,27,0
4590,521,61,0.0,0.0,1,0.0,0.0,0.0,0.0,0.0,1,0.0,1,0.0,0.0,0.0,0.0,10,12,19,0
4591,741,150,1,0.0,0.0,0.0,0.0,0.0,0.0,1,0.0,1,0.0,0.0,0.0,0.0,0.0,11,16,1,0
4592,638,111,1,0.0,0.0,0.0,0.0,0.0,0.0,1,0.0,0.0,0.0,0.0,0.0,0.0,1,8,0,12,0
4593,206,131,0.0,1,0.0,0.0,0.0,0.0,1,0.0,0.0,0.0,0.0,0.0,0.0,1,0.0,17,18,4,0
4594,243,65,0.0,1,0.0,0.0,0.0,0.0,0.0,0.0,1,0.0,0.0,0.0,0.0,1,0.0,12,1,29,0
4595,190,63,0.0,0.0,0.0,1,0.0,0.0,1,0.0,0.0,0.0,0.0,0.0,1,0.0,0.0,9,19,22,0
4596,803,43,0.0,0.0,0.0,1,0.0,0.0,1,0.0,0.0,1,0.0,0.0,0.0,0.0,0.0,6,7,9,0
4597,576,155,1,0.0,0.0,0.0,1,0.0,0.0,0.0,0.0,0.0,1,0.0,0.0,0.0,0.0,14,9,10,0
4598,122,112,0.0,0.0,0.0,1,1,0.0,0.0,0.0,0.0,1,0.0,0.0,0.0,0.0,0.0,11,22,5,0
4599,612,110,0.0,1,0.0,0.0,0.0,0.0,0.0,0.0,1,0.0,1,0.0,0.0,0.0,0.0,6,16,2,0
4600,854,70,0.0,0.0,0.0,1,0.0,1,0.0,0.0,0.0,0.0,1,0.0,0.0,0.0,0.0,6,16,16,0
4601,924,24,0.0,0.0,1,0.0,0.0,0.0,0.0,1,0.0,0.0,0.0,0.0,0.0,0.0,1,8,21,26,0
4602,731,154,0.0,0.0,0.0,1,1,0.0,0.0,0.0,0.0,0.0,0.0,0.0,0.0,1,0.0,19,15,27,0
4603,197,98,1,0.0,0.0,0.0,1,0.0,0.0,0.0,0.0,0.0,0.0,0.0,0.0,1,0.0,19,14,2,0
4604,255,160,0.0,0.0,1,0.0,0.0,0.0,0.0,1,0.0,0.0,0.0,0.0,0.0,0.0,1,8,9,17,0
4605,118,108,0.0,1,0.0,0.0,0.0,0.0,1,0.0,0.0,1,0.0,0.0,0.0,0.0,0.0,13,6,16,0
4606,757,181,0.0,1,0.0,0.0,0.0,0.0,0.0,1,0.0,0.0,0.0,0.0,0.0,1,0.0,7,18,26,0
4607,364,99,1,0.0,0.0,0.0,0.0,0.0,0.0,1,0.0,0.0,0.0,0.0,1,0.0,0.0,23,24,12,0
4608,867,691,0.0,1,0.0,0.0,0.0,0.0,0.0,1,0.0,0.0,0.0,0.0,1,0.0,0.0,2,98,88,1
4609,201,84,0.0,0.0,1,0.0,0.0,1,0.0,0.0,0.0,0.0,0.0,0.0,1,0.0,0.0,18,4,28,0
4610,511,103,0.0,0.0,0.0,1,1,0.0,0.0,0.0,0.0,0.0,1,0.0,0.0,0.0,0.0,11,13,2,0
4611,870,164,0.0,1,0.0,0.0,1,0.0,0.0,0.0,0.0,0.0,1,0.0,0.0,0.0,0.0,14,19,21,0
4612,290,64,0.0,0.0,1,0.0,0.0,0.0,1,0.0,0.0,1,0.0,0.0,0.0,0.0,0.0,8,3,18,0
4613,686,108,1,0.0,0.0,0.0,0.0,0.0,1,0.0,0.0,0.0,0.0,0.0,1,0.0,0.0,10,1,12,0
4614,887,43,1,0.0,0.0,0.0,0.0,0.0,1,0.0,0.0,0.0,0.0,0.0,0.0,0.0,1,23,29,24,0
4615,971,144,0.0,0.0,1,0.0,0.0,1,0.0,0.0,0.0,0.0,0.0,0.0,0.0,1,0.0,20,19,15,0
4616,766,141,1,0.0,0.0,0.0,0.0,0.0,1,0.0,0.0,0.0,0.0,0.0,0.0,1,0.0,21,6,25,0
4617,161,1,1,0.0,0.0,0.0,0.0,0.0,0.0,0.0,1,1,0.0,0.0,0.0,0.0,0.0,19,28,28,0
4618,633,140,0.0,1,0.0,0.0,0.0,1,0.0,0.0,0.0,0.0,0.0,0.0,0.0,0.0,1,17,5,5,0
4619,759,85,0.0,0.0,0.0,1,0.0,0.0,0.0,0.0,1,0.0,1,0.0,0.0,0.0,0.0,14,13,6,0
4620,902,85,0.0,0.0,0.0,1,0.0,0.0,1,0.0,0.0,0.0,0.0,0.0,1,0.0,0.0,10,29,1,0
4621,333,142,0.0,0.0,1,0.0,0.0,1,0.0,0.0,0.0,0.0,0.0,0.0,0.0,1,0.0,19,20,14,0
4622,142,111,1,0.0,0.0,0.0,1,0.0,0.0,0.0,0.0,0.0,0.0,0.0,0.0,1,0.0,7,20,16,0
4623,131,62,0.0,0.0,0.0,1,0.0,0.0,0.0,0.0,1,0.0,1,0.0,0.0,0.0,0.0,9,12,6,0
4624,536,98,0.0,0.0,0.0,1,0.0,1,0.0,0.0,0.0,0.0,0.0,0.0,0.0,1,0.0,23,5,22,0
4625,696,121,0.0,0.0,1,0.0,0.0,1,0.0,0.0,0.0,0.0,0.0,0.0,0.0,0.0,1,22,21,0,0
4626,383,121,1,0.0,0.0,0.0,0.0,0.0,0.0,0.0,1,1,0.0,0.0,0.0,0.0,0.0,17,0,27,0
4627,74,39,0.0,1,0.0,0.0,0.0,0.0,0.0,0.0,1,0.0,0.0,0.0,0.0,1,0.0,13,3,18,0
4628,336,108,0.0,1,0.0,0.0,0.0,0.0,1,0.0,0.0,0.0,0.0,0.0,0.0,1,0.0,9,3,19,0
4629,607,22,0.0,0.0,1,0.0,0.0,0.0,0.0,0.0,1,0.0,0.0,0.0,1,0.0,0.0,4,96,91,1
4630,611,99,1,0.0,0.0,0.0,0.0,0.0,1,0.0,0.0,0.0,0.0,0.0,0.0,1,0.0,14,21,16,0
4631,926,114,1,0.0,0.0,0.0,1,0.0,0.0,0.0,0.0,0.0,0.0,0.0,0.0,1,0.0,14,1,21,0
4632,80,67,0.0,0.0,1,0.0,0.0,1,0.0,0.0,0.0,1,0.0,0.0,0.0,0.0,0.0,6,17,8,0
4633,875,119,0.0,0.0,1,0.0,0.0,0.0,0.0,0.0,1,0.0,0.0,0.0,1,0.0,0.0,19,16,24,0
4634,112,76,0.0,0.0,1,0.0,0.0,0.0,0.0,1,0.0,0.0,0.0,0.0,0.0,0.0,1,18,14,25,0
4635,747,118,1,0.0,0.0,0.0,0.0,0.0,0.0,1,0.0,0.0,0.0,0.0,1,0.0,0.0,21,27,15,0
4636,780,73,0.0,1,0.0,0.0,1,0.0,0.0,0.0,0.0,1,0.0,0.0,0.0,0.0,0.0,7,28,11,0
4637,98,110,1,0.0,0.0,0.0,0.0,0.0,0.0,1,0.0,0.0,1,0.0,0.0,0.0,0.0,20,27,17,0
4638,677,105,1,0.0,0.0,0.0,0.0,0.0,0.0,0.0,1,0.0,0.0,0.0,1,0.0,0.0,12,10,3,0
4639,865,48,0.0,1,0.0,0.0,0.0,0.0,0.0,1,0.0,0.0,1,0.0,0.0,0.0,0.0,12,13,19,0
4640,947,153,0.0,1,0.0,0.0,0.0,1,0.0,0.0,0.0,0.0,1,0.0,0.0,0.0,0.0,17,12,6,0
4641,586,132,1,0.0,0.0,0.0,0.0,0.0,0.0,0.0,1,0.0,0.0,0.0,0.0,0.0,1,14,10,16,0
4642,91,6,1,0.0,0.0,0.0,0.0,1,0.0,0.0,0.0,0.0,0.0,0.0,0.0,1,0.0,17,28,20,0
4643,177,55,0.0,0.0,1,0.0,0.0,0.0,0.0,0.0,1,0.0,0.0,0.0,0.0,1,0.0,8,13,9,0
4644,49,17,0.0,0.0,0.0,1,0.0,0.0,0.0,1,0.0,0.0,1,0.0,0.0,0.0,0.0,18,14,15,0
4645,929,177,0.0,0.0,0.0,1,0.0,0.0,0.0,1,0.0,0.0,0.0,0.0,0.0,1,0.0,16,8,18,0
4646,717,124,1,0.0,0.0,0.0,0.0,0.0,1,0.0,0.0,0.0,1,0.0,0.0,0.0,0.0,20,15,15,0
4647,503,64,0.0,0.0,1,0.0,0.0,0.0,0.0,1,0.0,1,0.0,0.0,0.0,0.0,0.0,6,25,1,0
4648,859,107,1,0.0,0.0,0.0,0.0,0.0,0.0,0.0,1,0.0,0.0,0.0,0.0,1,0.0,19,27,17,0
4649,354,115,1,0.0,0.0,0.0,0.0,0.0,1,0.0,0.0,0.0,0.0,0.0,0.0,1,0.0,18,0,18,0
4650,873,113,0.0,1,0.0,0.0,0.0,0.0,0.0,0.0,1,0.0,0.0,0.0,1,0.0,0.0,7,2,3,0
4651,259,106,0.0,0.0,0.0,1,0.0,1,0.0,0.0,0.0,0.0,0.0,0.0,1,0.0,0.0,17,10,4,0
4652,59,73,0.0,0.0,1,0.0,0.0,0.0,1,0.0,0.0,0.0,0.0,0.0,0.0,1,0.0,17,28,9,0
4653,638,10,0.0,1,0.0,0.0,1,0.0,0.0,0.0,0.0,0.0,0.0,1,0.0,0.0,0.0,22,76,87,1
4654,42,93,0.0,1,0.0,0.0,1,0.0,0.0,0.0,0.0,0.0,1,0.0,0.0,0.0,0.0,13,28,9,0
4655,928,90,0.0,0.0,1,0.0,0.0,1,0.0,0.0,0.0,1,0.0,0.0,0.0,0.0,0.0,16,2,24,0
4656,998,147,0.0,0.0,0.0,1,0.0,0.0,0.0,0.0,1,0.0,0.0,0.0,1,0.0,0.0,17,28,2,0
4657,64,103,0.0,0.0,1,0.0,0.0,0.0,1,0.0,0.0,0.0,0.0,0.0,1,0.0,0.0,14,10,9,0
4658,850,104,1,0.0,0.0,0.0,0.0,1,0.0,0.0,0.0,0.0,0.0,0.0,0.0,0.0,1,23,5,16,0
4659,583,58,1,0.0,0.0,0.0,0.0,0.0,1,0.0,0.0,0.0,0.0,0.0,0.0,0.0,1,15,21,18,0
4660,593,77,0.0,0.0,1,0.0,1,0.0,0.0,0.0,0.0,0.0,0.0,0.0,0.0,0.0,1,13,23,12,0
4661,406,42,0.0,1,0.0,0.0,1,0.0,0.0,0.0,0.0,1,0.0,0.0,0.0,0.0,0.0,18,21,2,0
4662,345,72,0.0,0.0,1,0.0,1,0.0,0.0,0.0,0.0,0.0,0.0,0.0,0.0,0.0,1,21,24,11,0
4663,193,53,0.0,1,0.0,0.0,0.0,0.0,0.0,1,0.0,1,0.0,0.0,0.0,0.0,0.0,22,1,3,0
4664,864,141,0.0,0.0,0.0,1,0.0,0.0,0.0,0.0,1,0.0,0.0,0.0,1,0.0,0.0,11,7,5,0
4665,623,7029,0.0,1,0.0,0.0,0.0,0.0,0.0,1,0.0,0.0,0.0,0.0,0.0,1,0.0,6,93,71,1
4666,835,124,0.0,1,0.0,0.0,0.0,0.0,1,0.0,0.0,0.0,0.0,0.0,0.0,0.0,1,18,26,24,0
4667,694,60,1,0.0,0.0,0.0,0.0,1,0.0,0.0,0.0,0.0,0.0,0.0,0.0,1,0.0,8,13,16,0
4668,580,66,1,0.0,0.0,0.0,0.0,0.0,0.0,1,0.0,0.0,0.0,0.0,0.0,0.0,1,7,21,24,0
4669,867,61,0.0,1,0.0,0.0,0.0,0.0,1,0.0,0.0,1,0.0,0.0,0.0,0.0,0.0,17,29,16,0
4670,616,162,0.0,1,0.0,0.0,0.0,0.0,0.0,1,0.0,0.0,0.0,0.0,0.0,1,0.0,14,1,18,0
4671,289,107,1,0.0,0.0,0.0,0.0,0.0,0.0,1,0.0,0.0,0.0,0.0,0.0,0.0,1,16,11,28,0
4672,246,194,0.0,0.0,0.0,1,1,0.0,0.0,0.0,0.0,0.0,0.0,0.0,1,0.0,0.0,15,12,16,0
4673,36,121,0.0,0.0,1,0.0,0.0,0.0,0.0,0.0,1,0.0,0.0,0.0,1,0.0,0.0,9,10,16,0
4674,559,16,1,0.0,0.0,0.0,0.0,1,0.0,0.0,0.0,1,0.0,0.0,0.0,0.0,0.0,16,14,19,0
4675,831,4,0.0,0.0,1,0.0,1,0.0,0.0,0.0,0.0,0.0,0.0,0.0,0.0,1,0.0,6,3,17,0
4676,709,28,0.0,0.0,1,0.0,0.0,0.0,0.0,0.0,1,0.0,0.0,0.0,1,0.0,0.0,18,19,16,0
4677,950,86,0.0,0.0,0.0,1,0.0,0.0,0.0,0.0,1,0.0,0.0,0.0,1,0.0,0.0,21,25,1,0
4678,513,90,1,0.0,0.0,0.0,1,0.0,0.0,0.0,0.0,0.0,1,0.0,0.0,0.0,0.0,17,15,27,0
4679,969,140,0.0,0.0,0.0,1,0.0,0.0,0.0,0.0,1,0.0,0.0,0.0,0.0,1,0.0,20,28,1,0
4680,363,162,0.0,0.0,0.0,1,0.0,0.0,1,0.0,0.0,1,0.0,0.0,0.0,0.0,0.0,14,17,2,0
4681,228,1,0.0,0.0,0.0,1,0.0,0.0,0.0,0.0,1,0.0,0.0,0.0,0.0,0.0,1,17,2,17,0
4682,910,145,0.0,0.0,1,0.0,0.0,0.0,1,0.0,0.0,0.0,0.0,0.0,1,0.0,0.0,10,23,23,0
4683,21,113,1,0.0,0.0,0.0,0.0,0.0,0.0,0.0,1,1,0.0,0.0,0.0,0.0,0.0,18,26,1,0
4684,507,1,0.0,0.0,1,0.0,0.0,0.0,1,0.0,0.0,1,0.0,0.0,0.0,0.0,0.0,23,13,12,0
4685,112,73,0.0,1,0.0,0.0,0.0,0.0,0.0,1,0.0,0.0,0.0,0.0,0.0,0.0,1,14,1,26,0
4686,14,145,0.0,1,0.0,0.0,0.0,0.0,1,0.0,0.0,0.0,1,0.0,0.0,0.0,0.0,13,21,3,0
4687,252,99,0.0,1,0.0,0.0,0.0,0.0,0.0,0.0,1,0.0,1,0.0,0.0,0.0,0.0,21,15,28,0
4688,716,87,0.0,0.0,1,0.0,0.0,0.0,1,0.0,0.0,0.0,0.0,0.0,0.0,0.0,1,19,26,21,0
4689,981,156,0.0,0.0,1,0.0,0.0,0.0,1,0.0,0.0,0.0,1,0.0,0.0,0.0,0.0,21,7,12,0
4690,868,78,1,0.0,0.0,0.0,0.0,0.0,0.0,1,0.0,1,0.0,0.0,0.0,0.0,0.0,20,21,6,0
4691,410,83,1,0.0,0.0,0.0,0.0,0.0,1,0.0,0.0,0.0,0.0,0.0,0.0,1,0.0,13,19,19,0
4692,757,157,1,0.0,0.0,0.0,1,0.0,0.0,0.0,0.0,0.0,1,0.0,0.0,0.0,0.0,18,5,22,0
4693,938,44,1,0.0,0.0,0.0,0.0,1,0.0,0.0,0.0,0.0,0.0,0.0,0.0,1,0.0,10,29,14,0
4694,721,518,0.0,0.0,1,0.0,0.0,0.0,0.0,1,0.0,0.0,0.0,0.0,0.0,1,0.0,3,76,92,1
4695,97,76,0.0,0.0,1,0.0,0.0,0.0,0.0,1,0.0,0.0,0.0,0.0,0.0,0.0,1,22,2,1,0
4696,658,197,0.0,0.0,0.0,1,1,0.0,0.0,0.0,0.0,0.0,0.0,0.0,1,0.0,0.0,12,25,28,0
4697,107,64,0.0,0.0,0.0,1,1,0.0,0.0,0.0,0.0,1,0.0,0.0,0.0,0.0,0.0,20,13,1,0
4698,126,1,0.0,0.0,1,0.0,0.0,0.0,0.0,1,0.0,0.0,0.0,0.0,0.0,1,0.0,17,19,29,0
4699,473,100,0.0,0.0,0.0,1,0.0,0.0,0.0,0.0,1,0.0,0.0,0.0,0.0,1,0.0,17,12,23,0
4700,879,64,1,0.0,0.0,0.0,0.0,0.0,0.0,0.0,1,0.0,0.0,0.0,0.0,0.0,1,15,5,1,0
4701,364,149,0.0,1,0.0,0.0,0.0,0.0,0.0,0.0,1,1,0.0,0.0,0.0,0.0,0.0,14,25,12,0
4702,793,27,1,0.0,0.0,0.0,0.0,0.0,0.0,1,0.0,0.0,0.0,0.0,0.0,0.0,1,15,14,14,0
4703,863,124,0.0,1,0.0,0.0,0.0,1,0.0,0.0,0.0,1,0.0,0.0,0.0,0.0,0.0,11,25,26,0
4704,78,2039,0.0,0.0,0.0,1,1,0.0,0.0,0.0,0.0,0.0,0.0,1,0.0,0.0,0.0,11,70,78,1
4705,932,78,0.0,0.0,1,0.0,1,0.0,0.0,0.0,0.0,0.0,0.0,0.0,0.0,0.0,1,14,4,19,0
4706,205,111,1,0.0,0.0,0.0,0.0,1,0.0,0.0,0.0,0.0,0.0,0.0,0.0,1,0.0,21,9,4,0
4707,760,126,1,0.0,0.0,0.0,0.0,1,0.0,0.0,0.0,0.0,0.0,0.0,0.0,1,0.0,20,25,17,0
4708,383,36,0.0,1,0.0,0.0,1,0.0,0.0,0.0,0.0,0.0,0.0,0.0,0.0,0.0,1,9,19,13,0
4709,103,49,0.0,1,0.0,0.0,1,0.0,0.0,0.0,0.0,0.0,0.0,0.0,0.0,0.0,1,20,5,28,0
4710,459,134,0.0,0.0,1,0.0,0.0,0.0,0.0,0.0,1,1,0.0,0.0,0.0,0.0,0.0,9,23,14,0
4711,719,155,0.0,0.0,1,0.0,0.0,0.0,0.0,0.0,1,0.0,0.0,0.0,0.0,0.0,1,14,25,2,0
4712,785,146,0.0,0.0,1,0.0,0.0,0.0,0.0,0.0,1,0.0,0.0,0.0,0.0,0.0,1,11,11,22,0
4713,953,44,0.0,0.0,1,0.0,0.0,1,0.0,0.0,0.0,1,0.0,0.0,0.0,0.0,0.0,16,17,7,0
4714,926,141,1,0.0,0.0,0.0,0.0,1,0.0,0.0,0.0,0.0,0.0,0.0,0.0,0.0,1,14,18,12,0
4715,611,113,0.0,0.0,1,0.0,0.0,0.0,0.0,0.0,1,0.0,1,0.0,0.0,0.0,0.0,11,17,13,0
4716,629,149,0.0,1,0.0,0.0,0.0,0.0,0.0,0.0,1,0.0,0.0,0.0,1,0.0,0.0,6,28,4,0
4717,258,150,0.0,1,0.0,0.0,0.0,0.0,0.0,1,0.0,0.0,0.0,0.0,1,0.0,0.0,15,8,23,0
4718,21,154,0.0,0.0,0.0,1,1,0.0,0.0,0.0,0.0,0.0,0.0,0.0,1,0.0,0.0,13,26,3,0
4719,642,120,0.0,0.0,0.0,1,0.0,0.0,0.0,1,0.0,0.0,1,0.0,0.0,0.0,0.0,23,28,15,0
4720,250,97,0.0,1,0.0,0.0,0.0,1,0.0,0.0,0.0,0.0,0.0,0.0,1,0.0,0.0,14,21,14,0
4721,12,97,0.0,1,0.0,0.0,0.0,0.0,0.0,0.0,1,0.0,0.0,0.0,0.0,0.0,1,16,3,16,0
4722,629,161,0.0,0.0,0.0,1,1,0.0,0.0,0.0,0.0,1,0.0,0.0,0.0,0.0,0.0,13,1,0,0
4723,622,204,0.0,0.0,0.0,1,0.0,0.0,0.0,0.0,1,0.0,0.0,0.0,0.0,1,0.0,16,6,7,0
4724,933,5,0.0,1,0.0,0.0,0.0,1,0.0,0.0,0.0,1,0.0,0.0,0.0,0.0,0.0,7,27,20,0
4725,849,119,1,0.0,0.0,0.0,0.0,0.0,1,0.0,0.0,0.0,0.0,0.0,0.0,0.0,1,20,19,19,0
4726,316,80,0.0,1,0.0,0.0,0.0,0.0,1,0.0,0.0,0.0,1,0.0,0.0,0.0,0.0,17,29,10,0
4727,639,37,0.0,0.0,1,0.0,0.0,1,0.0,0.0,0.0,0.0,0.0,0.0,1,0.0,0.0,10,22,14,0
4728,412,143,1,0.0,0.0,0.0,0.0,0.0,0.0,1,0.0,0.0,0.0,0.0,1,0.0,0.0,9,4,8,0
4729,622,123,0.0,0.0,0.0,1,0.0,0.0,0.0,0.0,1,0.0,1,0.0,0.0,0.0,0.0,11,25,12,0
4730,165,84,0.0,1,0.0,0.0,0.0,0.0,0.0,0.0,1,0.0,0.0,0.0,1,0.0,0.0,6,26,0,0
4731,530,2313,0.0,0.0,0.0,1,0.0,0.0,1,0.0,0.0,0.0,1,0.0,0.0,0.0,0.0,15,90,91,1
4732,102,138,0.0,0.0,1,0.0,0.0,1,0.0,0.0,0.0,0.0,1,0.0,0.0,0.0,0.0,19,17,12,0
4733,49,168,0.0,1,0.0,0.0,0.0,0.0,0.0,1,0.0,0.0,0.0,0.0,0.0,0.0,1,22,9,17,0
4734,805,55,0.0,1,0.0,0.0,0.0,1,0.0,0.0,0.0,0.0,0.0,0.0,0.0,0.0,1,16,5,10,0
4735,18,76,1,0.0,0.0,0.0,1,0.0,0.0,0.0,0.0,1,0.0,0.0,0.0,0.0,0.0,17,0,15,0
4736,335,114,1,0.0,0.0,0.0,1,0.0,0.0,0.0,0.0,1,0.0,0.0,0.0,0.0,0.0,14,11,27,0
4737,234,132,0.0,0.0,1,0.0,0.0,0.0,0.0,1,0.0,0.0,0.0,0.0,1,0.0,0.0,20,14,0,0
4738,821,111,0.0,0.0,1,0.0,0.0,0.0,0.0,0.0,1,0.0,1,0.0,0.0,0.0,0.0,8,3,10,0
4739,652,61,0.0,0.0,0.0,1,0.0,0.0,0.0,0.0,1,0.0,1,0.0,0.0,0.0,0.0,8,16,19,0
4740,434,92,0.0,0.0,0.0,1,0.0,0.0,0.0,1,0.0,0.0,1,0.0,0.0,0.0,0.0,23,23,21,0
4741,827,103,0.0,0.0,0.0,1,1,0.0,0.0,0.0,0.0,1,0.0,0.0,0.0,0.0,0.0,14,27,0,0
4742,651,89,1,0.0,0.0,0.0,0.0,0.0,0.0,0.0,1,0.0,0.0,0.0,0.0,0.0,1,23,13,20,0
4743,686,70,0.0,0.0,0.0,1,0.0,0.0,1,0.0,0.0,1,0.0,0.0,0.0,0.0,0.0,17,15,23,0
4744,154,82,1,0.0,0.0,0.0,0.0,1,0.0,0.0,0.0,0.0,0.0,0.0,0.0,0.0,1,6,5,26,0
4745,21,43,0.0,0.0,1,0.0,0.0,0.0,0.0,1,0.0,0.0,0.0,0.0,1,0.0,0.0,21,15,9,0
4746,972,140,0.0,0.0,1,0.0,1,0.0,0.0,0.0,0.0,0.0,0.0,0.0,0.0,0.0,1,22,22,4,0
4747,587,43,0.0,0.0,1,0.0,1,0.0,0.0,0.0,0.0,1,0.0,0.0,0.0,0.0,0.0,20,17,17,0
4748,557,193,1,0.0,0.0,0.0,0.0,1,0.0,0.0,0.0,0.0,0.0,0.0,0.0,0.0,1,14,15,10,0
4749,971,10,0.0,1,0.0,0.0,0.0,0.0,0.0,1,0.0,0.0,0.0,1,0.0,0.0,0.0,4,86,84,1
4750,640,106,1,0.0,0.0,0.0,0.0,1,0.0,0.0,0.0,0.0,1,0.0,0.0,0.0,0.0,18,15,16,0
4751,793,223,0.0,0.0,0.0,1,0.0,0.0,1,0.0,0.0,0.0,1,0.0,0.0,0.0,0.0,13,27,21,0
4752,860,119,1,0.0,0.0,0.0,0.0,0.0,1,0.0,0.0,0.0,0.0,0.0,1,0.0,0.0,15,26,11,0
4753,673,143,0.0,1,0.0,0.0,0.0,1,0.0,0.0,0.0,0.0,0.0,0.0,0.0,1,0.0,19,16,5,0
4754,54,54,0.0,0.0,0.0,1,0.0,0.0,1,0.0,0.0,0.0,0.0,0.0,0.0,1,0.0,21,12,4,0
4755,191,148,1,0.0,0.0,0.0,1,0.0,0.0,0.0,0.0,0.0,0.0,0.0,0.0,1,0.0,18,28,21,0
4756,959,32,0.0,0.0,1,0.0,0.0,1,0.0,0.0,0.0,0.0,1,0.0,0.0,0.0,0.0,18,3,15,0
4757,286,85,1,0.0,0.0,0.0,0.0,0.0,1,0.0,0.0,0.0,0.0,0.0,1,0.0,0.0,8,26,10,0
4758,21,153,0.0,1,0.0,0.0,0.0,0.0,1,0.0,0.0,0.0,0.0,0.0,0.0,1,0.0,7,6,13,0
4759,28,155,1,0.0,0.0,0.0,0.0,0.0,1,0.0,0.0,0.0,0.0,0.0,0.0,1,0.0,17,27,4,0
4760,650,63,1,0.0,0.0,0.0,1,0.0,0.0,0.0,0.0,0.0,0.0,0.0,0.0,1,0.0,7,9,5,0
4761,824,42,0.0,1,0.0,0.0,1,0.0,0.0,0.0,0.0,0.0,1,0.0,0.0,0.0,0.0,14,3,18,0
4762,659,137,0.0,0.0,1,0.0,0.0,1,0.0,0.0,0.0,0.0,0.0,0.0,0.0,1,0.0,8,21,6,0
4763,537,1,0.0,0.0,1,0.0,0.0,0.0,0.0,0.0,1,0.0,1,0.0,0.0,0.0,0.0,11,15,3,0
4764,731,2323,1,0.0,0.0,0.0,0.0,0.0,0.0,1,0.0,0.0,0.0,1,0.0,0.0,0.0,22,75,74,1
4765,632,10,0.0,0.0,1,0.0,0.0,0.0,1,0.0,0.0,0.0,1,0.0,0.0,0.0,0.0,3,93,83,1
4766,281,124,0.0,1,0.0,0.0,0.0,0.0,0.0,0.0,1,1,0.0,0.0,0.0,0.0,0.0,14,13,13,0
4767,225,22,0.0,1,0.0,0.0,0.0,0.0,1,0.0,0.0,0.0,0.0,1,0.0,0.0,0.0,18,79,73,1
4768,633,71,0.0,0.0,0.0,1,1,0.0,0.0,0.0,0.0,0.0,0.0,0.0,0.0,0.0,1,20,9,15,0
4769,404,118,0.0,0.0,0.0,1,0.0,0.0,1,0.0,0.0,1,0.0,0.0,0.0,0.0,0.0,9,14,12,0
4770,920,136,0.0,0.0,1,0.0,1,0.0,0.0,0.0,0.0,0.0,0.0,0.0,0.0,0.0,1,14,14,23,0
4771,165,120,0.0,0.0,1,0.0,0.0,0.0,1,0.0,0.0,0.0,0.0,0.0,1,0.0,0.0,10,22,11,0
4772,873,1,1,0.0,0.0,0.0,0.0,0.0,0.0,1,0.0,0.0,0.0,0.0,1,0.0,0.0,19,29,5,0
4773,832,83,0.0,0.0,0.0,1,0.0,0.0,1,0.0,0.0,1,0.0,0.0,0.0,0.0,0.0,17,6,6,0
4774,538,1,0.0,0.0,0.0,1,0.0,1,0.0,0.0,0.0,0.0,0.0,0.0,0.0,0.0,1,22,17,11,0
4775,224,76,0.0,0.0,0.0,1,0.0,0.0,1,0.0,0.0,0.0,0.0,0.0,1,0.0,0.0,7,3,8,0
4776,563,78,0.0,0.0,1,0.0,1,0.0,0.0,0.0,0.0,0.0,0.0,0.0,0.0,1,0.0,8,26,5,0
4777,739,5230,0.0,0.0,1,0.0,0.0,0.0,0.0,1,0.0,0.0,0.0,0.0,0.0,0.0,1,21,78,92,1
4778,110,80,0.0,0.0,1,0.0,0.0,0.0,0.0,1,0.0,0.0,0.0,0.0,1,0.0,0.0,7,1,0,0
4779,226,66,0.0,1,0.0,0.0,0.0,0.0,0.0,0.0,1,0.0,0.0,0.0,0.0,0.0,1,8,6,0,0
4780,911,68,0.0,0.0,0.0,1,0.0,0.0,1,0.0,0.0,0.0,1,0.0,0.0,0.0,0.0,13,28,0,0
4781,354,127,1,0.0,0.0,0.0,0.0,1,0.0,0.0,0.0,0.0,0.0,0.0,0.0,1,0.0,11,29,18,0
4782,737,88,1,0.0,0.0,0.0,1,0.0,0.0,0.0,0.0,1,0.0,0.0,0.0,0.0,0.0,13,26,29,0
4783,635,43,0.0,0.0,0.0,1,1,0.0,0.0,0.0,0.0,0.0,0.0,0.0,1,0.0,0.0,18,29,5,0
4784,391,125,0.0,0.0,1,0.0,0.0,0.0,0.0,0.0,1,0.0,1,0.0,0.0,0.0,0.0,11,0,4,0
4785,217,87,1,0.0,0.0,0.0,0.0,0.0,0.0,1,0.0,0.0,1,0.0,0.0,0.0,0.0,10,26,18,0
4786,674,86,0.0,0.0,1,0.0,0.0,0.0,0.0,1,0.0,0.0,0.0,0.0,0.0,1,0.0,9,10,27,0
4787,22,135,0.0,0.0,0.0,1,0.0,0.0,0.0,0.0,1,0.0,1,0.0,0.0,0.0,0.0,22,24,26,0
4788,784,183,0.0,1,0.0,0.0,1,0.0,0.0,0.0,0.0,0.0,0.0,0.0,0.0,0.0,1,23,19,16,0
4789,92,106,1,0.0,0.0,0.0,0.0,0.0,0.0,1,0.0,0.0,1,0.0,0.0,0.0,0.0,21,28,20,0
4790,495,105,0.0,0.0,1,0.0,0.0,1,0.0,0.0,0.0,0.0,0.0,0.0,1,0.0,0.0,19,3,19,0
4791,7,8,0.0,1,0.0,0.0,0.0,0.0,0.0,0.0,1,0.0,1,0.0,0.0,0.0,0.0,9,26,3,0
4792,493,121,1,0.0,0.0,0.0,0.0,1,0.0,0.0,0.0,0.0,0.0,0.0,1,0.0,0.0,6,16,3,0
4793,989,11,0.0,1,0.0,0.0,0.0,0.0,0.0,0.0,1,0.0,0.0,0.0,0.0,1,0.0,21,28,2,0
4794,684,83,0.0,1,0.0,0.0,0.0,0.0,1,0.0,0.0,0.0,0.0,0.0,1,0.0,0.0,21,15,1,0
4795,296,118,1,0.0,0.0,0.0,0.0,0.0,1,0.0,0.0,0.0,0.0,0.0,0.0,1,0.0,8,7,0,0
4796,922,190,0.0,1,0.0,0.0,0.0,0.0,0.0,1,0.0,1,0.0,0.0,0.0,0.0,0.0,8,18,0,0
4797,274,154,1,0.0,0.0,0.0,1,0.0,0.0,0.0,0.0,0.0,0.0,0.0,0.0,0.0,1,21,16,21,0
4798,532,69,0.0,0.0,1,0.0,0.0,0.0,0.0,0.0,1,0.0,0.0,0.0,0.0,1,0.0,17,19,16,0
4799,824,107,0.0,0.0,1,0.0,0.0,0.0,1,0.0,0.0,0.0,0.0,0.0,0.0,1,0.0,15,28,6,0
4800,993,562,0.0,0.0,0.0,1,0.0,1,0.0,0.0,0.0,0.0,0.0,0.0,0.0,0.0,1,4,79,86,1
4801,646,130,1,0.0,0.0,0.0,0.0,0.0,0.0,1,0.0,0.0,0.0,0.0,0.0,0.0,1,6,19,22,0
4802,118,112,1,0.0,0.0,0.0,0.0,0.0,0.0,0.0,1,0.0,1,0.0,0.0,0.0,0.0,15,27,8,0
4803,632,170,0.0,0.0,1,0.0,0.0,0.0,0.0,0.0,1,0.0,1,0.0,0.0,0.0,0.0,12,23,8,0
4804,847,129,0.0,0.0,1,0.0,1,0.0,0.0,0.0,0.0,0.0,1,0.0,0.0,0.0,0.0,8,14,22,0
4805,568,152,0.0,0.0,0.0,1,1,0.0,0.0,0.0,0.0,0.0,0.0,0.0,0.0,0.0,1,14,21,14,0
4806,90,39,0.0,1,0.0,0.0,0.0,0.0,0.0,1,0.0,0.0,0.0,0.0,0.0,0.0,1,6,11,19,0
4807,525,115,0.0,1,0.0,0.0,0.0,0.0,0.0,1,0.0,0.0,0.0,0.0,0.0,0.0,1,18,22,23,0
4808,713,142,1,0.0,0.0,0.0,0.0,0.0,0.0,1,0.0,0.0,1,0.0,0.0,0.0,0.0,12,15,28,0
4809,108,111,1,0.0,0.0,0.0,1,0.0,0.0,0.0,0.0,0.0,0.0,0.0,0.0,0.0,1,13,18,25,0
4810,515,34,0.0,1,0.0,0.0,1,0.0,0.0,0.0,0.0,0.0,0.0,0.0,0.0,1,0.0,18,14,24,0
4811,853,100,0.0,1,0.0,0.0,0.0,0.0,1,0.0,0.0,0.0,0.0,0.0,0.0,1,0.0,20,3,26,0
4812,205,138,0.0,0.0,1,0.0,0.0,1,0.0,0.0,0.0,1,0.0,0.0,0.0,0.0,0.0,11,26,23,0
4813,245,65,0.0,1,0.0,0.0,0.0,1,0.0,0.0,0.0,0.0,1,0.0,0.0,0.0,0.0,16,2,17,0
4814,327,137,0.0,1,0.0,0.0,0.0,1,0.0,0.0,0.0,0.0,1,0.0,0.0,0.0,0.0,17,2,11,0
4815,908,26,1,0.0,0.0,0.0,0.0,0.0,0.0,1,0.0,0.0,0.0,0.0,0.0,1,0.0,21,21,28,0
4816,276,130,0.0,0.0,0.0,1,0.0,0.0,1,0.0,0.0,0.0,1,0.0,0.0,0.0,0.0,19,10,26,0
4817,366,66,0.0,1,0.0,0.0,0.0,0.0,1,0.0,0.0,0.0,0.0,0.0,0.0,0.0,1,22,12,23,0
4818,444,2101,0.0,0.0,1,0.0,0.0,0.0,0.0,0.0,1,0.0,0.0,0.0,1,0.0,0.0,4,88,99,1
4819,463,139,1,0.0,0.0,0.0,0.0,0.0,0.0,0.0,1,1,0.0,0.0,0.0,0.0,0.0,11,17,20,0
4820,178,1,0.0,0.0,0.0,1,0.0,1,0.0,0.0,0.0,0.0,1,0.0,0.0,0.0,0.0,15,2,27,0
4821,245,77,1,0.0,0.0,0.0,0.0,0.0,0.0,0.0,1,0.0,1,0.0,0.0,0.0,0.0,21,24,19,0
4822,449,89,1,0.0,0.0,0.0,1,0.0,0.0,0.0,0.0,1,0.0,0.0,0.0,0.0,0.0,22,8,15,0
4823,114,17,0.0,0.0,0.0,1,1,0.0,0.0,0.0,0.0,0.0,0.0,0.0,1,0.0,0.0,8,28,12,0
4824,459,129,0.0,1,0.0,0.0,0.0,0.0,0.0,0.0,1,0.0,1,0.0,0.0,0.0,0.0,6,4,17,0
4825,874,180,0.0,0.0,0.0,1,1,0.0,0.0,0.0,0.0,0.0,1,0.0,0.0,0.0,0.0,9,6,25,0
4826,414,67,0.0,1,0.0,0.0,0.0,0.0,1,0.0,0.0,1,0.0,0.0,0.0,0.0,0.0,16,19,4,0
4827,181,117,0.0,0.0,1,0.0,1,0.0,0.0,0.0,0.0,1,0.0,0.0,0.0,0.0,0.0,21,20,11,0
4828,289,87,0.0,0.0,1,0.0,0.0,0.0,0.0,1,0.0,1,0.0,0.0,0.0,0.0,0.0,16,27,17,0
4829,129,139,0.0,0.0,0.0,1,0.0,0.0,1,0.0,0.0,0.0,0.0,0.0,0.0,1,0.0,10,0,10,0
4830,802,83,0.0,0.0,0.0,1,0.0,0.0,1,0.0,0.0,0.0,0.0,0.0,1,0.0,0.0,23,29,10,0
4831,312,136,0.0,1,0.0,0.0,0.0,0.0,1,0.0,0.0,1,0.0,0.0,0.0,0.0,0.0,23,27,29,0
4832,686,119,0.0,0.0,0.0,1,0.0,0.0,0.0,0.0,1,0.0,0.0,0.0,0.0,1,0.0,15,2,5,0
4833,737,5,0.0,0.0,0.0,1,0.0,1,0.0,0.0,0.0,0.0,0.0,0.0,0.0,1,0.0,7,3,18,0
4834,353,122,1,0.0,0.0,0.0,0.0,0.0,0.0,1,0.0,0.0,0.0,0.0,0.0,1,0.0,22,21,3,0
4835,585,43,0.0,0.0,1,0.0,1,0.0,0.0,0.0,0.0,1,0.0,0.0,0.0,0.0,0.0,19,15,21,0
4836,273,81,1,0.0,0.0,0.0,0.0,1,0.0,0.0,0.0,1,0.0,0.0,0.0,0.0,0.0,10,28,13,0
4837,526,169,1,0.0,0.0,0.0,0.0,0.0,1,0.0,0.0,0.0,0.0,0.0,0.0,0.0,1,8,29,11,0
4838,803,146,0.0,0.0,0.0,1,0.0,0.0,0.0,0.0,1,0.0,1,0.0,0.0,0.0,0.0,18,19,13,0
4839,511,47,0.0,0.0,1,0.0,0.0,1,0.0,0.0,0.0,0.0,0.0,0.0,0.0,1,0.0,15,7,2,0
4840,299,83,0.0,1,0.0,0.0,1,0.0,0.0,0.0,0.0,0.0,0.0,0.0,0.0,1,0.0,14,15,13,0
4841,437,111,0.0,0.0,0.0,1,0.0,1,0.0,0.0,0.0,0.0,0.0,0.0,1,0.0,0.0,11,16,15,0
4842,146,62,0.0,0.0,1,0.0,0.0,0.0,1,0.0,0.0,1,0.0,0.0,0.0,0.0,0.0,23,13,3,0
4843,260,94,0.0,0.0,1,0.0,0.0,0.0,0.0,1,0.0,1,0.0,0.0,0.0,0.0,0.0,7,8,18,0
4844,438,31,1,0.0,0.0,0.0,0.0,0.0,0.0,0.0,1,0.0,0.0,0.0,0.0,0.0,1,8,26,18,0
4845,168,32,0.0,1,0.0,0.0,1,0.0,0.0,0.0,0.0,0.0,0.0,0.0,1,0.0,0.0,8,2,6,0
4846,455,14,1,0.0,0.0,0.0,0.0,0.0,1,0.0,0.0,0.0,1,0.0,0.0,0.0,0.0,12,0,24,0
4847,153,70,1,0.0,0.0,0.0,0.0,0.0,1,0.0,0.0,1,0.0,0.0,0.0,0.0,0.0,7,10,25,0
4848,64,132,0.0,0.0,0.0,1,0.0,0.0,0.0,0.0,1,0.0,0.0,0.0,0.0,0.0,1,9,2,7,0
4849,648,70,1,0.0,0.0,0.0,0.0,0.0,0.0,1,0.0,0.0,0.0,0.0,0.0,0.0,1,14,12,5,0
4850,636,239,0.0,0.0,0.0,1,0.0,0.0,0.0,0.0,1,0.0,0.0,0.0,1,0.0,0.0,18,11,1,0
4851,18,255,0.0,1,0.0,0.0,0.0,0.0,0.0,0.0,1,0.0,0.0,0.0,1,0.0,0.0,22,14,27,0
4852,594,50,0.0,0.0,1,0.0,1,0.0,0.0,0.0,0.0,0.0,1,0.0,0.0,0.0,0.0,20,13,7,0
4853,724,120,1,0.0,0.0,0.0,0.0,1,0.0,0.0,0.0,0.0,1,0.0,0.0,0.0,0.0,16,9,13,0
4854,157,96,1,0.0,0.0,0.0,1,0.0,0.0,0.0,0.0,0.0,1,0.0,0.0,0.0,0.0,14,9,8,0
4855,767,1,0.0,1,0.0,0.0,0.0,0.0,1,0.0,0.0,0.0,1,0.0,0.0,0.0,0.0,13,11,27,0
4856,99,153,0.0,0.0,1,0.0,1,0.0,0.0,0.0,0.0,0.0,0.0,0.0,0.0,1,0.0,6,2,5,0
4857,406,197,0.0,0.0,0.0,1,0.0,0.0,0.0,1,0.0,0.0,1,0.0,0.0,0.0,0.0,6,25,6,0
4858,834,164,0.0,1,0.0,0.0,0.0,0.0,0.0,0.0,1,1,0.0,0.0,0.0,0.0,0.0,13,9,24,0
4859,949,89,1,0.0,0.0,0.0,0.0,0.0,1,0.0,0.0,1,0.0,0.0,0.0,0.0,0.0,19,11,19,0
4860,460,89,0.0,1,0.0,0.0,0.0,1,0.0,0.0,0.0,0.0,0.0,0.0,0.0,0.0,1,19,22,19,0
4861,727,58,0.0,0.0,1,0.0,0.0,0.0,0.0,1,0.0,0.0,0.0,0.0,0.0,0.0,1,7,16,15,0
4862,260,843,1,0.0,0.0,0.0,0.0,0.0,1,0.0,0.0,0.0,0.0,0.0,0.0,0.0,1,4,90,86,1
4863,683,131,0.0,1,0.0,0.0,0.0,0.0,0.0,1,0.0,1,0.0,0.0,0.0,0.0,0.0,8,2,3,0
4864,820,147,0.0,0.0,1,0.0,0.0,0.0,1,0.0,0.0,0.0,0.0,0.0,0.0,1,0.0,17,4,13,0
4865,943,120,0.0,0.0,1,0.0,0.0,0.0,1,0.0,0.0,0.0,0.0,0.0,1,0.0,0.0,22,24,12,0
4866,111,110,0.0,0.0,1,0.0,0.0,1,0.0,0.0,0.0,1,0.0,0.0,0.0,0.0,0.0,13,16,19,0
4867,546,64,0.0,0.0,0.0,1,0.0,1,0.0,0.0,0.0,0.0,1,0.0,0.0,0.0,0.0,15,22,19,0
4868,557,178,1,0.0,0.0,0.0,0.0,0.0,0.0,0.0,1,0.0,0.0,0.0,1,0.0,0.0,18,28,3,0
4869,0,14,0.0,0.0,0.0,1,0.0,0.0,0.0,1,0.0,0.0,1,0.0,0.0,0.0,0.0,16,10,24,0
4870,610,127,0.0,1,0.0,0.0,0.0,0.0,0.0,1,0.0,0.0,0.0,0.0,0.0,0.0,1,17,15,5,0
4871,683,117,0.0,0.0,0.0,1,1,0.0,0.0,0.0,0.0,0.0,0.0,0.0,1,0.0,0.0,18,7,1,0
4872,898,101,0.0,0.0,1,0.0,0.0,0.0,0.0,1,0.0,0.0,0.0,0.0,0.0,0.0,1,6,19,0,0
4873,956,171,0.0,0.0,1,0.0,0.0,0.0,0.0,1,0.0,0.0,0.0,0.0,0.0,0.0,1,11,1,29,0
4874,426,47,0.0,0.0,1,0.0,0.0,1,0.0,0.0,0.0,0.0,0.0,0.0,0.0,1,0.0,12,10,20,0
4875,900,163,1,0.0,0.0,0.0,0.0,1,0.0,0.0,0.0,0.0,1,0.0,0.0,0.0,0.0,21,90,94,1
4876,836,4,0.0,0.0,1,0.0,0.0,0.0,0.0,1,0.0,0.0,0.0,0.0,0.0,1,0.0,23,28,24,0
4877,58,126,0.0,0.0,1,0.0,0.0,0.0,0.0,1,0.0,0.0,0.0,0.0,1,0.0,0.0,12,13,22,0
4878,95,52,0.0,0.0,0.0,1,0.0,0.0,0.0,1,0.0,0.0,0.0,0.0,0.0,1,0.0,18,0,16,0
4879,813,163,0.0,0.0,0.0,1,0.0,0.0,0.0,0.0,1,1,0.0,0.0,0.0,0.0,0.0,19,17,26,0
4880,16,147,0.0,1,0.0,0.0,0.0,0.0,0.0,1,0.0,1,0.0,0.0,0.0,0.0,0.0,9,8,6,0
4881,147,73,0.0,0.0,0.0,1,0.0,0.0,0.0,0.0,1,0.0,1,0.0,0.0,0.0,0.0,14,13,24,0
4882,269,10,0.0,0.0,0.0,1,0.0,0.0,0.0,1,0.0,0.0,0.0,0.0,0.0,1,0.0,3,74,90,1
4883,710,153,0.0,0.0,1,0.0,0.0,1,0.0,0.0,0.0,1,0.0,0.0,0.0,0.0,0.0,22,28,14,0
4884,187,108,0.0,1,0.0,0.0,0.0,0.0,1,0.0,0.0,0.0,1,0.0,0.0,0.0,0.0,16,8,16,0
4885,779,73,1,0.0,0.0,0.0,1,0.0,0.0,0.0,0.0,1,0.0,0.0,0.0,0.0,0.0,14,18,20,0
4886,411,109,1,0.0,0.0,0.0,1,0.0,0.0,0.0,0.0,1,0.0,0.0,0.0,0.0,0.0,18,12,3,0
4887,37,132,0.0,1,0.0,0.0,1,0.0,0.0,0.0,0.0,1,0.0,0.0,0.0,0.0,0.0,10,28,19,0
4888,659,96,0.0,0.0,0.0,1,1,0.0,0.0,0.0,0.0,0.0,0.0,0.0,1,0.0,0.0,15,22,27,0
4889,876,95,1,0.0,0.0,0.0,1,0.0,0.0,0.0,0.0,0.0,0.0,0.0,0.0,0.0,1,11,5,4,0
4890,824,79,1,0.0,0.0,0.0,0.0,0.0,1,0.0,0.0,1,0.0,0.0,0.0,0.0,0.0,6,28,3,0
4891,438,22,0.0,1,0.0,0.0,0.0,0.0,0.0,1,0.0,0.0,0.0,1,0.0,0.0,0.0,6,95,73,1
4892,529,88,1,0.0,0.0,0.0,0.0,1,0.0,0.0,0.0,0.0,0.0,0.0,0.0,1,0.0,19,28,8,0
4893,264,131,0.0,0.0,0.0,1,0.0,0.0,0.0,0.0,1,0.0,1,0.0,0.0,0.0,0.0,21,20,27,0
4894,519,114,0.0,1,0.0,0.0,1,0.0,0.0,0.0,0.0,0.0,1,0.0,0.0,0.0,0.0,8,18,6,0
4895,846,10,0.0,0.0,1,0.0,0.0,0.0,1,0.0,0.0,0.0,0.0,1,0.0,0.0,0.0,12,95,77,1
4896,990,108,1,0.0,0.0,0.0,1,0.0,0.0,0.0,0.0,0.0,1,0.0,0.0,0.0,0.0,7,26,23,0
4897,800,125,0.0,0.0,0.0,1,0.0,0.0,0.0,1,0.0,0.0,1,0.0,0.0,0.0,0.0,10,12,23,0
4898,21,90,1,0.0,0.0,0.0,0.0,0.0,0.0,1,0.0,0.0,0.0,0.0,0.0,0.0,1,12,22,10,0
4899,218,123,0.0,1,0.0,0.0,0.0,0.0,0.0,1,0.0,0.0,0.0,0.0,0.0,0.0,1,20,22,21,0
4900,767,143,0.0,0.0,0.0,1,0.0,0.0,0.0,0.0,1,0.0,0.0,0.0,1,0.0,0.0,22,6,9,0
4901,250,92,0.0,0.0,0.0,1,0.0,0.0,0.0,1,0.0,0.0,1,0.0,0.0,0.0,0.0,22,20,19,0
4902,293,63,0.0,0.0,1,0.0,0.0,0.0,1,0.0,0.0,0.0,0.0,0.0,1,0.0,0.0,23,28,27,0
4903,9,133,1,0.0,0.0,0.0,0.0,0.0,0.0,1,0.0,0.0,0.0,0.0,1,0.0,0.0,21,21,4,0
4904,488,139,0.0,0.0,0.0,1,0.0,0.0,0.0,0.0,1,0.0,0.0,0.0,0.0,1,0.0,8,19,10,0
4905,48,81,0.0,0.0,0.0,1,1,0.0,0.0,0.0,0.0,0.0,0.0,0.0,1,0.0,0.0,19,10,6,0
4906,124,88,0.0,0.0,1,0.0,0.0,0.0,0.0,1,0.0,1,0.0,0.0,0.0,0.0,0.0,20,22,7,0
4907,290,124,0.0,1,0.0,0.0,0.0,0.0,0.0,1,0.0,0.0,1,0.0,0.0,0.0,0.0,16,14,6,0
4908,423,129,0.0,0.0,0.0,1,0.0,1,0.0,0.0,0.0,0.0,0.0,0.0,1,0.0,0.0,17,27,8,0
4909,739,120,0.0,0.0,0.0,1,1,0.0,0.0,0.0,0.0,0.0,0.0,0.0,0.0,0.0,1,20,15,1,0
4910,699,79,1,0.0,0.0,0.0,0.0,0.0,0.0,0.0,1,1,0.0,0.0,0.0,0.0,0.0,17,13,12,0
4911,526,116,1,0.0,0.0,0.0,0.0,0.0,0.0,1,0.0,1,0.0,0.0,0.0,0.0,0.0,9,13,11,0
4912,55,3464,1,0.0,0.0,0.0,1,0.0,0.0,0.0,0.0,0.0,0.0,1,0.0,0.0,0.0,4,79,85,1
4913,548,80,0.0,0.0,1,0.0,0.0,0.0,0.0,1,0.0,0.0,0.0,0.0,0.0,1,0.0,19,13,0,0
4914,613,71,0.0,0.0,0.0,1,0.0,0.0,1,0.0,0.0,1,0.0,0.0,0.0,0.0,0.0,19,23,25,0
4915,77,149,1,0.0,0.0,0.0,0.0,1,0.0,0.0,0.0,0.0,0.0,0.0,0.0,0.0,1,17,8,29,0
4916,559,94,0.0,0.0,1,0.0,0.0,0.0,1,0.0,0.0,0.0,0.0,0.0,0.0,1,0.0,20,9,21,0
4917,407,210,0.0,1,0.0,0.0,0.0,0.0,0.0,1,0.0,0.0,0.0,0.0,0.0,0.0,1,16,9,17,0
4918,180,26,0.0,0.0,1,0.0,1,0.0,0.0,0.0,0.0,0.0,1,0.0,0.0,0.0,0.0,20,22,20,0
4919,881,73,0.0,1,0.0,0.0,0.0,0.0,1,0.0,0.0,0.0,0.0,0.0,0.0,0.0,1,14,3,5,0
4920,921,14,0.0,0.0,0.0,1,0.0,0.0,0.0,1,0.0,0.0,0.0,0.0,1,0.0,0.0,10,25,19,0
4921,172,147,0.0,1,0.0,0.0,1,0.0,0.0,0.0,0.0,0.0,0.0,0.0,0.0,0.0,1,9,10,17,0
4922,117,120,0.0,0.0,0.0,1,1,0.0,0.0,0.0,0.0,0.0,0.0,0.0,0.0,0.0,1,20,6,24,0
4923,657,69,1,0.0,0.0,0.0,0.0,0.0,0.0,1,0.0,1,0.0,0.0,0.0,0.0,0.0,6,3,19,0
4924,385,43,0.0,1,0.0,0.0,0.0,0.0,0.0,1,0.0,1,0.0,0.0,0.0,0.0,0.0,16,2,22,0
4925,440,117,1,0.0,0.0,0.0,1,0.0,0.0,0.0,0.0,0.0,0.0,0.0,0.0,0.0,1,17,8,15,0
4926,902,155,0.0,0.0,0.0,1,0.0,1,0.0,0.0,0.0,0.0,0.0,0.0,0.0,0.0,1,15,3,14,0
4927,288,100,0.0,0.0,1,0.0,0.0,1,0.0,0.0,0.0,0.0,0.0,0.0,0.0,1,0.0,10,20,26,0
4928,843,78,1,0.0,0.0,0.0,1,0.0,0.0,0.0,0.0,0.0,1,0.0,0.0,0.0,0.0,18,21,2,0
4929,413,131,0.0,0.0,0.0,1,0.0,1,0.0,0.0,0.0,0.0,1,0.0,0.0,0.0,0.0,11,16,26,0
4930,868,127,1,0.0,0.0,0.0,0.0,1,0.0,0.0,0.0,0.0,0.0,0.0,0.0,0.0,1,21,11,0,0
4931,494,94,0.0,1,0.0,0.0,1,0.0,0.0,0.0,0.0,0.0,1,0.0,0.0,0.0,0.0,14,0,23,0
4932,712,115,0.0,0.0,1,0.0,0.0,0.0,1,0.0,0.0,0.0,1,0.0,0.0,0.0,0.0,13,28,4,0
4933,681,119,1,0.0,0.0,0.0,1,0.0,0.0,0.0,0.0,0.0,0.0,0.0,1,0.0,0.0,6,13,16,0
4934,329,34,1,0.0,0.0,0.0,0.0,1,0.0,0.0,0.0,0.0,0.0,0.0,0.0,1,0.0,11,9,18,0
4935,271,91,0.0,1,0.0,0.0,0.0,0.0,0.0,0.0,1,0.0,0.0,0.0,0.0,0.0,1,13,27,1,0
4936,959,160,1,0.0,0.0,0.0,0.0,1,0.0,0.0,0.0,0.0,0.0,0.0,0.0,0.0,1,12,26,8,0
4937,250,141,1,0.0,0.0,0.0,0.0,0.0,1,0.0,0.0,0.0,0.0,0.0,0.0,0.0,1,21,29,28,0
4938,734,151,0.0,0.0,1,0.0,0.0,0.0,0.0,0.0,1,0.0,0.0,0.0,0.0,0.0,1,20,27,3,0
4939,167,124,0.0,0.0,1,0.0,0.0,1,0.0,0.0,0.0,1,0.0,0.0,0.0,0.0,0.0,11,23,17,0
4940,881,144,0.0,1,0.0,0.0,0.0,0.0,0.0,1,0.0,0.0,0.0,0.0,0.0,0.0,1,19,19,20,0
4941,904,102,0.0,1,0.0,0.0,0.0,0.0,0.0,1,0.0,1,0.0,0.0,0.0,0.0,0.0,11,2,17,0
4942,280,84,0.0,0.0,0.0,1,0.0,0.0,0.0,0.0,1,0.0,0.0,0.0,0.0,1,0.0,19,21,3,0
4943,358,116,0.0,0.0,1,0.0,0.0,0.0,1,0.0,0.0,0.0,1,0.0,0.0,0.0,0.0,21,1,28,0
4944,335,17,0.0,1,0.0,0.0,1,0.0,0.0,0.0,0.0,1,0.0,0.0,0.0,0.0,0.0,8,24,24,0
4945,203,135,0.0,0.0,1,0.0,1,0.0,0.0,0.0,0.0,0.0,1,0.0,0.0,0.0,0.0,11,9,11,0
4946,553,209,0.0,0.0,1,0.0,0.0,1,0.0,0.0,0.0,0.0,1,0.0,0.0,0.0,0.0,15,29,26,0
4947,736,70,1,0.0,0.0,0.0,0.0,1,0.0,0.0,0.0,0.0,0.0,0.0,0.0,1,0.0,17,0,12,0
4948,432,69,0.0,0.0,1,0.0,0.0,0.0,0.0,0.0,1,0.0,0.0,0.0,0.0,1,0.0,7,19,17,0
4949,442,1,0.0,0.0,0.0,1,0.0,0.0,0.0,1,0.0,0.0,0.0,0.0,1,0.0,0.0,22,24,10,0
4950,138,65,0.0,0.0,0.0,1,0.0,1,0.0,0.0,0.0,0.0,0.0,0.0,1,0.0,0.0,9,16,15,0
4951,730,177,0.0,0.0,1,0.0,1,0.0,0.0,0.0,0.0,1,0.0,0.0,0.0,0.0,0.0,14,11,1,0
4952,584,5,0.0,0.0,1,0.0,0.0,0.0,0.0,0.0,1,0.0,0.0,0.0,1,0.0,0.0,8,3,10,0
4953,497,58,0.0,0.0,1,0.0,1,0.0,0.0,0.0,0.0,0.0,0.0,0.0,1,0.0,0.0,23,6,21,0
4954,524,143,1,0.0,0.0,0.0,0.0,0.0,0.0,1,0.0,0.0,1,0.0,0.0,0.0,0.0,17,14,12,0
4955,940,149,0.0,0.0,1,0.0,0.0,1,0.0,0.0,0.0,0.0,0.0,0.0,1,0.0,0.0,22,2,21,0
4956,642,129,1,0.0,0.0,0.0,0.0,0.0,0.0,1,0.0,0.0,0.0,0.0,1,0.0,0.0,9,21,1,0
4957,36,72,0.0,0.0,1,0.0,0.0,0.0,0.0,1,0.0,0.0,0.0,0.0,0.0,1,0.0,7,22,6,0
4958,365,113,0.0,1,0.0,0.0,1,0.0,0.0,0.0,0.0,0.0,0.0,0.0,0.0,1,0.0,20,17,6,0
4959,412,81,0.0,0.0,0.0,1,0.0,0.0,0.0,0.0,1,0.0,0.0,0.0,1,0.0,0.0,20,25,10,0
4960,938,45,0.0,0.0,0.0,1,0.0,1,0.0,0.0,0.0,0.0,0.0,0.0,0.0,1,0.0,22,19,25,0
4961,24,111,0.0,0.0,0.0,1,1,0.0,0.0,0.0,0.0,0.0,0.0,0.0,1,0.0,0.0,20,26,3,0
4962,445,131,0.0,1,0.0,0.0,0.0,0.0,0.0,0.0,1,0.0,0.0,0.0,0.0,0.0,1,8,27,4,0
4963,918,51,0.0,0.0,1,0.0,0.0,0.0,1,0.0,0.0,1,0.0,0.0,0.0,0.0,0.0,9,18,21,0
4964,354,75,0.0,0.0,1,0.0,0.0,0.0,1,0.0,0.0,1,0.0,0.0,0.0,0.0,0.0,9,29,6,0
4965,556,120,0.0,0.0,0.0,1,1,0.0,0.0,0.0,0.0,0.0,0.0,0.0,0.0,0.0,1,20,16,15,0
4966,848,130,0.0,0.0,0.0,1,0.0,1,0.0,0.0,0.0,0.0,0.0,0.0,1,0.0,0.0,9,19,18,0
4967,876,159,0.0,1,0.0,0.0,0.0,1,0.0,0.0,0.0,0.0,0.0,0.0,1,0.0,0.0,21,12,3,0
4968,455,55,1,0.0,0.0,0.0,0.0,0.0,1,0.0,0.0,0.0,1,0.0,0.0,0.0,0.0,11,27,25,0
4969,341,90,0.0,0.0,0.0,1,0.0,0.0,1,0.0,0.0,0.0,0.0,0.0,0.0,1,0.0,15,11,24,0
4970,392,38,0.0,0.0,0.0,1,0.0,0.0,0.0,0.0,1,0.0,0.0,0.0,0.0,1,0.0,19,24,0,0
4971,101,95,0.0,1,0.0,0.0,0.0,0.0,0.0,0.0,1,0.0,0.0,0.0,0.0,1,0.0,9,16,25,0
4972,707,17,0.0,1,0.0,0.0,0.0,0.0,0.0,1,0.0,0.0,0.0,0.0,0.0,1,0.0,22,26,18,0
4973,524,104,0.0,0.0,0.0,1,0.0,0.0,0.0,1,0.0,0.0,0.0,0.0,0.0,0.0,1,14,17,18,0
4974,162,135,0.0,0.0,0.0,1,1,0.0,0.0,0.0,0.0,0.0,0.0,0.0,0.0,0.0,1,8,19,8,0
4975,300,2068,0.0,1,0.0,0.0,1,0.0,0.0,0.0,0.0,0.0,0.0,0.0,0.0,0.0,1,4,84,81,1
4976,188,157,1,0.0,0.0,0.0,0.0,0.0,0.0,0.0,1,0.0,0.0,0.0,0.0,0.0,1,11,9,24,0
4977,47,161,1,0.0,0.0,0.0,0.0,0.0,0.0,1,0.0,0.0,0.0,0.0,0.0,1,0.0,8,23,5,0
4978,788,1393,0.0,1,0.0,0.0,0.0,0.0,0.0,1,0.0,1,0.0,0.0,0.0,0.0,0.0,3,86,86,1
4979,472,12,0.0,0.0,0.0,1,0.0,0.0,0.0,0.0,1,0.0,0.0,0.0,1,0.0,0.0,20,23,16,0
4980,79,1,1,0.0,0.0,0.0,0.0,0.0,1,0.0,0.0,0.0,0.0,0.0,0.0,0.0,1,13,6,11,0
4981,220,75,0.0,0.0,0.0,1,0.0,1,0.0,0.0,0.0,0.0,0.0,0.0,1,0.0,0.0,10,17,9,0
4982,960,55,0.0,1,0.0,0.0,0.0,0.0,0.0,0.0,1,0.0,0.0,0.0,0.0,1,0.0,6,27,14,0
4983,289,35,0.0,0.0,1,0.0,0.0,0.0,0.0,0.0,1,0.0,1,0.0,0.0,0.0,0.0,19,22,27,0
4984,635,62,1,0.0,0.0,0.0,0.0,0.0,0.0,1,0.0,0.0,0.0,0.0,0.0,0.0,1,10,24,2,0
4985,782,96,1,0.0,0.0,0.0,0.0,0.0,0.0,0.0,1,0.0,0.0,0.0,0.0,0.0,1,6,29,25,0
4986,181,131,1,0.0,0.0,0.0,0.0,1,0.0,0.0,0.0,0.0,0.0,0.0,1,0.0,0.0,10,13,2,0
4987,45,147,0.0,0.0,0.0,1,0.0,1,0.0,0.0,0.0,1,0.0,0.0,0.0,0.0,0.0,21,12,16,0
4988,682,19,0.0,0.0,1,0.0,0.0,0.0,0.0,0.0,1,1,0.0,0.0,0.0,0.0,0.0,14,5,25,0
4989,581,59,0.0,0.0,1,0.0,0.0,0.0,0.0,0.0,1,0.0,0.0,0.0,0.0,0.0,1,6,7,27,0
4990,325,949,1,0.0,0.0,0.0,0.0,0.0,1,0.0,0.0,0.0,0.0,1,0.0,0.0,0.0,18,83,92,1
4991,813,56,0.0,0.0,1,0.0,0.0,0.0,0.0,0.0,1,0.0,0.0,0.0,0.0,1,0.0,23,20,22,0
4992,812,211,1,0.0,0.0,0.0,0.0,0.0,0.0,0.0,1,0.0,1,0.0,0.0,0.0,0.0,9,22,11,0
4993,777,113,0.0,0.0,0.0,1,1,0.0,0.0,0.0,0.0,1,0.0,0.0,0.0,0.0,0.0,15,4,27,0
4994,884,1,0.0,0.0,0.0,1,0.0,0.0,0.0,0.0,1,1,0.0,0.0,0.0,0.0,0.0,7,12,20,0
4995,548,71,0.0,0.0,1,0.0,0.0,1,0.0,0.0,0.0,0.0,0.0,0.0,1,0.0,0.0,15,15,8,0
4996,799,140,0.0,0.0,1,0.0,0.0,1,0.0,0.0,0.0,0.0,0.0,0.0,0.0,0.0,1,12,18,17,0
4997,447,25,0.0,1,0.0,0.0,0.0,0.0,0.0,1,0.0,0.0,0.0,0.0,0.0,1,0.0,11,6,20,0
4998,664,150,1,0.0,0.0,0.0,0.0,0.0,0.0,0.0,1,1,0.0,0.0,0.0,0.0,0.0,6,21,5,0
4999,612,88,0.0,1,0.0,0.0,1,0.0,0.0,0.0,0.0,0.0,0.0,0.0,1,0.0,0.0,12,26,10,0
5000,593,79,0.0,0.0,1,0.0,0.0,1,0.0,0.0,0.0,0.0,0.0,0.0,0.0,0.0,1,15,26,18,0
5001,496,89,0.0,1,0.0,0.0,0.0,0.0,1,0.0,0.0,1,0.0,0.0,0.0,0.0,0.0,23,16,9,0
5002,158,62,0.0,0.0,1,0.0,0.0,0.0,0.0,1,0.0,1,0.0,0.0,0.0,0.0,0.0,16,28,20,0
5003,616,40,1,0.0,0.0,0.0,0.0,1,0.0,0.0,0.0,0.0,1,0.0,0.0,0.0,0.0,13,2,29,0
5004,252,111,0.0,1,0.0,0.0,0.0,0.0,1,0.0,0.0,0.0,0.0,0.0,0.0,0.0,1,18,15,29,0
5005,209,132,0.0,0.0,0.0,1,0.0,0.0,0.0,1,0.0,0.0,0.0,0.0,0.0,1,0.0,12,12,21,0
5006,591,132,0.0,1,0.0,0.0,0.0,0.0,0.0,0.0,1,0.0,1,0.0,0.0,0.0,0.0,6,20,25,0
5007,20,22,0.0,0.0,1,0.0,0.0,0.0,0.0,0.0,1,0.0,0.0,0.0,0.0,0.0,1,11,15,11,0
5008,246,47,0.0,0.0,1,0.0,0.0,0.0,0.0,1,0.0,0.0,0.0,0.0,0.0,0.0,1,7,9,18,0
5009,871,82,0.0,0.0,1,0.0,0.0,1,0.0,0.0,0.0,0.0,0.0,0.0,1,0.0,0.0,14,18,29,0
5010,92,106,1,0.0,0.0,0.0,0.0,1,0.0,0.0,0.0,0.0,0.0,0.0,1,0.0,0.0,21,0,12,0
5011,970,149,1,0.0,0.0,0.0,0.0,1,0.0,0.0,0.0,0.0,1,0.0,0.0,0.0,0.0,6,25,23,0
5012,98,74,1,0.0,0.0,0.0,0.0,0.0,1,0.0,0.0,0.0,0.0,0.0,0.0,1,0.0,17,25,7,0
5013,276,108,1,0.0,0.0,0.0,1,0.0,0.0,0.0,0.0,0.0,0.0,0.0,0.0,0.0,1,12,14,12,0
5014,715,60,0.0,0.0,0.0,1,0.0,1,0.0,0.0,0.0,0.0,0.0,0.0,0.0,1,0.0,14,10,22,0
5015,507,43,0.0,0.0,0.0,1,0.0,1,0.0,0.0,0.0,0.0,1,0.0,0.0,0.0,0.0,15,4,10,0
5016,44,121,0.0,0.0,1,0.0,0.0,0.0,1,0.0,0.0,0.0,0.0,0.0,0.0,0.0,1,17,26,29,0
5017,782,111,0.0,0.0,0.0,1,0.0,0.0,0.0,1,0.0,0.0,1,0.0,0.0,0.0,0.0,13,24,26,0
5018,337,10,0.0,1,0.0,0.0,1,0.0,0.0,0.0,0.0,0.0,1,0.0,0.0,0.0,0.0,20,88,75,1
5019,195,98,0.0,0.0,0.0,1,0.0,0.0,0.0,0.0,1,0.0,1,0.0,0.0,0.0,0.0,12,21,28,0
5020,609,132,0.0,0.0,1,0.0,1,0.0,0.0,0.0,0.0,0.0,1,0.0,0.0,0.0,0.0,19,0,6,0
5021,256,159,0.0,1,0.0,0.0,0.0,0.0,0.0,0.0,1,0.0,0.0,0.0,0.0,1,0.0,16,4,12,0
5022,631,42,0.0,0.0,0.0,1,0.0,0.0,0.0,0.0,1,0.0,0.0,0.0,0.0,0.0,1,13,14,3,0
5023,598,50,0.0,0.0,1,0.0,0.0,1,0.0,0.0,0.0,1,0.0,0.0,0.0,0.0,0.0,17,29,10,0
5024,760,44,0.0,0.0,0.0,1,1,0.0,0.0,0.0,0.0,0.0,1,0.0,0.0,0.0,0.0,23,13,18,0
5025,800,126,0.0,1,0.0,0.0,0.0,0.0,1,0.0,0.0,0.0,0.0,0.0,1,0.0,0.0,20,9,27,0
5026,179,89,0.0,0.0,1,0.0,0.0,0.0,0.0,0.0,1,0.0,0.0,0.0,0.0,1,0.0,11,12,1,0
5027,496,42,0.0,0.0,0.0,1,0.0,0.0,0.0,1,0.0,0.0,1,0.0,0.0,0.0,0.0,18,0,28,0
5028,718,7653,0.0,1,0.0,0.0,0.0,0.0,0.0,1,0.0,0.0,0.0,0.0,1,0.0,0.0,21,93,72,1
5029,87,27,0.0,0.0,0.0,1,0.0,0.0,0.0,0.0,1,0.0,0.0,0.0,0.0,1,0.0,23,3,3,0
5030,809,76,1,0.0,0.0,0.0,0.0,1,0.0,0.0,0.0,1,0.0,0.0,0.0,0.0,0.0,6,18,27,0
5031,678,65,0.0,0.0,1,0.0,1,0.0,0.0,0.0,0.0,0.0,0.0,0.0,0.0,0.0,1,8,29,28,0
5032,921,47,0.0,0.0,0.0,1,0.0,0.0,0.0,0.0,1,0.0,0.0,0.0,0.0,1,0.0,10,11,25,0
5033,751,2828,0.0,1,0.0,0.0,0.0,0.0,0.0,0.0,1,0.0,0.0,0.0,0.0,0.0,1,13,70,89,1
5034,512,101,1,0.0,0.0,0.0,0.0,1,0.0,0.0,0.0,0.0,1,0.0,0.0,0.0,0.0,17,21,10,0
5035,408,177,0.0,0.0,0.0,1,1,0.0,0.0,0.0,0.0,1,0.0,0.0,0.0,0.0,0.0,9,7,22,0
5036,246,67,0.0,0.0,1,0.0,0.0,0.0,0.0,0.0,1,1,0.0,0.0,0.0,0.0,0.0,13,9,17,0
5037,128,236,0.0,1,0.0,0.0,0.0,1,0.0,0.0,0.0,0.0,1,0.0,0.0,0.0,0.0,18,11,12,0
5038,167,1,0.0,0.0,0.0,1,0.0,1,0.0,0.0,0.0,0.0,0.0,0.0,0.0,0.0,1,14,28,29,0
5039,873,88,0.0,0.0,0.0,1,0.0,0.0,1,0.0,0.0,0.0,0.0,0.0,0.0,1,0.0,9,25,11,0
5040,480,86,0.0,0.0,1,0.0,0.0,0.0,1,0.0,0.0,0.0,1,0.0,0.0,0.0,0.0,13,10,27,0
5041,643,32,0.0,1,0.0,0.0,1,0.0,0.0,0.0,0.0,0.0,0.0,0.0,1,0.0,0.0,19,7,2,0
5042,500,173,0.0,0.0,1,0.0,1,0.0,0.0,0.0,0.0,0.0,0.0,0.0,0.0,1,0.0,23,19,7,0
5043,53,2792,0.0,0.0,0.0,1,0.0,1,0.0,0.0,0.0,0.0,0.0,0.0,0.0,0.0,1,21,83,76,1
5044,541,180,0.0,0.0,1,0.0,0.0,0.0,0.0,0.0,1,0.0,1,0.0,0.0,0.0,0.0,13,14,23,0
5045,455,68,1,0.0,0.0,0.0,0.0,1,0.0,0.0,0.0,0.0,0.0,0.0,0.0,0.0,1,17,5,12,0
5046,540,105,0.0,0.0,0.0,1,0.0,0.0,0.0,0.0,1,0.0,0.0,0.0,1,0.0,0.0,12,11,4,0
5047,536,78,0.0,0.0,1,0.0,0.0,1,0.0,0.0,0.0,0.0,0.0,0.0,0.0,1,0.0,22,10,10,0
5048,179,56,0.0,0.0,1,0.0,0.0,0.0,0.0,1,0.0,0.0,0.0,0.0,0.0,1,0.0,8,22,2,0
5049,583,99,1,0.0,0.0,0.0,0.0,1,0.0,0.0,0.0,0.0,0.0,0.0,0.0,0.0,1,7,29,14,0
5050,913,110,1,0.0,0.0,0.0,1,0.0,0.0,0.0,0.0,0.0,0.0,0.0,0.0,1,0.0,12,21,18,0
5051,791,59,1,0.0,0.0,0.0,0.0,0.0,0.0,0.0,1,0.0,0.0,0.0,0.0,1,0.0,19,25,20,0
5052,917,120,0.0,0.0,1,0.0,0.0,0.0,0.0,0.0,1,0.0,0.0,0.0,0.0,0.0,1,17,25,1,0
5053,951,1,0.0,0.0,0.0,1,0.0,0.0,0.0,1,0.0,1,0.0,0.0,0.0,0.0,0.0,22,5,28,0
5054,478,27,0.0,1,0.0,0.0,0.0,1,0.0,0.0,0.0,0.0,0.0,0.0,0.0,1,0.0,7,15,0,0
5055,548,57,1,0.0,0.0,0.0,0.0,0.0,1,0.0,0.0,1,0.0,0.0,0.0,0.0,0.0,13,9,8,0
5056,92,50,0.0,1,0.0,0.0,0.0,0.0,0.0,0.0,1,0.0,0.0,0.0,0.0,1,0.0,15,6,0,0
5057,727,135,1,0.0,0.0,0.0,0.0,1,0.0,0.0,0.0,0.0,0.0,0.0,1,0.0,0.0,20,3,28,0
5058,339,73,0.0,0.0,0.0,1,0.0,0.0,1,0.0,0.0,0.0,1,0.0,0.0,0.0,0.0,12,11,6,0
5059,832,3,0.0,1,0.0,0.0,0.0,0.0,1,0.0,0.0,1,0.0,0.0,0.0,0.0,0.0,15,14,16,0
5060,848,40,0.0,1,0.0,0.0,1,0.0,0.0,0.0,0.0,0.0,0.0,0.0,0.0,0.0,1,20,13,29,0
5061,849,73,0.0,0.0,1,0.0,0.0,0.0,0.0,0.0,1,0.0,0.0,0.0,1,0.0,0.0,14,5,27,0
5062,861,5320,0.0,0.0,0.0,1,0.0,0.0,0.0,1,0.0,0.0,0.0,1,0.0,0.0,0.0,4,83,75,1
5063,848,96,0.0,1,0.0,0.0,0.0,0.0,1,0.0,0.0,0.0,0.0,0.0,0.0,1,0.0,22,26,23,0
5064,208,105,0.0,1,0.0,0.0,0.0,1,0.0,0.0,0.0,0.0,0.0,0.0,0.0,0.0,1,8,26,13,0
5065,97,93,0.0,0.0,0.0,1,0.0,0.0,1,0.0,0.0,0.0,0.0,0.0,0.0,1,0.0,21,13,8,0
5066,374,22,1,0.0,0.0,0.0,0.0,0.0,0.0,0.0,1,1,0.0,0.0,0.0,0.0,0.0,17,7,5,0
5067,990,86,0.0,1,0.0,0.0,0.0,0.0,0.0,1,0.0,0.0,0.0,0.0,1,0.0,0.0,18,4,18,0
5068,908,110,1,0.0,0.0,0.0,0.0,0.0,0.0,1,0.0,0.0,1,0.0,0.0,0.0,0.0,15,8,8,0
5069,287,132,0.0,0.0,1,0.0,0.0,1,0.0,0.0,0.0,0.0,0.0,0.0,0.0,0.0,1,17,15,7,0
5070,41,77,0.0,0.0,0.0,1,0.0,1,0.0,0.0,0.0,0.0,0.0,0.0,0.0,1,0.0,16,16,26,0
5071,691,1,0.0,1,0.0,0.0,0.0,0.0,1,0.0,0.0,0.0,0.0,0.0,0.0,1,0.0,23,14,12,0
5072,228,99,0.0,1,0.0,0.0,0.0,0.0,1,0.0,0.0,0.0,1,0.0,0.0,0.0,0.0,10,9,6,0
5073,179,63,0.0,0.0,0.0,1,0.0,0.0,0.0,1,0.0,0.0,0.0,0.0,1,0.0,0.0,10,0,1,0
5074,884,66,0.0,1,0.0,0.0,1,0.0,0.0,0.0,0.0,0.0,1,0.0,0.0,0.0,0.0,21,22,2,0
5075,725,103,1,0.0,0.0,0.0,0.0,0.0,0.0,0.0,1,0.0,0.0,0.0,0.0,0.0,1,13,3,20,0
5076,353,83,0.0,0.0,0.0,1,0.0,0.0,0.0,0.0,1,0.0,1,0.0,0.0,0.0,0.0,10,24,8,0
5077,990,85,0.0,1,0.0,0.0,0.0,0.0,1,0.0,0.0,0.0,1,0.0,0.0,0.0,0.0,19,21,8,0
5078,252,76,0.0,1,0.0,0.0,0.0,1,0.0,0.0,0.0,0.0,0.0,0.0,1,0.0,0.0,15,25,10,0
5079,848,60,0.0,0.0,1,0.0,0.0,1,0.0,0.0,0.0,1,0.0,0.0,0.0,0.0,0.0,12,20,1,0
5080,302,99,1,0.0,0.0,0.0,1,0.0,0.0,0.0,0.0,0.0,1,0.0,0.0,0.0,0.0,6,15,15,0
5081,228,87,1,0.0,0.0,0.0,0.0,1,0.0,0.0,0.0,0.0,0.0,0.0,1,0.0,0.0,10,19,10,0
5082,893,41,0.0,1,0.0,0.0,0.0,0.0,0.0,1,0.0,0.0,0.0,0.0,1,0.0,0.0,11,9,24,0
5083,267,6,0.0,0.0,0.0,1,0.0,1,0.0,0.0,0.0,0.0,0.0,0.0,0.0,1,0.0,12,28,1,0
5084,470,8,1,0.0,0.0,0.0,0.0,1,0.0,0.0,0.0,0.0,0.0,0.0,0.0,1,0.0,10,2,16,0
5085,140,230,1,0.0,0.0,0.0,0.0,1,0.0,0.0,0.0,1,0.0,0.0,0.0,0.0,0.0,17,22,12,0
5086,924,88,0.0,1,0.0,0.0,0.0,0.0,0.0,1,0.0,0.0,1,0.0,0.0,0.0,0.0,22,10,17,0
5087,31,36,1,0.0,0.0,0.0,0.0,0.0,0.0,0.0,1,0.0,0.0,0.0,0.0,0.0,1,15,2,18,0
5088,833,177,1,0.0,0.0,0.0,0.0,0.0,0.0,1,0.0,0.0,1,0.0,0.0,0.0,0.0,6,28,27,0
5089,458,82,0.0,1,0.0,0.0,1,0.0,0.0,0.0,0.0,1,0.0,0.0,0.0,0.0,0.0,8,24,1,0
5090,550,53,1,0.0,0.0,0.0,0.0,0.0,0.0,1,0.0,1,0.0,0.0,0.0,0.0,0.0,7,13,0,0
5091,213,126,0.0,1,0.0,0.0,0.0,0.0,1,0.0,0.0,0.0,0.0,0.0,1,0.0,0.0,12,22,28,0
5092,783,96,0.0,0.0,1,0.0,0.0,0.0,1,0.0,0.0,0.0,0.0,0.0,0.0,0.0,1,16,7,6,0
5093,336,135,0.0,0.0,1,0.0,1,0.0,0.0,0.0,0.0,0.0,0.0,0.0,0.0,0.0,1,21,9,4,0
5094,848,90,0.0,1,0.0,0.0,0.0,0.0,1,0.0,0.0,0.0,0.0,0.0,0.0,0.0,1,20,18,25,0
5095,581,88,0.0,1,0.0,0.0,0.0,1,0.0,0.0,0.0,0.0,0.0,0.0,1,0.0,0.0,22,29,27,0
5096,837,26,1,0.0,0.0,0.0,0.0,0.0,0.0,0.0,1,1,0.0,0.0,0.0,0.0,0.0,23,26,28,0
5097,648,112,0.0,0.0,1,0.0,0.0,0.0,0.0,0.0,1,0.0,1,0.0,0.0,0.0,0.0,6,4,10,0
5098,916,129,0.0,0.0,1,0.0,1,0.0,0.0,0.0,0.0,0.0,0.0,0.0,1,0.0,0.0,7,25,10,0
5099,350,130,0.0,1,0.0,0.0,0.0,0.0,1,0.0,0.0,0.0,0.0,0.0,0.0,0.0,1,8,27,28,0
5100,826,106,0.0,0.0,0.0,1,0.0,0.0,0.0,1,0.0,0.0,0.0,0.0,1,0.0,0.0,6,16,24,0
5101,298,54,0.0,0.0,0.0,1,0.0,0.0,1,0.0,0.0,0.0,0.0,0.0,1,0.0,0.0,6,18,2,0
5102,544,100,0.0,0.0,0.0,1,0.0,0.0,0.0,1,0.0,1,0.0,0.0,0.0,0.0,0.0,20,21,12,0
5103,982,149,0.0,0.0,0.0,1,0.0,0.0,0.0,1,0.0,0.0,0.0,0.0,0.0,1,0.0,18,7,5,0
5104,589,120,1,0.0,0.0,0.0,0.0,0.0,1,0.0,0.0,0.0,0.0,0.0,0.0,1,0.0,6,2,0,0
5105,715,45,0.0,0.0,1,0.0,1,0.0,0.0,0.0,0.0,1,0.0,0.0,0.0,0.0,0.0,22,23,16,0
5106,692,29,0.0,1,0.0,0.0,0.0,1,0.0,0.0,0.0,0.0,0.0,0.0,0.0,1,0.0,9,19,25,0
5107,72,199,0.0,0.0,1,0.0,0.0,1,0.0,0.0,0.0,1,0.0,0.0,0.0,0.0,0.0,18,27,12,0
5108,780,690,0.0,1,0.0,0.0,0.0,0.0,1,0.0,0.0,0.0,0.0,1,0.0,0.0,0.0,0,78,88,1
5109,69,20,0.0,0.0,1,0.0,0.0,0.0,0.0,0.0,1,1,0.0,0.0,0.0,0.0,0.0,21,21,11,0
5110,998,117,0.0,1,0.0,0.0,0.0,0.0,0.0,1,0.0,1,0.0,0.0,0.0,0.0,0.0,8,27,4,0
5111,588,62,0.0,1,0.0,0.0,0.0,1,0.0,0.0,0.0,0.0,0.0,0.0,0.0,1,0.0,17,28,16,0
5112,595,169,0.0,0.0,0.0,1,0.0,0.0,0.0,0.0,1,0.0,0.0,0.0,0.0,1,0.0,11,22,7,0
5113,527,16,1,0.0,0.0,0.0,0.0,0.0,0.0,1,0.0,0.0,0.0,0.0,0.0,0.0,1,23,29,21,0
5114,857,62,0.0,0.0,1,0.0,0.0,0.0,0.0,0.0,1,0.0,0.0,0.0,1,0.0,0.0,6,19,6,0
5115,43,143,0.0,1,0.0,0.0,0.0,0.0,1,0.0,0.0,0.0,1,0.0,0.0,0.0,0.0,17,10,13,0
5116,74,140,0.0,0.0,0.0,1,0.0,0.0,0.0,1,0.0,0.0,0.0,0.0,1,0.0,0.0,20,2,14,0
5117,797,62,0.0,0.0,1,0.0,0.0,0.0,0.0,1,0.0,0.0,0.0,0.0,0.0,1,0.0,14,19,8,0
5118,545,77,0.0,0.0,1,0.0,0.0,1,0.0,0.0,0.0,0.0,0.0,0.0,1,0.0,0.0,6,26,21,0
5119,791,85,0.0,1,0.0,0.0,1,0.0,0.0,0.0,0.0,0.0,0.0,0.0,0.0,1,0.0,23,24,3,0
5120,362,143,0.0,0.0,1,0.0,0.0,0.0,0.0,1,0.0,0.0,1,0.0,0.0,0.0,0.0,11,13,9,0
5121,919,132,0.0,1,0.0,0.0,0.0,0.0,0.0,1,0.0,0.0,0.0,0.0,0.0,1,0.0,12,17,23,0
5122,618,122,0.0,1,0.0,0.0,1,0.0,0.0,0.0,0.0,0.0,0.0,0.0,1,0.0,0.0,10,9,7,0
5123,570,94,1,0.0,0.0,0.0,0.0,1,0.0,0.0,0.0,0.0,1,0.0,0.0,0.0,0.0,12,24,12,0
5124,258,44,0.0,0.0,0.0,1,0.0,0.0,1,0.0,0.0,0.0,0.0,0.0,0.0,1,0.0,23,15,24,0
5125,120,137,0.0,1,0.0,0.0,0.0,0.0,0.0,1,0.0,0.0,0.0,0.0,1,0.0,0.0,23,15,21,0
5126,23,148,0.0,1,0.0,0.0,0.0,0.0,0.0,1,0.0,1,0.0,0.0,0.0,0.0,0.0,13,21,26,0
5127,819,76,1,0.0,0.0,0.0,0.0,0.0,0.0,1,0.0,0.0,0.0,0.0,1,0.0,0.0,8,1,26,0
5128,633,85,1,0.0,0.0,0.0,0.0,0.0,0.0,0.0,1,0.0,0.0,0.0,0.0,0.0,1,22,26,9,0
5129,166,118,0.0,0.0,0.0,1,0.0,0.0,0.0,1,0.0,0.0,1,0.0,0.0,0.0,0.0,20,21,24,0
5130,944,173,0.0,0.0,0.0,1,0.0,0.0,0.0,1,0.0,1,0.0,0.0,0.0,0.0,0.0,19,29,24,0
5131,506,125,0.0,1,0.0,0.0,0.0,1,0.0,0.0,0.0,1,0.0,0.0,0.0,0.0,0.0,14,1,11,0
5132,116,142,0.0,0.0,0.0,1,1,0.0,0.0,0.0,0.0,0.0,0.0,0.0,1,0.0,0.0,16,19,4,0
5133,421,67,0.0,1,0.0,0.0,0.0,0.0,0.0,0.0,1,1,0.0,0.0,0.0,0.0,0.0,18,11,13,0
5134,948,80,0.0,0.0,0.0,1,0.0,0.0,0.0,0.0,1,0.0,0.0,0.0,0.0,0.0,1,11,5,10,0
5135,77,155,0.0,0.0,0.0,1,1,0.0,0.0,0.0,0.0,0.0,1,0.0,0.0,0.0,0.0,11,11,11,0
5136,247,102,1,0.0,0.0,0.0,0.0,0.0,0.0,1,0.0,0.0,0.0,0.0,1,0.0,0.0,23,29,8,0
5137,889,83,0.0,0.0,1,0.0,0.0,0.0,0.0,0.0,1,0.0,0.0,0.0,1,0.0,0.0,7,3,22,0
5138,699,118,0.0,1,0.0,0.0,0.0,0.0,0.0,1,0.0,0.0,0.0,0.0,0.0,0.0,1,16,28,6,0
5139,314,60,0.0,1,0.0,0.0,0.0,0.0,1,0.0,0.0,0.0,0.0,0.0,1,0.0,0.0,18,18,0,0
5140,596,134,0.0,0.0,1,0.0,0.0,0.0,0.0,0.0,1,1,0.0,0.0,0.0,0.0,0.0,23,16,15,0
5141,913,54,0.0,1,0.0,0.0,0.0,0.0,1,0.0,0.0,1,0.0,0.0,0.0,0.0,0.0,18,12,10,0
5142,581,11,1,0.0,0.0,0.0,0.0,0.0,1,0.0,0.0,0.0,0.0,0.0,0.0,0.0,1,18,18,28,0
5143,407,1421,0.0,1,0.0,0.0,0.0,0.0,0.0,0.0,1,0.0,1,0.0,0.0,0.0,0.0,5,83,86,1
5144,920,78,0.0,1,0.0,0.0,0.0,0.0,0.0,1,0.0,1,0.0,0.0,0.0,0.0,0.0,10,24,4,0
5145,788,95,0.0,0.0,0.0,1,0.0,0.0,0.0,1,0.0,0.0,0.0,0.0,0.0,0.0,1,9,13,21,0
5146,527,73,0.0,1,0.0,0.0,0.0,0.0,0.0,1,0.0,0.0,1,0.0,0.0,0.0,0.0,14,15,11,0
5147,21,71,1,0.0,0.0,0.0,0.0,1,0.0,0.0,0.0,1,0.0,0.0,0.0,0.0,0.0,7,4,19,0
5148,514,80,0.0,0.0,1,0.0,0.0,0.0,1,0.0,0.0,0.0,0.0,0.0,0.0,0.0,1,14,17,1,0
5149,442,94,1,0.0,0.0,0.0,0.0,0.0,1,0.0,0.0,0.0,0.0,0.0,1,0.0,0.0,11,25,10,0
5150,694,1,0.0,0.0,0.0,1,1,0.0,0.0,0.0,0.0,0.0,0.0,0.0,0.0,1,0.0,11,8,17,0
5151,904,140,1,0.0,0.0,0.0,0.0,0.0,1,0.0,0.0,1,0.0,0.0,0.0,0.0,0.0,16,5,27,0
5152,31,169,0.0,0.0,0.0,1,0.0,1,0.0,0.0,0.0,0.0,1,0.0,0.0,0.0,0.0,15,5,11,0
5153,774,140,0.0,0.0,0.0,1,0.0,0.0,1,0.0,0.0,0.0,0.0,0.0,0.0,1,0.0,9,4,14,0
5154,356,77,0.0,1,0.0,0.0,1,0.0,0.0,0.0,0.0,0.0,0.0,0.0,0.0,0.0,1,23,15,4,0
5155,210,139,0.0,0.0,1,0.0,0.0,0.0,1,0.0,0.0,0.0,1,0.0,0.0,0.0,0.0,23,24,28,0
5156,503,141,0.0,1,0.0,0.0,0.0,0.0,1,0.0,0.0,0.0,0.0,0.0,1,0.0,0.0,22,6,25,0
5157,218,135,0.0,0.0,0.0,1,0.0,0.0,0.0,0.0,1,0.0,1,0.0,0.0,0.0,0.0,9,10,21,0
5158,698,48,0.0,0.0,0.0,1,0.0,0.0,0.0,0.0,1,1,0.0,0.0,0.0,0.0,0.0,23,25,20,0
5159,867,144,1,0.0,0.0,0.0,0.0,0.0,0.0,0.0,1,0.0,0.0,0.0,1,0.0,0.0,13,10,27,0
5160,158,47,0.0,0.0,0.0,1,0.0,0.0,0.0,1,0.0,1,0.0,0.0,0.0,0.0,0.0,15,2,21,0
5161,120,103,0.0,0.0,1,0.0,1,0.0,0.0,0.0,0.0,0.0,1,0.0,0.0,0.0,0.0,23,26,10,0
5162,128,65,0.0,1,0.0,0.0,0.0,0.0,0.0,1,0.0,0.0,1,0.0,0.0,0.0,0.0,8,6,25,0
5163,277,56,0.0,1,0.0,0.0,0.0,0.0,0.0,0.0,1,1,0.0,0.0,0.0,0.0,0.0,12,13,6,0
5164,264,120,1,0.0,0.0,0.0,0.0,0.0,1,0.0,0.0,0.0,1,0.0,0.0,0.0,0.0,14,5,20,0
5165,798,159,0.0,0.0,0.0,1,1,0.0,0.0,0.0,0.0,0.0,0.0,0.0,1,0.0,0.0,20,27,21,0
5166,657,116,0.0,0.0,1,0.0,0.0,0.0,1,0.0,0.0,1,0.0,0.0,0.0,0.0,0.0,6,26,4,0
5167,674,967,0.0,0.0,1,0.0,0.0,0.0,0.0,0.0,1,0.0,0.0,0.0,1,0.0,0.0,21,83,97,1
5168,963,92,0.0,0.0,1,0.0,0.0,1,0.0,0.0,0.0,0.0,0.0,0.0,1,0.0,0.0,10,11,8,0
5169,117,138,0.0,0.0,1,0.0,0.0,0.0,0.0,0.0,1,0.0,1,0.0,0.0,0.0,0.0,12,0,7,0
5170,284,43,0.0,0.0,1,0.0,1,0.0,0.0,0.0,0.0,0.0,0.0,0.0,0.0,1,0.0,14,25,6,0
5171,309,75,0.0,1,0.0,0.0,0.0,1,0.0,0.0,0.0,0.0,0.0,0.0,0.0,0.0,1,8,10,8,0
5172,128,41,0.0,0.0,0.0,1,0.0,0.0,0.0,0.0,1,0.0,1,0.0,0.0,0.0,0.0,13,14,12,0
5173,625,79,0.0,1,0.0,0.0,0.0,1,0.0,0.0,0.0,0.0,0.0,0.0,0.0,0.0,1,23,14,28,0
5174,292,110,0.0,1,0.0,0.0,1,0.0,0.0,0.0,0.0,1,0.0,0.0,0.0,0.0,0.0,22,7,1,0
5175,559,90,0.0,0.0,1,0.0,0.0,0.0,0.0,1,0.0,0.0,0.0,0.0,1,0.0,0.0,23,4,14,0
5176,131,72,0.0,0.0,1,0.0,0.0,1,0.0,0.0,0.0,0.0,0.0,0.0,0.0,1,0.0,14,1,23,0
5177,31,2923,0.0,1,0.0,0.0,0.0,0.0,0.0,1,0.0,1,0.0,0.0,0.0,0.0,0.0,20,76,87,1
5178,557,59,0.0,0.0,1,0.0,0.0,1,0.0,0.0,0.0,0.0,0.0,0.0,0.0,0.0,1,14,29,6,0
5179,692,156,0.0,0.0,1,0.0,0.0,0.0,0.0,0.0,1,1,0.0,0.0,0.0,0.0,0.0,18,0,28,0
5180,410,22,0.0,0.0,1,0.0,0.0,0.0,0.0,1,0.0,0.0,0.0,0.0,0.0,0.0,1,15,11,5,0
5181,617,81,0.0,0.0,1,0.0,0.0,0.0,0.0,0.0,1,0.0,0.0,0.0,0.0,0.0,1,11,4,23,0
5182,755,152,1,0.0,0.0,0.0,0.0,0.0,0.0,0.0,1,0.0,0.0,0.0,1,0.0,0.0,19,6,25,0
5183,889,85,0.0,1,0.0,0.0,0.0,0.0,1,0.0,0.0,1,0.0,0.0,0.0,0.0,0.0,16,26,17,0
5184,88,10,1,0.0,0.0,0.0,0.0,0.0,0.0,0.0,1,0.0,0.0,1,0.0,0.0,0.0,4,86,90,1
5185,879,139,0.0,1,0.0,0.0,1,0.0,0.0,0.0,0.0,0.0,0.0,0.0,1,0.0,0.0,22,19,27,0
5186,70,165,0.0,0.0,0.0,1,1,0.0,0.0,0.0,0.0,0.0,0.0,0.0,1,0.0,0.0,15,18,9,0
5187,236,33,1,0.0,0.0,0.0,0.0,1,0.0,0.0,0.0,0.0,0.0,0.0,0.0,0.0,1,23,16,13,0
5188,659,171,0.0,0.0,0.0,1,0.0,0.0,0.0,1,0.0,0.0,1,0.0,0.0,0.0,0.0,8,16,0,0
5189,537,181,0.0,0.0,0.0,1,0.0,1,0.0,0.0,0.0,0.0,0.0,0.0,1,0.0,0.0,17,27,1,0
5190,860,87,0.0,1,0.0,0.0,0.0,1,0.0,0.0,0.0,1,0.0,0.0,0.0,0.0,0.0,19,26,16,0
5191,164,66,1,0.0,0.0,0.0,0.0,0.0,0.0,0.0,1,0.0,0.0,0.0,1,0.0,0.0,12,0,20,0
5192,292,22,0.0,1,0.0,0.0,0.0,1,0.0,0.0,0.0,1,0.0,0.0,0.0,0.0,0.0,6,92,73,1
5193,282,88,0.0,1,0.0,0.0,0.0,0.0,1,0.0,0.0,0.0,0.0,0.0,1,0.0,0.0,8,24,5,0
5194,188,114,0.0,1,0.0,0.0,0.0,1,0.0,0.0,0.0,1,0.0,0.0,0.0,0.0,0.0,14,8,19,0
5195,612,135,1,0.0,0.0,0.0,0.0,0.0,0.0,1,0.0,0.0,0.0,0.0,0.0,1,0.0,14,13,19,0
5196,545,155,0.0,0.0,1,0.0,1,0.0,0.0,0.0,0.0,0.0,0.0,0.0,0.0,0.0,1,11,2,3,0
5197,586,48,0.0,0.0,1,0.0,0.0,1,0.0,0.0,0.0,1,0.0,0.0,0.0,0.0,0.0,7,15,15,0
5198,685,432,0.0,0.0,1,0.0,0.0,1,0.0,0.0,0.0,0.0,0.0,0.0,0.0,0.0,1,4,81,95,1
5199,471,206,0.0,1,0.0,0.0,0.0,0.0,0.0,0.0,1,0.0,0.0,0.0,0.0,0.0,1,12,3,20,0
5200,463,103,0.0,1,0.0,0.0,0.0,0.0,1,0.0,0.0,0.0,0.0,0.0,0.0,1,0.0,6,6,6,0
5201,762,224,1,0.0,0.0,0.0,0.0,1,0.0,0.0,0.0,1,0.0,0.0,0.0,0.0,0.0,19,9,17,0
5202,472,105,0.0,0.0,1,0.0,1,0.0,0.0,0.0,0.0,0.0,0.0,0.0,0.0,0.0,1,17,7,22,0
5203,699,172,0.0,1,0.0,0.0,0.0,0.0,0.0,1,0.0,0.0,0.0,0.0,1,0.0,0.0,16,22,29,0
5204,680,86,1,0.0,0.0,0.0,0.0,0.0,0.0,1,0.0,0.0,0.0,0.0,0.0,1,0.0,11,15,23,0
5205,283,139,0.0,1,0.0,0.0,0.0,0.0,1,0.0,0.0,0.0,0.0,0.0,0.0,0.0,1,7,20,15,0
5206,604,142,1,0.0,0.0,0.0,0.0,0.0,1,0.0,0.0,0.0,0.0,0.0,0.0,0.0,1,21,13,16,0
5207,176,107,0.0,0.0,0.0,1,0.0,1,0.0,0.0,0.0,0.0,1,0.0,0.0,0.0,0.0,14,1,24,0
5208,322,134,1,0.0,0.0,0.0,0.0,0.0,0.0,0.0,1,1,0.0,0.0,0.0,0.0,0.0,22,16,5,0
5209,900,10,0.0,0.0,1,0.0,0.0,0.0,0.0,0.0,1,0.0,1,0.0,0.0,0.0,0.0,23,85,95,1
5210,438,126,0.0,0.0,1,0.0,0.0,0.0,0.0,0.0,1,0.0,0.0,0.0,0.0,1,0.0,21,19,13,0
5211,555,90,0.0,0.0,1,0.0,1,0.0,0.0,0.0,0.0,0.0,0.0,0.0,1,0.0,0.0,21,9,1,0
5212,846,70,0.0,1,0.0,0.0,1,0.0,0.0,0.0,0.0,0.0,1,0.0,0.0,0.0,0.0,12,22,29,0
5213,901,158,0.0,0.0,0.0,1,0.0,1,0.0,0.0,0.0,0.0,1,0.0,0.0,0.0,0.0,20,29,14,0
5214,433,134,0.0,0.0,0.0,1,0.0,1,0.0,0.0,0.0,0.0,1,0.0,0.0,0.0,0.0,22,24,5,0
5215,72,1681,1,0.0,0.0,0.0,1,0.0,0.0,0.0,0.0,0.0,0.0,0.0,0.0,0.0,1,17,99,76,1
5216,855,159,0.0,0.0,1,0.0,0.0,0.0,1,0.0,0.0,0.0,1,0.0,0.0,0.0,0.0,19,21,15,0
5217,929,61,0.0,1,0.0,0.0,0.0,0.0,0.0,1,0.0,0.0,0.0,0.0,0.0,1,0.0,17,24,2,0
5218,140,53,0.0,0.0,0.0,1,1,0.0,0.0,0.0,0.0,0.0,0.0,0.0,0.0,1,0.0,18,9,8,0
5219,301,126,0.0,0.0,1,0.0,0.0,0.0,1,0.0,0.0,0.0,0.0,0.0,0.0,0.0,1,19,28,10,0
5220,980,111,0.0,0.0,1,0.0,0.0,1,0.0,0.0,0.0,1,0.0,0.0,0.0,0.0,0.0,9,10,18,0
5221,125,66,0.0,0.0,1,0.0,1,0.0,0.0,0.0,0.0,1,0.0,0.0,0.0,0.0,0.0,20,7,12,0
5222,414,25,0.0,0.0,1,0.0,1,0.0,0.0,0.0,0.0,0.0,0.0,0.0,1,0.0,0.0,20,26,15,0
5223,854,109,1,0.0,0.0,0.0,1,0.0,0.0,0.0,0.0,0.0,0.0,0.0,0.0,1,0.0,6,28,5,0
5224,83,99,0.0,0.0,0.0,1,0.0,0.0,0.0,1,0.0,1,0.0,0.0,0.0,0.0,0.0,12,8,6,0
5225,483,34,0.0,0.0,1,0.0,0.0,0.0,1,0.0,0.0,0.0,0.0,0.0,0.0,0.0,1,12,7,26,0
5226,698,55,0.0,0.0,0.0,1,0.0,0.0,0.0,0.0,1,1,0.0,0.0,0.0,0.0,0.0,21,16,7,0
5227,348,112,1,0.0,0.0,0.0,0.0,0.0,0.0,0.0,1,0.0,1,0.0,0.0,0.0,0.0,23,16,19,0
5228,39,74,0.0,0.0,1,0.0,0.0,0.0,0.0,0.0,1,0.0,1,0.0,0.0,0.0,0.0,8,12,3,0
5229,808,100,0.0,0.0,1,0.0,1,0.0,0.0,0.0,0.0,0.0,0.0,0.0,1,0.0,0.0,16,6,25,0
5230,134,72,0.0,1,0.0,0.0,0.0,1,0.0,0.0,0.0,0.0,1,0.0,0.0,0.0,0.0,23,19,6,0
5231,202,115,0.0,0.0,0.0,1,0.0,1,0.0,0.0,0.0,0.0,0.0,0.0,0.0,1,0.0,7,28,0,0
5232,604,77,0.0,0.0,0.0,1,0.0,0.0,0.0,1,0.0,1,0.0,0.0,0.0,0.0,0.0,18,0,12,0
5233,252,104,0.0,1,0.0,0.0,1,0.0,0.0,0.0,0.0,0.0,0.0,0.0,0.0,0.0,1,7,25,17,0
5234,348,74,1,0.0,0.0,0.0,0.0,0.0,0.0,1,0.0,0.0,1,0.0,0.0,0.0,0.0,19,24,0,0
5235,699,171,0.0,0.0,1,0.0,0.0,0.0,0.0,0.0,1,0.0,0.0,0.0,0.0,0.0,1,20,28,1,0
5236,890,107,1,0.0,0.0,0.0,0.0,1,0.0,0.0,0.0,0.0,0.0,0.0,1,0.0,0.0,9,24,6,0
5237,395,92,1,0.0,0.0,0.0,1,0.0,0.0,0.0,0.0,0.0,0.0,0.0,0.0,1,0.0,10,29,29,0
5238,862,1001,0.0,0.0,0.0,1,0.0,0.0,1,0.0,0.0,0.0,0.0,0.0,0.0,0.0,1,11,87,82,1
5239,305,121,1,0.0,0.0,0.0,0.0,0.0,0.0,1,0.0,0.0,0.0,0.0,0.0,1,0.0,10,9,26,0
5240,877,794,0.0,0.0,0.0,1,0.0,0.0,0.0,0.0,1,0.0,0.0,0.0,0.0,1,0.0,12,93,92,1
5241,972,108,0.0,0.0,0.0,1,0.0,0.0,1,0.0,0.0,0.0,0.0,0.0,1,0.0,0.0,17,9,21,0
5242,605,239,0.0,1,0.0,0.0,0.0,0.0,0.0,0.0,1,1,0.0,0.0,0.0,0.0,0.0,11,10,29,0
5243,630,94,0.0,0.0,0.0,1,0.0,1,0.0,0.0,0.0,0.0,1,0.0,0.0,0.0,0.0,9,25,15,0
5244,322,130,1,0.0,0.0,0.0,0.0,0.0,1,0.0,0.0,0.0,0.0,0.0,0.0,1,0.0,14,10,21,0
5245,8,55,0.0,0.0,0.0,1,0.0,0.0,0.0,0.0,1,0.0,0.0,0.0,0.0,0.0,1,8,12,19,0
5246,942,80,1,0.0,0.0,0.0,1,0.0,0.0,0.0,0.0,0.0,0.0,0.0,0.0,1,0.0,15,5,27,0
5247,444,16,0.0,0.0,1,0.0,0.0,0.0,1,0.0,0.0,1,0.0,0.0,0.0,0.0,0.0,15,19,14,0
5248,213,142,1,0.0,0.0,0.0,1,0.0,0.0,0.0,0.0,0.0,1,0.0,0.0,0.0,0.0,16,15,5,0
5249,825,216,0.0,0.0,0.0,1,0.0,0.0,1,0.0,0.0,0.0,1,0.0,0.0,0.0,0.0,17,0,9,0
5250,830,206,0.0,0.0,1,0.0,0.0,0.0,0.0,0.0,1,1,0.0,0.0,0.0,0.0,0.0,22,4,13,0
5251,200,103,0.0,1,0.0,0.0,0.0,1,0.0,0.0,0.0,1,0.0,0.0,0.0,0.0,0.0,17,4,15,0
5252,478,140,0.0,1,0.0,0.0,1,0.0,0.0,0.0,0.0,1,0.0,0.0,0.0,0.0,0.0,13,17,3,0
5253,178,91,0.0,0.0,1,0.0,1,0.0,0.0,0.0,0.0,0.0,0.0,0.0,0.0,0.0,1,20,17,5,0
5254,962,188,1,0.0,0.0,0.0,0.0,0.0,0.0,1,0.0,0.0,1,0.0,0.0,0.0,0.0,7,11,2,0
5255,21,135,0.0,0.0,0.0,1,0.0,0.0,0.0,1,0.0,0.0,0.0,0.0,0.0,0.0,1,9,0,1,0
5256,794,165,0.0,0.0,0.0,1,0.0,0.0,1,0.0,0.0,0.0,0.0,0.0,0.0,0.0,1,8,27,4,0
5257,501,92,0.0,1,0.0,0.0,0.0,0.0,0.0,1,0.0,0.0,0.0,0.0,0.0,0.0,1,10,22,3,0
5258,335,98,1,0.0,0.0,0.0,0.0,1,0.0,0.0,0.0,0.0,0.0,0.0,0.0,0.0,1,6,17,9,0
5259,935,153,0.0,0.0,1,0.0,0.0,0.0,0.0,0.0,1,0.0,1,0.0,0.0,0.0,0.0,20,24,9,0
5260,462,38,0.0,0.0,1,0.0,0.0,0.0,0.0,0.0,1,0.0,0.0,0.0,1,0.0,0.0,10,6,9,0
5261,564,134,0.0,0.0,0.0,1,0.0,0.0,1,0.0,0.0,0.0,1,0.0,0.0,0.0,0.0,12,18,17,0
5262,790,123,0.0,0.0,0.0,1,1,0.0,0.0,0.0,0.0,0.0,0.0,0.0,0.0,1,0.0,15,3,13,0
5263,735,93,0.0,0.0,0.0,1,0.0,0.0,1,0.0,0.0,0.0,0.0,0.0,0.0,1,0.0,6,3,8,0
5264,312,103,1,0.0,0.0,0.0,0.0,0.0,0.0,1,0.0,0.0,0.0,0.0,0.0,0.0,1,6,27,0,0
5265,297,44,0.0,1,0.0,0.0,0.0,0.0,0.0,0.0,1,0.0,1,0.0,0.0,0.0,0.0,21,8,20,0
5266,153,175,0.0,1,0.0,0.0,0.0,0.0,1,0.0,0.0,0.0,0.0,0.0,0.0,0.0,1,23,28,3,0
5267,194,96,0.0,0.0,1,0.0,0.0,0.0,1,0.0,0.0,0.0,0.0,0.0,0.0,0.0,1,23,4,19,0
5268,302,46,0.0,1,0.0,0.0,0.0,1,0.0,0.0,0.0,1,0.0,0.0,0.0,0.0,0.0,17,1,21,0
5269,982,1,0.0,0.0,1,0.0,0.0,0.0,0.0,0.0,1,0.0,0.0,0.0,0.0,1,0.0,16,18,0,0
5270,331,140,0.0,0.0,0.0,1,1,0.0,0.0,0.0,0.0,0.0,0.0,0.0,0.0,0.0,1,15,12,18,0
5271,378,150,1,0.0,0.0,0.0,0.0,0.0,0.0,0.0,1,0.0,1,0.0,0.0,0.0,0.0,17,10,6,0
5272,445,153,0.0,0.0,1,0.0,0.0,1,0.0,0.0,0.0,0.0,1,0.0,0.0,0.0,0.0,18,6,23,0
5273,236,120,1,0.0,0.0,0.0,0.0,0.0,0.0,1,0.0,0.0,1,0.0,0.0,0.0,0.0,8,22,21,0
5274,859,120,0.0,0.0,1,0.0,0.0,0.0,0.0,0.0,1,0.0,0.0,0.0,0.0,0.0,1,10,11,26,0
5275,992,67,1,0.0,0.0,0.0,0.0,0.0,1,0.0,0.0,0.0,0.0,0.0,1,0.0,0.0,11,28,17,0
5276,707,163,1,0.0,0.0,0.0,0.0,0.0,0.0,0.0,1,1,0.0,0.0,0.0,0.0,0.0,8,21,17,0
5277,765,63,0.0,0.0,0.0,1,1,0.0,0.0,0.0,0.0,0.0,0.0,0.0,0.0,0.0,1,9,9,14,0
5278,379,47,1,0.0,0.0,0.0,0.0,0.0,0.0,1,0.0,0.0,0.0,0.0,0.0,0.0,1,9,10,21,0
5279,325,111,1,0.0,0.0,0.0,1,0.0,0.0,0.0,0.0,0.0,0.0,0.0,0.0,1,0.0,18,23,16,0
5280,394,202,1,0.0,0.0,0.0,0.0,0.0,0.0,1,0.0,0.0,1,0.0,0.0,0.0,0.0,14,2,0,0
5281,870,51,0.0,1,0.0,0.0,0.0,0.0,0.0,0.0,1,1,0.0,0.0,0.0,0.0,0.0,8,23,10,0
5282,374,116,0.0,0.0,1,0.0,1,0.0,0.0,0.0,0.0,0.0,1,0.0,0.0,0.0,0.0,14,8,12,0
5283,689,128,0.0,0.0,0.0,1,0.0,1,0.0,0.0,0.0,1,0.0,0.0,0.0,0.0,0.0,10,24,17,0
5284,182,16,0.0,1,0.0,0.0,0.0,0.0,1,0.0,0.0,0.0,1,0.0,0.0,0.0,0.0,16,24,4,0
5285,389,66,1,0.0,0.0,0.0,0.0,1,0.0,0.0,0.0,0.0,1,0.0,0.0,0.0,0.0,9,9,29,0
5286,196,92,0.0,1,0.0,0.0,0.0,0.0,1,0.0,0.0,0.0,0.0,0.0,1,0.0,0.0,12,6,3,0
5287,257,160,0.0,0.0,0.0,1,0.0,0.0,0.0,1,0.0,0.0,0.0,0.0,1,0.0,0.0,21,11,5,0
5288,676,192,1,0.0,0.0,0.0,0.0,0.0,0.0,1,0.0,0.0,0.0,0.0,0.0,1,0.0,9,7,29,0
5289,502,146,0.0,1,0.0,0.0,0.0,0.0,0.0,0.0,1,0.0,0.0,0.0,1,0.0,0.0,23,17,24,0
5290,873,88,0.0,1,0.0,0.0,0.0,0.0,1,0.0,0.0,0.0,1,0.0,0.0,0.0,0.0,18,16,25,0
5291,380,123,0.0,1,0.0,0.0,0.0,0.0,1,0.0,0.0,0.0,0.0,0.0,1,0.0,0.0,13,28,10,0
5292,9,101,1,0.0,0.0,0.0,1,0.0,0.0,0.0,0.0,0.0,1,0.0,0.0,0.0,0.0,20,10,17,0
5293,630,92,1,0.0,0.0,0.0,0.0,0.0,0.0,0.0,1,0.0,1,0.0,0.0,0.0,0.0,10,28,8,0
5294,748,91,0.0,0.0,1,0.0,0.0,0.0,0.0,0.0,1,0.0,1,0.0,0.0,0.0,0.0,7,15,22,0
5295,427,81,0.0,0.0,1,0.0,0.0,0.0,1,0.0,0.0,0.0,1,0.0,0.0,0.0,0.0,10,29,4,0
5296,916,28,1,0.0,0.0,0.0,0.0,0.0,0.0,0.0,1,0.0,0.0,0.0,1,0.0,0.0,18,0,19,0
5297,33,1,1,0.0,0.0,0.0,1,0.0,0.0,0.0,0.0,0.0,0.0,0.0,1,0.0,0.0,17,9,26,0
5298,163,67,1,0.0,0.0,0.0,0.0,0.0,0.0,1,0.0,0.0,0.0,0.0,1,0.0,0.0,13,27,21,0
5299,257,112,0.0,1,0.0,0.0,0.0,0.0,1,0.0,0.0,1,0.0,0.0,0.0,0.0,0.0,17,22,1,0
5300,587,61,0.0,1,0.0,0.0,0.0,0.0,0.0,0.0,1,1,0.0,0.0,0.0,0.0,0.0,9,11,10,0
5301,390,121,0.0,0.0,1,0.0,0.0,1,0.0,0.0,0.0,0.0,0.0,0.0,1,0.0,0.0,8,16,27,0
5302,650,82,0.0,0.0,0.0,1,0.0,0.0,1,0.0,0.0,0.0,1,0.0,0.0,0.0,0.0,13,4,21,0
5303,157,65,0.0,1,0.0,0.0,0.0,1,0.0,0.0,0.0,0.0,1,0.0,0.0,0.0,0.0,12,1,3,0
5304,848,71,0.0,0.0,1,0.0,0.0,0.0,0.0,1,0.0,0.0,0.0,0.0,0.0,1,0.0,14,14,27,0
5305,486,112,0.0,0.0,1,0.0,0.0,0.0,0.0,1,0.0,0.0,1,0.0,0.0,0.0,0.0,18,15,12,0
5306,437,80,0.0,1,0.0,0.0,0.0,0.0,0.0,1,0.0,0.0,1,0.0,0.0,0.0,0.0,20,22,9,0
5307,841,84,0.0,0.0,0.0,1,0.0,0.0,0.0,0.0,1,0.0,1,0.0,0.0,0.0,0.0,9,28,16,0
5308,279,121,0.0,0.0,0.0,1,0.0,0.0,1,0.0,0.0,1,0.0,0.0,0.0,0.0,0.0,6,17,6,0
5309,240,187,0.0,0.0,0.0,1,0.0,1,0.0,0.0,0.0,0.0,0.0,0.0,0.0,0.0,1,22,25,2,0
5310,470,98,0.0,0.0,0.0,1,0.0,0.0,1,0.0,0.0,0.0,1,0.0,0.0,0.0,0.0,22,14,3,0
5311,581,49,0.0,0.0,0.0,1,0.0,0.0,0.0,1,0.0,0.0,1,0.0,0.0,0.0,0.0,19,4,24,0
5312,857,119,0.0,0.0,1,0.0,0.0,1,0.0,0.0,0.0,0.0,1,0.0,0.0,0.0,0.0,13,3,13,0
5313,29,79,0.0,1,0.0,0.0,0.0,1,0.0,0.0,0.0,1,0.0,0.0,0.0,0.0,0.0,18,23,6,0
5314,71,15,0.0,1,0.0,0.0,1,0.0,0.0,0.0,0.0,1,0.0,0.0,0.0,0.0,0.0,13,20,19,0
5315,942,10,0.0,0.0,1,0.0,0.0,0.0,0.0,0.0,1,0.0,0.0,0.0,0.0,1,0.0,4,78,94,1
5316,266,172,0.0,0.0,1,0.0,0.0,0.0,0.0,1,0.0,0.0,0.0,0.0,1,0.0,0.0,12,22,14,0
5317,105,100,1,0.0,0.0,0.0,0.0,0.0,0.0,0.0,1,0.0,0.0,0.0,1,0.0,0.0,13,21,28,0
5318,273,77,0.0,1,0.0,0.0,0.0,1,0.0,0.0,0.0,0.0,0.0,0.0,0.0,0.0,1,20,27,22,0
5319,100,54,1,0.0,0.0,0.0,0.0,0.0,0.0,0.0,1,0.0,0.0,0.0,0.0,0.0,1,19,7,24,0
5320,328,90,0.0,1,0.0,0.0,0.0,1,0.0,0.0,0.0,1,0.0,0.0,0.0,0.0,0.0,23,24,22,0
5321,30,148,0.0,0.0,0.0,1,1,0.0,0.0,0.0,0.0,0.0,0.0,0.0,0.0,0.0,1,17,19,15,0
5322,579,125,0.0,1,0.0,0.0,0.0,0.0,0.0,0.0,1,1,0.0,0.0,0.0,0.0,0.0,7,10,21,0
5323,748,111,0.0,0.0,1,0.0,0.0,0.0,1,0.0,0.0,0.0,0.0,0.0,0.0,0.0,1,14,1,26,0
5324,539,112,0.0,0.0,0.0,1,1,0.0,0.0,0.0,0.0,1,0.0,0.0,0.0,0.0,0.0,20,11,26,0
5325,697,33,0.0,0.0,0.0,1,0.0,0.0,1,0.0,0.0,0.0,0.0,0.0,0.0,1,0.0,6,0,18,0
5326,801,12,0.0,0.0,0.0,1,1,0.0,0.0,0.0,0.0,0.0,0.0,0.0,0.0,0.0,1,12,5,19,0
5327,885,104,0.0,0.0,1,0.0,0.0,0.0,0.0,0.0,1,0.0,0.0,0.0,0.0,1,0.0,8,0,5,0
5328,620,110,1,0.0,0.0,0.0,0.0,1,0.0,0.0,0.0,1,0.0,0.0,0.0,0.0,0.0,13,9,17,0
5329,672,165,0.0,0.0,0.0,1,0.0,0.0,0.0,1,0.0,0.0,0.0,0.0,0.0,1,0.0,15,22,1,0
5330,764,161,0.0,1,0.0,0.0,1,0.0,0.0,0.0,0.0,0.0,0.0,0.0,1,0.0,0.0,8,20,1,0
5331,739,2053,0.0,0.0,0.0,1,0.0,0.0,1,0.0,0.0,0.0,1,0.0,0.0,0.0,0.0,15,75,97,1
5332,685,91,0.0,0.0,1,0.0,0.0,0.0,0.0,1,0.0,0.0,0.0,0.0,1,0.0,0.0,9,6,23,0
5333,973,197,0.0,0.0,1,0.0,1,0.0,0.0,0.0,0.0,0.0,0.0,0.0,1,0.0,0.0,10,4,24,0
5334,254,119,0.0,1,0.0,0.0,0.0,0.0,1,0.0,0.0,1,0.0,0.0,0.0,0.0,0.0,19,16,2,0
5335,197,62,0.0,1,0.0,0.0,0.0,0.0,0.0,1,0.0,1,0.0,0.0,0.0,0.0,0.0,10,20,21,0
5336,693,57,0.0,0.0,1,0.0,0.0,0.0,0.0,1,0.0,0.0,0.0,0.0,0.0,0.0,1,13,2,17,0
5337,424,126,1,0.0,0.0,0.0,0.0,1,0.0,0.0,0.0,0.0,0.0,0.0,0.0,0.0,1,6,27,6,0
5338,103,50,0.0,0.0,1,0.0,0.0,0.0,0.0,1,0.0,0.0,0.0,0.0,0.0,0.0,1,13,4,6,0
5339,233,124,1,0.0,0.0,0.0,0.0,0.0,0.0,1,0.0,0.0,0.0,0.0,0.0,0.0,1,23,20,19,0
5340,901,91,0.0,0.0,0.0,1,0.0,0.0,1,0.0,0.0,0.0,0.0,0.0,1,0.0,0.0,15,7,2,0
5341,354,86,1,0.0,0.0,0.0,0.0,0.0,0.0,1,0.0,0.0,0.0,0.0,0.0,1,0.0,21,19,18,0
5342,962,49,0.0,0.0,0.0,1,0.0,1,0.0,0.0,0.0,0.0,0.0,0.0,0.0,1,0.0,22,29,0,0
5343,259,50,1,0.0,0.0,0.0,0.0,0.0,0.0,0.0,1,0.0,0.0,0.0,0.0,0.0,1,15,5,17,0
5344,257,2268,0.0,0.0,0.0,1,0.0,0.0,0.0,1,0.0,0.0,0.0,0.0,0.0,1,0.0,4,91,95,1
5345,676,84,0.0,0.0,0.0,1,0.0,1,0.0,0.0,0.0,0.0,0.0,0.0,1,0.0,0.0,15,21,4,0
5346,363,74,1,0.0,0.0,0.0,0.0,0.0,1,0.0,0.0,0.0,0.0,0.0,0.0,1,0.0,12,11,14,0
5347,922,71,0.0,0.0,0.0,1,1,0.0,0.0,0.0,0.0,0.0,0.0,0.0,0.0,1,0.0,7,7,21,0
5348,274,118,0.0,0.0,1,0.0,0.0,0.0,1,0.0,0.0,0.0,0.0,0.0,0.0,1,0.0,23,24,25,0
5349,840,114,0.0,0.0,0.0,1,0.0,1,0.0,0.0,0.0,1,0.0,0.0,0.0,0.0,0.0,7,20,21,0
5350,368,138,0.0,0.0,0.0,1,0.0,1,0.0,0.0,0.0,0.0,0.0,0.0,0.0,1,0.0,21,3,21,0
5351,790,119,1,0.0,0.0,0.0,0.0,1,0.0,0.0,0.0,0.0,0.0,0.0,0.0,0.0,1,11,6,10,0
5352,693,94,0.0,0.0,1,0.0,0.0,0.0,0.0,0.0,1,0.0,0.0,0.0,0.0,1,0.0,12,13,19,0
5353,695,114,1,0.0,0.0,0.0,0.0,0.0,1,0.0,0.0,0.0,1,0.0,0.0,0.0,0.0,9,26,28,0
5354,46,16,0.0,0.0,0.0,1,0.0,0.0,0.0,1,0.0,0.0,0.0,0.0,0.0,1,0.0,11,2,11,0
5355,57,90,0.0,1,0.0,0.0,1,0.0,0.0,0.0,0.0,0.0,0.0,0.0,1,0.0,0.0,20,4,19,0
5356,848,54,0.0,1,0.0,0.0,0.0,0.0,0.0,0.0,1,0.0,1,0.0,0.0,0.0,0.0,6,24,6,0
5357,889,137,0.0,0.0,0.0,1,0.0,1,0.0,0.0,0.0,1,0.0,0.0,0.0,0.0,0.0,18,21,25,0
5358,911,143,0.0,0.0,1,0.0,0.0,0.0,1,0.0,0.0,0.0,1,0.0,0.0,0.0,0.0,16,7,18,0
5359,359,127,0.0,0.0,0.0,1,1,0.0,0.0,0.0,0.0,0.0,1,0.0,0.0,0.0,0.0,22,9,18,0
5360,708,152,0.0,0.0,0.0,1,1,0.0,0.0,0.0,0.0,0.0,0.0,0.0,1,0.0,0.0,18,3,21,0
5361,926,81,0.0,1,0.0,0.0,0.0,0.0,0.0,1,0.0,0.0,0.0,0.0,0.0,1,0.0,11,16,28,0
5362,467,45,0.0,0.0,1,0.0,0.0,0.0,1,0.0,0.0,0.0,0.0,0.0,0.0,1,0.0,9,9,19,0
5363,291,90,0.0,0.0,1,0.0,0.0,1,0.0,0.0,0.0,0.0,0.0,0.0,0.0,0.0,1,12,12,4,0
5364,944,124,0.0,0.0,1,0.0,1,0.0,0.0,0.0,0.0,0.0,0.0,0.0,0.0,0.0,1,21,25,27,0
5365,800,1054,0.0,0.0,1,0.0,1,0.0,0.0,0.0,0.0,0.0,0.0,0.0,1,0.0,0.0,4,88,76,1
5366,205,107,0.0,0.0,0.0,1,0.0,0.0,0.0,0.0,1,0.0,0.0,0.0,0.0,0.0,1,13,14,26,0
5367,87,141,1,0.0,0.0,0.0,0.0,0.0,1,0.0,0.0,0.0,1,0.0,0.0,0.0,0.0,21,3,22,0
5368,123,4548,1,0.0,0.0,0.0,0.0,0.0,0.0,0.0,1,0.0,0.0,1,0.0,0.0,0.0,18,71,96,1
5369,734,160,1,0.0,0.0,0.0,1,0.0,0.0,0.0,0.0,1,0.0,0.0,0.0,0.0,0.0,19,22,5,0
5370,32,52,1,0.0,0.0,0.0,0.0,0.0,0.0,0.0,1,0.0,0.0,0.0,0.0,0.0,1,15,12,21,0
5371,145,8,0.0,0.0,1,0.0,1,0.0,0.0,0.0,0.0,1,0.0,0.0,0.0,0.0,0.0,14,26,14,0
5372,268,108,0.0,0.0,1,0.0,0.0,1,0.0,0.0,0.0,1,0.0,0.0,0.0,0.0,0.0,23,5,10,0
5373,526,83,1,0.0,0.0,0.0,0.0,0.0,0.0,0.0,1,0.0,0.0,0.0,0.0,1,0.0,12,16,26,0
5374,410,127,0.0,0.0,1,0.0,0.0,1,0.0,0.0,0.0,1,0.0,0.0,0.0,0.0,0.0,7,9,13,0
5375,230,76,1,0.0,0.0,0.0,0.0,1,0.0,0.0,0.0,0.0,0.0,0.0,0.0,0.0,1,22,27,26,0
5376,656,29,1,0.0,0.0,0.0,0.0,0.0,0.0,0.0,1,0.0,1,0.0,0.0,0.0,0.0,17,9,18,0
5377,592,130,1,0.0,0.0,0.0,0.0,0.0,0.0,1,0.0,0.0,0.0,0.0,0.0,1,0.0,18,23,0,0
5378,249,1881,0.0,0.0,0.0,1,1,0.0,0.0,0.0,0.0,0.0,0.0,0.0,1,0.0,0.0,11,78,70,1
5379,401,157,1,0.0,0.0,0.0,0.0,1,0.0,0.0,0.0,0.0,0.0,0.0,0.0,0.0,1,7,14,29,0
5380,586,98,0.0,0.0,1,0.0,0.0,0.0,0.0,1,0.0,0.0,0.0,0.0,0.0,1,0.0,9,28,5,0
5381,465,83,0.0,0.0,0.0,1,1,0.0,0.0,0.0,0.0,0.0,0.0,0.0,0.0,1,0.0,17,12,23,0
5382,302,58,0.0,0.0,0.0,1,1,0.0,0.0,0.0,0.0,1,0.0,0.0,0.0,0.0,0.0,21,2,9,0
5383,245,185,0.0,0.0,1,0.0,1,0.0,0.0,0.0,0.0,0.0,1,0.0,0.0,0.0,0.0,8,22,21,0
5384,928,90,1,0.0,0.0,0.0,1,0.0,0.0,0.0,0.0,0.0,1,0.0,0.0,0.0,0.0,17,19,21,0
5385,420,62,0.0,0.0,0.0,1,0.0,1,0.0,0.0,0.0,0.0,0.0,0.0,0.0,0.0,1,18,22,29,0
5386,826,101,0.0,1,0.0,0.0,0.0,1,0.0,0.0,0.0,0.0,0.0,0.0,0.0,0.0,1,8,24,27,0
5387,344,16,0.0,0.0,0.0,1,0.0,0.0,0.0,0.0,1,0.0,1,0.0,0.0,0.0,0.0,11,16,23,0
5388,112,193,0.0,1,0.0,0.0,0.0,1,0.0,0.0,0.0,0.0,0.0,0.0,1,0.0,0.0,13,10,2,0
5389,300,67,0.0,1,0.0,0.0,1,0.0,0.0,0.0,0.0,0.0,0.0,0.0,1,0.0,0.0,20,11,26,0
5390,106,89,1,0.0,0.0,0.0,0.0,0.0,1,0.0,0.0,0.0,1,0.0,0.0,0.0,0.0,12,8,28,0
5391,188,95,0.0,0.0,1,0.0,1,0.0,0.0,0.0,0.0,0.0,1,0.0,0.0,0.0,0.0,22,21,13,0
5392,418,162,0.0,1,0.0,0.0,0.0,0.0,0.0,1,0.0,0.0,0.0,0.0,1,0.0,0.0,10,24,19,0
5393,567,122,0.0,0.0,1,0.0,1,0.0,0.0,0.0,0.0,0.0,1,0.0,0.0,0.0,0.0,16,3,4,0
5394,549,80,0.0,0.0,1,0.0,0.0,0.0,0.0,0.0,1,0.0,0.0,0.0,0.0,1,0.0,9,0,4,0
5395,650,106,1,0.0,0.0,0.0,0.0,0.0,1,0.0,0.0,0.0,1,0.0,0.0,0.0,0.0,15,10,22,0
5396,404,135,0.0,1,0.0,0.0,1,0.0,0.0,0.0,0.0,0.0,1,0.0,0.0,0.0,0.0,12,28,18,0
5397,896,95,0.0,0.0,0.0,1,0.0,1,0.0,0.0,0.0,0.0,0.0,0.0,0.0,1,0.0,17,21,17,0
5398,218,165,0.0,0.0,1,0.0,0.0,0.0,1,0.0,0.0,1,0.0,0.0,0.0,0.0,0.0,13,23,3,0
5399,378,52,1,0.0,0.0,0.0,0.0,0.0,0.0,1,0.0,0.0,0.0,0.0,0.0,1,0.0,23,9,2,0
5400,744,133,0.0,0.0,0.0,1,0.0,0.0,0.0,0.0,1,0.0,0.0,0.0,0.0,0.0,1,13,25,16,0
5401,743,86,0.0,0.0,0.0,1,0.0,1,0.0,0.0,0.0,0.0,1,0.0,0.0,0.0,0.0,10,11,12,0
5402,837,113,0.0,0.0,0.0,1,0.0,0.0,0.0,1,0.0,0.0,0.0,0.0,0.0,1,0.0,9,20,5,0
5403,228,186,1,0.0,0.0,0.0,0.0,0.0,1,0.0,0.0,0.0,0.0,0.0,0.0,0.0,1,13,20,17,0
5404,57,153,0.0,0.0,1,0.0,1,0.0,0.0,0.0,0.0,1,0.0,0.0,0.0,0.0,0.0,12,9,25,0
5405,738,96,0.0,0.0,0.0,1,0.0,1,0.0,0.0,0.0,0.0,0.0,0.0,1,0.0,0.0,6,0,20,0
5406,577,52,0.0,0.0,0.0,1,0.0,0.0,1,0.0,0.0,0.0,1,0.0,0.0,0.0,0.0,11,3,9,0
5407,757,70,0.0,1,0.0,0.0,0.0,0.0,0.0,0.0,1,1,0.0,0.0,0.0,0.0,0.0,22,11,21,0
5408,558,187,0.0,0.0,0.0,1,0.0,0.0,0.0,0.0,1,0.0,0.0,0.0,0.0,1,0.0,10,1,15,0
5409,337,124,0.0,0.0,1,0.0,0.0,1,0.0,0.0,0.0,0.0,1,0.0,0.0,0.0,0.0,21,10,4,0
5410,806,127,0.0,0.0,1,0.0,0.0,0.0,0.0,1,0.0,0.0,0.0,0.0,1,0.0,0.0,20,27,0,0
5411,12,46,1,0.0,0.0,0.0,0.0,1,0.0,0.0,0.0,1,0.0,0.0,0.0,0.0,0.0,9,23,7,0
5412,441,163,0.0,0.0,1,0.0,0.0,0.0,0.0,0.0,1,1,0.0,0.0,0.0,0.0,0.0,22,0,18,0
5413,452,155,0.0,1,0.0,0.0,0.0,0.0,0.0,0.0,1,1,0.0,0.0,0.0,0.0,0.0,7,6,14,0
5414,464,104,0.0,1,0.0,0.0,1,0.0,0.0,0.0,0.0,0.0,0.0,0.0,0.0,0.0,1,10,8,29,0
5415,31,57,0.0,0.0,0.0,1,1,0.0,0.0,0.0,0.0,0.0,0.0,0.0,0.0,1,0.0,8,22,13,0
5416,232,90,0.0,0.0,0.0,1,0.0,1,0.0,0.0,0.0,0.0,0.0,0.0,1,0.0,0.0,23,21,10,0
5417,928,94,0.0,0.0,1,0.0,1,0.0,0.0,0.0,0.0,0.0,0.0,0.0,0.0,1,0.0,14,25,7,0
5418,873,103,0.0,0.0,1,0.0,1,0.0,0.0,0.0,0.0,0.0,0.0,0.0,0.0,0.0,1,8,22,29,0
5419,102,118,0.0,1,0.0,0.0,0.0,1,0.0,0.0,0.0,1,0.0,0.0,0.0,0.0,0.0,17,18,5,0
5420,377,128,0.0,0.0,0.0,1,0.0,0.0,0.0,1,0.0,1,0.0,0.0,0.0,0.0,0.0,14,10,0,0
5421,205,160,0.0,1,0.0,0.0,0.0,0.0,0.0,1,0.0,0.0,0.0,0.0,1,0.0,0.0,11,13,0,0
5422,108,11,0.0,1,0.0,0.0,0.0,0.0,1,0.0,0.0,1,0.0,0.0,0.0,0.0,0.0,23,5,25,0
5423,316,200,0.0,1,0.0,0.0,0.0,0.0,1,0.0,0.0,0.0,1,0.0,0.0,0.0,0.0,19,10,12,0
5424,67,111,1,0.0,0.0,0.0,0.0,0.0,1,0.0,0.0,0.0,0.0,0.0,0.0,0.0,1,9,21,17,0
5425,788,129,0.0,0.0,1,0.0,0.0,1,0.0,0.0,0.0,0.0,0.0,0.0,0.0,0.0,1,15,11,29,0
5426,255,137,1,0.0,0.0,0.0,0.0,0.0,0.0,1,0.0,1,0.0,0.0,0.0,0.0,0.0,18,2,27,0
5427,861,25,0.0,0.0,1,0.0,0.0,0.0,1,0.0,0.0,1,0.0,0.0,0.0,0.0,0.0,15,13,1,0
5428,122,61,0.0,1,0.0,0.0,0.0,1,0.0,0.0,0.0,0.0,0.0,0.0,1,0.0,0.0,13,7,1,0
5429,243,71,1,0.0,0.0,0.0,0.0,0.0,0.0,0.0,1,0.0,0.0,0.0,0.0,1,0.0,20,25,19,0
5430,712,5,0.0,0.0,0.0,1,0.0,0.0,1,0.0,0.0,0.0,0.0,0.0,0.0,1,0.0,7,7,14,0
5431,72,1,0.0,1,0.0,0.0,0.0,0.0,1,0.0,0.0,0.0,0.0,0.0,0.0,0.0,1,9,14,28,0
5432,433,34,0.0,0.0,1,0.0,1,0.0,0.0,0.0,0.0,0.0,0.0,0.0,0.0,0.0,1,9,21,23,0
5433,141,2875,0.0,0.0,1,0.0,1,0.0,0.0,0.0,0.0,0.0,0.0,1,0.0,0.0,0.0,10,94,84,1
5434,984,128,1,0.0,0.0,0.0,0.0,0.0,0.0,1,0.0,0.0,0.0,0.0,1,0.0,0.0,14,1,26,0
5435,771,49,0.0,0.0,0.0,1,0.0,1,0.0,0.0,0.0,0.0,0.0,0.0,1,0.0,0.0,10,29,25,0
5436,441,80,1,0.0,0.0,0.0,0.0,0.0,0.0,0.0,1,0.0,1,0.0,0.0,0.0,0.0,22,0,6,0
5437,424,52,0.0,0.0,1,0.0,0.0,0.0,0.0,1,0.0,0.0,0.0,0.0,0.0,0.0,1,9,23,15,0
5438,283,52,1,0.0,0.0,0.0,0.0,0.0,0.0,0.0,1,0.0,0.0,0.0,1,0.0,0.0,11,12,20,0
5439,610,97,0.0,0.0,0.0,1,0.0,0.0,0.0,0.0,1,0.0,0.0,0.0,0.0,1,0.0,23,20,10,0
5440,920,173,1,0.0,0.0,0.0,1,0.0,0.0,0.0,0.0,0.0,0.0,0.0,0.0,1,0.0,16,16,25,0
5441,326,140,1,0.0,0.0,0.0,0.0,0.0,0.0,0.0,1,0.0,0.0,0.0,0.0,1,0.0,17,20,10,0
5442,727,38,0.0,0.0,1,0.0,0.0,0.0,1,0.0,0.0,0.0,0.0,0.0,0.0,1,0.0,13,7,21,0
5443,846,134,0.0,0.0,1,0.0,0.0,0.0,0.0,1,0.0,0.0,0.0,0.0,1,0.0,0.0,12,4,29,0
5444,715,109,0.0,1,0.0,0.0,0.0,0.0,0.0,1,0.0,0.0,0.0,0.0,0.0,1,0.0,18,17,18,0
5445,122,80,1,0.0,0.0,0.0,0.0,0.0,0.0,0.0,1,0.0,0.0,0.0,0.0,0.0,1,11,4,25,0
5446,670,50,0.0,0.0,0.0,1,0.0,0.0,1,0.0,0.0,0.0,0.0,0.0,0.0,1,0.0,11,29,7,0
5447,279,106,0.0,0.0,0.0,1,0.0,0.0,1,0.0,0.0,1,0.0,0.0,0.0,0.0,0.0,12,26,16,0
5448,973,122,0.0,0.0,0.0,1,0.0,0.0,0.0,0.0,1,0.0,0.0,0.0,0.0,0.0,1,16,27,24,0
5449,298,27,0.0,0.0,0.0,1,1,0.0,0.0,0.0,0.0,0.0,0.0,0.0,0.0,1,0.0,18,24,23,0
5450,527,175,0.0,1,0.0,0.0,0.0,0.0,1,0.0,0.0,0.0,0.0,0.0,0.0,1,0.0,13,26,5,0
5451,953,159,0.0,0.0,0.0,1,1,0.0,0.0,0.0,0.0,0.0,1,0.0,0.0,0.0,0.0,15,26,11,0
5452,838,1,1,0.0,0.0,0.0,1,0.0,0.0,0.0,0.0,1,0.0,0.0,0.0,0.0,0.0,14,21,19,0
5453,245,40,0.0,0.0,1,0.0,0.0,0.0,0.0,1,0.0,0.0,0.0,0.0,0.0,0.0,1,17,29,24,0
5454,793,245,0.0,0.0,1,0.0,1,0.0,0.0,0.0,0.0,1,0.0,0.0,0.0,0.0,0.0,7,22,14,0
5455,27,119,1,0.0,0.0,0.0,0.0,0.0,0.0,1,0.0,0.0,0.0,0.0,1,0.0,0.0,14,18,26,0
5456,701,1,0.0,0.0,1,0.0,1,0.0,0.0,0.0,0.0,0.0,0.0,0.0,0.0,0.0,1,13,26,10,0
5457,906,50,0.0,1,0.0,0.0,1,0.0,0.0,0.0,0.0,0.0,1,0.0,0.0,0.0,0.0,19,22,3,0
5458,363,108,0.0,0.0,0.0,1,0.0,0.0,1,0.0,0.0,0.0,0.0,0.0,0.0,0.0,1,9,11,17,0
5459,868,131,0.0,0.0,0.0,1,0.0,1,0.0,0.0,0.0,0.0,0.0,0.0,1,0.0,0.0,8,13,29,0
5460,388,134,1,0.0,0.0,0.0,0.0,0.0,1,0.0,0.0,0.0,0.0,0.0,1,0.0,0.0,21,12,28,0
5461,714,102,0.0,1,0.0,0.0,0.0,0.0,0.0,0.0,1,0.0,0.0,0.0,0.0,0.0,1,20,24,1,0
5462,620,24,0.0,0.0,1,0.0,0.0,0.0,0.0,1,0.0,0.0,0.0,0.0,0.0,1,0.0,13,1,0,0
5463,727,127,1,0.0,0.0,0.0,0.0,1,0.0,0.0,0.0,1,0.0,0.0,0.0,0.0,0.0,15,25,27,0
5464,223,143,0.0,0.0,0.0,1,0.0,0.0,1,0.0,0.0,0.0,0.0,0.0,0.0,1,0.0,6,10,5,0
5465,257,85,0.0,0.0,1,0.0,0.0,1,0.0,0.0,0.0,0.0,1,0.0,0.0,0.0,0.0,15,3,21,0
5466,813,116,0.0,0.0,1,0.0,0.0,0.0,0.0,1,0.0,0.0,1,0.0,0.0,0.0,0.0,7,4,1,0
5467,249,118,0.0,0.0,1,0.0,0.0,0.0,0.0,1,0.0,0.0,0.0,0.0,1,0.0,0.0,8,6,16,0
5468,857,114,0.0,0.0,1,0.0,0.0,0.0,0.0,1,0.0,0.0,0.0,0.0,1,0.0,0.0,17,9,4,0
5469,275,109,1,0.0,0.0,0.0,1,0.0,0.0,0.0,0.0,0.0,0.0,0.0,0.0,0.0,1,20,1,23,0
5470,78,164,0.0,0.0,1,0.0,1,0.0,0.0,0.0,0.0,0.0,0.0,0.0,0.0,0.0,1,7,24,15,0
5471,838,59,0.0,1,0.0,0.0,0.0,1,0.0,0.0,0.0,0.0,0.0,0.0,0.0,0.0,1,7,27,3,0
5472,56,154,1,0.0,0.0,0.0,0.0,0.0,0.0,0.0,1,0.0,1,0.0,0.0,0.0,0.0,15,7,5,0
5473,862,96,0.0,1,0.0,0.0,0.0,1,0.0,0.0,0.0,1,0.0,0.0,0.0,0.0,0.0,8,1,20,0
5474,563,9,0.0,0.0,1,0.0,0.0,1,0.0,0.0,0.0,0.0,0.0,0.0,0.0,1,0.0,12,21,26,0
5475,552,149,0.0,0.0,1,0.0,1,0.0,0.0,0.0,0.0,0.0,0.0,0.0,0.0,0.0,1,21,20,13,0
5476,600,16,0.0,0.0,0.0,1,1,0.0,0.0,0.0,0.0,0.0,0.0,0.0,1,0.0,0.0,18,14,9,0
5477,232,37,0.0,0.0,1,0.0,0.0,1,0.0,0.0,0.0,0.0,1,0.0,0.0,0.0,0.0,17,14,11,0
5478,440,90,0.0,1,0.0,0.0,1,0.0,0.0,0.0,0.0,0.0,1,0.0,0.0,0.0,0.0,9,20,18,0
5479,506,80,0.0,1,0.0,0.0,0.0,0.0,0.0,0.0,1,1,0.0,0.0,0.0,0.0,0.0,14,19,24,0
5480,793,36,1,0.0,0.0,0.0,0.0,0.0,1,0.0,0.0,0.0,1,0.0,0.0,0.0,0.0,17,26,13,0
5481,665,135,0.0,1,0.0,0.0,0.0,1,0.0,0.0,0.0,1,0.0,0.0,0.0,0.0,0.0,17,23,26,0
5482,74,77,1,0.0,0.0,0.0,0.0,1,0.0,0.0,0.0,0.0,0.0,0.0,0.0,1,0.0,6,13,12,0
5483,327,89,0.0,0.0,1,0.0,1,0.0,0.0,0.0,0.0,0.0,0.0,0.0,1,0.0,0.0,10,9,8,0
5484,584,165,0.0,1,0.0,0.0,0.0,1,0.0,0.0,0.0,1,0.0,0.0,0.0,0.0,0.0,21,17,1,0
5485,315,134,0.0,0.0,0.0,1,0.0,0.0,0.0,1,0.0,0.0,0.0,0.0,1,0.0,0.0,18,11,19,0
5486,937,74,0.0,0.0,1,0.0,1,0.0,0.0,0.0,0.0,0.0,0.0,0.0,0.0,0.0,1,13,5,11,0
5487,833,24,0.0,0.0,1,0.0,1,0.0,0.0,0.0,0.0,0.0,0.0,0.0,0.0,0.0,1,9,5,0,0
5488,270,58,1,0.0,0.0,0.0,0.0,0.0,0.0,0.0,1,0.0,0.0,0.0,0.0,1,0.0,6,0,19,0
5489,641,22,0.0,0.0,1,0.0,0.0,0.0,0.0,1,0.0,0.0,0.0,0.0,0.0,1,0.0,4,80,76,1
5490,208,64,0.0,0.0,0.0,1,0.0,0.0,0.0,1,0.0,0.0,1,0.0,0.0,0.0,0.0,15,8,0,0
5491,754,118,0.0,1,0.0,0.0,0.0,0.0,0.0,1,0.0,0.0,0.0,0.0,0.0,1,0.0,21,14,16,0
5492,365,152,0.0,0.0,0.0,1,1,0.0,0.0,0.0,0.0,0.0,0.0,0.0,0.0,1,0.0,16,24,14,0
5493,711,1,0.0,0.0,1,0.0,1,0.0,0.0,0.0,0.0,0.0,0.0,0.0,0.0,1,0.0,21,10,6,0
5494,434,188,0.0,0.0,1,0.0,0.0,0.0,0.0,0.0,1,0.0,0.0,0.0,1,0.0,0.0,19,0,19,0
5495,876,191,0.0,0.0,0.0,1,0.0,0.0,1,0.0,0.0,0.0,0.0,0.0,0.0,1,0.0,18,9,5,0
5496,479,131,0.0,0.0,0.0,1,0.0,0.0,0.0,0.0,1,0.0,0.0,0.0,0.0,1,0.0,10,0,17,0
5497,667,107,1,0.0,0.0,0.0,0.0,0.0,0.0,0.0,1,0.0,0.0,0.0,0.0,0.0,1,17,13,24,0
5498,762,181,0.0,0.0,1,0.0,1,0.0,0.0,0.0,0.0,0.0,0.0,0.0,0.0,0.0,1,20,6,16,0
5499,418,2473,0.0,0.0,0.0,1,0.0,1,0.0,0.0,0.0,1,0.0,0.0,0.0,0.0,0.0,21,97,73,1
5500,581,105,0.0,0.0,0.0,1,0.0,0.0,0.0,1,0.0,0.0,0.0,0.0,1,0.0,0.0,19,2,16,0
5501,727,117,0.0,1,0.0,0.0,1,0.0,0.0,0.0,0.0,1,0.0,0.0,0.0,0.0,0.0,19,6,9,0
5502,310,25,1,0.0,0.0,0.0,0.0,0.0,0.0,0.0,1,0.0,0.0,0.0,0.0,0.0,1,18,5,9,0
5503,769,44,0.0,0.0,1,0.0,0.0,1,0.0,0.0,0.0,0.0,0.0,0.0,1,0.0,0.0,18,20,10,0
5504,768,108,0.0,0.0,0.0,1,0.0,1,0.0,0.0,0.0,0.0,1,0.0,0.0,0.0,0.0,10,19,27,0
5505,243,10,0.0,0.0,1,0.0,1,0.0,0.0,0.0,0.0,0.0,0.0,0.0,0.0,0.0,1,21,77,80,1
5506,269,87,0.0,0.0,0.0,1,0.0,1,0.0,0.0,0.0,0.0,0.0,0.0,0.0,0.0,1,13,28,22,0
5507,888,76,0.0,0.0,0.0,1,0.0,0.0,0.0,0.0,1,0.0,1,0.0,0.0,0.0,0.0,7,26,29,0
5508,149,62,0.0,1,0.0,0.0,0.0,0.0,0.0,1,0.0,0.0,0.0,0.0,1,0.0,0.0,20,11,9,0
5509,170,116,0.0,0.0,1,0.0,0.0,1,0.0,0.0,0.0,0.0,1,0.0,0.0,0.0,0.0,13,16,6,0
5510,941,55,0.0,0.0,1,0.0,0.0,0.0,0.0,1,0.0,0.0,0.0,0.0,0.0,0.0,1,16,12,1,0
5511,484,160,0.0,1,0.0,0.0,0.0,0.0,0.0,0.0,1,0.0,0.0,0.0,1,0.0,0.0,7,26,3,0
5512,383,140,1,0.0,0.0,0.0,0.0,0.0,0.0,0.0,1,0.0,0.0,0.0,1,0.0,0.0,10,6,7,0
5513,373,114,0.0,1,0.0,0.0,0.0,1,0.0,0.0,0.0,0.0,1,0.0,0.0,0.0,0.0,14,25,10,0
5514,306,107,1,0.0,0.0,0.0,0.0,0.0,0.0,1,0.0,0.0,0.0,0.0,0.0,0.0,1,13,13,26,0
5515,790,184,1,0.0,0.0,0.0,0.0,0.0,1,0.0,0.0,0.0,0.0,0.0,1,0.0,0.0,8,20,28,0
5516,388,148,0.0,0.0,0.0,1,1,0.0,0.0,0.0,0.0,0.0,1,0.0,0.0,0.0,0.0,22,12,19,0
5517,228,57,0.0,0.0,1,0.0,0.0,0.0,1,0.0,0.0,0.0,0.0,0.0,1,0.0,0.0,21,16,3,0
5518,155,211,0.0,0.0,1,0.0,0.0,1,0.0,0.0,0.0,0.0,0.0,0.0,1,0.0,0.0,22,4,18,0
5519,883,96,0.0,1,0.0,0.0,0.0,0.0,0.0,1,0.0,0.0,0.0,0.0,0.0,1,0.0,23,18,11,0
5520,278,78,0.0,0.0,0.0,1,0.0,1,0.0,0.0,0.0,1,0.0,0.0,0.0,0.0,0.0,17,5,27,0
5521,793,112,0.0,0.0,0.0,1,0.0,1,0.0,0.0,0.0,0.0,1,0.0,0.0,0.0,0.0,21,17,3,0
5522,905,202,1,0.0,0.0,0.0,0.0,0.0,0.0,0.0,1,0.0,0.0,0.0,0.0,1,0.0,13,12,23,0
5523,409,88,0.0,0.0,1,0.0,0.0,1,0.0,0.0,0.0,0.0,0.0,0.0,0.0,0.0,1,12,2,19,0
5524,526,115,0.0,1,0.0,0.0,1,0.0,0.0,0.0,0.0,0.0,1,0.0,0.0,0.0,0.0,19,29,10,0
5525,140,60,0.0,0.0,1,0.0,0.0,1,0.0,0.0,0.0,0.0,0.0,0.0,1,0.0,0.0,19,18,20,0
5526,543,140,1,0.0,0.0,0.0,0.0,0.0,0.0,0.0,1,0.0,0.0,0.0,0.0,0.0,1,10,18,16,0
5527,210,38,0.0,0.0,1,0.0,0.0,0.0,0.0,0.0,1,0.0,0.0,0.0,0.0,0.0,1,23,23,15,0
5528,132,153,0.0,1,0.0,0.0,0.0,0.0,0.0,0.0,1,0.0,1,0.0,0.0,0.0,0.0,8,14,29,0
5529,922,101,0.0,0.0,0.0,1,0.0,1,0.0,0.0,0.0,0.0,0.0,0.0,1,0.0,0.0,7,8,13,0
5530,818,128,0.0,0.0,0.0,1,0.0,0.0,0.0,1,0.0,0.0,0.0,0.0,0.0,1,0.0,6,16,15,0
5531,422,79,0.0,0.0,0.0,1,0.0,0.0,1,0.0,0.0,0.0,0.0,0.0,0.0,1,0.0,10,22,6,0
5532,519,21,0.0,1,0.0,0.0,0.0,0.0,1,0.0,0.0,0.0,0.0,0.0,1,0.0,0.0,6,24,22,0
5533,587,198,0.0,0.0,0.0,1,0.0,0.0,0.0,1,0.0,0.0,1,0.0,0.0,0.0,0.0,1,98,75,1
5534,154,51,0.0,0.0,0.0,1,0.0,1,0.0,0.0,0.0,0.0,0.0,0.0,0.0,0.0,1,13,10,26,0
5535,231,120,0.0,1,0.0,0.0,0.0,1,0.0,0.0,0.0,0.0,1,0.0,0.0,0.0,0.0,19,20,0,0
5536,310,73,0.0,0.0,0.0,1,0.0,1,0.0,0.0,0.0,0.0,0.0,0.0,1,0.0,0.0,14,15,20,0
5537,999,44,0.0,0.0,0.0,1,0.0,0.0,0.0,0.0,1,1,0.0,0.0,0.0,0.0,0.0,10,28,1,0
5538,753,127,0.0,1,0.0,0.0,0.0,0.0,1,0.0,0.0,1,0.0,0.0,0.0,0.0,0.0,15,24,14,0
5539,865,155,0.0,1,0.0,0.0,0.0,0.0,1,0.0,0.0,0.0,1,0.0,0.0,0.0,0.0,17,20,14,0
5540,797,38,0.0,1,0.0,0.0,0.0,1,0.0,0.0,0.0,0.0,1,0.0,0.0,0.0,0.0,12,13,6,0
5541,532,61,0.0,0.0,0.0,1,1,0.0,0.0,0.0,0.0,1,0.0,0.0,0.0,0.0,0.0,9,18,14,0
5542,496,113,0.0,0.0,1,0.0,0.0,0.0,0.0,1,0.0,1,0.0,0.0,0.0,0.0,0.0,9,5,19,0
5543,570,128,0.0,1,0.0,0.0,0.0,0.0,0.0,0.0,1,0.0,0.0,0.0,0.0,1,0.0,10,15,11,0
5544,559,56,0.0,0.0,1,0.0,0.0,0.0,0.0,0.0,1,0.0,0.0,0.0,1,0.0,0.0,20,22,1,0
5545,721,144,0.0,0.0,1,0.0,0.0,1,0.0,0.0,0.0,1,0.0,0.0,0.0,0.0,0.0,16,0,27,0
5546,111,214,0.0,0.0,1,0.0,0.0,0.0,1,0.0,0.0,0.0,1,0.0,0.0,0.0,0.0,22,4,21,0
5547,517,77,0.0,0.0,0.0,1,0.0,0.0,0.0,0.0,1,0.0,1,0.0,0.0,0.0,0.0,6,14,14,0
5548,408,144,0.0,0.0,1,0.0,1,0.0,0.0,0.0,0.0,0.0,0.0,0.0,0.0,1,0.0,22,3,28,0
5549,802,137,0.0,1,0.0,0.0,0.0,0.0,1,0.0,0.0,0.0,0.0,0.0,0.0,1,0.0,13,7,29,0
5550,497,207,0.0,1,0.0,0.0,0.0,0.0,0.0,1,0.0,0.0,0.0,0.0,0.0,1,0.0,13,0,26,0
5551,251,13,0.0,1,0.0,0.0,0.0,0.0,1,0.0,0.0,0.0,0.0,0.0,0.0,0.0,1,17,10,11,0
5552,57,137,0.0,0.0,0.0,1,0.0,0.0,0.0,1,0.0,0.0,0.0,0.0,1,0.0,0.0,19,24,5,0
5553,617,151,0.0,1,0.0,0.0,0.0,0.0,1,0.0,0.0,0.0,0.0,0.0,0.0,1,0.0,13,12,7,0
5554,575,135,0.0,1,0.0,0.0,0.0,0.0,0.0,0.0,1,0.0,0.0,0.0,1,0.0,0.0,13,28,25,0
5555,321,26,0.0,0.0,0.0,1,0.0,0.0,0.0,1,0.0,0.0,0.0,0.0,0.0,0.0,1,12,25,16,0
5556,111,49,0.0,1,0.0,0.0,0.0,0.0,0.0,0.0,1,0.0,0.0,0.0,0.0,1,0.0,15,15,14,0
5557,187,176,0.0,0.0,1,0.0,0.0,0.0,0.0,1,0.0,0.0,0.0,0.0,0.0,1,0.0,21,18,23,0
5558,889,80,0.0,0.0,0.0,1,0.0,1,0.0,0.0,0.0,0.0,0.0,0.0,0.0,0.0,1,9,15,17,0
5559,720,110,1,0.0,0.0,0.0,0.0,0.0,1,0.0,0.0,0.0,1,0.0,0.0,0.0,0.0,7,25,14,0
5560,295,146,0.0,0.0,0.0,1,0.0,0.0,1,0.0,0.0,0.0,0.0,0.0,0.0,1,0.0,9,12,3,0
5561,742,91,1,0.0,0.0,0.0,0.0,1,0.0,0.0,0.0,1,0.0,0.0,0.0,0.0,0.0,15,17,4,0
5562,625,185,0.0,1,0.0,0.0,0.0,0.0,0.0,1,0.0,0.0,1,0.0,0.0,0.0,0.0,11,8,13,0
5563,556,90,1,0.0,0.0,0.0,0.0,0.0,1,0.0,0.0,0.0,0.0,0.0,1,0.0,0.0,6,10,4,0
5564,129,701,0.0,1,0.0,0.0,0.0,0.0,0.0,1,0.0,0.0,0.0,0.0,0.0,0.0,1,6,91,87,1
5565,305,170,0.0,0.0,0.0,1,1,0.0,0.0,0.0,0.0,0.0,0.0,0.0,1,0.0,0.0,8,27,15,0
5566,50,82,0.0,0.0,0.0,1,0.0,0.0,0.0,1,0.0,0.0,0.0,0.0,0.0,0.0,1,8,19,2,0
5567,384,94,0.0,0.0,0.0,1,0.0,0.0,0.0,1,0.0,0.0,0.0,0.0,0.0,0.0,1,12,1,6,0
5568,453,99,1,0.0,0.0,0.0,0.0,0.0,0.0,0.0,1,0.0,0.0,0.0,0.0,0.0,1,23,22,16,0
5569,771,170,0.0,0.0,0.0,1,0.0,0.0,0.0,0.0,1,0.0,0.0,0.0,1,0.0,0.0,23,27,2,0
5570,962,94,1,0.0,0.0,0.0,0.0,0.0,0.0,0.0,1,1,0.0,0.0,0.0,0.0,0.0,9,10,3,0
5571,280,30,0.0,0.0,1,0.0,1,0.0,0.0,0.0,0.0,0.0,0.0,0.0,0.0,1,0.0,16,19,22,0
5572,757,117,0.0,0.0,1,0.0,0.0,1,0.0,0.0,0.0,0.0,0.0,0.0,1,0.0,0.0,17,20,12,0
5573,934,60,0.0,0.0,0.0,1,0.0,0.0,0.0,1,0.0,0.0,0.0,0.0,1,0.0,0.0,11,20,16,0
5574,92,126,1,0.0,0.0,0.0,0.0,0.0,0.0,1,0.0,0.0,1,0.0,0.0,0.0,0.0,21,29,12,0
5575,698,148,1,0.0,0.0,0.0,1,0.0,0.0,0.0,0.0,0.0,1,0.0,0.0,0.0,0.0,23,19,15,0
5576,777,143,0.0,0.0,0.0,1,0.0,0.0,0.0,0.0,1,1,0.0,0.0,0.0,0.0,0.0,20,12,10,0
5577,225,104,0.0,0.0,0.0,1,0.0,0.0,0.0,1,0.0,0.0,1,0.0,0.0,0.0,0.0,12,6,3,0
5578,411,76,0.0,0.0,1,0.0,0.0,1,0.0,0.0,0.0,1,0.0,0.0,0.0,0.0,0.0,22,16,6,0
5579,256,101,1,0.0,0.0,0.0,0.0,1,0.0,0.0,0.0,0.0,0.0,0.0,1,0.0,0.0,16,10,15,0
5580,951,100,0.0,1,0.0,0.0,0.0,1,0.0,0.0,0.0,0.0,0.0,0.0,1,0.0,0.0,13,0,26,0
5581,912,113,1,0.0,0.0,0.0,0.0,0.0,0.0,1,0.0,0.0,0.0,0.0,0.0,1,0.0,8,0,23,0
5582,915,115,0.0,1,0.0,0.0,0.0,0.0,1,0.0,0.0,0.0,0.0,0.0,0.0,1,0.0,20,13,29,0
5583,573,16,1,0.0,0.0,0.0,0.0,0.0,1,0.0,0.0,0.0,1,0.0,0.0,0.0,0.0,11,23,26,0
5584,208,137,0.0,1,0.0,0.0,0.0,0.0,1,0.0,0.0,0.0,1,0.0,0.0,0.0,0.0,12,5,18,0
5585,176,132,0.0,0.0,0.0,1,0.0,0.0,0.0,1,0.0,0.0,0.0,0.0,1,0.0,0.0,6,12,1,0
5586,536,48,0.0,0.0,1,0.0,0.0,0.0,1,0.0,0.0,0.0,0.0,0.0,1,0.0,0.0,23,7,13,0
5587,565,138,0.0,0.0,0.0,1,1,0.0,0.0,0.0,0.0,0.0,1,0.0,0.0,0.0,0.0,9,9,26,0
5588,629,148,1,0.0,0.0,0.0,0.0,0.0,1,0.0,0.0,0.0,0.0,0.0,0.0,1,0.0,6,2,7,0
5589,850,136,0.0,0.0,0.0,1,1,0.0,0.0,0.0,0.0,1,0.0,0.0,0.0,0.0,0.0,21,17,6,0
5590,673,183,1,0.0,0.0,0.0,0.0,0.0,1,0.0,0.0,0.0,0.0,0.0,0.0,0.0,1,16,8,6,0
5591,552,106,0.0,0.0,1,0.0,0.0,0.0,1,0.0,0.0,0.0,0.0,0.0,1,0.0,0.0,19,17,8,0
5592,39,92,0.0,0.0,1,0.0,0.0,1,0.0,0.0,0.0,0.0,0.0,0.0,0.0,0.0,1,17,0,5,0
5593,186,53,0.0,1,0.0,0.0,0.0,1,0.0,0.0,0.0,0.0,0.0,0.0,1,0.0,0.0,19,29,13,0
5594,908,98,0.0,0.0,0.0,1,0.0,1,0.0,0.0,0.0,0.0,0.0,0.0,0.0,1,0.0,7,14,0,0
5595,871,113,1,0.0,0.0,0.0,0.0,0.0,0.0,0.0,1,0.0,0.0,0.0,0.0,0.0,1,21,18,10,0
5596,234,195,1,0.0,0.0,0.0,0.0,0.0,1,0.0,0.0,0.0,0.0,0.0,0.0,0.0,1,13,2,4,0
5597,167,120,0.0,1,0.0,0.0,0.0,1,0.0,0.0,0.0,0.0,0.0,0.0,0.0,1,0.0,20,7,16,0
5598,63,136,0.0,1,0.0,0.0,0.0,0.0,1,0.0,0.0,0.0,0.0,0.0,1,0.0,0.0,21,20,20,0
5599,113,115,0.0,0.0,1,0.0,1,0.0,0.0,0.0,0.0,1,0.0,0.0,0.0,0.0,0.0,23,19,11,0
5600,28,121,0.0,0.0,0.0,1,0.0,0.0,0.0,1,0.0,0.0,0.0,0.0,0.0,0.0,1,18,22,2,0
5601,375,129,0.0,0.0,0.0,1,0.0,0.0,0.0,1,0.0,0.0,0.0,0.0,1,0.0,0.0,18,1,9,0
5602,556,1,1,0.0,0.0,0.0,1,0.0,0.0,0.0,0.0,0.0,0.0,0.0,0.0,1,0.0,18,4,2,0
5603,441,99,1,0.0,0.0,0.0,0.0,0.0,0.0,0.0,1,0.0,1,0.0,0.0,0.0,0.0,17,12,15,0
5604,951,156,0.0,1,0.0,0.0,0.0,0.0,0.0,0.0,1,1,0.0,0.0,0.0,0.0,0.0,17,5,24,0
5605,988,174,0.0,0.0,0.0,1,0.0,0.0,1,0.0,0.0,0.0,0.0,0.0,0.0,0.0,1,11,19,20,0
5606,91,199,0.0,0.0,0.0,1,0.0,0.0,0.0,1,0.0,1,0.0,0.0,0.0,0.0,0.0,8,6,14,0
5607,272,121,0.0,1,0.0,0.0,0.0,0.0,0.0,1,0.0,0.0,0.0,0.0,0.0,0.0,1,17,2,15,0
5608,64,99,0.0,0.0,0.0,1,0.0,1,0.0,0.0,0.0,0.0,0.0,0.0,0.0,0.0,1,22,2,13,0
5609,567,162,0.0,0.0,1,0.0,0.0,0.0,0.0,0.0,1,0.0,0.0,0.0,0.0,0.0,1,23,26,12,0
5610,68,64,0.0,0.0,0.0,1,0.0,0.0,0.0,1,0.0,1,0.0,0.0,0.0,0.0,0.0,23,9,3,0
5611,695,178,0.0,1,0.0,0.0,0.0,1,0.0,0.0,0.0,0.0,1,0.0,0.0,0.0,0.0,6,8,4,0
5612,189,118,0.0,1,0.0,0.0,1,0.0,0.0,0.0,0.0,1,0.0,0.0,0.0,0.0,0.0,23,23,9,0
5613,65,102,1,0.0,0.0,0.0,0.0,0.0,0.0,1,0.0,0.0,0.0,0.0,0.0,1,0.0,9,6,25,0
5614,821,135,0.0,1,0.0,0.0,0.0,0.0,1,0.0,0.0,0.0,0.0,0.0,1,0.0,0.0,14,17,26,0
5615,485,205,0.0,0.0,0.0,1,0.0,1,0.0,0.0,0.0,0.0,0.0,0.0,0.0,1,0.0,7,21,18,0
5616,549,179,1,0.0,0.0,0.0,0.0,0.0,1,0.0,0.0,1,0.0,0.0,0.0,0.0,0.0,23,18,15,0
5617,698,130,0.0,0.0,1,0.0,1,0.0,0.0,0.0,0.0,0.0,0.0,0.0,1,0.0,0.0,10,15,12,0
5618,266,159,0.0,0.0,0.0,1,0.0,0.0,1,0.0,0.0,1,0.0,0.0,0.0,0.0,0.0,14,2,8,0
5619,722,74,1,0.0,0.0,0.0,0.0,0.0,1,0.0,0.0,0.0,1,0.0,0.0,0.0,0.0,22,12,12,0
5620,717,43,0.0,0.0,1,0.0,0.0,0.0,0.0,0.0,1,1,0.0,0.0,0.0,0.0,0.0,17,21,24,0
5621,246,118,0.0,1,0.0,0.0,0.0,0.0,1,0.0,0.0,1,0.0,0.0,0.0,0.0,0.0,11,11,28,0
5622,750,148,0.0,1,0.0,0.0,0.0,0.0,1,0.0,0.0,0.0,0.0,0.0,1,0.0,0.0,14,12,12,0
5623,279,115,0.0,0.0,1,0.0,0.0,0.0,1,0.0,0.0,0.0,0.0,0.0,0.0,0.0,1,8,16,29,0
5624,785,84,0.0,1,0.0,0.0,1,0.0,0.0,0.0,0.0,0.0,0.0,0.0,1,0.0,0.0,19,23,9,0
5625,308,1,1,0.0,0.0,0.0,0.0,0.0,1,0.0,0.0,1,0.0,0.0,0.0,0.0,0.0,22,10,17,0
5626,678,1,0.0,1,0.0,0.0,1,0.0,0.0,0.0,0.0,0.0,0.0,0.0,0.0,0.0,1,23,17,2,0
5627,140,186,0.0,0.0,0.0,1,0.0,0.0,0.0,0.0,1,0.0,0.0,0.0,0.0,1,0.0,23,15,8,0
5628,285,128,1,0.0,0.0,0.0,0.0,0.0,1,0.0,0.0,0.0,1,0.0,0.0,0.0,0.0,21,15,24,0
5629,537,145,0.0,1,0.0,0.0,1,0.0,0.0,0.0,0.0,1,0.0,0.0,0.0,0.0,0.0,12,22,14,0
5630,430,107,0.0,0.0,0.0,1,0.0,0.0,1,0.0,0.0,1,0.0,0.0,0.0,0.0,0.0,9,0,9,0
5631,974,111,0.0,0.0,0.0,1,1,0.0,0.0,0.0,0.0,1,0.0,0.0,0.0,0.0,0.0,14,29,8,0
5632,544,185,1,0.0,0.0,0.0,0.0,0.0,0.0,0.0,1,0.0,0.0,0.0,0.0,0.0,1,19,0,12,0
5633,580,97,1,0.0,0.0,0.0,0.0,0.0,1,0.0,0.0,0.0,0.0,0.0,0.0,0.0,1,7,18,10,0
5634,296,195,1,0.0,0.0,0.0,0.0,1,0.0,0.0,0.0,0.0,1,0.0,0.0,0.0,0.0,14,12,18,0
5635,611,148,0.0,1,0.0,0.0,0.0,0.0,0.0,0.0,1,0.0,1,0.0,0.0,0.0,0.0,6,5,26,0
5636,176,142,1,0.0,0.0,0.0,0.0,0.0,0.0,1,0.0,1,0.0,0.0,0.0,0.0,0.0,12,29,20,0
5637,856,164,0.0,1,0.0,0.0,0.0,0.0,0.0,0.0,1,0.0,1,0.0,0.0,0.0,0.0,21,27,6,0
5638,211,56,0.0,1,0.0,0.0,0.0,1,0.0,0.0,0.0,0.0,0.0,0.0,1,0.0,0.0,6,7,25,0
5639,880,84,0.0,0.0,0.0,1,0.0,0.0,0.0,0.0,1,1,0.0,0.0,0.0,0.0,0.0,20,20,24,0
5640,378,43,0.0,0.0,0.0,1,0.0,1,0.0,0.0,0.0,0.0,1,0.0,0.0,0.0,0.0,10,14,26,0
5641,309,135,1,0.0,0.0,0.0,0.0,0.0,1,0.0,0.0,0.0,0.0,0.0,0.0,1,0.0,14,8,2,0
5642,913,28,0.0,1,0.0,0.0,0.0,0.0,1,0.0,0.0,1,0.0,0.0,0.0,0.0,0.0,13,9,17,0
5643,918,106,1,0.0,0.0,0.0,0.0,1,0.0,0.0,0.0,0.0,0.0,0.0,0.0,1,0.0,12,15,4,0
5644,797,146,1,0.0,0.0,0.0,0.0,0.0,0.0,1,0.0,1,0.0,0.0,0.0,0.0,0.0,15,6,0,0
5645,460,77,1,0.0,0.0,0.0,0.0,0.0,0.0,0.0,1,0.0,1,0.0,0.0,0.0,0.0,6,17,7,0
5646,92,83,0.0,0.0,0.0,1,0.0,0.0,1,0.0,0.0,0.0,0.0,0.0,0.0,0.0,1,14,18,16,0
5647,901,21,1,0.0,0.0,0.0,0.0,0.0,1,0.0,0.0,0.0,0.0,0.0,0.0,1,0.0,16,10,18,0
5648,446,115,1,0.0,0.0,0.0,0.0,0.0,0.0,1,0.0,0.0,1,0.0,0.0,0.0,0.0,21,9,12,0
5649,977,93,0.0,0.0,1,0.0,0.0,1,0.0,0.0,0.0,0.0,0.0,0.0,0.0,1,0.0,11,5,25,0
5650,44,157,0.0,0.0,1,0.0,0.0,0.0,0.0,0.0,1,1,0.0,0.0,0.0,0.0,0.0,12,15,20,0
5651,550,57,0.0,0.0,0.0,1,0.0,0.0,1,0.0,0.0,0.0,1,0.0,0.0,0.0,0.0,14,15,8,0
5652,335,81,0.0,0.0,0.0,1,0.0,0.0,1,0.0,0.0,0.0,0.0,0.0,0.0,0.0,1,20,13,10,0
5653,741,63,0.0,1,0.0,0.0,0.0,1,0.0,0.0,0.0,1,0.0,0.0,0.0,0.0,0.0,22,11,18,0
5654,971,76,0.0,1,0.0,0.0,1,0.0,0.0,0.0,0.0,0.0,0.0,0.0,1,0.0,0.0,18,21,4,0
5655,48,44,0.0,1,0.0,0.0,0.0,1,0.0,0.0,0.0,0.0,0.0,0.0,0.0,1,0.0,18,7,10,0
5656,843,175,0.0,0.0,0.0,1,0.0,0.0,0.0,1,0.0,0.0,1,0.0,0.0,0.0,0.0,23,15,24,0
5657,815,110,0.0,0.0,1,0.0,0.0,0.0,0.0,1,0.0,1,0.0,0.0,0.0,0.0,0.0,10,7,19,0
5658,62,63,1,0.0,0.0,0.0,0.0,0.0,1,0.0,0.0,1,0.0,0.0,0.0,0.0,0.0,15,17,6,0
5659,282,108,0.0,0.0,1,0.0,0.0,0.0,1,0.0,0.0,0.0,0.0,0.0,1,0.0,0.0,10,11,10,0
5660,0,94,1,0.0,0.0,0.0,0.0,1,0.0,0.0,0.0,0.0,1,0.0,0.0,0.0,0.0,22,2,25,0
5661,377,44,0.0,1,0.0,0.0,0.0,0.0,0.0,0.0,1,0.0,0.0,0.0,0.0,1,0.0,15,16,11,0
5662,387,125,0.0,0.0,1,0.0,0.0,1,0.0,0.0,0.0,0.0,0.0,0.0,0.0,1,0.0,23,13,24,0
5663,78,99,1,0.0,0.0,0.0,0.0,1,0.0,0.0,0.0,0.0,0.0,0.0,1,0.0,0.0,22,23,22,0
5664,549,85,0.0,1,0.0,0.0,0.0,0.0,0.0,1,0.0,0.0,0.0,0.0,0.0,0.0,1,14,2,7,0
5665,735,126,1,0.0,0.0,0.0,1,0.0,0.0,0.0,0.0,0.0,1,0.0,0.0,0.0,0.0,18,13,6,0
5666,73,147,1,0.0,0.0,0.0,1,0.0,0.0,0.0,0.0,1,0.0,0.0,0.0,0.0,0.0,10,4,1,0
5667,985,57,0.0,1,0.0,0.0,0.0,0.0,0.0,1,0.0,0.0,0.0,0.0,0.0,0.0,1,19,7,0,0
5668,264,121,0.0,0.0,1,0.0,0.0,0.0,0.0,1,0.0,0.0,1,0.0,0.0,0.0,0.0,21,10,27,0
5669,302,158,1,0.0,0.0,0.0,0.0,0.0,0.0,1,0.0,0.0,1,0.0,0.0,0.0,0.0,6,2,22,0
5670,617,73,1,0.0,0.0,0.0,0.0,1,0.0,0.0,0.0,1,0.0,0.0,0.0,0.0,0.0,21,29,3,0
5671,74,149,0.0,1,0.0,0.0,0.0,0.0,1,0.0,0.0,0.0,0.0,0.0,1,0.0,0.0,8,21,19,0
5672,340,175,1,0.0,0.0,0.0,0.0,1,0.0,0.0,0.0,0.0,1,0.0,0.0,0.0,0.0,8,12,22,0
5673,52,93,0.0,0.0,0.0,1,0.0,0.0,0.0,0.0,1,0.0,0.0,0.0,0.0,1,0.0,10,13,16,0
5674,178,125,0.0,0.0,1,0.0,0.0,0.0,0.0,1,0.0,0.0,0.0,0.0,0.0,0.0,1,15,6,21,0
5675,165,67,0.0,0.0,0.0,1,0.0,0.0,0.0,0.0,1,0.0,0.0,0.0,0.0,0.0,1,19,6,0,0
5676,110,116,0.0,0.0,1,0.0,1,0.0,0.0,0.0,0.0,0.0,1,0.0,0.0,0.0,0.0,23,8,6,0
5677,20,2983,1,0.0,0.0,0.0,1,0.0,0.0,0.0,0.0,0.0,0.0,0.0,1,0.0,0.0,7,73,84,1
5678,19,6256,0.0,0.0,0.0,1,0.0,0.0,0.0,1,0.0,0.0,1,0.0,0.0,0.0,0.0,15,78,94,1
5679,790,167,0.0,1,0.0,0.0,0.0,0.0,0.0,1,0.0,0.0,0.0,0.0,1,0.0,0.0,10,8,23,0
5680,590,10430,1,0.0,0.0,0.0,0.0,0.0,0.0,0.0,1,1,0.0,0.0,0.0,0.0,0.0,8,97,72,1
5681,179,149,0.0,1,0.0,0.0,0.0,1,0.0,0.0,0.0,1,0.0,0.0,0.0,0.0,0.0,23,28,1,0
5682,995,88,0.0,1,0.0,0.0,0.0,0.0,0.0,0.0,1,0.0,0.0,0.0,0.0,1,0.0,14,16,24,0
5683,300,69,0.0,0.0,0.0,1,0.0,0.0,0.0,1,0.0,0.0,1,0.0,0.0,0.0,0.0,23,21,26,0
5684,181,206,1,0.0,0.0,0.0,1,0.0,0.0,0.0,0.0,0.0,0.0,0.0,0.0,0.0,1,18,6,1,0
5685,441,133,0.0,0.0,0.0,1,0.0,0.0,0.0,0.0,1,0.0,1,0.0,0.0,0.0,0.0,10,27,26,0
5686,87,47,0.0,0.0,0.0,1,1,0.0,0.0,0.0,0.0,0.0,0.0,0.0,0.0,1,0.0,23,1,12,0
5687,696,4868,1,0.0,0.0,0.0,0.0,0.0,0.0,0.0,1,0.0,1,0.0,0.0,0.0,0.0,6,74,95,1
5688,686,30,1,0.0,0.0,0.0,0.0,1,0.0,0.0,0.0,1,0.0,0.0,0.0,0.0,0.0,18,28,24,0
5689,392,103,0.0,0.0,0.0,1,0.0,0.0,0.0,0.0,1,0.0,1,0.0,0.0,0.0,0.0,6,25,3,0
5690,625,121,0.0,1,0.0,0.0,1,0.0,0.0,0.0,0.0,0.0,0.0,0.0,0.0,1,0.0,15,2,24,0
5691,198,35,1,0.0,0.0,0.0,0.0,0.0,0.0,0.0,1,0.0,0.0,0.0,0.0,1,0.0,16,1,6,0
5692,200,108,0.0,0.0,1,0.0,0.0,1,0.0,0.0,0.0,0.0,0.0,0.0,0.0,1,0.0,22,28,5,0
5693,207,126,0.0,0.0,0.0,1,0.0,1,0.0,0.0,0.0,0.0,1,0.0,0.0,0.0,0.0,12,17,0,0
5694,765,37,0.0,0.0,0.0,1,1,0.0,0.0,0.0,0.0,1,0.0,0.0,0.0,0.0,0.0,14,16,18,0
5695,784,107,0.0,0.0,0.0,1,1,0.0,0.0,0.0,0.0,0.0,0.0,0.0,0.0,0.0,1,6,28,28,0
5696,548,1220,0.0,0.0,0.0,1,0.0,0.0,1,0.0,0.0,0.0,0.0,1,0.0,0.0,0.0,9,90,88,1
5697,298,1,0.0,0.0,1,0.0,1,0.0,0.0,0.0,0.0,1,0.0,0.0,0.0,0.0,0.0,10,26,6,0
5698,505,93,1,0.0,0.0,0.0,0.0,0.0,0.0,0.0,1,0.0,0.0,0.0,1,0.0,0.0,16,27,25,0
5699,84,75,0.0,1,0.0,0.0,0.0,0.0,0.0,0.0,1,0.0,0.0,0.0,1,0.0,0.0,11,15,9,0
5700,435,174,1,0.0,0.0,0.0,1,0.0,0.0,0.0,0.0,0.0,0.0,0.0,0.0,0.0,1,13,7,15,0
5701,738,35,0.0,0.0,0.0,1,1,0.0,0.0,0.0,0.0,0.0,0.0,0.0,0.0,0.0,1,15,19,23,0
5702,466,5,0.0,0.0,1,0.0,0.0,0.0,1,0.0,0.0,0.0,0.0,0.0,0.0,0.0,1,20,10,23,0
5703,743,76,0.0,0.0,0.0,1,0.0,0.0,0.0,1,0.0,0.0,0.0,0.0,0.0,1,0.0,21,3,4,0
5704,375,24,0.0,1,0.0,0.0,0.0,1,0.0,0.0,0.0,1,0.0,0.0,0.0,0.0,0.0,6,22,17,0
5705,751,44,0.0,0.0,0.0,1,0.0,1,0.0,0.0,0.0,0.0,0.0,0.0,0.0,1,0.0,19,7,20,0
5706,575,171,1,0.0,0.0,0.0,0.0,1,0.0,0.0,0.0,0.0,0.0,0.0,0.0,1,0.0,12,27,6,0
5707,988,117,0.0,1,0.0,0.0,0.0,0.0,1,0.0,0.0,0.0,0.0,0.0,1,0.0,0.0,6,17,16,0
5708,960,106,0.0,0.0,0.0,1,0.0,0.0,0.0,1,0.0,0.0,1,0.0,0.0,0.0,0.0,18,12,0,0
5709,453,124,0.0,1,0.0,0.0,0.0,1,0.0,0.0,0.0,1,0.0,0.0,0.0,0.0,0.0,11,9,28,0
5710,210,12,1,0.0,0.0,0.0,0.0,0.0,0.0,0.0,1,0.0,0.0,0.0,0.0,1,0.0,9,24,24,0
5711,883,107,0.0,0.0,1,0.0,0.0,1,0.0,0.0,0.0,0.0,1,0.0,0.0,0.0,0.0,14,15,25,0
5712,385,114,0.0,0.0,0.0,1,0.0,1,0.0,0.0,0.0,1,0.0,0.0,0.0,0.0,0.0,19,12,3,0
5713,539,88,0.0,1,0.0,0.0,1,0.0,0.0,0.0,0.0,0.0,1,0.0,0.0,0.0,0.0,12,5,15,0
5714,498,39,1,0.0,0.0,0.0,0.0,1,0.0,0.0,0.0,0.0,0.0,0.0,0.0,0.0,1,8,18,26,0
5715,138,62,0.0,1,0.0,0.0,0.0,0.0,0.0,1,0.0,0.0,0.0,0.0,0.0,1,0.0,12,20,7,0
5716,371,102,0.0,1,0.0,0.0,1,0.0,0.0,0.0,0.0,0.0,1,0.0,0.0,0.0,0.0,10,3,24,0
5717,46,55,1,0.0,0.0,0.0,1,0.0,0.0,0.0,0.0,0.0,0.0,0.0,0.0,1,0.0,17,21,25,0
5718,140,93,0.0,0.0,0.0,1,0.0,0.0,0.0,0.0,1,0.0,0.0,0.0,0.0,1,0.0,20,1,19,0
5719,832,124,1,0.0,0.0,0.0,0.0,1,0.0,0.0,0.0,0.0,0.0,0.0,0.0,1,0.0,16,26,21,0
5720,848,138,1,0.0,0.0,0.0,1,0.0,0.0,0.0,0.0,0.0,0.0,0.0,1,0.0,0.0,15,19,5,0
5721,460,68,0.0,0.0,1,0.0,0.0,0.0,1,0.0,0.0,0.0,0.0,0.0,0.0,0.0,1,6,14,15,0
5722,273,2499,0.0,1,0.0,0.0,0.0,0.0,0.0,1,0.0,0.0,1,0.0,0.0,0.0,0.0,22,80,71,1
5723,3,108,0.0,1,0.0,0.0,0.0,0.0,1,0.0,0.0,0.0,0.0,0.0,0.0,0.0,1,17,19,9,0
5724,665,37,0.0,0.0,1,0.0,1,0.0,0.0,0.0,0.0,0.0,0.0,0.0,0.0,1,0.0,15,25,14,0
5725,933,16,0.0,0.0,0.0,1,1,0.0,0.0,0.0,0.0,0.0,0.0,0.0,0.0,1,0.0,15,1,2,0
5726,343,203,0.0,0.0,0.0,1,0.0,0.0,0.0,1,0.0,0.0,1,0.0,0.0,0.0,0.0,13,11,18,0
5727,266,38,0.0,0.0,1,0.0,0.0,0.0,0.0,0.0,1,0.0,0.0,0.0,0.0,1,0.0,21,28,4,0
5728,409,111,0.0,1,0.0,0.0,0.0,0.0,1,0.0,0.0,1,0.0,0.0,0.0,0.0,0.0,18,19,6,0
5729,236,64,1,0.0,0.0,0.0,1,0.0,0.0,0.0,0.0,0.0,0.0,0.0,0.0,0.0,1,23,11,28,0
5730,938,53,0.0,0.0,0.0,1,0.0,0.0,1,0.0,0.0,0.0,0.0,0.0,1,0.0,0.0,17,9,15,0
5731,531,103,0.0,0.0,1,0.0,0.0,0.0,0.0,0.0,1,0.0,1,0.0,0.0,0.0,0.0,11,23,24,0
5732,886,142,1,0.0,0.0,0.0,0.0,0.0,0.0,0.0,1,0.0,0.0,0.0,0.0,1,0.0,9,17,1,0
5733,292,152,0.0,0.0,0.0,1,0.0,0.0,1,0.0,0.0,0.0,0.0,0.0,0.0,1,0.0,18,9,7,0
5734,379,140,1,0.0,0.0,0.0,0.0,0.0,1,0.0,0.0,0.0,0.0,0.0,1,0.0,0.0,20,29,9,0
5735,869,179,1,0.0,0.0,0.0,0.0,0.0,0.0,1,0.0,0.0,0.0,0.0,0.0,0.0,1,23,14,29,0
5736,601,67,0.0,0.0,0.0,1,0.0,0.0,1,0.0,0.0,0.0,0.0,0.0,1,0.0,0.0,11,8,24,0
5737,832,132,0.0,1,0.0,0.0,0.0,1,0.0,0.0,0.0,0.0,0.0,0.0,0.0,0.0,1,19,12,5,0
5738,971,75,0.0,0.0,0.0,1,0.0,0.0,0.0,0.0,1,0.0,0.0,0.0,0.0,0.0,1,7,7,1,0
5739,664,151,0.0,0.0,1,0.0,0.0,1,0.0,0.0,0.0,0.0,0.0,0.0,0.0,0.0,1,6,26,23,0
5740,782,105,0.0,0.0,1,0.0,0.0,0.0,1,0.0,0.0,0.0,0.0,0.0,0.0,1,0.0,12,19,21,0
5741,768,119,0.0,0.0,0.0,1,1,0.0,0.0,0.0,0.0,0.0,1,0.0,0.0,0.0,0.0,19,11,17,0
5742,12,116,0.0,0.0,1,0.0,0.0,1,0.0,0.0,0.0,0.0,0.0,0.0,0.0,1,0.0,13,22,10,0
5743,554,138,0.0,0.0,0.0,1,0.0,0.0,1,0.0,0.0,0.0,1,0.0,0.0,0.0,0.0,16,15,28,0
5744,176,115,0.0,1,0.0,0.0,0.0,1,0.0,0.0,0.0,0.0,0.0,0.0,0.0,0.0,1,7,5,26,0
5745,415,103,0.0,0.0,1,0.0,0.0,0.0,1,0.0,0.0,0.0,0.0,0.0,1,0.0,0.0,21,18,17,0
5746,58,139,0.0,0.0,0.0,1,1,0.0,0.0,0.0,0.0,1,0.0,0.0,0.0,0.0,0.0,10,20,4,0
5747,188,156,1,0.0,0.0,0.0,1,0.0,0.0,0.0,0.0,0.0,0.0,0.0,0.0,1,0.0,14,15,0,0
5748,0,79,1,0.0,0.0,0.0,1,0.0,0.0,0.0,0.0,0.0,1,0.0,0.0,0.0,0.0,6,26,15,0
5749,479,78,0.0,0.0,0.0,1,0.0,0.0,0.0,0.0,1,0.0,0.0,0.0,1,0.0,0.0,10,6,24,0
5750,176,71,0.0,1,0.0,0.0,0.0,1,0.0,0.0,0.0,0.0,0.0,0.0,1,0.0,0.0,17,5,17,0
5751,498,157,0.0,0.0,0.0,1,1,0.0,0.0,0.0,0.0,0.0,0.0,0.0,0.0,1,0.0,18,19,23,0
5752,229,68,0.0,1,0.0,0.0,0.0,1,0.0,0.0,0.0,0.0,0.0,0.0,0.0,1,0.0,12,1,25,0
5753,848,133,1,0.0,0.0,0.0,0.0,1,0.0,0.0,0.0,0.0,0.0,0.0,0.0,1,0.0,10,20,2,0
5754,295,122,0.0,0.0,0.0,1,0.0,0.0,1,0.0,0.0,0.0,0.0,0.0,0.0,1,0.0,11,12,27,0
5755,206,199,0.0,0.0,1,0.0,0.0,1,0.0,0.0,0.0,0.0,0.0,0.0,0.0,0.0,1,19,1,24,0
5756,111,130,0.0,1,0.0,0.0,0.0,0.0,1,0.0,0.0,0.0,0.0,0.0,0.0,1,0.0,9,25,13,0
5757,1,49,0.0,0.0,1,0.0,0.0,0.0,0.0,0.0,1,0.0,1,0.0,0.0,0.0,0.0,21,16,0,0
5758,11,155,1,0.0,0.0,0.0,1,0.0,0.0,0.0,0.0,0.0,1,0.0,0.0,0.0,0.0,15,10,13,0
5759,966,42,0.0,0.0,0.0,1,0.0,1,0.0,0.0,0.0,0.0,0.0,0.0,0.0,1,0.0,13,26,24,0
5760,692,66,0.0,0.0,1,0.0,0.0,0.0,1,0.0,0.0,0.0,0.0,0.0,0.0,0.0,1,15,24,10,0
5761,527,115,0.0,0.0,1,0.0,1,0.0,0.0,0.0,0.0,0.0,1,0.0,0.0,0.0,0.0,14,10,27,0
5762,597,78,1,0.0,0.0,0.0,1,0.0,0.0,0.0,0.0,0.0,1,0.0,0.0,0.0,0.0,11,6,18,0
5763,279,129,1,0.0,0.0,0.0,0.0,1,0.0,0.0,0.0,0.0,0.0,0.0,0.0,1,0.0,8,6,29,0
5764,634,23,0.0,0.0,0.0,1,0.0,1,0.0,0.0,0.0,0.0,0.0,0.0,1,0.0,0.0,14,17,7,0
5765,499,150,0.0,1,0.0,0.0,0.0,0.0,0.0,1,0.0,0.0,0.0,0.0,0.0,0.0,1,13,22,29,0
5766,370,131,1,0.0,0.0,0.0,0.0,0.0,0.0,1,0.0,0.0,1,0.0,0.0,0.0,0.0,8,7,5,0
5767,529,128,0.0,0.0,1,0.0,1,0.0,0.0,0.0,0.0,1,0.0,0.0,0.0,0.0,0.0,21,20,2,0
5768,218,147,0.0,1,0.0,0.0,0.0,0.0,1,0.0,0.0,0.0,0.0,0.0,1,0.0,0.0,18,25,20,0
5769,443,13,1,0.0,0.0,0.0,0.0,0.0,1,0.0,0.0,0.0,1,0.0,0.0,0.0,0.0,6,13,29,0
5770,322,201,1,0.0,0.0,0.0,0.0,0.0,0.0,1,0.0,0.0,1,0.0,0.0,0.0,0.0,9,7,11,0
5771,985,68,0.0,1,0.0,0.0,0.0,1,0.0,0.0,0.0,0.0,0.0,0.0,1,0.0,0.0,7,13,4,0
5772,60,102,0.0,0.0,0.0,1,0.0,1,0.0,0.0,0.0,0.0,0.0,0.0,0.0,1,0.0,19,0,22,0
5773,539,104,0.0,1,0.0,0.0,1,0.0,0.0,0.0,0.0,1,0.0,0.0,0.0,0.0,0.0,13,22,11,0
5774,908,154,1,0.0,0.0,0.0,0.0,0.0,0.0,0.0,1,1,0.0,0.0,0.0,0.0,0.0,7,14,6,0
5775,866,142,1,0.0,0.0,0.0,1,0.0,0.0,0.0,0.0,0.0,0.0,0.0,0.0,1,0.0,6,6,18,0
5776,803,161,0.0,0.0,0.0,1,0.0,0.0,1,0.0,0.0,0.0,0.0,0.0,1,0.0,0.0,21,29,25,0
5777,732,125,0.0,1,0.0,0.0,0.0,1,0.0,0.0,0.0,0.0,1,0.0,0.0,0.0,0.0,23,0,12,0
5778,69,51,1,0.0,0.0,0.0,0.0,0.0,1,0.0,0.0,0.0,1,0.0,0.0,0.0,0.0,13,26,5,0
5779,870,111,1,0.0,0.0,0.0,0.0,0.0,1,0.0,0.0,0.0,1,0.0,0.0,0.0,0.0,10,28,16,0
5780,815,5,0.0,1,0.0,0.0,0.0,0.0,0.0,1,0.0,1,0.0,0.0,0.0,0.0,0.0,15,8,6,0
5781,981,32,1,0.0,0.0,0.0,1,0.0,0.0,0.0,0.0,0.0,0.0,0.0,0.0,0.0,1,16,3,7,0
5782,725,130,0.0,0.0,0.0,1,0.0,0.0,0.0,1,0.0,0.0,0.0,0.0,1,0.0,0.0,21,19,14,0
5783,568,18,0.0,0.0,0.0,1,0.0,1,0.0,0.0,0.0,0.0,0.0,0.0,0.0,0.0,1,16,5,24,0
5784,848,173,0.0,0.0,0.0,1,0.0,0.0,0.0,0.0,1,0.0,0.0,0.0,0.0,0.0,1,10,21,4,0
5785,366,129,0.0,0.0,0.0,1,0.0,1,0.0,0.0,0.0,0.0,1,0.0,0.0,0.0,0.0,12,9,27,0
5786,355,122,0.0,1,0.0,0.0,0.0,0.0,0.0,1,0.0,0.0,0.0,0.0,0.0,0.0,1,22,28,15,0
5787,875,69,0.0,1,0.0,0.0,0.0,0.0,1,0.0,0.0,0.0,0.0,0.0,0.0,1,0.0,22,21,14,0
5788,100,143,0.0,0.0,0.0,1,0.0,0.0,0.0,1,0.0,0.0,0.0,0.0,0.0,1,0.0,17,21,6,0
5789,974,151,0.0,1,0.0,0.0,0.0,0.0,1,0.0,0.0,0.0,0.0,0.0,1,0.0,0.0,22,9,29,0
5790,24,140,0.0,0.0,0.0,1,0.0,0.0,0.0,0.0,1,0.0,0.0,0.0,1,0.0,0.0,18,8,5,0
5791,679,98,0.0,0.0,0.0,1,0.0,1,0.0,0.0,0.0,0.0,0.0,0.0,0.0,0.0,1,23,24,13,0
5792,57,122,0.0,0.0,0.0,1,0.0,0.0,1,0.0,0.0,0.0,0.0,0.0,0.0,0.0,1,12,19,5,0
5793,336,157,0.0,1,0.0,0.0,1,0.0,0.0,0.0,0.0,0.0,0.0,0.0,1,0.0,0.0,9,10,29,0
5794,134,9,0.0,1,0.0,0.0,1,0.0,0.0,0.0,0.0,0.0,1,0.0,0.0,0.0,0.0,23,11,16,0
5795,427,97,0.0,0.0,1,0.0,1,0.0,0.0,0.0,0.0,0.0,0.0,0.0,0.0,0.0,1,11,4,8,0
5796,498,20,0.0,1,0.0,0.0,0.0,0.0,0.0,0.0,1,0.0,0.0,0.0,0.0,1,0.0,23,2,13,0
5797,428,33,1,0.0,0.0,0.0,0.0,0.0,0.0,0.0,1,0.0,0.0,0.0,0.0,0.0,1,22,26,12,0
5798,744,73,0.0,0.0,1,0.0,1,0.0,0.0,0.0,0.0,0.0,1,0.0,0.0,0.0,0.0,10,15,8,0
5799,834,246,1,0.0,0.0,0.0,0.0,0.0,0.0,0.0,1,0.0,0.0,0.0,0.0,1,0.0,7,3,0,0
5800,117,126,0.0,0.0,1,0.0,0.0,0.0,0.0,0.0,1,0.0,0.0,0.0,0.0,0.0,1,21,16,5,0
5801,456,155,0.0,0.0,0.0,1,0.0,1,0.0,0.0,0.0,0.0,0.0,0.0,1,0.0,0.0,13,13,5,0
5802,722,107,0.0,0.0,1,0.0,0.0,0.0,0.0,0.0,1,1,0.0,0.0,0.0,0.0,0.0,19,23,7,0
5803,434,85,1,0.0,0.0,0.0,0.0,0.0,0.0,0.0,1,0.0,0.0,0.0,0.0,1,0.0,18,23,15,0
5804,976,1645,0.0,1,0.0,0.0,0.0,0.0,0.0,1,0.0,0.0,0.0,1,0.0,0.0,0.0,2,79,89,1
5805,415,66,0.0,0.0,0.0,1,0.0,1,0.0,0.0,0.0,0.0,1,0.0,0.0,0.0,0.0,19,3,10,0
5806,242,71,1,0.0,0.0,0.0,0.0,1,0.0,0.0,0.0,0.0,0.0,0.0,0.0,1,0.0,11,13,6,0
5807,475,70,0.0,1,0.0,0.0,1,0.0,0.0,0.0,0.0,0.0,1,0.0,0.0,0.0,0.0,8,29,10,0
5808,120,102,0.0,1,0.0,0.0,1,0.0,0.0,0.0,0.0,0.0,0.0,0.0,0.0,1,0.0,13,7,23,0
5809,815,67,0.0,0.0,1,0.0,0.0,1,0.0,0.0,0.0,0.0,0.0,0.0,0.0,1,0.0,8,1,3,0
5810,903,118,0.0,0.0,0.0,1,0.0,0.0,1,0.0,0.0,0.0,0.0,0.0,0.0,0.0,1,12,22,5,0
5811,171,103,0.0,1,0.0,0.0,0.0,0.0,1,0.0,0.0,1,0.0,0.0,0.0,0.0,0.0,6,14,11,0
5812,201,130,1,0.0,0.0,0.0,0.0,0.0,1,0.0,0.0,1,0.0,0.0,0.0,0.0,0.0,7,12,15,0
5813,752,144,0.0,1,0.0,0.0,0.0,0.0,1,0.0,0.0,0.0,0.0,0.0,0.0,0.0,1,10,18,5,0
5814,605,93,0.0,1,0.0,0.0,0.0,0.0,0.0,1,0.0,0.0,0.0,0.0,0.0,0.0,1,7,21,14,0
5815,183,2363,1,0.0,0.0,0.0,0.0,1,0.0,0.0,0.0,0.0,0.0,0.0,0.0,1,0.0,0,80,93,1
5816,609,81,0.0,0.0,1,0.0,0.0,0.0,0.0,0.0,1,0.0,1,0.0,0.0,0.0,0.0,22,18,3,0
5817,382,69,0.0,0.0,1,0.0,0.0,0.0,0.0,1,0.0,0.0,0.0,0.0,1,0.0,0.0,14,25,18,0
5818,775,78,0.0,0.0,1,0.0,0.0,0.0,0.0,0.0,1,1,0.0,0.0,0.0,0.0,0.0,22,25,26,0
5819,360,62,1,0.0,0.0,0.0,0.0,0.0,1,0.0,0.0,0.0,0.0,0.0,0.0,0.0,1,9,16,22,0
5820,931,110,1,0.0,0.0,0.0,0.0,0.0,1,0.0,0.0,0.0,0.0,0.0,0.0,0.0,1,12,5,11,0
5821,481,52,1,0.0,0.0,0.0,0.0,1,0.0,0.0,0.0,0.0,0.0,0.0,0.0,1,0.0,11,23,5,0
5822,784,62,0.0,0.0,1,0.0,0.0,0.0,0.0,1,0.0,0.0,0.0,0.0,0.0,0.0,1,20,19,16,0
5823,916,93,0.0,0.0,0.0,1,0.0,0.0,0.0,0.0,1,0.0,1,0.0,0.0,0.0,0.0,23,2,28,0
5824,505,118,0.0,0.0,1,0.0,0.0,0.0,0.0,1,0.0,1,0.0,0.0,0.0,0.0,0.0,12,20,25,0
5825,141,134,0.0,0.0,0.0,1,0.0,1,0.0,0.0,0.0,0.0,0.0,0.0,0.0,1,0.0,20,21,20,0
5826,643,37,0.0,1,0.0,0.0,0.0,0.0,0.0,0.0,1,0.0,0.0,0.0,1,0.0,0.0,23,28,13,0
5827,237,115,0.0,0.0,0.0,1,0.0,0.0,0.0,1,0.0,0.0,1,0.0,0.0,0.0,0.0,8,6,13,0
5828,427,208,1,0.0,0.0,0.0,0.0,0.0,1,0.0,0.0,1,0.0,0.0,0.0,0.0,0.0,17,6,2,0
5829,885,138,0.0,0.0,0.0,1,0.0,0.0,0.0,1,0.0,0.0,0.0,0.0,1,0.0,0.0,6,12,29,0
5830,418,150,0.0,0.0,1,0.0,0.0,0.0,1,0.0,0.0,1,0.0,0.0,0.0,0.0,0.0,21,7,2,0
5831,116,89,1,0.0,0.0,0.0,0.0,0.0,0.0,1,0.0,0.0,0.0,0.0,1,0.0,0.0,14,9,4,0
5832,51,111,1,0.0,0.0,0.0,1,0.0,0.0,0.0,0.0,0.0,0.0,0.0,0.0,0.0,1,23,8,7,0
5833,109,64,1,0.0,0.0,0.0,1,0.0,0.0,0.0,0.0,0.0,0.0,0.0,0.0,1,0.0,11,15,28,0
5834,282,19,0.0,1,0.0,0.0,0.0,0.0,1,0.0,0.0,0.0,0.0,0.0,1,0.0,0.0,22,18,15,0
5835,567,114,0.0,0.0,1,0.0,0.0,0.0,0.0,0.0,1,1,0.0,0.0,0.0,0.0,0.0,18,9,3,0
5836,235,106,0.0,0.0,0.0,1,0.0,0.0,0.0,0.0,1,0.0,0.0,0.0,1,0.0,0.0,22,29,28,0
5837,659,73,1,0.0,0.0,0.0,1,0.0,0.0,0.0,0.0,0.0,0.0,0.0,0.0,1,0.0,7,5,11,0
5838,566,174,1,0.0,0.0,0.0,0.0,0.0,0.0,0.0,1,0.0,0.0,0.0,0.0,1,0.0,9,2,5,0
5839,237,137,0.0,1,0.0,0.0,0.0,0.0,0.0,1,0.0,0.0,0.0,0.0,1,0.0,0.0,6,29,2,0
5840,725,100,0.0,0.0,1,0.0,0.0,1,0.0,0.0,0.0,0.0,0.0,0.0,0.0,0.0,1,9,27,17,0
5841,638,75,1,0.0,0.0,0.0,0.0,0.0,0.0,0.0,1,0.0,1,0.0,0.0,0.0,0.0,12,29,27,0
5842,762,124,1,0.0,0.0,0.0,0.0,0.0,0.0,1,0.0,0.0,0.0,0.0,0.0,0.0,1,16,14,27,0
5843,870,50,0.0,0.0,0.0,1,0.0,0.0,1,0.0,0.0,0.0,0.0,0.0,1,0.0,0.0,16,16,15,0
5844,278,74,0.0,0.0,1,0.0,0.0,0.0,1,0.0,0.0,1,0.0,0.0,0.0,0.0,0.0,8,17,7,0
5845,709,151,0.0,0.0,1,0.0,0.0,0.0,0.0,1,0.0,0.0,0.0,0.0,0.0,1,0.0,16,8,0,0
5846,396,108,0.0,0.0,1,0.0,0.0,1,0.0,0.0,0.0,0.0,0.0,0.0,1,0.0,0.0,7,23,5,0
5847,848,173,1,0.0,0.0,0.0,0.0,0.0,1,0.0,0.0,1,0.0,0.0,0.0,0.0,0.0,22,1,26,0
5848,220,113,0.0,0.0,1,0.0,0.0,0.0,1,0.0,0.0,0.0,0.0,0.0,1,0.0,0.0,19,2,5,0
5849,151,142,1,0.0,0.0,0.0,1,0.0,0.0,0.0,0.0,0.0,0.0,0.0,0.0,1,0.0,17,7,19,0
5850,703,1312,0.0,0.0,1,0.0,0.0,0.0,0.0,1,0.0,0.0,0.0,0.0,0.0,0.0,1,19,74,75,1
5851,624,1,0.0,1,0.0,0.0,1,0.0,0.0,0.0,0.0,0.0,0.0,0.0,1,0.0,0.0,22,13,26,0
5852,161,110,0.0,0.0,0.0,1,0.0,1,0.0,0.0,0.0,1,0.0,0.0,0.0,0.0,0.0,8,0,21,0
5853,812,80,0.0,0.0,1,0.0,0.0,0.0,0.0,1,0.0,0.0,1,0.0,0.0,0.0,0.0,18,6,28,0
5854,498,152,1,0.0,0.0,0.0,0.0,0.0,0.0,1,0.0,0.0,0.0,0.0,0.0,0.0,1,15,2,20,0
5855,366,176,0.0,0.0,0.0,1,0.0,0.0,0.0,0.0,1,1,0.0,0.0,0.0,0.0,0.0,23,4,8,0
5856,701,192,1,0.0,0.0,0.0,0.0,0.0,1,0.0,0.0,1,0.0,0.0,0.0,0.0,0.0,7,14,15,0
5857,149,95,0.0,1,0.0,0.0,0.0,0.0,0.0,0.0,1,0.0,1,0.0,0.0,0.0,0.0,19,6,20,0
5858,531,131,0.0,0.0,1,0.0,0.0,1,0.0,0.0,0.0,0.0,0.0,0.0,0.0,0.0,1,18,22,29,0
5859,808,146,0.0,0.0,1,0.0,0.0,0.0,1,0.0,0.0,0.0,0.0,0.0,0.0,1,0.0,7,4,24,0
5860,646,72,0.0,0.0,0.0,1,0.0,0.0,0.0,1,0.0,0.0,1,0.0,0.0,0.0,0.0,18,19,1,0
5861,730,66,1,0.0,0.0,0.0,0.0,0.0,1,0.0,0.0,0.0,0.0,0.0,1,0.0,0.0,6,22,0,0
5862,497,79,0.0,0.0,1,0.0,1,0.0,0.0,0.0,0.0,1,0.0,0.0,0.0,0.0,0.0,14,6,16,0
5863,374,89,1,0.0,0.0,0.0,0.0,0.0,0.0,0.0,1,0.0,0.0,0.0,1,0.0,0.0,23,26,13,0
5864,330,89,1,0.0,0.0,0.0,0.0,1,0.0,0.0,0.0,0.0,0.0,0.0,0.0,1,0.0,22,0,8,0
5865,138,82,0.0,1,0.0,0.0,1,0.0,0.0,0.0,0.0,0.0,0.0,0.0,0.0,0.0,1,16,6,2,0
5866,723,2068,1,0.0,0.0,0.0,0.0,1,0.0,0.0,0.0,0.0,0.0,0.0,0.0,0.0,1,13,91,95,1
5867,53,101,1,0.0,0.0,0.0,0.0,1,0.0,0.0,0.0,1,0.0,0.0,0.0,0.0,0.0,7,2,7,0
5868,874,17,0.0,0.0,0.0,1,0.0,1,0.0,0.0,0.0,0.0,0.0,0.0,0.0,1,0.0,8,29,21,0
5869,664,170,1,0.0,0.0,0.0,0.0,0.0,0.0,1,0.0,0.0,0.0,0.0,0.0,0.0,1,15,14,12,0
5870,380,52,0.0,0.0,0.0,1,0.0,0.0,1,0.0,0.0,0.0,1,0.0,0.0,0.0,0.0,13,3,3,0
5871,242,171,0.0,0.0,1,0.0,0.0,0.0,0.0,1,0.0,0.0,0.0,0.0,1,0.0,0.0,21,12,1,0
5872,251,13,0.0,0.0,0.0,1,0.0,0.0,0.0,0.0,1,0.0,0.0,0.0,0.0,1,0.0,20,9,18,0
5873,513,137,0.0,0.0,0.0,1,0.0,0.0,0.0,1,0.0,1,0.0,0.0,0.0,0.0,0.0,18,19,28,0
5874,907,134,0.0,1,0.0,0.0,0.0,1,0.0,0.0,0.0,0.0,0.0,0.0,0.0,0.0,1,12,10,24,0
5875,270,58,1,0.0,0.0,0.0,0.0,0.0,0.0,0.0,1,0.0,1,0.0,0.0,0.0,0.0,10,25,2,0
5876,243,9,0.0,1,0.0,0.0,1,0.0,0.0,0.0,0.0,0.0,0.0,0.0,1,0.0,0.0,8,22,26,0
5877,12,166,0.0,0.0,0.0,1,0.0,0.0,0.0,0.0,1,0.0,1,0.0,0.0,0.0,0.0,14,11,19,0
5878,139,181,1,0.0,0.0,0.0,0.0,1,0.0,0.0,0.0,0.0,1,0.0,0.0,0.0,0.0,13,11,1,0
5879,913,109,0.0,0.0,1,0.0,1,0.0,0.0,0.0,0.0,0.0,0.0,0.0,0.0,0.0,1,6,13,20,0
5880,73,148,1,0.0,0.0,0.0,0.0,0.0,0.0,1,0.0,0.0,0.0,0.0,0.0,0.0,1,11,6,19,0
5881,372,1,0.0,0.0,1,0.0,0.0,0.0,1,0.0,0.0,1,0.0,0.0,0.0,0.0,0.0,10,8,28,0
5882,906,111,0.0,0.0,0.0,1,0.0,0.0,1,0.0,0.0,0.0,0.0,0.0,0.0,1,0.0,9,14,15,0
5883,909,24,0.0,1,0.0,0.0,1,0.0,0.0,0.0,0.0,0.0,0.0,0.0,1,0.0,0.0,11,23,6,0
5884,337,156,0.0,1,0.0,0.0,0.0,0.0,0.0,0.0,1,0.0,0.0,0.0,1,0.0,0.0,7,6,8,0
5885,171,109,0.0,0.0,1,0.0,1,0.0,0.0,0.0,0.0,0.0,0.0,0.0,0.0,0.0,1,9,5,29,0
5886,309,132,0.0,1,0.0,0.0,0.0,1,0.0,0.0,0.0,1,0.0,0.0,0.0,0.0,0.0,23,4,27,0
5887,876,166,0.0,0.0,0.0,1,0.0,1,0.0,0.0,0.0,0.0,1,0.0,0.0,0.0,0.0,21,15,6,0
5888,588,1,0.0,1,0.0,0.0,0.0,0.0,1,0.0,0.0,1,0.0,0.0,0.0,0.0,0.0,10,9,26,0
5889,867,54,1,0.0,0.0,0.0,0.0,0.0,1,0.0,0.0,0.0,0.0,0.0,0.0,1,0.0,18,16,22,0
5890,594,185,0.0,1,0.0,0.0,0.0,0.0,1,0.0,0.0,0.0,0.0,0.0,1,0.0,0.0,13,27,16,0
5891,769,63,0.0,0.0,1,0.0,1,0.0,0.0,0.0,0.0,0.0,0.0,0.0,0.0,0.0,1,15,20,0,0
5892,702,172,1,0.0,0.0,0.0,0.0,0.0,0.0,0.0,1,0.0,0.0,0.0,0.0,0.0,1,21,0,27,0
5893,128,86,1,0.0,0.0,0.0,0.0,0.0,1,0.0,0.0,0.0,1,0.0,0.0,0.0,0.0,19,26,17,0
5894,491,204,0.0,0.0,1,0.0,0.0,0.0,0.0,0.0,1,0.0,0.0,0.0,0.0,0.0,1,15,18,4,0
5895,227,22,0.0,0.0,0.0,1,0.0,0.0,1,0.0,0.0,1,0.0,0.0,0.0,0.0,0.0,12,77,92,1
5896,784,28,0.0,0.0,1,0.0,1,0.0,0.0,0.0,0.0,0.0,0.0,0.0,1,0.0,0.0,23,2,24,0
5897,184,143,1,0.0,0.0,0.0,0.0,0.0,1,0.0,0.0,0.0,0.0,0.0,0.0,0.0,1,11,22,0,0
5898,949,112,0.0,1,0.0,0.0,0.0,0.0,0.0,0.0,1,0.0,0.0,0.0,1,0.0,0.0,7,24,21,0
5899,681,13,1,0.0,0.0,0.0,0.0,0.0,0.0,1,0.0,1,0.0,0.0,0.0,0.0,0.0,10,23,28,0
5900,568,78,1,0.0,0.0,0.0,1,0.0,0.0,0.0,0.0,0.0,0.0,0.0,0.0,0.0,1,17,7,11,0
5901,605,160,0.0,0.0,1,0.0,0.0,0.0,0.0,0.0,1,0.0,0.0,0.0,1,0.0,0.0,11,18,0,0
5902,986,76,0.0,0.0,0.0,1,1,0.0,0.0,0.0,0.0,0.0,0.0,0.0,0.0,1,0.0,11,7,11,0
5903,502,107,0.0,0.0,0.0,1,0.0,0.0,1,0.0,0.0,0.0,0.0,0.0,0.0,1,0.0,6,24,19,0
5904,152,187,0.0,1,0.0,0.0,0.0,0.0,0.0,0.0,1,0.0,0.0,0.0,0.0,0.0,1,12,23,28,0
5905,564,48,0.0,1,0.0,0.0,0.0,0.0,0.0,1,0.0,0.0,0.0,0.0,1,0.0,0.0,22,18,28,0
5906,532,1793,0.0,1,0.0,0.0,1,0.0,0.0,0.0,0.0,1,0.0,0.0,0.0,0.0,0.0,4,95,92,1
5907,858,20,0.0,0.0,1,0.0,1,0.0,0.0,0.0,0.0,0.0,0.0,0.0,0.0,0.0,1,18,28,28,0
5908,285,20,0.0,0.0,0.0,1,1,0.0,0.0,0.0,0.0,0.0,1,0.0,0.0,0.0,0.0,10,13,11,0
5909,926,17,0.0,0.0,0.0,1,0.0,0.0,1,0.0,0.0,1,0.0,0.0,0.0,0.0,0.0,13,1,22,0
5910,28,188,0.0,1,0.0,0.0,1,0.0,0.0,0.0,0.0,0.0,1,0.0,0.0,0.0,0.0,18,8,26,0
5911,263,207,0.0,0.0,0.0,1,0.0,0.0,1,0.0,0.0,0.0,0.0,0.0,0.0,0.0,1,13,19,2,0
5912,696,152,1,0.0,0.0,0.0,0.0,0.0,1,0.0,0.0,0.0,0.0,0.0,0.0,1,0.0,15,26,23,0
5913,136,115,0.0,0.0,1,0.0,0.0,1,0.0,0.0,0.0,0.0,0.0,0.0,1,0.0,0.0,19,6,26,0
5914,163,1,1,0.0,0.0,0.0,0.0,0.0,0.0,1,0.0,0.0,0.0,0.0,1,0.0,0.0,21,25,27,0
5915,536,167,0.0,0.0,0.0,1,0.0,0.0,1,0.0,0.0,0.0,0.0,0.0,0.0,0.0,1,21,2,18,0
5916,835,69,0.0,1,0.0,0.0,1,0.0,0.0,0.0,0.0,0.0,0.0,0.0,1,0.0,0.0,13,12,23,0
5917,222,154,0.0,1,0.0,0.0,0.0,0.0,0.0,1,0.0,0.0,0.0,0.0,0.0,1,0.0,9,2,27,0
5918,686,159,0.0,0.0,1,0.0,0.0,1,0.0,0.0,0.0,0.0,0.0,0.0,0.0,0.0,1,19,17,26,0
5919,270,133,0.0,1,0.0,0.0,0.0,1,0.0,0.0,0.0,0.0,0.0,0.0,0.0,1,0.0,7,5,2,0
5920,246,2217,0.0,1,0.0,0.0,1,0.0,0.0,0.0,0.0,0.0,0.0,0.0,0.0,1,0.0,21,94,86,1
5921,372,128,0.0,0.0,1,0.0,0.0,1,0.0,0.0,0.0,0.0,0.0,0.0,0.0,1,0.0,19,23,29,0
5922,457,157,0.0,1,0.0,0.0,0.0,0.0,0.0,0.0,1,1,0.0,0.0,0.0,0.0,0.0,21,7,24,0
5923,657,104,0.0,0.0,1,0.0,0.0,0.0,0.0,0.0,1,0.0,1,0.0,0.0,0.0,0.0,11,6,18,0
5924,740,79,0.0,1,0.0,0.0,0.0,1,0.0,0.0,0.0,0.0,1,0.0,0.0,0.0,0.0,15,14,29,0
5925,888,51,0.0,0.0,0.0,1,0.0,0.0,0.0,1,0.0,0.0,0.0,0.0,0.0,1,0.0,18,26,10,0
5926,863,112,0.0,0.0,1,0.0,0.0,1,0.0,0.0,0.0,0.0,0.0,0.0,0.0,1,0.0,7,27,10,0
5927,485,157,0.0,0.0,1,0.0,0.0,0.0,0.0,0.0,1,0.0,0.0,0.0,0.0,0.0,1,10,15,16,0
5928,232,152,0.0,1,0.0,0.0,0.0,0.0,0.0,0.0,1,0.0,0.0,0.0,0.0,0.0,1,16,28,26,0
5929,188,135,0.0,1,0.0,0.0,0.0,1,0.0,0.0,0.0,0.0,0.0,0.0,0.0,1,0.0,6,21,26,0
5930,84,110,1,0.0,0.0,0.0,0.0,0.0,0.0,0.0,1,0.0,0.0,0.0,0.0,0.0,1,12,21,23,0
5931,41,171,1,0.0,0.0,0.0,0.0,0.0,0.0,0.0,1,0.0,0.0,0.0,0.0,0.0,1,18,15,4,0
5932,949,84,0.0,0.0,1,0.0,0.0,0.0,0.0,0.0,1,0.0,0.0,0.0,0.0,0.0,1,23,9,14,0
5933,969,112,0.0,1,0.0,0.0,1,0.0,0.0,0.0,0.0,1,0.0,0.0,0.0,0.0,0.0,13,12,24,0
5934,633,32,0.0,1,0.0,0.0,0.0,0.0,0.0,1,0.0,0.0,0.0,0.0,1,0.0,0.0,20,11,12,0
5935,503,147,0.0,1,0.0,0.0,1,0.0,0.0,0.0,0.0,0.0,0.0,0.0,0.0,0.0,1,22,18,1,0
5936,381,1,0.0,0.0,1,0.0,1,0.0,0.0,0.0,0.0,0.0,0.0,0.0,1,0.0,0.0,11,4,11,0
5937,856,187,0.0,1,0.0,0.0,0.0,0.0,1,0.0,0.0,0.0,0.0,0.0,0.0,0.0,1,17,5,2,0
5938,843,89,1,0.0,0.0,0.0,0.0,0.0,0.0,1,0.0,0.0,0.0,0.0,0.0,0.0,1,12,21,11,0
5939,680,16,0.0,0.0,0.0,1,1,0.0,0.0,0.0,0.0,0.0,0.0,0.0,1,0.0,0.0,23,2,6,0
5940,970,3236,0.0,1,0.0,0.0,1,0.0,0.0,0.0,0.0,0.0,0.0,1,0.0,0.0,0.0,21,78,78,1
5941,421,198,0.0,1,0.0,0.0,0.0,1,0.0,0.0,0.0,0.0,0.0,0.0,1,0.0,0.0,6,1,25,0
5942,587,121,0.0,0.0,1,0.0,0.0,0.0,1,0.0,0.0,0.0,0.0,0.0,0.0,0.0,1,15,28,5,0
5943,92,151,0.0,0.0,0.0,1,0.0,0.0,1,0.0,0.0,0.0,0.0,0.0,1,0.0,0.0,23,27,12,0
5944,56,162,0.0,1,0.0,0.0,0.0,1,0.0,0.0,0.0,0.0,0.0,0.0,0.0,0.0,1,19,2,0,0
5945,451,96,1,0.0,0.0,0.0,0.0,0.0,1,0.0,0.0,0.0,0.0,0.0,1,0.0,0.0,10,20,26,0
5946,645,138,0.0,1,0.0,0.0,0.0,0.0,0.0,1,0.0,0.0,0.0,0.0,0.0,1,0.0,20,17,19,0
5947,520,122,0.0,1,0.0,0.0,0.0,0.0,0.0,0.0,1,0.0,0.0,0.0,0.0,1,0.0,23,4,22,0
5948,789,168,0.0,1,0.0,0.0,0.0,0.0,0.0,1,0.0,0.0,0.0,0.0,1,0.0,0.0,10,25,20,0
5949,159,1,0.0,0.0,0.0,1,0.0,0.0,0.0,1,0.0,0.0,0.0,0.0,0.0,1,0.0,20,7,28,0
5950,655,77,0.0,0.0,0.0,1,0.0,0.0,1,0.0,0.0,0.0,0.0,0.0,0.0,0.0,1,12,4,24,0
5951,349,12,0.0,0.0,1,0.0,0.0,0.0,1,0.0,0.0,1,0.0,0.0,0.0,0.0,0.0,16,4,23,0
5952,504,154,1,0.0,0.0,0.0,0.0,0.0,0.0,1,0.0,0.0,1,0.0,0.0,0.0,0.0,8,26,22,0
5953,839,131,0.0,0.0,0.0,1,1,0.0,0.0,0.0,0.0,0.0,0.0,0.0,1,0.0,0.0,21,16,2,0
5954,874,199,0.0,0.0,1,0.0,0.0,0.0,1,0.0,0.0,0.0,0.0,0.0,0.0,0.0,1,21,8,14,0
5955,243,41,0.0,0.0,0.0,1,0.0,0.0,1,0.0,0.0,0.0,1,0.0,0.0,0.0,0.0,23,29,19,0
5956,896,2,0.0,0.0,0.0,1,0.0,0.0,0.0,1,0.0,0.0,0.0,0.0,1,0.0,0.0,14,23,2,0
5957,254,121,0.0,0.0,1,0.0,0.0,1,0.0,0.0,0.0,0.0,0.0,0.0,1,0.0,0.0,9,20,23,0
5958,799,148,0.0,1,0.0,0.0,0.0,0.0,1,0.0,0.0,0.0,0.0,0.0,0.0,1,0.0,19,19,16,0
5959,187,102,0.0,0.0,1,0.0,0.0,0.0,1,0.0,0.0,0.0,0.0,0.0,0.0,0.0,1,23,24,24,0
5960,318,1093,0.0,1,0.0,0.0,0.0,0.0,0.0,1,0.0,0.0,0.0,0.0,0.0,1,0.0,6,83,95,1
5961,18,66,0.0,0.0,0.0,1,0.0,1,0.0,0.0,0.0,0.0,0.0,0.0,1,0.0,0.0,17,3,0,0
5962,203,66,1,0.0,0.0,0.0,0.0,0.0,0.0,1,0.0,0.0,0.0,0.0,1,0.0,0.0,6,22,12,0
5963,927,116,0.0,1,0.0,0.0,1,0.0,0.0,0.0,0.0,0.0,0.0,0.0,0.0,1,0.0,12,4,8,0
5964,331,104,1,0.0,0.0,0.0,0.0,0.0,0.0,1,0.0,0.0,0.0,0.0,1,0.0,0.0,23,13,25,0
5965,229,114,0.0,0.0,0.0,1,0.0,0.0,1,0.0,0.0,0.0,1,0.0,0.0,0.0,0.0,19,12,6,0
5966,975,3342,0.0,0.0,0.0,1,0.0,1,0.0,0.0,0.0,0.0,0.0,0.0,0.0,0.0,1,10,75,83,1
5967,535,137,0.0,1,0.0,0.0,0.0,1,0.0,0.0,0.0,1,0.0,0.0,0.0,0.0,0.0,7,13,1,0
5968,671,68,0.0,0.0,0.0,1,1,0.0,0.0,0.0,0.0,0.0,1,0.0,0.0,0.0,0.0,13,1,0,0
5969,408,38,1,0.0,0.0,0.0,0.0,1,0.0,0.0,0.0,0.0,0.0,0.0,0.0,1,0.0,6,25,27,0
5970,316,172,1,0.0,0.0,0.0,0.0,0.0,0.0,1,0.0,0.0,0.0,0.0,1,0.0,0.0,12,21,28,0
5971,529,164,1,0.0,0.0,0.0,0.0,0.0,0.0,1,0.0,0.0,1,0.0,0.0,0.0,0.0,11,24,13,0
5972,609,64,1,0.0,0.0,0.0,0.0,0.0,0.0,1,0.0,0.0,1,0.0,0.0,0.0,0.0,6,26,27,0
5973,372,80,0.0,0.0,0.0,1,0.0,0.0,0.0,0.0,1,0.0,1,0.0,0.0,0.0,0.0,16,14,20,0
5974,830,134,0.0,1,0.0,0.0,0.0,0.0,1,0.0,0.0,0.0,0.0,0.0,0.0,0.0,1,15,19,6,0
5975,650,21,0.0,1,0.0,0.0,1,0.0,0.0,0.0,0.0,0.0,0.0,0.0,0.0,1,0.0,20,13,5,0
5976,582,159,1,0.0,0.0,0.0,0.0,0.0,0.0,0.0,1,0.0,1,0.0,0.0,0.0,0.0,18,4,26,0
5977,400,43,0.0,0.0,0.0,1,0.0,0.0,1,0.0,0.0,1,0.0,0.0,0.0,0.0,0.0,21,21,19,0
5978,353,82,0.0,1,0.0,0.0,0.0,0.0,0.0,1,0.0,0.0,0.0,0.0,1,0.0,0.0,19,19,26,0
5979,922,46,1,0.0,0.0,0.0,0.0,1,0.0,0.0,0.0,0.0,0.0,0.0,1,0.0,0.0,14,26,19,0
5980,27,53,0.0,0.0,0.0,1,1,0.0,0.0,0.0,0.0,0.0,0.0,0.0,0.0,1,0.0,17,6,26,0
5981,608,158,0.0,0.0,1,0.0,0.0,0.0,1,0.0,0.0,0.0,0.0,0.0,0.0,0.0,1,16,5,25,0
5982,768,137,1,0.0,0.0,0.0,0.0,0.0,0.0,0.0,1,0.0,0.0,0.0,0.0,1,0.0,12,1,22,0
5983,635,100,1,0.0,0.0,0.0,0.0,0.0,0.0,1,0.0,0.0,0.0,0.0,1,0.0,0.0,6,17,20,0
5984,752,86,1,0.0,0.0,0.0,1,0.0,0.0,0.0,0.0,0.0,1,0.0,0.0,0.0,0.0,12,17,28,0
5985,549,108,1,0.0,0.0,0.0,0.0,0.0,0.0,1,0.0,0.0,1,0.0,0.0,0.0,0.0,20,10,10,0
5986,665,103,0.0,0.0,1,0.0,0.0,1,0.0,0.0,0.0,0.0,0.0,0.0,0.0,1,0.0,12,25,8,0
5987,346,174,0.0,0.0,1,0.0,1,0.0,0.0,0.0,0.0,1,0.0,0.0,0.0,0.0,0.0,20,11,11,0
5988,290,40,0.0,0.0,0.0,1,0.0,0.0,0.0,1,0.0,0.0,1,0.0,0.0,0.0,0.0,16,20,18,0
5989,802,74,0.0,0.0,1,0.0,0.0,1,0.0,0.0,0.0,0.0,0.0,0.0,0.0,0.0,1,7,19,20,0
5990,837,138,0.0,1,0.0,0.0,0.0,0.0,0.0,1,0.0,0.0,0.0,0.0,1,0.0,0.0,13,11,21,0
5991,836,98,1,0.0,0.0,0.0,1,0.0,0.0,0.0,0.0,1,0.0,0.0,0.0,0.0,0.0,10,3,5,0
5992,705,49,0.0,0.0,1,0.0,1,0.0,0.0,0.0,0.0,0.0,1,0.0,0.0,0.0,0.0,20,9,14,0
5993,284,199,1,0.0,0.0,0.0,1,0.0,0.0,0.0,0.0,1,0.0,0.0,0.0,0.0,0.0,17,4,28,0
5994,721,132,1,0.0,0.0,0.0,0.0,1,0.0,0.0,0.0,0.0,0.0,0.0,0.0,1,0.0,12,28,20,0
5995,644,110,0.0,1,0.0,0.0,0.0,0.0,0.0,1,0.0,1,0.0,0.0,0.0,0.0,0.0,9,23,23,0
5996,249,107,0.0,0.0,0.0,1,0.0,0.0,1,0.0,0.0,0.0,0.0,0.0,1,0.0,0.0,9,2,7,0
5997,330,102,0.0,0.0,1,0.0,0.0,1,0.0,0.0,0.0,1,0.0,0.0,0.0,0.0,0.0,23,18,14,0
5998,857,70,0.0,0.0,1,0.0,0.0,0.0,0.0,1,0.0,0.0,0.0,0.0,0.0,0.0,1,9,5,22,0
5999,817,36,0.0,0.0,1,0.0,1,0.0,0.0,0.0,0.0,0.0,1,0.0,0.0,0.0,0.0,22,12,16,0
6000,115,97,0.0,0.0,0.0,1,0.0,0.0,0.0,1,0.0,0.0,0.0,0.0,1,0.0,0.0,9,2,13,0
6001,386,51,0.0,0.0,0.0,1,0.0,0.0,1,0.0,0.0,0.0,1,0.0,0.0,0.0,0.0,16,26,21,0
6002,447,69,0.0,0.0,0.0,1,0.0,0.0,0.0,0.0,1,0.0,0.0,0.0,0.0,1,0.0,22,10,3,0
6003,236,30,0.0,0.0,0.0,1,0.0,0.0,0.0,1,0.0,0.0,0.0,0.0,0.0,1,0.0,21,18,28,0
6004,660,20,0.0,0.0,1,0.0,0.0,0.0,0.0,1,0.0,0.0,0.0,0.0,1,0.0,0.0,12,3,3,0
6005,730,60,0.0,0.0,0.0,1,0.0,0.0,0.0,0.0,1,1,0.0,0.0,0.0,0.0,0.0,15,6,16,0
6006,748,125,1,0.0,0.0,0.0,0.0,1,0.0,0.0,0.0,1,0.0,0.0,0.0,0.0,0.0,16,17,22,0
6007,907,29,0.0,0.0,0.0,1,0.0,0.0,0.0,1,0.0,0.0,0.0,0.0,0.0,1,0.0,18,27,2,0
6008,208,85,1,0.0,0.0,0.0,1,0.0,0.0,0.0,0.0,0.0,0.0,0.0,0.0,0.0,1,23,22,7,0
6009,476,80,1,0.0,0.0,0.0,0.0,0.0,0.0,1,0.0,0.0,0.0,0.0,1,0.0,0.0,13,10,6,0
6010,864,94,1,0.0,0.0,0.0,1,0.0,0.0,0.0,0.0,1,0.0,0.0,0.0,0.0,0.0,13,21,2,0
6011,489,1,0.0,0.0,0.0,1,0.0,1,0.0,0.0,0.0,0.0,0.0,0.0,0.0,0.0,1,23,27,26,0
6012,274,28,0.0,0.0,1,0.0,0.0,0.0,0.0,1,0.0,0.0,0.0,0.0,0.0,0.0,1,12,1,13,0
6013,132,135,0.0,1,0.0,0.0,1,0.0,0.0,0.0,0.0,0.0,0.0,0.0,0.0,1,0.0,11,6,28,0
6014,373,147,1,0.0,0.0,0.0,1,0.0,0.0,0.0,0.0,1,0.0,0.0,0.0,0.0,0.0,13,15,5,0
6015,636,160,0.0,0.0,0.0,1,1,0.0,0.0,0.0,0.0,0.0,0.0,0.0,1,0.0,0.0,18,10,6,0
6016,68,41,1,0.0,0.0,0.0,0.0,0.0,0.0,1,0.0,0.0,0.0,0.0,0.0,0.0,1,16,8,24,0
6017,590,31,0.0,1,0.0,0.0,1,0.0,0.0,0.0,0.0,0.0,0.0,0.0,1,0.0,0.0,14,15,14,0
6018,56,70,0.0,1,0.0,0.0,0.0,0.0,0.0,1,0.0,1,0.0,0.0,0.0,0.0,0.0,7,20,5,0
6019,325,21,1,0.0,0.0,0.0,0.0,0.0,0.0,0.0,1,0.0,0.0,0.0,0.0,0.0,1,15,26,19,0
6020,893,58,0.0,0.0,1,0.0,0.0,0.0,0.0,0.0,1,0.0,1,0.0,0.0,0.0,0.0,12,13,11,0
6021,697,63,1,0.0,0.0,0.0,0.0,0.0,0.0,0.0,1,1,0.0,0.0,0.0,0.0,0.0,12,26,26,0
6022,365,29,0.0,0.0,1,0.0,0.0,1,0.0,0.0,0.0,0.0,0.0,0.0,0.0,1,0.0,7,28,27,0
6023,43,170,0.0,1,0.0,0.0,0.0,0.0,0.0,1,0.0,0.0,0.0,0.0,0.0,0.0,1,21,23,0,0
6024,219,92,0.0,1,0.0,0.0,0.0,0.0,0.0,0.0,1,0.0,0.0,0.0,0.0,1,0.0,15,17,18,0
6025,309,1,0.0,0.0,0.0,1,0.0,0.0,1,0.0,0.0,0.0,0.0,0.0,1,0.0,0.0,19,9,10,0
6026,764,108,0.0,0.0,1,0.0,0.0,0.0,0.0,1,0.0,1,0.0,0.0,0.0,0.0,0.0,20,20,9,0
6027,433,213,1,0.0,0.0,0.0,0.0,1,0.0,0.0,0.0,0.0,1,0.0,0.0,0.0,0.0,7,11,3,0
6028,353,78,0.0,0.0,0.0,1,0.0,0.0,1,0.0,0.0,0.0,0.0,0.0,0.0,0.0,1,21,21,29,0
6029,485,101,0.0,0.0,1,0.0,0.0,0.0,1,0.0,0.0,0.0,1,0.0,0.0,0.0,0.0,23,14,19,0
6030,797,209,1,0.0,0.0,0.0,0.0,0.0,0.0,1,0.0,0.0,0.0,0.0,1,0.0,0.0,8,23,24,0
6031,669,92,1,0.0,0.0,0.0,0.0,0.0,0.0,1,0.0,0.0,0.0,0.0,0.0,1,0.0,16,1,18,0
6032,607,100,0.0,0.0,1,0.0,0.0,0.0,0.0,0.0,1,0.0,0.0,0.0,1,0.0,0.0,16,1,4,0
6033,143,1,0.0,0.0,1,0.0,0.0,1,0.0,0.0,0.0,0.0,0.0,0.0,1,0.0,0.0,21,4,11,0
6034,824,141,0.0,0.0,1,0.0,0.0,1,0.0,0.0,0.0,0.0,0.0,0.0,1,0.0,0.0,17,18,2,0
6035,936,81,1,0.0,0.0,0.0,0.0,0.0,1,0.0,0.0,1,0.0,0.0,0.0,0.0,0.0,16,19,17,0
6036,258,86,1,0.0,0.0,0.0,1,0.0,0.0,0.0,0.0,0.0,1,0.0,0.0,0.0,0.0,21,14,15,0
6037,562,221,1,0.0,0.0,0.0,0.0,0.0,0.0,0.0,1,0.0,1,0.0,0.0,0.0,0.0,19,21,21,0
6038,154,59,0.0,1,0.0,0.0,0.0,1,0.0,0.0,0.0,0.0,1,0.0,0.0,0.0,0.0,15,15,12,0
6039,993,52,1,0.0,0.0,0.0,0.0,0.0,0.0,0.0,1,0.0,0.0,0.0,0.0,0.0,1,18,12,18,0
6040,852,77,0.0,0.0,0.0,1,1,0.0,0.0,0.0,0.0,0.0,1,0.0,0.0,0.0,0.0,21,16,14,0
6041,113,98,0.0,1,0.0,0.0,0.0,0.0,1,0.0,0.0,0.0,1,0.0,0.0,0.0,0.0,9,7,17,0
6042,928,93,0.0,0.0,0.0,1,0.0,0.0,1,0.0,0.0,1,0.0,0.0,0.0,0.0,0.0,20,4,11,0
6043,163,99,0.0,1,0.0,0.0,0.0,0.0,0.0,0.0,1,0.0,1,0.0,0.0,0.0,0.0,10,4,26,0
6044,909,92,0.0,1,0.0,0.0,0.0,0.0,0.0,0.0,1,0.0,1,0.0,0.0,0.0,0.0,11,1,5,0
6045,540,93,0.0,0.0,0.0,1,0.0,0.0,0.0,1,0.0,1,0.0,0.0,0.0,0.0,0.0,13,11,11,0
6046,548,102,1,0.0,0.0,0.0,0.0,0.0,1,0.0,0.0,0.0,0.0,0.0,0.0,0.0,1,15,13,19,0
6047,996,113,0.0,1,0.0,0.0,0.0,0.0,0.0,0.0,1,0.0,1,0.0,0.0,0.0,0.0,20,1,2,0
6048,814,43,0.0,1,0.0,0.0,1,0.0,0.0,0.0,0.0,0.0,0.0,0.0,0.0,1,0.0,19,27,7,0
6049,342,132,0.0,0.0,0.0,1,0.0,0.0,1,0.0,0.0,0.0,0.0,0.0,0.0,1,0.0,20,9,24,0
6050,298,110,1,0.0,0.0,0.0,0.0,1,0.0,0.0,0.0,1,0.0,0.0,0.0,0.0,0.0,18,17,0,0
6051,836,199,0.0,0.0,0.0,1,0.0,0.0,0.0,0.0,1,0.0,0.0,0.0,1,0.0,0.0,14,5,4,0
6052,666,1,0.0,1,0.0,0.0,0.0,0.0,1,0.0,0.0,0.0,1,0.0,0.0,0.0,0.0,17,1,5,0
6053,829,146,1,0.0,0.0,0.0,0.0,0.0,0.0,1,0.0,0.0,0.0,0.0,1,0.0,0.0,21,15,12,0
6054,766,70,0.0,0.0,1,0.0,0.0,0.0,0.0,0.0,1,0.0,0.0,0.0,0.0,0.0,1,11,24,8,0
6055,391,115,1,0.0,0.0,0.0,0.0,0.0,1,0.0,0.0,0.0,0.0,0.0,1,0.0,0.0,17,25,9,0
6056,588,131,0.0,0.0,1,0.0,0.0,1,0.0,0.0,0.0,0.0,0.0,0.0,0.0,0.0,1,14,22,11,0
6057,921,54,0.0,1,0.0,0.0,0.0,0.0,1,0.0,0.0,0.0,0.0,0.0,0.0,1,0.0,8,16,9,0
6058,468,88,0.0,0.0,0.0,1,0.0,0.0,0.0,1,0.0,0.0,0.0,0.0,0.0,1,0.0,8,24,16,0
6059,753,164,0.0,1,0.0,0.0,1,0.0,0.0,0.0,0.0,0.0,0.0,0.0,0.0,1,0.0,17,27,19,0
6060,586,114,0.0,0.0,0.0,1,0.0,0.0,0.0,0.0,1,0.0,0.0,0.0,0.0,1,0.0,12,14,2,0
6061,825,151,1,0.0,0.0,0.0,0.0,0.0,1,0.0,0.0,1,0.0,0.0,0.0,0.0,0.0,16,17,27,0
6062,626,20,0.0,0.0,1,0.0,0.0,0.0,0.0,1,0.0,0.0,1,0.0,0.0,0.0,0.0,8,12,19,0
6063,356,132,0.0,0.0,0.0,1,0.0,1,0.0,0.0,0.0,0.0,0.0,0.0,1,0.0,0.0,16,23,29,0
6064,653,72,0.0,1,0.0,0.0,0.0,0.0,0.0,1,0.0,0.0,0.0,0.0,1,0.0,0.0,13,12,14,0
6065,989,23,0.0,0.0,1,0.0,0.0,1,0.0,0.0,0.0,1,0.0,0.0,0.0,0.0,0.0,22,25,14,0
6066,55,21,0.0,0.0,0.0,1,0.0,0.0,0.0,0.0,1,0.0,1,0.0,0.0,0.0,0.0,20,21,22,0
6067,971,94,0.0,0.0,1,0.0,0.0,0.0,1,0.0,0.0,1,0.0,0.0,0.0,0.0,0.0,13,8,13,0
6068,427,150,0.0,1,0.0,0.0,0.0,1,0.0,0.0,0.0,0.0,1,0.0,0.0,0.0,0.0,23,28,14,0
6069,663,104,0.0,0.0,1,0.0,1,0.0,0.0,0.0,0.0,0.0,0.0,0.0,1,0.0,0.0,14,25,1,0
6070,590,146,0.0,0.0,1,0.0,0.0,0.0,1,0.0,0.0,0.0,0.0,0.0,0.0,1,0.0,16,5,9,0
6071,392,50,0.0,1,0.0,0.0,0.0,0.0,0.0,1,0.0,0.0,0.0,0.0,0.0,1,0.0,15,9,19,0
6072,662,132,0.0,0.0,0.0,1,1,0.0,0.0,0.0,0.0,0.0,0.0,0.0,0.0,1,0.0,12,21,19,0
6073,940,2192,0.0,0.0,1,0.0,1,0.0,0.0,0.0,0.0,0.0,0.0,1,0.0,0.0,0.0,4,89,90,1
6074,213,104,0.0,0.0,0.0,1,0.0,0.0,0.0,0.0,1,0.0,1,0.0,0.0,0.0,0.0,19,22,1,0
6075,5,52,0.0,0.0,0.0,1,0.0,0.0,0.0,0.0,1,0.0,1,0.0,0.0,0.0,0.0,10,29,12,0
6076,990,94,0.0,0.0,0.0,1,0.0,0.0,0.0,0.0,1,0.0,0.0,0.0,0.0,1,0.0,23,17,20,0
6077,281,185,0.0,1,0.0,0.0,0.0,0.0,0.0,0.0,1,0.0,0.0,0.0,0.0,0.0,1,7,13,24,0
6078,939,178,1,0.0,0.0,0.0,1,0.0,0.0,0.0,0.0,0.0,0.0,0.0,0.0,0.0,1,7,4,20,0
6079,113,14,0.0,0.0,0.0,1,1,0.0,0.0,0.0,0.0,0.0,0.0,0.0,1,0.0,0.0,19,16,10,0
6080,52,108,0.0,0.0,1,0.0,0.0,0.0,0.0,0.0,1,0.0,1,0.0,0.0,0.0,0.0,7,7,2,0
6081,230,223,0.0,0.0,0.0,1,0.0,0.0,1,0.0,0.0,0.0,0.0,0.0,1,0.0,0.0,20,74,70,1
6082,105,77,0.0,0.0,0.0,1,1,0.0,0.0,0.0,0.0,0.0,0.0,0.0,0.0,1,0.0,18,15,24,0
6083,707,146,1,0.0,0.0,0.0,0.0,1,0.0,0.0,0.0,0.0,0.0,0.0,0.0,1,0.0,17,3,27,0
6084,140,202,1,0.0,0.0,0.0,0.0,1,0.0,0.0,0.0,1,0.0,0.0,0.0,0.0,0.0,14,14,12,0
6085,754,85,0.0,0.0,1,0.0,0.0,0.0,0.0,0.0,1,1,0.0,0.0,0.0,0.0,0.0,10,26,3,0
6086,847,113,0.0,0.0,0.0,1,1,0.0,0.0,0.0,0.0,1,0.0,0.0,0.0,0.0,0.0,8,26,25,0
6087,892,34,1,0.0,0.0,0.0,1,0.0,0.0,0.0,0.0,0.0,0.0,0.0,0.0,0.0,1,8,22,7,0
6088,287,164,0.0,1,0.0,0.0,1,0.0,0.0,0.0,0.0,0.0,0.0,0.0,0.0,1,0.0,21,15,22,0
6089,745,189,0.0,0.0,0.0,1,0.0,0.0,0.0,0.0,1,0.0,0.0,0.0,0.0,1,0.0,10,10,28,0
6090,978,130,0.0,0.0,1,0.0,0.0,0.0,0.0,1,0.0,0.0,1,0.0,0.0,0.0,0.0,7,13,21,0
6091,60,3,1,0.0,0.0,0.0,0.0,0.0,1,0.0,0.0,0.0,0.0,0.0,1,0.0,0.0,8,5,29,0
6092,412,10,0.0,0.0,0.0,1,1,0.0,0.0,0.0,0.0,0.0,1,0.0,0.0,0.0,0.0,20,85,89,1
6093,87,149,0.0,0.0,0.0,1,1,0.0,0.0,0.0,0.0,1,0.0,0.0,0.0,0.0,0.0,11,18,28,0
6094,247,136,0.0,1,0.0,0.0,0.0,0.0,0.0,1,0.0,0.0,0.0,0.0,0.0,1,0.0,21,19,24,0
6095,442,93,0.0,0.0,1,0.0,0.0,0.0,1,0.0,0.0,0.0,0.0,0.0,0.0,1,0.0,15,9,25,0
6096,810,54,0.0,1,0.0,0.0,0.0,0.0,0.0,1,0.0,0.0,0.0,0.0,0.0,0.0,1,13,2,11,0
6097,294,105,0.0,1,0.0,0.0,0.0,0.0,1,0.0,0.0,1,0.0,0.0,0.0,0.0,0.0,14,17,18,0
6098,767,103,0.0,0.0,0.0,1,0.0,0.0,0.0,1,0.0,0.0,0.0,0.0,0.0,0.0,1,9,18,0,0
6099,465,162,0.0,0.0,0.0,1,1,0.0,0.0,0.0,0.0,0.0,0.0,0.0,1,0.0,0.0,13,27,15,0
6100,658,49,0.0,0.0,1,0.0,0.0,0.0,0.0,0.0,1,0.0,0.0,0.0,0.0,1,0.0,20,28,21,0
6101,836,91,0.0,0.0,1,0.0,0.0,0.0,0.0,1,0.0,0.0,1,0.0,0.0,0.0,0.0,8,19,29,0
6102,512,160,1,0.0,0.0,0.0,0.0,0.0,0.0,0.0,1,1,0.0,0.0,0.0,0.0,0.0,19,1,10,0
6103,449,51,0.0,0.0,1,0.0,0.0,0.0,0.0,1,0.0,0.0,0.0,0.0,1,0.0,0.0,19,16,9,0
6104,991,146,1,0.0,0.0,0.0,0.0,0.0,1,0.0,0.0,0.0,0.0,0.0,0.0,0.0,1,7,14,20,0
6105,143,147,1,0.0,0.0,0.0,0.0,1,0.0,0.0,0.0,0.0,0.0,0.0,0.0,1,0.0,18,26,19,0
6106,378,82,0.0,0.0,1,0.0,0.0,0.0,1,0.0,0.0,0.0,0.0,0.0,1,0.0,0.0,10,22,28,0
6107,283,121,0.0,0.0,1,0.0,1,0.0,0.0,0.0,0.0,0.0,0.0,0.0,0.0,0.0,1,16,6,0,0
6108,816,135,0.0,1,0.0,0.0,0.0,0.0,0.0,1,0.0,0.0,1,0.0,0.0,0.0,0.0,12,12,2,0
6109,176,85,0.0,0.0,0.0,1,0.0,0.0,1,0.0,0.0,1,0.0,0.0,0.0,0.0,0.0,21,18,28,0
6110,831,143,1,0.0,0.0,0.0,0.0,0.0,0.0,0.0,1,0.0,0.0,0.0,0.0,0.0,1,12,25,20,0
6111,171,93,0.0,1,0.0,0.0,0.0,0.0,0.0,0.0,1,1,0.0,0.0,0.0,0.0,0.0,21,26,19,0
6112,710,23,0.0,1,0.0,0.0,0.0,0.0,0.0,1,0.0,1,0.0,0.0,0.0,0.0,0.0,8,11,27,0
6113,38,128,1,0.0,0.0,0.0,0.0,1,0.0,0.0,0.0,0.0,0.0,0.0,1,0.0,0.0,6,26,18,0
6114,13,73,0.0,1,0.0,0.0,1,0.0,0.0,0.0,0.0,0.0,0.0,0.0,0.0,0.0,1,11,25,16,0
6115,121,113,0.0,0.0,0.0,1,0.0,1,0.0,0.0,0.0,0.0,0.0,0.0,0.0,0.0,1,18,23,9,0
6116,618,39,1,0.0,0.0,0.0,0.0,1,0.0,0.0,0.0,0.0,0.0,0.0,1,0.0,0.0,21,3,2,0
6117,936,50,0.0,1,0.0,0.0,0.0,0.0,0.0,0.0,1,0.0,1,0.0,0.0,0.0,0.0,6,29,22,0
6118,519,28,0.0,0.0,1,0.0,0.0,0.0,0.0,1,0.0,0.0,0.0,0.0,1,0.0,0.0,13,23,20,0
6119,111,125,0.0,0.0,0.0,1,0.0,0.0,0.0,0.0,1,0.0,0.0,0.0,0.0,0.0,1,21,16,19,0
6120,890,122,0.0,0.0,1,0.0,0.0,0.0,0.0,1,0.0,0.0,0.0,0.0,0.0,1,0.0,13,22,18,0
6121,919,123,0.0,1,0.0,0.0,0.0,1,0.0,0.0,0.0,0.0,0.0,0.0,0.0,0.0,1,8,3,5,0
6122,613,109,1,0.0,0.0,0.0,0.0,1,0.0,0.0,0.0,0.0,0.0,0.0,1,0.0,0.0,22,2,15,0
6123,182,40,1,0.0,0.0,0.0,1,0.0,0.0,0.0,0.0,0.0,1,0.0,0.0,0.0,0.0,4,89,86,1
6124,326,37,1,0.0,0.0,0.0,0.0,0.0,0.0,0.0,1,1,0.0,0.0,0.0,0.0,0.0,11,21,25,0
6125,591,58,1,0.0,0.0,0.0,0.0,1,0.0,0.0,0.0,0.0,0.0,0.0,0.0,0.0,1,20,5,0,0
6126,322,131,0.0,1,0.0,0.0,0.0,1,0.0,0.0,0.0,1,0.0,0.0,0.0,0.0,0.0,21,26,22,0
6127,595,154,1,0.0,0.0,0.0,0.0,0.0,0.0,0.0,1,0.0,1,0.0,0.0,0.0,0.0,9,2,13,0
6128,182,47,0.0,0.0,0.0,1,0.0,0.0,0.0,1,0.0,0.0,1,0.0,0.0,0.0,0.0,13,11,14,0
6129,893,150,0.0,0.0,1,0.0,0.0,0.0,1,0.0,0.0,0.0,0.0,0.0,0.0,0.0,1,13,8,17,0
6130,151,138,0.0,0.0,1,0.0,0.0,0.0,1,0.0,0.0,0.0,0.0,0.0,1,0.0,0.0,10,17,26,0
6131,354,48,0.0,1,0.0,0.0,1,0.0,0.0,0.0,0.0,0.0,1,0.0,0.0,0.0,0.0,6,0,26,0
6132,24,198,0.0,0.0,1,0.0,0.0,1,0.0,0.0,0.0,0.0,1,0.0,0.0,0.0,0.0,23,15,22,0
6133,19,1209,0.0,0.0,1,0.0,0.0,1,0.0,0.0,0.0,0.0,0.0,0.0,0.0,0.0,1,7,95,73,1
6134,900,133,1,0.0,0.0,0.0,0.0,0.0,0.0,1,0.0,0.0,0.0,0.0,0.0,1,0.0,22,5,21,0
6135,432,63,0.0,0.0,1,0.0,0.0,1,0.0,0.0,0.0,0.0,0.0,0.0,1,0.0,0.0,20,13,20,0
6136,104,80,0.0,0.0,1,0.0,0.0,1,0.0,0.0,0.0,0.0,0.0,0.0,1,0.0,0.0,14,24,28,0
6137,834,143,0.0,1,0.0,0.0,1,0.0,0.0,0.0,0.0,0.0,0.0,0.0,1,0.0,0.0,15,10,27,0
6138,333,90,0.0,0.0,0.0,1,1,0.0,0.0,0.0,0.0,0.0,0.0,0.0,0.0,0.0,1,20,11,2,0
6139,465,1,0.0,0.0,0.0,1,0.0,0.0,0.0,1,0.0,1,0.0,0.0,0.0,0.0,0.0,20,18,11,0
6140,103,36,0.0,0.0,1,0.0,0.0,0.0,0.0,0.0,1,0.0,1,0.0,0.0,0.0,0.0,18,4,7,0
6141,219,73,0.0,1,0.0,0.0,0.0,0.0,0.0,1,0.0,0.0,1,0.0,0.0,0.0,0.0,12,17,3,0
6142,742,130,1,0.0,0.0,0.0,0.0,0.0,0.0,0.0,1,0.0,0.0,0.0,1,0.0,0.0,8,23,23,0
6143,503,60,1,0.0,0.0,0.0,0.0,0.0,0.0,1,0.0,0.0,0.0,0.0,0.0,0.0,1,18,20,7,0
6144,521,84,1,0.0,0.0,0.0,0.0,0.0,0.0,1,0.0,1,0.0,0.0,0.0,0.0,0.0,11,5,10,0
6145,668,107,0.0,1,0.0,0.0,0.0,1,0.0,0.0,0.0,1,0.0,0.0,0.0,0.0,0.0,14,9,26,0
6146,610,44,0.0,0.0,1,0.0,0.0,1,0.0,0.0,0.0,0.0,0.0,0.0,0.0,1,0.0,16,10,22,0
6147,321,83,1,0.0,0.0,0.0,0.0,0.0,1,0.0,0.0,1,0.0,0.0,0.0,0.0,0.0,18,19,27,0
6148,966,146,0.0,0.0,0.0,1,0.0,1,0.0,0.0,0.0,1,0.0,0.0,0.0,0.0,0.0,15,11,7,0
6149,550,77,1,0.0,0.0,0.0,0.0,0.0,0.0,0.0,1,1,0.0,0.0,0.0,0.0,0.0,6,27,9,0
6150,293,132,0.0,1,0.0,0.0,0.0,0.0,0.0,0.0,1,0.0,0.0,0.0,0.0,1,0.0,19,27,27,0
6151,603,96,0.0,0.0,0.0,1,0.0,0.0,1,0.0,0.0,0.0,0.0,0.0,0.0,0.0,1,13,26,21,0
6152,477,194,0.0,1,0.0,0.0,0.0,0.0,0.0,0.0,1,0.0,1,0.0,0.0,0.0,0.0,6,18,19,0
6153,270,119,0.0,0.0,0.0,1,0.0,1,0.0,0.0,0.0,0.0,0.0,0.0,1,0.0,0.0,7,19,20,0
6154,269,125,0.0,0.0,1,0.0,0.0,0.0,0.0,0.0,1,0.0,0.0,0.0,0.0,1,0.0,15,0,19,0
6155,513,1,0.0,0.0,0.0,1,0.0,0.0,0.0,0.0,1,0.0,0.0,0.0,0.0,0.0,1,21,21,16,0
6156,847,178,0.0,1,0.0,0.0,1,0.0,0.0,0.0,0.0,0.0,0.0,0.0,0.0,1,0.0,20,16,6,0
6157,191,103,0.0,0.0,1,0.0,0.0,0.0,0.0,0.0,1,0.0,0.0,0.0,0.0,1,0.0,20,23,2,0
6158,732,213,1,0.0,0.0,0.0,0.0,1,0.0,0.0,0.0,0.0,0.0,0.0,0.0,1,0.0,9,3,16,0
6159,731,107,0.0,0.0,0.0,1,1,0.0,0.0,0.0,0.0,0.0,0.0,0.0,1,0.0,0.0,15,15,19,0
6160,962,108,0.0,0.0,1,0.0,0.0,0.0,1,0.0,0.0,0.0,0.0,0.0,0.0,1,0.0,10,10,10,0
6161,463,106,1,0.0,0.0,0.0,0.0,0.0,0.0,0.0,1,0.0,0.0,0.0,0.0,0.0,1,18,24,13,0
6162,55,38,0.0,1,0.0,0.0,0.0,0.0,0.0,0.0,1,0.0,0.0,0.0,1,0.0,0.0,22,22,27,0
6163,421,65,0.0,0.0,0.0,1,0.0,0.0,0.0,1,0.0,0.0,0.0,0.0,0.0,0.0,1,7,6,2,0
6164,735,181,0.0,1,0.0,0.0,0.0,0.0,1,0.0,0.0,0.0,0.0,0.0,0.0,0.0,1,11,4,3,0
6165,616,39,0.0,0.0,1,0.0,0.0,0.0,1,0.0,0.0,0.0,0.0,0.0,0.0,1,0.0,12,20,17,0
6166,819,773,1,0.0,0.0,0.0,0.0,0.0,0.0,0.0,1,0.0,0.0,0.0,0.0,0.0,1,23,98,76,1
6167,392,59,0.0,1,0.0,0.0,1,0.0,0.0,0.0,0.0,0.0,0.0,0.0,0.0,1,0.0,17,19,6,0
6168,945,111,0.0,0.0,0.0,1,0.0,1,0.0,0.0,0.0,0.0,1,0.0,0.0,0.0,0.0,14,28,8,0
6169,331,100,0.0,0.0,0.0,1,0.0,0.0,0.0,0.0,1,0.0,1,0.0,0.0,0.0,0.0,23,6,4,0
6170,165,42,0.0,0.0,0.0,1,0.0,0.0,0.0,0.0,1,0.0,0.0,0.0,1,0.0,0.0,8,10,2,0
6171,106,148,0.0,0.0,1,0.0,0.0,1,0.0,0.0,0.0,0.0,0.0,0.0,1,0.0,0.0,18,29,21,0
6172,603,100,0.0,1,0.0,0.0,0.0,0.0,0.0,0.0,1,0.0,0.0,0.0,0.0,0.0,1,15,25,8,0
6173,640,10,0.0,0.0,0.0,1,1,0.0,0.0,0.0,0.0,0.0,0.0,1,0.0,0.0,0.0,19,87,74,1
6174,215,82,0.0,0.0,1,0.0,1,0.0,0.0,0.0,0.0,0.0,1,0.0,0.0,0.0,0.0,10,24,20,0
6175,244,99,1,0.0,0.0,0.0,0.0,0.0,0.0,0.0,1,0.0,0.0,0.0,0.0,0.0,1,15,5,23,0
6176,715,98,1,0.0,0.0,0.0,0.0,0.0,1,0.0,0.0,0.0,1,0.0,0.0,0.0,0.0,22,13,27,0
6177,944,88,1,0.0,0.0,0.0,1,0.0,0.0,0.0,0.0,0.0,0.0,0.0,0.0,0.0,1,19,28,21,0
6178,277,154,0.0,0.0,0.0,1,0.0,0.0,1,0.0,0.0,0.0,0.0,0.0,0.0,0.0,1,22,6,20,0
6179,465,10,0.0,1,0.0,0.0,0.0,0.0,0.0,1,0.0,0.0,0.0,1,0.0,0.0,0.0,4,78,74,1
6180,957,43,0.0,0.0,0.0,1,1,0.0,0.0,0.0,0.0,1,0.0,0.0,0.0,0.0,0.0,17,15,22,0
6181,478,121,1,0.0,0.0,0.0,0.0,0.0,1,0.0,0.0,1,0.0,0.0,0.0,0.0,0.0,7,10,10,0
6182,342,61,1,0.0,0.0,0.0,1,0.0,0.0,0.0,0.0,0.0,0.0,0.0,0.0,0.0,1,8,26,16,0
6183,233,76,0.0,0.0,1,0.0,0.0,0.0,1,0.0,0.0,0.0,0.0,0.0,0.0,0.0,1,10,6,24,0
6184,865,103,0.0,1,0.0,0.0,1,0.0,0.0,0.0,0.0,0.0,0.0,0.0,0.0,0.0,1,23,0,17,0
6185,903,106,0.0,1,0.0,0.0,1,0.0,0.0,0.0,0.0,0.0,0.0,0.0,1,0.0,0.0,14,1,13,0
6186,675,125,0.0,0.0,0.0,1,0.0,0.0,0.0,0.0,1,0.0,1,0.0,0.0,0.0,0.0,7,17,16,0
6187,814,37,0.0,1,0.0,0.0,0.0,1,0.0,0.0,0.0,0.0,1,0.0,0.0,0.0,0.0,9,1,19,0
6188,401,47,0.0,0.0,1,0.0,0.0,0.0,0.0,1,0.0,0.0,0.0,0.0,0.0,0.0,1,20,24,5,0
6189,923,136,0.0,0.0,1,0.0,1,0.0,0.0,0.0,0.0,0.0,0.0,0.0,0.0,1,0.0,11,27,24,0
6190,493,79,0.0,0.0,0.0,1,1,0.0,0.0,0.0,0.0,0.0,0.0,0.0,0.0,0.0,1,15,12,20,0
6191,295,13,0.0,0.0,0.0,1,0.0,0.0,0.0,0.0,1,0.0,0.0,0.0,0.0,0.0,1,16,7,6,0
6192,375,130,0.0,1,0.0,0.0,0.0,0.0,0.0,0.0,1,0.0,0.0,0.0,0.0,1,0.0,15,7,11,0
6193,654,815,0.0,1,0.0,0.0,0.0,0.0,0.0,0.0,1,0.0,1,0.0,0.0,0.0,0.0,4,98,78,1
6194,57,140,0.0,0.0,0.0,1,0.0,0.0,0.0,1,0.0,0.0,0.0,0.0,0.0,1,0.0,19,29,26,0
6195,587,130,0.0,1,0.0,0.0,0.0,0.0,0.0,1,0.0,0.0,0.0,0.0,0.0,1,0.0,18,7,18,0
6196,74,43,0.0,0.0,1,0.0,0.0,0.0,0.0,0.0,1,1,0.0,0.0,0.0,0.0,0.0,11,6,6,0
6197,888,140,1,0.0,0.0,0.0,0.0,0.0,1,0.0,0.0,1,0.0,0.0,0.0,0.0,0.0,10,1,29,0
6198,819,168,0.0,0.0,0.0,1,0.0,0.0,0.0,1,0.0,1,0.0,0.0,0.0,0.0,0.0,18,23,1,0
6199,663,30,0.0,0.0,0.0,1,0.0,0.0,0.0,1,0.0,0.0,0.0,0.0,1,0.0,0.0,9,2,26,0
6200,609,65,0.0,0.0,0.0,1,0.0,0.0,1,0.0,0.0,0.0,0.0,0.0,0.0,1,0.0,23,24,4,0
6201,303,198,0.0,0.0,1,0.0,1,0.0,0.0,0.0,0.0,0.0,0.0,0.0,0.0,1,0.0,20,14,13,0
6202,24,173,0.0,0.0,0.0,1,0.0,0.0,1,0.0,0.0,1,0.0,0.0,0.0,0.0,0.0,9,11,21,0
6203,92,88,0.0,0.0,0.0,1,0.0,0.0,0.0,0.0,1,0.0,1,0.0,0.0,0.0,0.0,22,6,24,0
6204,638,75,1,0.0,0.0,0.0,0.0,0.0,0.0,1,0.0,0.0,0.0,0.0,1,0.0,0.0,15,1,24,0
6205,892,72,0.0,0.0,0.0,1,0.0,0.0,1,0.0,0.0,0.0,1,0.0,0.0,0.0,0.0,16,4,25,0
6206,149,146,0.0,0.0,0.0,1,0.0,0.0,0.0,0.0,1,0.0,0.0,0.0,1,0.0,0.0,21,12,23,0
6207,562,116,0.0,0.0,0.0,1,1,0.0,0.0,0.0,0.0,0.0,0.0,0.0,1,0.0,0.0,19,2,12,0
6208,362,95,0.0,0.0,1,0.0,0.0,0.0,0.0,1,0.0,0.0,1,0.0,0.0,0.0,0.0,20,24,10,0
6209,903,159,0.0,0.0,0.0,1,0.0,0.0,1,0.0,0.0,0.0,0.0,0.0,1,0.0,0.0,18,3,21,0
6210,369,164,0.0,0.0,1,0.0,1,0.0,0.0,0.0,0.0,0.0,0.0,0.0,0.0,0.0,1,21,21,19,0
6211,773,131,1,0.0,0.0,0.0,0.0,1,0.0,0.0,0.0,0.0,1,0.0,0.0,0.0,0.0,16,23,14,0
6212,484,1,0.0,0.0,1,0.0,0.0,1,0.0,0.0,0.0,0.0,0.0,0.0,1,0.0,0.0,7,26,1,0
6213,364,69,1,0.0,0.0,0.0,0.0,0.0,0.0,1,0.0,0.0,0.0,0.0,0.0,0.0,1,15,3,17,0
6214,116,90,0.0,0.0,1,0.0,0.0,0.0,0.0,0.0,1,1,0.0,0.0,0.0,0.0,0.0,9,18,28,0
6215,222,143,1,0.0,0.0,0.0,0.0,0.0,0.0,0.0,1,0.0,1,0.0,0.0,0.0,0.0,20,23,8,0
6216,150,3681,0.0,1,0.0,0.0,0.0,0.0,1,0.0,0.0,0.0,0.0,1,0.0,0.0,0.0,6,93,90,1
6217,559,93,1,0.0,0.0,0.0,1,0.0,0.0,0.0,0.0,0.0,0.0,0.0,1,0.0,0.0,17,29,25,0
6218,369,133,0.0,0.0,1,0.0,0.0,0.0,1,0.0,0.0,0.0,0.0,0.0,1,0.0,0.0,21,10,7,0
6219,363,126,1,0.0,0.0,0.0,0.0,0.0,0.0,0.0,1,0.0,1,0.0,0.0,0.0,0.0,19,25,3,0
6220,329,57,1,0.0,0.0,0.0,0.0,0.0,0.0,0.0,1,0.0,0.0,0.0,0.0,1,0.0,16,7,8,0
6221,102,89,1,0.0,0.0,0.0,0.0,0.0,1,0.0,0.0,0.0,1,0.0,0.0,0.0,0.0,17,10,15,0
6222,657,20,1,0.0,0.0,0.0,0.0,1,0.0,0.0,0.0,0.0,0.0,0.0,0.0,0.0,1,9,17,15,0
6223,56,75,1,0.0,0.0,0.0,0.0,0.0,0.0,0.0,1,0.0,1,0.0,0.0,0.0,0.0,6,18,5,0
6224,938,97,1,0.0,0.0,0.0,0.0,0.0,0.0,0.0,1,0.0,1,0.0,0.0,0.0,0.0,12,26,10,0
6225,780,97,0.0,0.0,0.0,1,0.0,1,0.0,0.0,0.0,1,0.0,0.0,0.0,0.0,0.0,11,0,8,0
6226,179,24,0.0,0.0,1,0.0,0.0,0.0,1,0.0,0.0,1,0.0,0.0,0.0,0.0,0.0,20,7,16,0
6227,714,121,0.0,0.0,1,0.0,0.0,0.0,0.0,1,0.0,0.0,0.0,0.0,0.0,0.0,1,8,7,6,0
6228,158,10,1,0.0,0.0,0.0,0.0,0.0,1,0.0,0.0,0.0,0.0,0.0,0.0,1,0.0,3,72,99,1
6229,405,10,1,0.0,0.0,0.0,0.0,0.0,0.0,0.0,1,0.0,1,0.0,0.0,0.0,0.0,20,73,76,1
6230,913,135,0.0,0.0,1,0.0,0.0,0.0,0.0,1,0.0,1,0.0,0.0,0.0,0.0,0.0,10,7,23,0
6231,713,70,0.0,0.0,1,0.0,1,0.0,0.0,0.0,0.0,0.0,0.0,0.0,1,0.0,0.0,16,16,23,0
6232,449,151,0.0,0.0,1,0.0,0.0,0.0,0.0,1,0.0,1,0.0,0.0,0.0,0.0,0.0,12,13,1,0
6233,725,9,0.0,0.0,1,0.0,1,0.0,0.0,0.0,0.0,0.0,0.0,0.0,1,0.0,0.0,9,29,29,0
6234,110,170,0.0,1,0.0,0.0,0.0,0.0,0.0,0.0,1,0.0,0.0,0.0,1,0.0,0.0,7,3,16,0
6235,484,93,1,0.0,0.0,0.0,0.0,1,0.0,0.0,0.0,1,0.0,0.0,0.0,0.0,0.0,7,8,12,0
6236,848,56,1,0.0,0.0,0.0,0.0,0.0,0.0,1,0.0,0.0,1,0.0,0.0,0.0,0.0,10,22,22,0
6237,578,117,0.0,1,0.0,0.0,1,0.0,0.0,0.0,0.0,0.0,0.0,0.0,0.0,1,0.0,16,19,23,0
6238,480,66,0.0,0.0,1,0.0,0.0,0.0,1,0.0,0.0,1,0.0,0.0,0.0,0.0,0.0,10,23,17,0
6239,127,124,1,0.0,0.0,0.0,0.0,1,0.0,0.0,0.0,0.0,0.0,0.0,0.0,0.0,1,16,0,20,0
6240,111,63,0.0,1,0.0,0.0,0.0,1,0.0,0.0,0.0,0.0,1,0.0,0.0,0.0,0.0,7,6,28,0
6241,757,103,0.0,0.0,1,0.0,1,0.0,0.0,0.0,0.0,0.0,0.0,0.0,0.0,0.0,1,23,26,28,0
6242,361,127,0.0,0.0,1,0.0,0.0,0.0,0.0,0.0,1,0.0,0.0,0.0,0.0,0.0,1,14,17,2,0
6243,96,103,0.0,0.0,1,0.0,0.0,0.0,0.0,1,0.0,0.0,0.0,0.0,0.0,0.0,1,6,6,22,0
6244,13,106,0.0,1,0.0,0.0,0.0,0.0,0.0,1,0.0,0.0,1,0.0,0.0,0.0,0.0,17,24,15,0
6245,185,95,0.0,0.0,0.0,1,0.0,1,0.0,0.0,0.0,0.0,0.0,0.0,0.0,1,0.0,8,13,6,0
6246,771,104,0.0,0.0,0.0,1,1,0.0,0.0,0.0,0.0,0.0,0.0,0.0,0.0,0.0,1,8,8,13,0
6247,695,150,0.0,0.0,1,0.0,0.0,0.0,0.0,0.0,1,0.0,0.0,0.0,1,0.0,0.0,12,7,18,0
6248,481,110,0.0,0.0,0.0,1,0.0,0.0,0.0,1,0.0,0.0,0.0,0.0,0.0,1,0.0,17,22,26,0
6249,638,147,0.0,0.0,1,0.0,0.0,0.0,0.0,1,0.0,0.0,0.0,0.0,0.0,0.0,1,9,15,1,0
6250,276,10,0.0,0.0,1,0.0,0.0,0.0,0.0,1,0.0,1,0.0,0.0,0.0,0.0,0.0,1,75,95,1
6251,378,148,0.0,1,0.0,0.0,0.0,0.0,0.0,1,0.0,0.0,0.0,0.0,1,0.0,0.0,8,17,8,0
6252,75,70,0.0,0.0,1,0.0,0.0,0.0,0.0,1,0.0,0.0,0.0,0.0,0.0,0.0,1,15,14,26,0
6253,922,35,1,0.0,0.0,0.0,0.0,0.0,0.0,1,0.0,0.0,1,0.0,0.0,0.0,0.0,23,25,13,0
6254,115,109,1,0.0,0.0,0.0,0.0,1,0.0,0.0,0.0,0.0,0.0,0.0,1,0.0,0.0,8,21,2,0
6255,15,112,0.0,0.0,1,0.0,0.0,0.0,1,0.0,0.0,0.0,0.0,0.0,1,0.0,0.0,8,7,11,0
6256,452,65,0.0,0.0,0.0,1,0.0,1,0.0,0.0,0.0,0.0,0.0,0.0,0.0,1,0.0,20,17,11,0
6257,213,115,0.0,0.0,1,0.0,0.0,0.0,0.0,1,0.0,0.0,0.0,0.0,0.0,1,0.0,15,18,1,0
6258,219,47,1,0.0,0.0,0.0,0.0,0.0,0.0,0.0,1,0.0,1,0.0,0.0,0.0,0.0,9,14,4,0
6259,360,69,0.0,0.0,0.0,1,0.0,0.0,0.0,1,0.0,0.0,0.0,0.0,1,0.0,0.0,11,25,2,0
6260,497,65,0.0,1,0.0,0.0,1,0.0,0.0,0.0,0.0,0.0,0.0,0.0,0.0,0.0,1,9,18,17,0
6261,742,156,1,0.0,0.0,0.0,0.0,0.0,1,0.0,0.0,0.0,0.0,0.0,0.0,1,0.0,7,5,29,0
6262,95,164,1,0.0,0.0,0.0,0.0,0.0,1,0.0,0.0,1,0.0,0.0,0.0,0.0,0.0,12,23,8,0
6263,326,133,0.0,0.0,1,0.0,1,0.0,0.0,0.0,0.0,0.0,0.0,0.0,0.0,1,0.0,21,11,28,0
6264,290,121,1,0.0,0.0,0.0,0.0,0.0,1,0.0,0.0,0.0,0.0,0.0,0.0,0.0,1,11,12,28,0
6265,837,108,0.0,0.0,0.0,1,1,0.0,0.0,0.0,0.0,0.0,0.0,0.0,1,0.0,0.0,17,23,11,0
6266,528,20,0.0,0.0,1,0.0,0.0,1,0.0,0.0,0.0,0.0,1,0.0,0.0,0.0,0.0,19,17,17,0
6267,334,173,0.0,1,0.0,0.0,0.0,0.0,0.0,1,0.0,0.0,0.0,0.0,1,0.0,0.0,18,13,24,0
6268,884,46,0.0,0.0,0.0,1,0.0,0.0,1,0.0,0.0,0.0,0.0,0.0,0.0,0.0,1,7,8,11,0
6269,942,165,0.0,0.0,1,0.0,0.0,0.0,0.0,0.0,1,1,0.0,0.0,0.0,0.0,0.0,18,21,11,0
6270,462,62,1,0.0,0.0,0.0,0.0,1,0.0,0.0,0.0,0.0,0.0,0.0,0.0,1,0.0,21,24,23,0
6271,581,144,1,0.0,0.0,0.0,0.0,0.0,0.0,1,0.0,0.0,0.0,0.0,1,0.0,0.0,7,5,28,0
6272,620,109,1,0.0,0.0,0.0,0.0,0.0,0.0,1,0.0,0.0,0.0,0.0,1,0.0,0.0,6,21,16,0
6273,47,137,1,0.0,0.0,0.0,0.0,0.0,0.0,0.0,1,1,0.0,0.0,0.0,0.0,0.0,11,8,18,0
6274,275,37,0.0,0.0,0.0,1,0.0,0.0,0.0,0.0,1,0.0,1,0.0,0.0,0.0,0.0,18,20,26,0
6275,605,79,0.0,1,0.0,0.0,1,0.0,0.0,0.0,0.0,0.0,1,0.0,0.0,0.0,0.0,6,23,13,0
6276,925,130,1,0.0,0.0,0.0,0.0,0.0,0.0,0.0,1,0.0,0.0,0.0,0.0,0.0,1,9,13,28,0
6277,697,125,1,0.0,0.0,0.0,0.0,1,0.0,0.0,0.0,0.0,0.0,0.0,0.0,1,0.0,12,15,14,0
6278,334,109,0.0,0.0,1,0.0,0.0,0.0,1,0.0,0.0,0.0,0.0,0.0,0.0,1,0.0,13,1,21,0
6279,553,143,0.0,1,0.0,0.0,0.0,0.0,0.0,0.0,1,0.0,0.0,0.0,0.0,1,0.0,12,0,1,0
6280,935,76,0.0,1,0.0,0.0,1,0.0,0.0,0.0,0.0,0.0,1,0.0,0.0,0.0,0.0,6,26,3,0
6281,726,34,0.0,0.0,0.0,1,0.0,0.0,0.0,0.0,1,0.0,1,0.0,0.0,0.0,0.0,20,14,14,0
6282,961,124,0.0,0.0,1,0.0,0.0,0.0,0.0,1,0.0,1,0.0,0.0,0.0,0.0,0.0,21,27,27,0
6283,834,42,0.0,0.0,0.0,1,0.0,0.0,0.0,0.0,1,0.0,0.0,0.0,0.0,1,0.0,8,29,24,0
6284,547,6770,0.0,1,0.0,0.0,0.0,0.0,0.0,1,0.0,0.0,0.0,0.0,0.0,0.0,1,6,85,78,1
6285,924,163,1,0.0,0.0,0.0,0.0,0.0,1,0.0,0.0,0.0,1,0.0,0.0,0.0,0.0,23,17,16,0
6286,819,140,0.0,0.0,1,0.0,0.0,0.0,0.0,1,0.0,0.0,1,0.0,0.0,0.0,0.0,14,29,23,0
6287,419,1,0.0,0.0,0.0,1,0.0,0.0,0.0,0.0,1,0.0,0.0,0.0,0.0,1,0.0,20,20,1,0
6288,47,22,1,0.0,0.0,0.0,1,0.0,0.0,0.0,0.0,0.0,0.0,0.0,0.0,1,0.0,23,81,97,1
6289,144,35,0.0,0.0,0.0,1,0.0,0.0,0.0,0.0,1,1,0.0,0.0,0.0,0.0,0.0,22,11,10,0
6290,187,163,0.0,0.0,1,0.0,0.0,1,0.0,0.0,0.0,0.0,1,0.0,0.0,0.0,0.0,21,15,12,0
6291,124,54,1,0.0,0.0,0.0,0.0,0.0,0.0,1,0.0,0.0,0.0,0.0,0.0,1,0.0,13,14,10,0
6292,833,73,0.0,0.0,0.0,1,0.0,0.0,0.0,1,0.0,0.0,1,0.0,0.0,0.0,0.0,17,7,26,0
6293,404,128,0.0,0.0,1,0.0,0.0,1,0.0,0.0,0.0,0.0,0.0,0.0,1,0.0,0.0,22,19,1,0
6294,546,11,0.0,1,0.0,0.0,0.0,0.0,1,0.0,0.0,1,0.0,0.0,0.0,0.0,0.0,21,21,5,0
6295,15,162,0.0,0.0,0.0,1,0.0,0.0,1,0.0,0.0,0.0,0.0,0.0,0.0,0.0,1,15,26,17,0
6296,395,54,0.0,1,0.0,0.0,0.0,1,0.0,0.0,0.0,0.0,0.0,0.0,0.0,1,0.0,23,12,4,0
6297,887,36,0.0,1,0.0,0.0,0.0,0.0,0.0,1,0.0,0.0,0.0,0.0,1,0.0,0.0,15,24,16,0
6298,320,41,0.0,1,0.0,0.0,0.0,0.0,1,0.0,0.0,0.0,0.0,0.0,0.0,1,0.0,18,11,14,0
6299,212,104,1,0.0,0.0,0.0,0.0,0.0,1,0.0,0.0,0.0,0.0,0.0,0.0,1,0.0,20,29,1,0
6300,81,10,0.0,0.0,0.0,1,1,0.0,0.0,0.0,0.0,0.0,1,0.0,0.0,0.0,0.0,6,74,81,1
6301,877,68,0.0,0.0,1,0.0,0.0,0.0,0.0,1,0.0,0.0,0.0,0.0,1,0.0,0.0,17,12,24,0
6302,947,108,0.0,1,0.0,0.0,0.0,1,0.0,0.0,0.0,1,0.0,0.0,0.0,0.0,0.0,7,7,9,0
6303,701,139,1,0.0,0.0,0.0,0.0,1,0.0,0.0,0.0,1,0.0,0.0,0.0,0.0,0.0,14,3,5,0
6304,112,170,0.0,1,0.0,0.0,1,0.0,0.0,0.0,0.0,0.0,1,0.0,0.0,0.0,0.0,10,18,1,0
6305,178,154,1,0.0,0.0,0.0,0.0,1,0.0,0.0,0.0,0.0,0.0,0.0,1,0.0,0.0,7,5,5,0
6306,805,2801,0.0,0.0,0.0,1,0.0,0.0,0.0,0.0,1,0.0,0.0,1,0.0,0.0,0.0,4,75,79,1
6307,980,111,0.0,1,0.0,0.0,0.0,0.0,0.0,1,0.0,0.0,0.0,0.0,1,0.0,0.0,18,21,14,0
6308,135,181,0.0,0.0,0.0,1,0.0,0.0,0.0,0.0,1,0.0,0.0,0.0,0.0,0.0,1,15,28,8,0
6309,337,108,0.0,0.0,1,0.0,0.0,1,0.0,0.0,0.0,0.0,0.0,0.0,0.0,1,0.0,16,28,18,0
6310,869,61,0.0,1,0.0,0.0,0.0,0.0,0.0,1,0.0,0.0,0.0,0.0,1,0.0,0.0,18,24,16,0
6311,418,60,0.0,1,0.0,0.0,0.0,0.0,0.0,0.0,1,0.0,0.0,0.0,0.0,1,0.0,8,26,5,0
6312,533,107,0.0,0.0,1,0.0,1,0.0,0.0,0.0,0.0,0.0,0.0,0.0,0.0,0.0,1,12,6,11,0
6313,252,92,0.0,0.0,0.0,1,0.0,0.0,0.0,0.0,1,0.0,1,0.0,0.0,0.0,0.0,12,3,18,0
6314,680,39,1,0.0,0.0,0.0,0.0,1,0.0,0.0,0.0,1,0.0,0.0,0.0,0.0,0.0,14,20,16,0
6315,677,110,0.0,0.0,0.0,1,0.0,0.0,0.0,1,0.0,0.0,0.0,0.0,0.0,0.0,1,23,2,0,0
6316,317,131,0.0,1,0.0,0.0,1,0.0,0.0,0.0,0.0,1,0.0,0.0,0.0,0.0,0.0,23,8,7,0
6317,749,148,1,0.0,0.0,0.0,0.0,1,0.0,0.0,0.0,0.0,0.0,0.0,1,0.0,0.0,7,3,6,0
6318,548,2459,1,0.0,0.0,0.0,0.0,0.0,0.0,0.0,1,0.0,1,0.0,0.0,0.0,0.0,6,98,99,1
6319,751,18,0.0,1,0.0,0.0,0.0,1,0.0,0.0,0.0,0.0,0.0,0.0,0.0,0.0,1,14,26,2,0
6320,383,62,0.0,1,0.0,0.0,0.0,0.0,1,0.0,0.0,0.0,0.0,0.0,1,0.0,0.0,11,7,18,0
6321,711,107,1,0.0,0.0,0.0,0.0,1,0.0,0.0,0.0,0.0,0.0,0.0,1,0.0,0.0,19,9,14,0
6322,508,65,1,0.0,0.0,0.0,0.0,0.0,0.0,0.0,1,0.0,1,0.0,0.0,0.0,0.0,20,29,0,0
6323,838,102,0.0,0.0,1,0.0,0.0,0.0,1,0.0,0.0,0.0,0.0,0.0,0.0,0.0,1,12,29,18,0
6324,710,124,1,0.0,0.0,0.0,0.0,1,0.0,0.0,0.0,0.0,0.0,0.0,0.0,1,0.0,14,14,21,0
6325,539,83,0.0,0.0,1,0.0,0.0,0.0,0.0,1,0.0,0.0,0.0,0.0,0.0,1,0.0,6,18,29,0
6326,516,135,0.0,0.0,1,0.0,0.0,0.0,0.0,0.0,1,0.0,0.0,0.0,0.0,0.0,1,14,2,25,0
6327,509,37,0.0,0.0,1,0.0,0.0,0.0,1,0.0,0.0,1,0.0,0.0,0.0,0.0,0.0,11,9,25,0
6328,671,10,0.0,1,0.0,0.0,0.0,0.0,0.0,1,0.0,0.0,0.0,0.0,0.0,0.0,1,13,88,96,1
6329,667,62,0.0,0.0,1,0.0,0.0,0.0,0.0,1,0.0,0.0,0.0,0.0,0.0,0.0,1,8,15,8,0
6330,127,50,0.0,0.0,0.0,1,0.0,0.0,0.0,1,0.0,1,0.0,0.0,0.0,0.0,0.0,19,9,28,0
6331,263,1447,0.0,0.0,1,0.0,0.0,0.0,0.0,1,0.0,0.0,1,0.0,0.0,0.0,0.0,0,89,96,1
6332,165,152,1,0.0,0.0,0.0,1,0.0,0.0,0.0,0.0,0.0,0.0,0.0,0.0,0.0,1,21,20,9,0
6333,518,92,0.0,1,0.0,0.0,0.0,1,0.0,0.0,0.0,0.0,1,0.0,0.0,0.0,0.0,13,28,10,0
6334,132,95,0.0,1,0.0,0.0,0.0,1,0.0,0.0,0.0,0.0,1,0.0,0.0,0.0,0.0,11,24,7,0
6335,143,21,0.0,1,0.0,0.0,0.0,0.0,0.0,1,0.0,0.0,1,0.0,0.0,0.0,0.0,14,7,10,0
6336,230,95,1,0.0,0.0,0.0,1,0.0,0.0,0.0,0.0,1,0.0,0.0,0.0,0.0,0.0,12,16,4,0
6337,206,78,0.0,0.0,1,0.0,0.0,0.0,0.0,1,0.0,0.0,1,0.0,0.0,0.0,0.0,21,29,22,0
6338,299,81,1,0.0,0.0,0.0,0.0,0.0,0.0,1,0.0,0.0,0.0,0.0,0.0,0.0,1,16,21,8,0
6339,835,171,0.0,0.0,1,0.0,0.0,0.0,0.0,0.0,1,1,0.0,0.0,0.0,0.0,0.0,11,10,20,0
6340,810,87,0.0,0.0,1,0.0,0.0,1,0.0,0.0,0.0,0.0,0.0,0.0,0.0,1,0.0,19,24,27,0
6341,945,117,1,0.0,0.0,0.0,0.0,0.0,1,0.0,0.0,1,0.0,0.0,0.0,0.0,0.0,15,21,22,0
6342,981,135,0.0,1,0.0,0.0,0.0,0.0,1,0.0,0.0,0.0,0.0,0.0,1,0.0,0.0,12,0,17,0
6343,524,100,1,0.0,0.0,0.0,1,0.0,0.0,0.0,0.0,0.0,0.0,0.0,0.0,1,0.0,19,2,8,0
6344,705,116,0.0,0.0,1,0.0,0.0,0.0,1,0.0,0.0,1,0.0,0.0,0.0,0.0,0.0,18,20,23,0
6345,721,57,1,0.0,0.0,0.0,0.0,0.0,0.0,0.0,1,0.0,0.0,0.0,1,0.0,0.0,15,0,19,0
6346,973,139,0.0,0.0,1,0.0,0.0,0.0,0.0,0.0,1,0.0,1,0.0,0.0,0.0,0.0,9,5,16,0
6347,373,20,0.0,0.0,1,0.0,1,0.0,0.0,0.0,0.0,0.0,0.0,0.0,0.0,0.0,1,10,7,27,0
6348,941,140,1,0.0,0.0,0.0,0.0,1,0.0,0.0,0.0,0.0,0.0,0.0,0.0,1,0.0,16,29,22,0
6349,852,94,0.0,0.0,0.0,1,0.0,0.0,0.0,1,0.0,1,0.0,0.0,0.0,0.0,0.0,15,28,10,0
6350,309,85,1,0.0,0.0,0.0,1,0.0,0.0,0.0,0.0,1,0.0,0.0,0.0,0.0,0.0,12,28,10,0
6351,382,86,0.0,1,0.0,0.0,0.0,1,0.0,0.0,0.0,0.0,0.0,0.0,0.0,0.0,1,9,9,26,0
6352,912,22,0.0,1,0.0,0.0,0.0,0.0,0.0,0.0,1,0.0,1,0.0,0.0,0.0,0.0,11,21,29,0
6353,356,98,1,0.0,0.0,0.0,0.0,0.0,0.0,0.0,1,0.0,0.0,0.0,0.0,1,0.0,8,13,2,0
6354,337,120,0.0,1,0.0,0.0,0.0,1,0.0,0.0,0.0,0.0,0.0,0.0,0.0,0.0,1,23,4,27,0
6355,170,106,0.0,1,0.0,0.0,0.0,0.0,1,0.0,0.0,0.0,0.0,0.0,0.0,0.0,1,23,11,21,0
6356,894,120,1,0.0,0.0,0.0,0.0,0.0,1,0.0,0.0,1,0.0,0.0,0.0,0.0,0.0,23,8,23,0
6357,255,163,0.0,1,0.0,0.0,0.0,0.0,0.0,0.0,1,0.0,1,0.0,0.0,0.0,0.0,21,27,19,0
6358,676,1,0.0,0.0,0.0,1,0.0,0.0,0.0,1,0.0,0.0,0.0,0.0,0.0,0.0,1,6,1,1,0
6359,18,81,0.0,1,0.0,0.0,0.0,0.0,0.0,0.0,1,0.0,1,0.0,0.0,0.0,0.0,7,12,0,0
6360,370,48,0.0,0.0,0.0,1,0.0,0.0,1,0.0,0.0,1,0.0,0.0,0.0,0.0,0.0,22,5,21,0
6361,777,91,1,0.0,0.0,0.0,1,0.0,0.0,0.0,0.0,1,0.0,0.0,0.0,0.0,0.0,23,27,8,0
6362,772,141,0.0,0.0,1,0.0,0.0,0.0,0.0,0.0,1,0.0,0.0,0.0,1,0.0,0.0,19,3,8,0
6363,435,1091,0.0,0.0,1,0.0,0.0,0.0,1,0.0,0.0,1,0.0,0.0,0.0,0.0,0.0,13,72,81,1
6364,864,3214,1,0.0,0.0,0.0,0.0,0.0,0.0,0.0,1,1,0.0,0.0,0.0,0.0,0.0,2,86,87,1
6365,388,160,1,0.0,0.0,0.0,0.0,0.0,0.0,0.0,1,1,0.0,0.0,0.0,0.0,0.0,18,18,16,0
6366,66,165,0.0,1,0.0,0.0,0.0,0.0,0.0,1,0.0,0.0,0.0,0.0,0.0,1,0.0,6,29,21,0
6367,344,192,0.0,0.0,1,0.0,0.0,0.0,0.0,1,0.0,1,0.0,0.0,0.0,0.0,0.0,13,5,4,0
6368,714,237,0.0,0.0,0.0,1,0.0,0.0,0.0,0.0,1,0.0,1,0.0,0.0,0.0,0.0,22,7,4,0
6369,848,100,1,0.0,0.0,0.0,0.0,0.0,1,0.0,0.0,0.0,1,0.0,0.0,0.0,0.0,17,16,25,0
6370,328,56,0.0,0.0,1,0.0,1,0.0,0.0,0.0,0.0,0.0,1,0.0,0.0,0.0,0.0,11,3,10,0
6371,991,74,0.0,0.0,1,0.0,0.0,1,0.0,0.0,0.0,1,0.0,0.0,0.0,0.0,0.0,8,19,20,0
6372,59,61,0.0,0.0,1,0.0,0.0,0.0,0.0,1,0.0,0.0,0.0,0.0,0.0,1,0.0,13,27,26,0
6373,342,144,0.0,1,0.0,0.0,0.0,0.0,0.0,0.0,1,0.0,0.0,0.0,1,0.0,0.0,17,4,21,0
6374,423,20,0.0,0.0,1,0.0,1,0.0,0.0,0.0,0.0,0.0,0.0,0.0,0.0,1,0.0,12,3,4,0
6375,402,58,0.0,0.0,0.0,1,1,0.0,0.0,0.0,0.0,0.0,0.0,0.0,1,0.0,0.0,18,5,23,0
6376,630,97,0.0,1,0.0,0.0,1,0.0,0.0,0.0,0.0,1,0.0,0.0,0.0,0.0,0.0,6,21,4,0
6377,604,179,0.0,0.0,0.0,1,0.0,1,0.0,0.0,0.0,1,0.0,0.0,0.0,0.0,0.0,13,11,4,0
6378,196,97,0.0,0.0,0.0,1,0.0,0.0,1,0.0,0.0,1,0.0,0.0,0.0,0.0,0.0,6,10,15,0
6379,913,145,0.0,0.0,1,0.0,0.0,0.0,1,0.0,0.0,0.0,1,0.0,0.0,0.0,0.0,20,15,4,0
6380,163,75,1,0.0,0.0,0.0,0.0,1,0.0,0.0,0.0,0.0,0.0,0.0,0.0,0.0,1,10,2,24,0
6381,172,63,1,0.0,0.0,0.0,0.0,1,0.0,0.0,0.0,0.0,1,0.0,0.0,0.0,0.0,16,21,13,0
6382,108,116,0.0,0.0,0.0,1,0.0,0.0,0.0,0.0,1,0.0,0.0,0.0,0.0,0.0,1,14,4,19,0
6383,11,39,0.0,0.0,1,0.0,1,0.0,0.0,0.0,0.0,0.0,0.0,0.0,0.0,1,0.0,19,18,14,0
6384,579,117,1,0.0,0.0,0.0,0.0,0.0,1,0.0,0.0,0.0,0.0,0.0,0.0,1,0.0,8,28,23,0
6385,263,812,0.0,1,0.0,0.0,1,0.0,0.0,0.0,0.0,0.0,0.0,0.0,0.0,0.0,1,4,74,70,1
6386,136,16,0.0,1,0.0,0.0,0.0,1,0.0,0.0,0.0,0.0,1,0.0,0.0,0.0,0.0,16,1,16,0
6387,425,17,1,0.0,0.0,0.0,0.0,1,0.0,0.0,0.0,0.0,0.0,0.0,1,0.0,0.0,17,10,24,0
6388,213,77,0.0,0.0,1,0.0,0.0,0.0,0.0,0.0,1,0.0,0.0,0.0,0.0,0.0,1,18,20,17,0
6389,905,98,0.0,0.0,0.0,1,0.0,0.0,1,0.0,0.0,0.0,0.0,0.0,0.0,0.0,1,8,4,11,0
6390,600,23,0.0,1,0.0,0.0,0.0,0.0,0.0,0.0,1,1,0.0,0.0,0.0,0.0,0.0,7,14,3,0
6391,973,221,1,0.0,0.0,0.0,1,0.0,0.0,0.0,0.0,0.0,0.0,0.0,0.0,1,0.0,14,18,23,0
6392,129,106,0.0,0.0,1,0.0,0.0,0.0,0.0,0.0,1,0.0,0.0,0.0,1,0.0,0.0,13,0,17,0
6393,672,114,0.0,1,0.0,0.0,0.0,0.0,1,0.0,0.0,0.0,0.0,0.0,0.0,1,0.0,21,11,3,0
6394,543,44,0.0,0.0,1,0.0,0.0,0.0,1,0.0,0.0,0.0,0.0,0.0,1,0.0,0.0,22,29,19,0
6395,845,118,0.0,0.0,1,0.0,0.0,0.0,0.0,0.0,1,1,0.0,0.0,0.0,0.0,0.0,19,9,20,0
6396,590,115,0.0,0.0,0.0,1,0.0,0.0,1,0.0,0.0,0.0,0.0,0.0,0.0,0.0,1,10,19,12,0
6397,475,86,1,0.0,0.0,0.0,1,0.0,0.0,0.0,0.0,0.0,0.0,0.0,1,0.0,0.0,15,1,20,0
6398,155,141,0.0,1,0.0,0.0,0.0,0.0,0.0,1,0.0,1,0.0,0.0,0.0,0.0,0.0,10,14,22,0
6399,75,190,0.0,0.0,0.0,1,0.0,0.0,0.0,1,0.0,0.0,1,0.0,0.0,0.0,0.0,8,9,24,0
6400,792,25,0.0,0.0,0.0,1,0.0,1,0.0,0.0,0.0,0.0,0.0,0.0,1,0.0,0.0,12,29,22,0
6401,420,125,0.0,0.0,1,0.0,0.0,1,0.0,0.0,0.0,0.0,0.0,0.0,0.0,1,0.0,23,16,29,0
6402,632,41,0.0,1,0.0,0.0,0.0,0.0,1,0.0,0.0,1,0.0,0.0,0.0,0.0,0.0,12,8,22,0
6403,498,10,0.0,0.0,1,0.0,0.0,0.0,1,0.0,0.0,0.0,0.0,1,0.0,0.0,0.0,15,83,82,1
6404,588,1,0.0,1,0.0,0.0,0.0,1,0.0,0.0,0.0,1,0.0,0.0,0.0,0.0,0.0,23,19,4,0
6405,414,2983,0.0,0.0,0.0,1,0.0,1,0.0,0.0,0.0,0.0,0.0,0.0,0.0,0.0,1,4,95,96,1
6406,965,143,0.0,0.0,0.0,1,0.0,0.0,0.0,0.0,1,1,0.0,0.0,0.0,0.0,0.0,22,15,12,0
6407,728,141,0.0,1,0.0,0.0,0.0,0.0,0.0,0.0,1,0.0,1,0.0,0.0,0.0,0.0,19,7,25,0
6408,622,171,1,0.0,0.0,0.0,0.0,0.0,0.0,0.0,1,0.0,0.0,0.0,0.0,1,0.0,7,1,14,0
6409,181,111,1,0.0,0.0,0.0,0.0,0.0,1,0.0,0.0,0.0,0.0,0.0,1,0.0,0.0,14,18,17,0
6410,160,92,0.0,0.0,1,0.0,0.0,0.0,0.0,0.0,1,0.0,0.0,0.0,0.0,1,0.0,20,17,8,0
6411,375,39,0.0,0.0,1,0.0,0.0,0.0,0.0,0.0,1,0.0,0.0,0.0,0.0,1,0.0,17,1,16,0
6412,497,123,0.0,0.0,0.0,1,0.0,0.0,0.0,0.0,1,1,0.0,0.0,0.0,0.0,0.0,14,7,23,0
6413,463,87,0.0,0.0,1,0.0,0.0,1,0.0,0.0,0.0,0.0,0.0,0.0,1,0.0,0.0,14,22,21,0
6414,208,151,1,0.0,0.0,0.0,0.0,0.0,0.0,0.0,1,0.0,0.0,0.0,1,0.0,0.0,11,9,6,0
6415,642,124,0.0,1,0.0,0.0,0.0,0.0,0.0,1,0.0,0.0,1,0.0,0.0,0.0,0.0,10,13,12,0
6416,826,1448,0.0,1,0.0,0.0,0.0,0.0,0.0,0.0,1,0.0,0.0,0.0,1,0.0,0.0,10,78,84,1
6417,740,111,0.0,0.0,1,0.0,0.0,1,0.0,0.0,0.0,0.0,0.0,0.0,0.0,0.0,1,12,14,7,0
6418,700,144,0.0,0.0,1,0.0,0.0,0.0,1,0.0,0.0,0.0,0.0,0.0,0.0,1,0.0,20,12,1,0
6419,16,78,1,0.0,0.0,0.0,0.0,1,0.0,0.0,0.0,0.0,0.0,0.0,1,0.0,0.0,21,10,7,0
6420,862,56,0.0,0.0,0.0,1,0.0,0.0,0.0,0.0,1,0.0,0.0,0.0,1,0.0,0.0,14,18,5,0
6421,574,2541,0.0,0.0,0.0,1,0.0,1,0.0,0.0,0.0,0.0,0.0,1,0.0,0.0,0.0,4,91,97,1
6422,162,57,0.0,1,0.0,0.0,0.0,0.0,0.0,1,0.0,1,0.0,0.0,0.0,0.0,0.0,22,4,25,0
6423,515,78,1,0.0,0.0,0.0,0.0,0.0,1,0.0,0.0,0.0,0.0,0.0,0.0,0.0,1,9,14,22,0
6424,899,144,1,0.0,0.0,0.0,0.0,0.0,1,0.0,0.0,0.0,0.0,0.0,0.0,0.0,1,17,17,7,0
6425,937,182,0.0,1,0.0,0.0,1,0.0,0.0,0.0,0.0,0.0,0.0,0.0,0.0,0.0,1,14,4,14,0
6426,812,81,0.0,0.0,1,0.0,1,0.0,0.0,0.0,0.0,0.0,0.0,0.0,0.0,1,0.0,10,28,5,0
6427,461,82,0.0,0.0,0.0,1,0.0,0.0,1,0.0,0.0,0.0,0.0,0.0,0.0,1,0.0,12,26,6,0
6428,72,21,0.0,0.0,1,0.0,1,0.0,0.0,0.0,0.0,0.0,1,0.0,0.0,0.0,0.0,23,26,24,0
6429,690,204,0.0,0.0,0.0,1,0.0,0.0,1,0.0,0.0,0.0,0.0,0.0,1,0.0,0.0,18,13,27,0
6430,658,88,0.0,1,0.0,0.0,1,0.0,0.0,0.0,0.0,1,0.0,0.0,0.0,0.0,0.0,17,3,4,0
6431,873,116,0.0,0.0,0.0,1,0.0,0.0,0.0,0.0,1,0.0,0.0,0.0,0.0,1,0.0,18,2,28,0
6432,719,114,0.0,0.0,1,0.0,0.0,0.0,0.0,1,0.0,0.0,0.0,0.0,1,0.0,0.0,21,10,8,0
6433,666,74,0.0,1,0.0,0.0,0.0,0.0,0.0,1,0.0,1,0.0,0.0,0.0,0.0,0.0,20,11,24,0
6434,26,138,1,0.0,0.0,0.0,0.0,0.0,0.0,1,0.0,0.0,0.0,0.0,0.0,1,0.0,10,29,2,0
6435,47,185,0.0,0.0,0.0,1,0.0,0.0,0.0,1,0.0,0.0,0.0,0.0,0.0,0.0,1,23,19,20,0
6436,115,82,0.0,0.0,0.0,1,0.0,0.0,0.0,1,0.0,0.0,0.0,0.0,0.0,0.0,1,14,3,28,0
6437,612,96,0.0,1,0.0,0.0,0.0,0.0,0.0,0.0,1,1,0.0,0.0,0.0,0.0,0.0,19,12,18,0
6438,119,55,1,0.0,0.0,0.0,0.0,0.0,0.0,1,0.0,1,0.0,0.0,0.0,0.0,0.0,14,23,1,0
6439,568,96,0.0,0.0,1,0.0,0.0,0.0,1,0.0,0.0,1,0.0,0.0,0.0,0.0,0.0,18,7,5,0
6440,238,85,1,0.0,0.0,0.0,0.0,1,0.0,0.0,0.0,0.0,0.0,0.0,0.0,1,0.0,15,0,11,0
6441,11,107,0.0,0.0,0.0,1,0.0,0.0,1,0.0,0.0,0.0,1,0.0,0.0,0.0,0.0,17,1,23,0
6442,680,98,0.0,0.0,0.0,1,1,0.0,0.0,0.0,0.0,0.0,1,0.0,0.0,0.0,0.0,15,24,15,0
6443,525,76,0.0,0.0,1,0.0,0.0,1,0.0,0.0,0.0,0.0,1,0.0,0.0,0.0,0.0,22,11,17,0
6444,43,274,0.0,0.0,0.0,1,0.0,0.0,0.0,0.0,1,0.0,1,0.0,0.0,0.0,0.0,11,2,19,0
6445,157,105,0.0,0.0,0.0,1,1,0.0,0.0,0.0,0.0,0.0,0.0,0.0,0.0,1,0.0,7,27,10,0
6446,699,81,0.0,0.0,1,0.0,0.0,1,0.0,0.0,0.0,0.0,1,0.0,0.0,0.0,0.0,22,1,12,0
6447,906,92,1,0.0,0.0,0.0,0.0,1,0.0,0.0,0.0,0.0,0.0,0.0,0.0,0.0,1,15,18,9,0
6448,731,93,0.0,0.0,1,0.0,0.0,0.0,1,0.0,0.0,0.0,0.0,0.0,1,0.0,0.0,10,20,14,0
6449,198,65,0.0,0.0,0.0,1,0.0,0.0,1,0.0,0.0,0.0,0.0,0.0,0.0,0.0,1,9,1,23,0
6450,775,41,0.0,1,0.0,0.0,0.0,0.0,0.0,0.0,1,1,0.0,0.0,0.0,0.0,0.0,16,9,6,0
6451,479,145,1,0.0,0.0,0.0,1,0.0,0.0,0.0,0.0,0.0,1,0.0,0.0,0.0,0.0,23,1,11,0
6452,621,155,0.0,1,0.0,0.0,0.0,0.0,0.0,1,0.0,0.0,0.0,0.0,0.0,1,0.0,22,6,9,0
6453,648,112,1,0.0,0.0,0.0,0.0,0.0,0.0,0.0,1,0.0,0.0,0.0,0.0,0.0,1,10,20,28,0
6454,586,112,1,0.0,0.0,0.0,0.0,0.0,0.0,1,0.0,0.0,0.0,0.0,0.0,1,0.0,9,2,19,0
6455,815,10,1,0.0,0.0,0.0,0.0,0.0,0.0,1,0.0,0.0,0.0,0.0,0.0,1,0.0,4,98,87,1
6456,651,75,1,0.0,0.0,0.0,0.0,1,0.0,0.0,0.0,0.0,0.0,0.0,0.0,0.0,1,23,28,3,0
6457,368,33,0.0,0.0,1,0.0,0.0,0.0,0.0,0.0,1,1,0.0,0.0,0.0,0.0,0.0,10,0,1,0
6458,227,66,0.0,0.0,1,0.0,0.0,0.0,0.0,1,0.0,0.0,0.0,0.0,0.0,0.0,1,20,17,18,0
6459,364,157,0.0,1,0.0,0.0,0.0,0.0,1,0.0,0.0,0.0,0.0,0.0,0.0,1,0.0,12,22,2,0
6460,981,123,1,0.0,0.0,0.0,0.0,0.0,1,0.0,0.0,0.0,0.0,0.0,0.0,1,0.0,19,26,14,0
6461,110,128,1,0.0,0.0,0.0,0.0,0.0,1,0.0,0.0,1,0.0,0.0,0.0,0.0,0.0,6,18,4,0
6462,11,71,0.0,0.0,1,0.0,0.0,1,0.0,0.0,0.0,0.0,0.0,0.0,1,0.0,0.0,13,1,3,0
6463,819,32,0.0,0.0,1,0.0,0.0,0.0,0.0,0.0,1,0.0,1,0.0,0.0,0.0,0.0,13,8,4,0
6464,368,134,0.0,1,0.0,0.0,0.0,0.0,0.0,1,0.0,0.0,0.0,0.0,0.0,1,0.0,13,21,24,0
6465,575,103,0.0,1,0.0,0.0,0.0,0.0,1,0.0,0.0,1,0.0,0.0,0.0,0.0,0.0,18,26,5,0
6466,402,198,1,0.0,0.0,0.0,0.0,0.0,1,0.0,0.0,0.0,1,0.0,0.0,0.0,0.0,8,16,11,0
6467,411,93,0.0,0.0,0.0,1,0.0,1,0.0,0.0,0.0,0.0,0.0,0.0,0.0,1,0.0,21,23,8,0
6468,323,93,1,0.0,0.0,0.0,0.0,0.0,1,0.0,0.0,0.0,0.0,0.0,0.0,1,0.0,14,9,8,0
6469,790,80,0.0,1,0.0,0.0,0.0,0.0,1,0.0,0.0,0.0,0.0,0.0,0.0,1,0.0,6,14,14,0
6470,888,605,0.0,0.0,1,0.0,1,0.0,0.0,0.0,0.0,0.0,0.0,0.0,1,0.0,0.0,1,83,95,1
6471,89,96,0.0,0.0,1,0.0,0.0,0.0,1,0.0,0.0,0.0,0.0,0.0,1,0.0,0.0,8,13,9,0
6472,790,10,0.0,0.0,1,0.0,0.0,1,0.0,0.0,0.0,0.0,0.0,0.0,1,0.0,0.0,12,96,92,1
6473,711,201,0.0,0.0,1,0.0,0.0,0.0,0.0,0.0,1,0.0,1,0.0,0.0,0.0,0.0,13,6,3,0
6474,397,143,0.0,0.0,1,0.0,1,0.0,0.0,0.0,0.0,0.0,0.0,0.0,0.0,0.0,1,10,1,1,0
6475,946,63,0.0,0.0,1,0.0,0.0,0.0,0.0,0.0,1,0.0,0.0,0.0,0.0,1,0.0,22,14,20,0
6476,639,163,0.0,0.0,0.0,1,1,0.0,0.0,0.0,0.0,0.0,0.0,0.0,1,0.0,0.0,9,22,14,0
6477,21,15,0.0,0.0,0.0,1,0.0,1,0.0,0.0,0.0,0.0,1,0.0,0.0,0.0,0.0,18,11,7,0
6478,261,162,0.0,0.0,1,0.0,0.0,0.0,1,0.0,0.0,0.0,0.0,0.0,1,0.0,0.0,10,28,17,0
6479,360,65,0.0,0.0,1,0.0,1,0.0,0.0,0.0,0.0,0.0,0.0,0.0,0.0,0.0,1,11,10,18,0
6480,649,49,0.0,1,0.0,0.0,0.0,0.0,0.0,0.0,1,0.0,0.0,0.0,0.0,1,0.0,11,7,29,0
6481,264,145,0.0,0.0,1,0.0,1,0.0,0.0,0.0,0.0,1,0.0,0.0,0.0,0.0,0.0,6,18,16,0
6482,104,50,1,0.0,0.0,0.0,0.0,0.0,1,0.0,0.0,0.0,0.0,0.0,0.0,1,0.0,10,19,8,0
6483,776,206,1,0.0,0.0,0.0,0.0,0.0,0.0,0.0,1,0.0,1,0.0,0.0,0.0,0.0,7,23,6,0
6484,11,58,1,0.0,0.0,0.0,0.0,0.0,0.0,1,0.0,0.0,0.0,0.0,1,0.0,0.0,11,28,17,0
6485,166,3939,0.0,0.0,1,0.0,0.0,0.0,0.0,0.0,1,0.0,0.0,0.0,1,0.0,0.0,18,88,88,1
6486,422,86,1,0.0,0.0,0.0,0.0,0.0,0.0,1,0.0,0.0,1,0.0,0.0,0.0,0.0,16,25,27,0
6487,911,58,0.0,1,0.0,0.0,0.0,0.0,1,0.0,0.0,0.0,0.0,0.0,1,0.0,0.0,23,18,4,0
6488,58,79,0.0,1,0.0,0.0,0.0,1,0.0,0.0,0.0,0.0,0.0,0.0,0.0,0.0,1,8,13,9,0
6489,268,148,0.0,0.0,1,0.0,0.0,0.0,0.0,0.0,1,0.0,0.0,0.0,0.0,1,0.0,11,12,2,0
6490,498,50,0.0,1,0.0,0.0,0.0,0.0,1,0.0,0.0,1,0.0,0.0,0.0,0.0,0.0,9,28,15,0
6491,359,40,0.0,1,0.0,0.0,0.0,0.0,1,0.0,0.0,0.0,0.0,0.0,0.0,1,0.0,21,20,15,0
6492,298,143,0.0,0.0,1,0.0,0.0,0.0,1,0.0,0.0,1,0.0,0.0,0.0,0.0,0.0,11,9,2,0
6493,99,61,0.0,0.0,0.0,1,0.0,0.0,0.0,1,0.0,0.0,0.0,0.0,0.0,1,0.0,12,18,3,0
6494,428,82,0.0,0.0,1,0.0,0.0,0.0,0.0,1,0.0,0.0,0.0,0.0,0.0,0.0,1,8,19,2,0
6495,550,100,1,0.0,0.0,0.0,0.0,1,0.0,0.0,0.0,0.0,1,0.0,0.0,0.0,0.0,12,25,8,0
6496,301,50,0.0,0.0,1,0.0,0.0,0.0,0.0,0.0,1,0.0,0.0,0.0,0.0,0.0,1,14,8,9,0
6497,288,129,0.0,1,0.0,0.0,0.0,0.0,0.0,1,0.0,0.0,1,0.0,0.0,0.0,0.0,11,8,22,0
6498,317,64,0.0,1,0.0,0.0,0.0,0.0,1,0.0,0.0,1,0.0,0.0,0.0,0.0,0.0,23,25,8,0
6499,398,124,0.0,0.0,1,0.0,0.0,0.0,0.0,1,0.0,0.0,1,0.0,0.0,0.0,0.0,22,12,2,0
6500,164,129,0.0,1,0.0,0.0,1,0.0,0.0,0.0,0.0,0.0,0.0,0.0,0.0,0.0,1,18,7,3,0
6501,838,62,0.0,1,0.0,0.0,0.0,0.0,0.0,1,0.0,0.0,1,0.0,0.0,0.0,0.0,20,11,5,0
6502,840,137,1,0.0,0.0,0.0,0.0,1,0.0,0.0,0.0,0.0,0.0,0.0,1,0.0,0.0,16,15,27,0
6503,633,48,0.0,1,0.0,0.0,0.0,0.0,0.0,0.0,1,0.0,0.0,0.0,0.0,1,0.0,23,10,4,0
6504,378,139,0.0,1,0.0,0.0,0.0,0.0,1,0.0,0.0,0.0,1,0.0,0.0,0.0,0.0,21,23,16,0
6505,739,173,1,0.0,0.0,0.0,1,0.0,0.0,0.0,0.0,0.0,0.0,0.0,1,0.0,0.0,18,3,5,0
6506,339,1,1,0.0,0.0,0.0,0.0,0.0,1,0.0,0.0,0.0,0.0,0.0,0.0,1,0.0,20,9,16,0
6507,207,41,0.0,0.0,1,0.0,0.0,0.0,0.0,0.0,1,0.0,0.0,0.0,1,0.0,0.0,14,9,18,0
6508,820,22,0.0,0.0,0.0,1,1,0.0,0.0,0.0,0.0,0.0,0.0,1,0.0,0.0,0.0,4,97,98,1
6509,736,115,0.0,0.0,0.0,1,1,0.0,0.0,0.0,0.0,0.0,0.0,0.0,1,0.0,0.0,11,13,15,0
6510,248,86,0.0,1,0.0,0.0,0.0,0.0,0.0,0.0,1,0.0,0.0,0.0,1,0.0,0.0,18,22,23,0
6511,508,89,0.0,0.0,1,0.0,0.0,0.0,0.0,1,0.0,0.0,0.0,0.0,1,0.0,0.0,13,1,17,0
6512,941,188,0.0,0.0,0.0,1,0.0,0.0,0.0,0.0,1,0.0,1,0.0,0.0,0.0,0.0,16,29,7,0
6513,383,103,1,0.0,0.0,0.0,0.0,1,0.0,0.0,0.0,0.0,1,0.0,0.0,0.0,0.0,16,23,29,0
6514,324,83,0.0,0.0,1,0.0,1,0.0,0.0,0.0,0.0,1,0.0,0.0,0.0,0.0,0.0,23,29,4,0
6515,437,171,0.0,0.0,1,0.0,0.0,1,0.0,0.0,0.0,0.0,0.0,0.0,1,0.0,0.0,23,27,23,0
6516,395,16,0.0,1,0.0,0.0,0.0,0.0,0.0,1,0.0,1,0.0,0.0,0.0,0.0,0.0,7,3,20,0
6517,634,129,0.0,0.0,0.0,1,1,0.0,0.0,0.0,0.0,0.0,0.0,0.0,1,0.0,0.0,15,10,1,0
6518,163,101,0.0,0.0,1,0.0,0.0,0.0,1,0.0,0.0,0.0,0.0,0.0,0.0,0.0,1,6,23,21,0
6519,342,29,0.0,0.0,1,0.0,0.0,0.0,0.0,1,0.0,0.0,0.0,0.0,0.0,1,0.0,8,9,21,0
6520,355,1,1,0.0,0.0,0.0,0.0,1,0.0,0.0,0.0,0.0,0.0,0.0,0.0,1,0.0,10,22,9,0
6521,252,51,0.0,1,0.0,0.0,0.0,0.0,1,0.0,0.0,0.0,0.0,0.0,0.0,0.0,1,8,8,26,0
6522,686,84,1,0.0,0.0,0.0,0.0,0.0,0.0,0.0,1,1,0.0,0.0,0.0,0.0,0.0,6,10,8,0
6523,718,174,1,0.0,0.0,0.0,0.0,1,0.0,0.0,0.0,0.0,0.0,0.0,1,0.0,0.0,6,16,3,0
6524,425,170,1,0.0,0.0,0.0,0.0,0.0,1,0.0,0.0,0.0,0.0,0.0,1,0.0,0.0,23,7,3,0
6525,507,39,0.0,0.0,0.0,1,1,0.0,0.0,0.0,0.0,0.0,0.0,0.0,1,0.0,0.0,11,8,5,0
6526,148,45,0.0,0.0,0.0,1,1,0.0,0.0,0.0,0.0,1,0.0,0.0,0.0,0.0,0.0,19,29,1,0
6527,702,116,0.0,0.0,0.0,1,0.0,0.0,1,0.0,0.0,1,0.0,0.0,0.0,0.0,0.0,12,0,20,0
6528,888,71,0.0,1,0.0,0.0,0.0,0.0,1,0.0,0.0,0.0,1,0.0,0.0,0.0,0.0,10,17,13,0
6529,721,56,0.0,0.0,1,0.0,0.0,0.0,0.0,1,0.0,1,0.0,0.0,0.0,0.0,0.0,10,27,17,0
6530,972,52,0.0,0.0,1,0.0,0.0,0.0,0.0,1,0.0,1,0.0,0.0,0.0,0.0,0.0,14,15,2,0
6531,811,68,0.0,1,0.0,0.0,1,0.0,0.0,0.0,0.0,0.0,1,0.0,0.0,0.0,0.0,14,2,20,0
6532,722,1,0.0,0.0,0.0,1,1,0.0,0.0,0.0,0.0,0.0,1,0.0,0.0,0.0,0.0,18,21,1,0
6533,521,38,0.0,0.0,1,0.0,0.0,1,0.0,0.0,0.0,0.0,0.0,0.0,0.0,0.0,1,20,3,25,0
6534,305,37,0.0,0.0,1,0.0,1,0.0,0.0,0.0,0.0,0.0,0.0,0.0,1,0.0,0.0,10,27,8,0
6535,530,98,0.0,0.0,0.0,1,0.0,1,0.0,0.0,0.0,0.0,1,0.0,0.0,0.0,0.0,7,19,17,0
6536,493,28,0.0,0.0,1,0.0,1,0.0,0.0,0.0,0.0,0.0,0.0,0.0,0.0,1,0.0,9,13,8,0
6537,621,168,0.0,1,0.0,0.0,1,0.0,0.0,0.0,0.0,0.0,0.0,0.0,0.0,0.0,1,17,23,7,0
6538,573,124,0.0,0.0,0.0,1,0.0,0.0,0.0,1,0.0,1,0.0,0.0,0.0,0.0,0.0,18,23,11,0
6539,393,35,0.0,0.0,1,0.0,0.0,1,0.0,0.0,0.0,0.0,0.0,0.0,1,0.0,0.0,19,27,29,0
6540,272,27,1,0.0,0.0,0.0,1,0.0,0.0,0.0,0.0,0.0,1,0.0,0.0,0.0,0.0,15,2,1,0
6541,517,102,0.0,0.0,0.0,1,1,0.0,0.0,0.0,0.0,0.0,0.0,0.0,0.0,0.0,1,9,17,28,0
6542,203,1684,1,0.0,0.0,0.0,1,0.0,0.0,0.0,0.0,0.0,1,0.0,0.0,0.0,0.0,1,78,79,1
6543,65,1,0.0,0.0,1,0.0,1,0.0,0.0,0.0,0.0,0.0,0.0,0.0,1,0.0,0.0,17,25,8,0
6544,930,95,1,0.0,0.0,0.0,0.0,0.0,0.0,1,0.0,1,0.0,0.0,0.0,0.0,0.0,7,20,15,0
6545,598,59,0.0,0.0,1,0.0,0.0,0.0,0.0,0.0,1,0.0,1,0.0,0.0,0.0,0.0,6,4,14,0
6546,814,1,1,0.0,0.0,0.0,0.0,0.0,0.0,0.0,1,0.0,1,0.0,0.0,0.0,0.0,17,2,17,0
6547,793,56,1,0.0,0.0,0.0,0.0,0.0,0.0,0.0,1,0.0,1,0.0,0.0,0.0,0.0,22,15,15,0
6548,721,10,0.0,0.0,1,0.0,0.0,1,0.0,0.0,0.0,0.0,0.0,0.0,1,0.0,0.0,19,88,96,1
6549,494,80,0.0,1,0.0,0.0,0.0,0.0,0.0,1,0.0,1,0.0,0.0,0.0,0.0,0.0,21,23,7,0
6550,398,42,1,0.0,0.0,0.0,0.0,0.0,0.0,0.0,1,0.0,0.0,0.0,1,0.0,0.0,19,2,19,0
6551,136,145,0.0,1,0.0,0.0,0.0,0.0,0.0,1,0.0,0.0,0.0,0.0,0.0,0.0,1,17,24,6,0
6552,928,1,0.0,1,0.0,0.0,0.0,0.0,1,0.0,0.0,0.0,1,0.0,0.0,0.0,0.0,12,28,13,0
6553,395,176,0.0,0.0,1,0.0,0.0,0.0,0.0,1,0.0,0.0,1,0.0,0.0,0.0,0.0,13,3,20,0
6554,372,98,0.0,0.0,1,0.0,0.0,0.0,0.0,0.0,1,0.0,0.0,0.0,0.0,0.0,1,10,23,5,0
6555,320,154,0.0,0.0,0.0,1,1,0.0,0.0,0.0,0.0,1,0.0,0.0,0.0,0.0,0.0,23,4,9,0
6556,880,10,0.0,0.0,0.0,1,1,0.0,0.0,0.0,0.0,1,0.0,0.0,0.0,0.0,0.0,6,16,13,0
6557,605,106,0.0,0.0,1,0.0,0.0,0.0,0.0,0.0,1,0.0,1,0.0,0.0,0.0,0.0,9,1,5,0
6558,44,155,0.0,0.0,0.0,1,1,0.0,0.0,0.0,0.0,0.0,0.0,0.0,0.0,1,0.0,19,15,21,0
6559,414,88,1,0.0,0.0,0.0,0.0,0.0,0.0,1,0.0,0.0,0.0,0.0,0.0,1,0.0,7,3,4,0
6560,769,19,1,0.0,0.0,0.0,0.0,0.0,0.0,1,0.0,0.0,1,0.0,0.0,0.0,0.0,21,13,27,0
6561,609,178,0.0,0.0,1,0.0,0.0,0.0,0.0,1,0.0,0.0,0.0,0.0,0.0,0.0,1,7,21,16,0
6562,228,93,0.0,1,0.0,0.0,0.0,0.0,0.0,0.0,1,1,0.0,0.0,0.0,0.0,0.0,23,14,12,0
6563,76,90,0.0,1,0.0,0.0,0.0,0.0,0.0,1,0.0,0.0,1,0.0,0.0,0.0,0.0,22,28,13,0
6564,461,76,1,0.0,0.0,0.0,0.0,0.0,1,0.0,0.0,1,0.0,0.0,0.0,0.0,0.0,22,5,22,0
6565,592,158,0.0,1,0.0,0.0,0.0,0.0,1,0.0,0.0,0.0,0.0,0.0,0.0,0.0,1,9,7,7,0
6566,0,89,0.0,0.0,0.0,1,0.0,0.0,1,0.0,0.0,0.0,0.0,0.0,0.0,0.0,1,10,25,11,0
6567,931,8,0.0,1,0.0,0.0,0.0,0.0,0.0,0.0,1,0.0,0.0,0.0,1,0.0,0.0,18,8,9,0
6568,366,146,0.0,0.0,1,0.0,1,0.0,0.0,0.0,0.0,0.0,0.0,0.0,1,0.0,0.0,9,6,28,0
6569,46,146,0.0,1,0.0,0.0,0.0,1,0.0,0.0,0.0,0.0,1,0.0,0.0,0.0,0.0,17,22,26,0
6570,786,116,1,0.0,0.0,0.0,0.0,0.0,0.0,0.0,1,0.0,1,0.0,0.0,0.0,0.0,10,20,29,0
6571,113,39,0.0,0.0,1,0.0,1,0.0,0.0,0.0,0.0,0.0,0.0,0.0,0.0,0.0,1,21,6,28,0
6572,860,137,0.0,1,0.0,0.0,0.0,1,0.0,0.0,0.0,1,0.0,0.0,0.0,0.0,0.0,13,14,10,0
6573,478,19,0.0,0.0,0.0,1,0.0,1,0.0,0.0,0.0,0.0,0.0,0.0,0.0,0.0,1,13,18,24,0
6574,10,124,0.0,1,0.0,0.0,0.0,1,0.0,0.0,0.0,0.0,0.0,0.0,0.0,0.0,1,9,24,7,0
6575,536,99,0.0,0.0,0.0,1,0.0,0.0,0.0,1,0.0,0.0,0.0,0.0,0.0,1,0.0,6,3,18,0
6576,620,75,0.0,0.0,0.0,1,0.0,0.0,0.0,1,0.0,0.0,1,0.0,0.0,0.0,0.0,20,23,12,0
6577,419,146,0.0,1,0.0,0.0,0.0,0.0,0.0,0.0,1,0.0,1,0.0,0.0,0.0,0.0,9,22,7,0
6578,466,129,0.0,1,0.0,0.0,0.0,0.0,1,0.0,0.0,0.0,1,0.0,0.0,0.0,0.0,17,3,29,0
6579,578,87,0.0,0.0,0.0,1,0.0,0.0,1,0.0,0.0,0.0,0.0,0.0,0.0,0.0,1,7,13,16,0
6580,459,155,0.0,0.0,1,0.0,0.0,1,0.0,0.0,0.0,0.0,0.0,0.0,1,0.0,0.0,6,8,12,0
6581,467,63,1,0.0,0.0,0.0,0.0,0.0,0.0,0.0,1,0.0,0.0,0.0,0.0,0.0,1,23,11,10,0
6582,826,210,1,0.0,0.0,0.0,0.0,0.0,0.0,0.0,1,1,0.0,0.0,0.0,0.0,0.0,14,4,6,0
6583,269,46,0.0,0.0,0.0,1,0.0,0.0,1,0.0,0.0,0.0,0.0,0.0,0.0,1,0.0,15,9,7,0
6584,979,20,0.0,0.0,1,0.0,0.0,0.0,0.0,1,0.0,0.0,0.0,0.0,1,0.0,0.0,9,13,4,0
6585,367,10,0.0,0.0,1,0.0,0.0,1,0.0,0.0,0.0,0.0,0.0,0.0,0.0,1,0.0,22,10,26,0
6586,350,10,1,0.0,0.0,0.0,0.0,0.0,1,0.0,0.0,0.0,0.0,0.0,0.0,0.0,1,10,99,94,1
6587,707,134,1,0.0,0.0,0.0,0.0,0.0,1,0.0,0.0,0.0,1,0.0,0.0,0.0,0.0,20,20,22,0
6588,313,122,0.0,0.0,1,0.0,0.0,1,0.0,0.0,0.0,0.0,0.0,0.0,0.0,0.0,1,20,2,16,0
6589,601,151,0.0,0.0,0.0,1,0.0,1,0.0,0.0,0.0,0.0,0.0,0.0,0.0,0.0,1,16,0,6,0
6590,771,93,1,0.0,0.0,0.0,0.0,0.0,0.0,1,0.0,1,0.0,0.0,0.0,0.0,0.0,13,18,13,0
6591,92,79,0.0,0.0,0.0,1,0.0,0.0,1,0.0,0.0,0.0,0.0,0.0,0.0,0.0,1,19,15,27,0
6592,264,10,0.0,1,0.0,0.0,1,0.0,0.0,0.0,0.0,0.0,1,0.0,0.0,0.0,0.0,10,92,86,1
6593,568,1965,0.0,0.0,0.0,1,1,0.0,0.0,0.0,0.0,0.0,0.0,0.0,0.0,1,0.0,6,98,72,1
6594,941,1209,0.0,1,0.0,0.0,0.0,0.0,0.0,1,0.0,0.0,0.0,0.0,1,0.0,0.0,4,81,88,1
6595,108,144,0.0,0.0,1,0.0,0.0,1,0.0,0.0,0.0,0.0,0.0,0.0,0.0,0.0,1,23,3,8,0
6596,548,88,0.0,0.0,1,0.0,1,0.0,0.0,0.0,0.0,0.0,0.0,0.0,1,0.0,0.0,14,19,29,0
6597,809,80,1,0.0,0.0,0.0,0.0,0.0,0.0,1,0.0,0.0,1,0.0,0.0,0.0,0.0,12,8,7,0
6598,714,112,0.0,1,0.0,0.0,0.0,0.0,0.0,1,0.0,0.0,1,0.0,0.0,0.0,0.0,20,4,25,0
6599,274,74,1,0.0,0.0,0.0,1,0.0,0.0,0.0,0.0,0.0,0.0,0.0,1,0.0,0.0,21,24,12,0
6600,502,50,0.0,0.0,0.0,1,1,0.0,0.0,0.0,0.0,0.0,1,0.0,0.0,0.0,0.0,13,6,21,0
6601,976,1,1,0.0,0.0,0.0,1,0.0,0.0,0.0,0.0,0.0,0.0,0.0,0.0,0.0,1,16,23,9,0
6602,187,109,0.0,0.0,1,0.0,0.0,0.0,0.0,1,0.0,0.0,0.0,0.0,0.0,0.0,1,12,16,9,0
6603,379,124,0.0,0.0,1,0.0,0.0,0.0,1,0.0,0.0,0.0,0.0,0.0,0.0,1,0.0,18,22,26,0
6604,97,86,1,0.0,0.0,0.0,0.0,0.0,0.0,0.0,1,0.0,0.0,0.0,0.0,1,0.0,22,26,29,0
6605,117,211,0.0,0.0,1,0.0,0.0,0.0,1,0.0,0.0,0.0,0.0,0.0,1,0.0,0.0,7,15,17,0
6606,798,76,0.0,0.0,0.0,1,0.0,0.0,0.0,0.0,1,0.0,0.0,0.0,0.0,1,0.0,19,4,17,0
6607,282,182,0.0,0.0,1,0.0,0.0,0.0,0.0,1,0.0,1,0.0,0.0,0.0,0.0,0.0,8,5,20,0
6608,46,2718,0.0,1,0.0,0.0,0.0,1,0.0,0.0,0.0,0.0,1,0.0,0.0,0.0,0.0,9,96,79,1
6609,384,156,1,0.0,0.0,0.0,0.0,1,0.0,0.0,0.0,0.0,0.0,0.0,0.0,1,0.0,23,15,28,0
6610,71,133,0.0,0.0,1,0.0,0.0,0.0,1,0.0,0.0,0.0,1,0.0,0.0,0.0,0.0,16,8,1,0
6611,167,807,1,0.0,0.0,0.0,0.0,0.0,1,0.0,0.0,0.0,1,0.0,0.0,0.0,0.0,4,77,71,1
6612,152,54,1,0.0,0.0,0.0,0.0,0.0,1,0.0,0.0,0.0,0.0,0.0,1,0.0,0.0,12,20,0,0
6613,737,11,0.0,1,0.0,0.0,0.0,0.0,0.0,0.0,1,0.0,0.0,0.0,0.0,1,0.0,13,3,5,0
6614,339,46,1,0.0,0.0,0.0,1,0.0,0.0,0.0,0.0,0.0,0.0,0.0,0.0,0.0,1,22,26,8,0
6615,328,27,0.0,1,0.0,0.0,0.0,0.0,0.0,1,0.0,0.0,1,0.0,0.0,0.0,0.0,23,19,7,0
6616,833,99,0.0,0.0,1,0.0,1,0.0,0.0,0.0,0.0,1,0.0,0.0,0.0,0.0,0.0,23,19,20,0
6617,684,134,1,0.0,0.0,0.0,0.0,0.0,0.0,0.0,1,0.0,0.0,0.0,0.0,0.0,1,9,24,18,0
6618,301,106,1,0.0,0.0,0.0,0.0,0.0,0.0,0.0,1,0.0,0.0,0.0,0.0,0.0,1,18,25,5,0
6619,621,94,0.0,1,0.0,0.0,0.0,0.0,0.0,1,0.0,1,0.0,0.0,0.0,0.0,0.0,16,18,26,0
6620,535,27,0.0,1,0.0,0.0,0.0,0.0,1,0.0,0.0,0.0,0.0,0.0,0.0,0.0,1,20,23,26,0
6621,130,72,0.0,0.0,0.0,1,0.0,0.0,0.0,0.0,1,0.0,0.0,0.0,1,0.0,0.0,11,8,29,0
6622,523,47,0.0,0.0,1,0.0,0.0,0.0,1,0.0,0.0,0.0,0.0,0.0,0.0,0.0,1,8,18,18,0
6623,450,198,0.0,0.0,1,0.0,0.0,1,0.0,0.0,0.0,0.0,0.0,0.0,0.0,1,0.0,16,26,20,0
6624,235,102,0.0,1,0.0,0.0,0.0,0.0,1,0.0,0.0,0.0,1,0.0,0.0,0.0,0.0,12,3,23,0
6625,221,106,0.0,0.0,0.0,1,0.0,0.0,0.0,1,0.0,0.0,0.0,0.0,0.0,1,0.0,14,10,27,0
6626,219,75,0.0,0.0,0.0,1,0.0,0.0,0.0,1,0.0,1,0.0,0.0,0.0,0.0,0.0,9,21,1,0
6627,750,33,1,0.0,0.0,0.0,0.0,0.0,0.0,0.0,1,0.0,0.0,0.0,0.0,0.0,1,9,2,25,0
6628,535,6336,1,0.0,0.0,0.0,0.0,0.0,1,0.0,0.0,0.0,0.0,0.0,0.0,1,0.0,4,77,89,1
6629,888,71,0.0,1,0.0,0.0,0.0,1,0.0,0.0,0.0,0.0,0.0,0.0,1,0.0,0.0,13,3,9,0
6630,625,82,0.0,0.0,1,0.0,0.0,1,0.0,0.0,0.0,0.0,0.0,0.0,0.0,1,0.0,7,14,4,0
6631,270,49,0.0,0.0,0.0,1,0.0,1,0.0,0.0,0.0,1,0.0,0.0,0.0,0.0,0.0,18,17,17,0
6632,608,99,0.0,1,0.0,0.0,0.0,0.0,0.0,0.0,1,0.0,1,0.0,0.0,0.0,0.0,11,0,26,0
6633,941,61,1,0.0,0.0,0.0,0.0,1,0.0,0.0,0.0,1,0.0,0.0,0.0,0.0,0.0,19,29,27,0
6634,851,150,0.0,1,0.0,0.0,1,0.0,0.0,0.0,0.0,1,0.0,0.0,0.0,0.0,0.0,20,11,14,0
6635,558,37,0.0,1,0.0,0.0,0.0,1,0.0,0.0,0.0,1,0.0,0.0,0.0,0.0,0.0,8,26,23,0
6636,300,219,1,0.0,0.0,0.0,0.0,0.0,0.0,1,0.0,1,0.0,0.0,0.0,0.0,0.0,20,5,29,0
6637,366,106,0.0,0.0,0.0,1,0.0,0.0,1,0.0,0.0,0.0,1,0.0,0.0,0.0,0.0,23,23,25,0
6638,530,32,1,0.0,0.0,0.0,1,0.0,0.0,0.0,0.0,1,0.0,0.0,0.0,0.0,0.0,21,27,22,0
6639,801,201,0.0,1,0.0,0.0,0.0,1,0.0,0.0,0.0,1,0.0,0.0,0.0,0.0,0.0,15,0,11,0
6640,519,127,0.0,0.0,1,0.0,1,0.0,0.0,0.0,0.0,0.0,1,0.0,0.0,0.0,0.0,11,19,5,0
6641,863,119,0.0,1,0.0,0.0,1,0.0,0.0,0.0,0.0,0.0,0.0,0.0,0.0,0.0,1,17,4,3,0
6642,702,180,0.0,0.0,1,0.0,1,0.0,0.0,0.0,0.0,0.0,0.0,0.0,0.0,0.0,1,23,22,4,0
6643,427,75,0.0,0.0,1,0.0,0.0,1,0.0,0.0,0.0,0.0,0.0,0.0,0.0,0.0,1,12,26,16,0
6644,400,100,0.0,1,0.0,0.0,0.0,0.0,0.0,1,0.0,0.0,0.0,0.0,0.0,1,0.0,16,5,14,0
6645,918,33,0.0,1,0.0,0.0,1,0.0,0.0,0.0,0.0,0.0,0.0,0.0,1,0.0,0.0,9,14,10,0
6646,356,159,1,0.0,0.0,0.0,0.0,1,0.0,0.0,0.0,0.0,0.0,0.0,0.0,1,0.0,15,21,1,0
6647,650,95,1,0.0,0.0,0.0,0.0,0.0,1,0.0,0.0,0.0,1,0.0,0.0,0.0,0.0,21,13,3,0
6648,904,65,0.0,1,0.0,0.0,0.0,0.0,0.0,1,0.0,0.0,1,0.0,0.0,0.0,0.0,6,23,6,0
6649,783,88,0.0,0.0,1,0.0,0.0,0.0,0.0,1,0.0,1,0.0,0.0,0.0,0.0,0.0,16,23,18,0
6650,692,60,1,0.0,0.0,0.0,0.0,0.0,0.0,1,0.0,0.0,0.0,0.0,0.0,1,0.0,10,2,21,0
6651,272,115,1,0.0,0.0,0.0,0.0,0.0,0.0,0.0,1,0.0,0.0,0.0,0.0,1,0.0,19,26,10,0
6652,158,99,0.0,0.0,1,0.0,0.0,0.0,0.0,0.0,1,0.0,0.0,0.0,0.0,0.0,1,23,26,11,0
6653,902,145,1,0.0,0.0,0.0,0.0,0.0,0.0,1,0.0,0.0,0.0,0.0,1,0.0,0.0,13,21,22,0
6654,571,77,0.0,0.0,1,0.0,0.0,0.0,1,0.0,0.0,0.0,1,0.0,0.0,0.0,0.0,15,27,3,0
6655,422,13,0.0,0.0,0.0,1,0.0,0.0,0.0,1,0.0,0.0,0.0,0.0,0.0,0.0,1,7,17,11,0
6656,385,139,0.0,0.0,0.0,1,0.0,0.0,0.0,1,0.0,0.0,0.0,0.0,1,0.0,0.0,16,5,11,0
6657,681,18,0.0,0.0,0.0,1,0.0,0.0,0.0,0.0,1,0.0,0.0,0.0,0.0,1,0.0,11,13,2,0
6658,199,94,0.0,0.0,0.0,1,0.0,0.0,0.0,1,0.0,0.0,1,0.0,0.0,0.0,0.0,23,21,8,0
6659,792,155,1,0.0,0.0,0.0,0.0,0.0,1,0.0,0.0,0.0,1,0.0,0.0,0.0,0.0,6,4,2,0
6660,30,138,0.0,0.0,0.0,1,0.0,0.0,1,0.0,0.0,0.0,0.0,0.0,0.0,1,0.0,16,27,22,0
6661,403,81,0.0,1,0.0,0.0,0.0,0.0,1,0.0,0.0,0.0,0.0,0.0,0.0,1,0.0,16,11,19,0
6662,802,73,0.0,0.0,0.0,1,0.0,0.0,1,0.0,0.0,0.0,0.0,0.0,0.0,1,0.0,10,27,14,0
6663,435,95,1,0.0,0.0,0.0,0.0,0.0,0.0,0.0,1,0.0,0.0,0.0,0.0,0.0,1,20,12,20,0
6664,400,14,1,0.0,0.0,0.0,0.0,1,0.0,0.0,0.0,0.0,0.0,0.0,0.0,1,0.0,16,5,7,0
6665,310,115,0.0,1,0.0,0.0,1,0.0,0.0,0.0,0.0,0.0,0.0,0.0,0.0,1,0.0,19,0,4,0
6666,152,128,1,0.0,0.0,0.0,0.0,1,0.0,0.0,0.0,0.0,0.0,0.0,1,0.0,0.0,16,22,12,0
6667,200,189,0.0,1,0.0,0.0,0.0,0.0,0.0,1,0.0,0.0,0.0,0.0,1,0.0,0.0,8,28,0,0
6668,510,229,0.0,0.0,1,0.0,0.0,0.0,0.0,1,0.0,0.0,0.0,0.0,0.0,0.0,1,22,24,25,0
6669,367,127,1,0.0,0.0,0.0,0.0,0.0,1,0.0,0.0,0.0,1,0.0,0.0,0.0,0.0,18,6,3,0
6670,877,1274,1,0.0,0.0,0.0,1,0.0,0.0,0.0,0.0,0.0,1,0.0,0.0,0.0,0.0,12,92,97,1
6671,594,142,1,0.0,0.0,0.0,1,0.0,0.0,0.0,0.0,0.0,0.0,0.0,0.0,0.0,1,18,24,26,0
6672,736,114,0.0,0.0,1,0.0,0.0,0.0,1,0.0,0.0,1,0.0,0.0,0.0,0.0,0.0,7,21,29,0
6673,837,1,0.0,1,0.0,0.0,0.0,0.0,1,0.0,0.0,0.0,0.0,0.0,1,0.0,0.0,14,6,2,0
6674,729,88,1,0.0,0.0,0.0,0.0,0.0,1,0.0,0.0,0.0,1,0.0,0.0,0.0,0.0,22,16,12,0
6675,47,130,0.0,0.0,0.0,1,0.0,0.0,0.0,0.0,1,0.0,0.0,0.0,0.0,0.0,1,7,16,21,0
6676,792,118,1,0.0,0.0,0.0,0.0,0.0,1,0.0,0.0,0.0,0.0,0.0,1,0.0,0.0,7,28,4,0
6677,307,74,1,0.0,0.0,0.0,1,0.0,0.0,0.0,0.0,0.0,0.0,0.0,1,0.0,0.0,20,29,3,0
6678,574,95,0.0,0.0,0.0,1,0.0,0.0,0.0,1,0.0,0.0,0.0,0.0,0.0,0.0,1,12,13,3,0
6679,289,62,0.0,0.0,0.0,1,0.0,0.0,0.0,0.0,1,0.0,0.0,0.0,1,0.0,0.0,6,13,8,0
6680,742,11,0.0,0.0,1,0.0,0.0,0.0,1,0.0,0.0,0.0,0.0,0.0,1,0.0,0.0,12,16,20,0
6681,467,120,0.0,0.0,1,0.0,0.0,0.0,1,0.0,0.0,0.0,0.0,0.0,0.0,0.0,1,8,21,28,0
6682,4,89,0.0,0.0,0.0,1,0.0,0.0,0.0,1,0.0,0.0,0.0,0.0,0.0,0.0,1,21,20,13,0
6683,334,127,0.0,0.0,1,0.0,0.0,1,0.0,0.0,0.0,0.0,1,0.0,0.0,0.0,0.0,6,28,4,0
6684,347,65,0.0,1,0.0,0.0,0.0,1,0.0,0.0,0.0,0.0,0.0,0.0,0.0,0.0,1,6,25,11,0
6685,777,75,0.0,1,0.0,0.0,0.0,0.0,0.0,1,0.0,0.0,0.0,0.0,1,0.0,0.0,23,7,22,0
6686,605,122,0.0,1,0.0,0.0,0.0,0.0,0.0,1,0.0,0.0,0.0,0.0,0.0,1,0.0,9,25,29,0
6687,462,136,0.0,0.0,1,0.0,1,0.0,0.0,0.0,0.0,1,0.0,0.0,0.0,0.0,0.0,21,15,15,0
6688,574,1,0.0,0.0,0.0,1,1,0.0,0.0,0.0,0.0,0.0,1,0.0,0.0,0.0,0.0,16,14,25,0
6689,96,95,1,0.0,0.0,0.0,0.0,1,0.0,0.0,0.0,1,0.0,0.0,0.0,0.0,0.0,17,18,3,0
6690,557,1,0.0,1,0.0,0.0,1,0.0,0.0,0.0,0.0,0.0,1,0.0,0.0,0.0,0.0,14,22,7,0
6691,312,188,1,0.0,0.0,0.0,0.0,0.0,0.0,1,0.0,0.0,0.0,0.0,0.0,0.0,1,6,16,3,0
6692,479,105,0.0,1,0.0,0.0,0.0,0.0,1,0.0,0.0,0.0,0.0,0.0,0.0,0.0,1,22,25,16,0
6693,831,133,0.0,0.0,1,0.0,0.0,0.0,1,0.0,0.0,0.0,1,0.0,0.0,0.0,0.0,15,19,22,0
6694,176,1,0.0,1,0.0,0.0,1,0.0,0.0,0.0,0.0,0.0,1,0.0,0.0,0.0,0.0,20,15,11,0
6695,4,95,1,0.0,0.0,0.0,0.0,0.0,0.0,0.0,1,0.0,0.0,0.0,1,0.0,0.0,13,7,22,0
6696,686,98,0.0,0.0,0.0,1,0.0,0.0,0.0,0.0,1,0.0,1,0.0,0.0,0.0,0.0,12,17,29,0
6697,419,99,0.0,0.0,0.0,1,0.0,0.0,1,0.0,0.0,0.0,0.0,0.0,0.0,1,0.0,17,5,28,0
6698,780,117,0.0,0.0,1,0.0,1,0.0,0.0,0.0,0.0,0.0,0.0,0.0,1,0.0,0.0,7,5,4,0
6699,853,1345,0.0,1,0.0,0.0,0.0,0.0,0.0,0.0,1,1,0.0,0.0,0.0,0.0,0.0,2,99,87,1
6700,451,175,0.0,1,0.0,0.0,0.0,0.0,1,0.0,0.0,0.0,1,0.0,0.0,0.0,0.0,6,23,17,0
6701,561,106,0.0,1,0.0,0.0,0.0,0.0,0.0,1,0.0,0.0,0.0,0.0,0.0,0.0,1,18,20,20,0
6702,306,101,1,0.0,0.0,0.0,0.0,0.0,1,0.0,0.0,0.0,0.0,0.0,0.0,1,0.0,10,17,11,0
6703,73,3,1,0.0,0.0,0.0,0.0,0.0,1,0.0,0.0,0.0,0.0,0.0,1,0.0,0.0,10,24,15,0
6704,576,160,0.0,0.0,0.0,1,0.0,0.0,0.0,1,0.0,1,0.0,0.0,0.0,0.0,0.0,20,22,29,0
6705,629,153,0.0,0.0,0.0,1,0.0,1,0.0,0.0,0.0,0.0,0.0,0.0,0.0,1,0.0,16,4,27,0
6706,130,91,0.0,0.0,0.0,1,1,0.0,0.0,0.0,0.0,1,0.0,0.0,0.0,0.0,0.0,15,2,1,0
6707,173,2606,1,0.0,0.0,0.0,0.0,0.0,0.0,1,0.0,0.0,0.0,0.0,0.0,0.0,1,3,90,92,1
6708,713,63,0.0,0.0,0.0,1,0.0,0.0,0.0,1,0.0,0.0,0.0,0.0,0.0,1,0.0,11,18,24,0
6709,487,85,1,0.0,0.0,0.0,0.0,0.0,0.0,1,0.0,0.0,0.0,0.0,1,0.0,0.0,9,15,8,0
6710,25,153,1,0.0,0.0,0.0,1,0.0,0.0,0.0,0.0,0.0,0.0,0.0,0.0,0.0,1,20,25,12,0
6711,127,96,1,0.0,0.0,0.0,1,0.0,0.0,0.0,0.0,0.0,0.0,0.0,1,0.0,0.0,12,29,26,0
6712,782,109,0.0,1,0.0,0.0,0.0,0.0,1,0.0,0.0,0.0,0.0,0.0,1,0.0,0.0,13,19,19,0
6713,882,161,0.0,0.0,1,0.0,1,0.0,0.0,0.0,0.0,0.0,0.0,0.0,0.0,0.0,1,21,0,6,0
6714,226,160,0.0,0.0,0.0,1,0.0,0.0,0.0,1,0.0,1,0.0,0.0,0.0,0.0,0.0,17,10,4,0
6715,303,70,0.0,0.0,0.0,1,0.0,1,0.0,0.0,0.0,0.0,0.0,0.0,0.0,1,0.0,20,18,24,0
6716,601,139,0.0,1,0.0,0.0,0.0,0.0,0.0,0.0,1,1,0.0,0.0,0.0,0.0,0.0,12,13,16,0
6717,737,43,0.0,1,0.0,0.0,0.0,1,0.0,0.0,0.0,1,0.0,0.0,0.0,0.0,0.0,16,13,2,0
6718,445,117,1,0.0,0.0,0.0,0.0,0.0,1,0.0,0.0,0.0,0.0,0.0,0.0,1,0.0,21,5,1,0
6719,701,84,1,0.0,0.0,0.0,0.0,0.0,1,0.0,0.0,0.0,0.0,0.0,0.0,0.0,1,12,15,0,0
6720,89,89,0.0,0.0,0.0,1,1,0.0,0.0,0.0,0.0,0.0,0.0,0.0,1,0.0,0.0,17,27,27,0
6721,316,177,0.0,0.0,1,0.0,0.0,1,0.0,0.0,0.0,0.0,0.0,0.0,1,0.0,0.0,11,28,12,0
6722,431,129,0.0,1,0.0,0.0,1,0.0,0.0,0.0,0.0,0.0,0.0,0.0,0.0,1,0.0,13,3,7,0
6723,723,162,0.0,0.0,1,0.0,0.0,0.0,0.0,1,0.0,0.0,0.0,0.0,0.0,0.0,1,11,11,3,0
6724,174,2675,1,0.0,0.0,0.0,1,0.0,0.0,0.0,0.0,0.0,0.0,1,0.0,0.0,0.0,8,71,80,1
6725,740,61,0.0,0.0,1,0.0,1,0.0,0.0,0.0,0.0,0.0,0.0,0.0,0.0,0.0,1,19,21,29,0
6726,825,22,0.0,0.0,1,0.0,0.0,0.0,0.0,0.0,1,0.0,0.0,0.0,0.0,1,0.0,21,4,25,0
6727,103,109,1,0.0,0.0,0.0,1,0.0,0.0,0.0,0.0,0.0,0.0,0.0,0.0,0.0,1,17,18,18,0
6728,478,12,0.0,0.0,1,0.0,0.0,0.0,0.0,0.0,1,0.0,1,0.0,0.0,0.0,0.0,6,29,24,0
6729,226,27,0.0,1,0.0,0.0,1,0.0,0.0,0.0,0.0,0.0,1,0.0,0.0,0.0,0.0,20,10,26,0
6730,319,133,0.0,1,0.0,0.0,0.0,1,0.0,0.0,0.0,0.0,1,0.0,0.0,0.0,0.0,7,3,14,0
6731,827,100,0.0,1,0.0,0.0,0.0,0.0,0.0,0.0,1,0.0,0.0,0.0,0.0,0.0,1,23,3,23,0
6732,51,73,0.0,0.0,1,0.0,1,0.0,0.0,0.0,0.0,0.0,0.0,0.0,0.0,1,0.0,17,23,24,0
6733,777,4,0.0,0.0,1,0.0,1,0.0,0.0,0.0,0.0,0.0,0.0,0.0,0.0,0.0,1,23,12,13,0
6734,645,22,0.0,0.0,1,0.0,0.0,1,0.0,0.0,0.0,0.0,0.0,0.0,0.0,1,0.0,9,77,94,1
6735,734,27,0.0,0.0,1,0.0,0.0,0.0,1,0.0,0.0,0.0,1,0.0,0.0,0.0,0.0,20,15,20,0
6736,303,120,0.0,1,0.0,0.0,0.0,0.0,1,0.0,0.0,0.0,1,0.0,0.0,0.0,0.0,17,9,25,0
6737,370,68,0.0,0.0,0.0,1,0.0,0.0,0.0,0.0,1,0.0,0.0,0.0,1,0.0,0.0,8,9,13,0
6738,281,151,1,0.0,0.0,0.0,0.0,0.0,0.0,0.0,1,0.0,1,0.0,0.0,0.0,0.0,7,12,23,0
6739,62,165,0.0,1,0.0,0.0,1,0.0,0.0,0.0,0.0,0.0,0.0,0.0,1,0.0,0.0,6,19,18,0
6740,555,138,0.0,0.0,1,0.0,0.0,0.0,1,0.0,0.0,0.0,0.0,0.0,0.0,0.0,1,19,8,20,0
6741,169,2,0.0,0.0,0.0,1,0.0,0.0,1,0.0,0.0,0.0,0.0,0.0,0.0,0.0,1,8,27,21,0
6742,813,102,0.0,0.0,0.0,1,0.0,0.0,1,0.0,0.0,0.0,0.0,0.0,0.0,1,0.0,16,19,15,0
6743,615,121,0.0,0.0,1,0.0,0.0,0.0,0.0,1,0.0,0.0,0.0,0.0,1,0.0,0.0,7,21,9,0
6744,964,140,0.0,0.0,1,0.0,0.0,0.0,1,0.0,0.0,1,0.0,0.0,0.0,0.0,0.0,15,27,8,0
6745,638,162,0.0,1,0.0,0.0,0.0,0.0,1,0.0,0.0,0.0,0.0,0.0,1,0.0,0.0,13,13,17,0
6746,91,119,0.0,0.0,0.0,1,0.0,1,0.0,0.0,0.0,0.0,0.0,0.0,0.0,1,0.0,20,15,21,0
6747,135,82,0.0,0.0,1,0.0,0.0,0.0,0.0,1,0.0,1,0.0,0.0,0.0,0.0,0.0,22,12,24,0
6748,186,174,1,0.0,0.0,0.0,0.0,1,0.0,0.0,0.0,1,0.0,0.0,0.0,0.0,0.0,20,3,1,0
6749,448,136,1,0.0,0.0,0.0,0.0,0.0,0.0,0.0,1,0.0,1,0.0,0.0,0.0,0.0,8,19,3,0
6750,973,120,0.0,1,0.0,0.0,0.0,1,0.0,0.0,0.0,0.0,0.0,0.0,1,0.0,0.0,11,25,14,0
6751,941,128,0.0,0.0,1,0.0,1,0.0,0.0,0.0,0.0,1,0.0,0.0,0.0,0.0,0.0,15,8,15,0
6752,294,144,0.0,0.0,1,0.0,0.0,0.0,0.0,0.0,1,0.0,1,0.0,0.0,0.0,0.0,15,3,18,0
6753,210,151,1,0.0,0.0,0.0,0.0,0.0,1,0.0,0.0,0.0,0.0,0.0,0.0,1,0.0,8,4,21,0
6754,912,137,1,0.0,0.0,0.0,1,0.0,0.0,0.0,0.0,0.0,1,0.0,0.0,0.0,0.0,23,18,29,0
6755,888,178,0.0,1,0.0,0.0,0.0,0.0,0.0,1,0.0,0.0,0.0,0.0,1,0.0,0.0,11,15,5,0
6756,960,157,0.0,0.0,0.0,1,0.0,1,0.0,0.0,0.0,0.0,0.0,0.0,1,0.0,0.0,12,23,28,0
6757,824,127,1,0.0,0.0,0.0,0.0,0.0,0.0,1,0.0,0.0,0.0,0.0,0.0,1,0.0,12,29,9,0
6758,835,80,1,0.0,0.0,0.0,0.0,0.0,1,0.0,0.0,1,0.0,0.0,0.0,0.0,0.0,19,10,11,0
6759,975,63,1,0.0,0.0,0.0,0.0,0.0,1,0.0,0.0,1,0.0,0.0,0.0,0.0,0.0,14,21,22,0
6760,926,53,1,0.0,0.0,0.0,0.0,0.0,1,0.0,0.0,0.0,0.0,0.0,1,0.0,0.0,15,7,0,0
6761,134,186,0.0,0.0,0.0,1,1,0.0,0.0,0.0,0.0,0.0,0.0,0.0,1,0.0,0.0,12,21,16,0
6762,537,85,0.0,0.0,1,0.0,0.0,0.0,1,0.0,0.0,1,0.0,0.0,0.0,0.0,0.0,12,11,18,0
6763,389,99,0.0,0.0,0.0,1,0.0,0.0,0.0,1,0.0,0.0,0.0,0.0,0.0,0.0,1,21,24,28,0
6764,646,165,0.0,0.0,0.0,1,0.0,0.0,1,0.0,0.0,0.0,1,0.0,0.0,0.0,0.0,6,14,27,0
6765,946,135,1,0.0,0.0,0.0,1,0.0,0.0,0.0,0.0,0.0,0.0,0.0,0.0,0.0,1,11,9,10,0
6766,700,98,0.0,0.0,1,0.0,0.0,0.0,1,0.0,0.0,1,0.0,0.0,0.0,0.0,0.0,6,12,24,0
6767,609,85,0.0,1,0.0,0.0,1,0.0,0.0,0.0,0.0,1,0.0,0.0,0.0,0.0,0.0,13,9,21,0
6768,622,21,0.0,0.0,1,0.0,0.0,0.0,1,0.0,0.0,0.0,0.0,0.0,0.0,1,0.0,16,3,5,0
6769,122,143,1,0.0,0.0,0.0,0.0,0.0,0.0,0.0,1,0.0,0.0,0.0,0.0,0.0,1,11,15,24,0
6770,655,53,0.0,1,0.0,0.0,0.0,0.0,0.0,1,0.0,0.0,1,0.0,0.0,0.0,0.0,19,4,15,0
6771,728,109,0.0,0.0,0.0,1,0.0,1,0.0,0.0,0.0,0.0,0.0,0.0,0.0,0.0,1,6,11,28,0
6772,230,1101,1,0.0,0.0,0.0,0.0,1,0.0,0.0,0.0,0.0,0.0,0.0,0.0,1,0.0,10,84,72,1
6773,764,126,0.0,1,0.0,0.0,0.0,0.0,0.0,0.0,1,1,0.0,0.0,0.0,0.0,0.0,10,2,4,0
6774,236,93,0.0,1,0.0,0.0,0.0,0.0,0.0,0.0,1,0.0,0.0,0.0,0.0,1,0.0,17,24,26,0
6775,769,127,0.0,0.0,0.0,1,0.0,1,0.0,0.0,0.0,0.0,0.0,0.0,1,0.0,0.0,10,24,10,0
6776,449,89,0.0,0.0,1,0.0,1,0.0,0.0,0.0,0.0,0.0,1,0.0,0.0,0.0,0.0,6,28,19,0
6777,487,89,0.0,0.0,1,0.0,0.0,0.0,1,0.0,0.0,0.0,0.0,0.0,1,0.0,0.0,16,23,12,0
6778,48,69,0.0,1,0.0,0.0,0.0,0.0,0.0,0.0,1,1,0.0,0.0,0.0,0.0,0.0,13,16,3,0
6779,719,160,1,0.0,0.0,0.0,0.0,0.0,0.0,0.0,1,0.0,1,0.0,0.0,0.0,0.0,11,15,14,0
6780,804,13,1,0.0,0.0,0.0,0.0,0.0,1,0.0,0.0,0.0,0.0,0.0,0.0,0.0,1,20,4,22,0
6781,717,1,0.0,0.0,0.0,1,0.0,1,0.0,0.0,0.0,0.0,0.0,0.0,1,0.0,0.0,23,2,22,0
6782,37,68,1,0.0,0.0,0.0,0.0,0.0,1,0.0,0.0,0.0,0.0,0.0,0.0,1,0.0,13,26,14,0
6783,769,210,1,0.0,0.0,0.0,0.0,0.0,0.0,0.0,1,1,0.0,0.0,0.0,0.0,0.0,16,24,1,0
6784,179,182,0.0,0.0,0.0,1,0.0,0.0,1,0.0,0.0,0.0,0.0,0.0,0.0,0.0,1,21,14,29,0
6785,14,187,0.0,0.0,0.0,1,0.0,0.0,0.0,1,0.0,0.0,0.0,0.0,1,0.0,0.0,17,21,7,0
6786,513,206,0.0,0.0,0.0,1,0.0,0.0,0.0,0.0,1,1,0.0,0.0,0.0,0.0,0.0,21,29,21,0
6787,682,129,0.0,0.0,1,0.0,0.0,1,0.0,0.0,0.0,0.0,0.0,0.0,0.0,1,0.0,11,10,15,0
6788,32,127,0.0,0.0,0.0,1,0.0,0.0,0.0,0.0,1,0.0,1,0.0,0.0,0.0,0.0,19,13,6,0
6789,515,78,0.0,0.0,1,0.0,0.0,0.0,0.0,1,0.0,0.0,1,0.0,0.0,0.0,0.0,23,13,13,0
6790,46,105,0.0,0.0,1,0.0,0.0,0.0,0.0,0.0,1,0.0,0.0,0.0,0.0,0.0,1,21,2,25,0
6791,476,105,0.0,0.0,0.0,1,1,0.0,0.0,0.0,0.0,0.0,1,0.0,0.0,0.0,0.0,13,19,18,0
6792,85,67,1,0.0,0.0,0.0,0.0,0.0,0.0,0.0,1,0.0,1,0.0,0.0,0.0,0.0,6,24,7,0
6793,210,37,0.0,0.0,0.0,1,0.0,0.0,0.0,1,0.0,0.0,0.0,0.0,0.0,1,0.0,21,27,21,0
6794,191,54,0.0,0.0,0.0,1,0.0,0.0,0.0,1,0.0,0.0,0.0,0.0,1,0.0,0.0,7,15,21,0
6795,137,91,0.0,0.0,1,0.0,0.0,0.0,0.0,1,0.0,0.0,0.0,0.0,0.0,1,0.0,16,0,4,0
6796,376,71,0.0,1,0.0,0.0,0.0,0.0,1,0.0,0.0,1,0.0,0.0,0.0,0.0,0.0,9,15,19,0
6797,662,57,0.0,0.0,1,0.0,1,0.0,0.0,0.0,0.0,1,0.0,0.0,0.0,0.0,0.0,6,10,23,0
6798,98,74,1,0.0,0.0,0.0,0.0,0.0,0.0,0.0,1,0.0,0.0,0.0,0.0,1,0.0,7,24,6,0
6799,20,60,1,0.0,0.0,0.0,1,0.0,0.0,0.0,0.0,0.0,1,0.0,0.0,0.0,0.0,18,28,5,0
6800,936,157,0.0,0.0,1,0.0,0.0,0.0,0.0,0.0,1,0.0,0.0,0.0,0.0,1,0.0,19,26,20,0
6801,745,106,0.0,0.0,1,0.0,0.0,0.0,1,0.0,0.0,0.0,1,0.0,0.0,0.0,0.0,22,13,18,0
6802,348,153,0.0,0.0,1,0.0,0.0,0.0,1,0.0,0.0,0.0,1,0.0,0.0,0.0,0.0,19,12,7,0
6803,545,41,0.0,0.0,0.0,1,0.0,1,0.0,0.0,0.0,0.0,0.0,0.0,0.0,1,0.0,11,21,14,0
6804,67,145,0.0,1,0.0,0.0,0.0,0.0,0.0,1,0.0,1,0.0,0.0,0.0,0.0,0.0,8,14,12,0
6805,937,148,0.0,0.0,1,0.0,1,0.0,0.0,0.0,0.0,1,0.0,0.0,0.0,0.0,0.0,10,27,18,0
6806,910,106,0.0,0.0,1,0.0,1,0.0,0.0,0.0,0.0,0.0,0.0,0.0,0.0,0.0,1,22,23,21,0
6807,871,116,0.0,1,0.0,0.0,0.0,1,0.0,0.0,0.0,0.0,0.0,0.0,0.0,0.0,1,14,27,21,0
6808,3,21,0.0,0.0,1,0.0,0.0,0.0,0.0,0.0,1,0.0,0.0,0.0,1,0.0,0.0,16,0,5,0
6809,134,73,1,0.0,0.0,0.0,0.0,0.0,1,0.0,0.0,0.0,0.0,0.0,1,0.0,0.0,23,29,26,0
6810,348,63,0.0,1,0.0,0.0,0.0,0.0,0.0,1,0.0,1,0.0,0.0,0.0,0.0,0.0,20,15,18,0
6811,362,30,0.0,0.0,1,0.0,0.0,0.0,0.0,0.0,1,0.0,0.0,0.0,0.0,1,0.0,14,8,11,0
6812,546,50,1,0.0,0.0,0.0,0.0,0.0,1,0.0,0.0,1,0.0,0.0,0.0,0.0,0.0,22,23,23,0
6813,677,113,1,0.0,0.0,0.0,0.0,0.0,1,0.0,0.0,0.0,0.0,0.0,1,0.0,0.0,14,23,9,0
6814,589,60,0.0,0.0,0.0,1,0.0,0.0,0.0,0.0,1,1,0.0,0.0,0.0,0.0,0.0,15,7,16,0
6815,700,161,0.0,1,0.0,0.0,0.0,1,0.0,0.0,0.0,0.0,0.0,0.0,0.0,1,0.0,15,22,0,0
6816,445,65,0.0,1,0.0,0.0,0.0,1,0.0,0.0,0.0,1,0.0,0.0,0.0,0.0,0.0,6,26,4,0
6817,397,183,0.0,0.0,1,0.0,0.0,1,0.0,0.0,0.0,0.0,0.0,0.0,1,0.0,0.0,20,18,5,0
6818,229,38,1,0.0,0.0,0.0,0.0,0.0,1,0.0,0.0,1,0.0,0.0,0.0,0.0,0.0,17,27,29,0
6819,227,35,0.0,0.0,1,0.0,0.0,0.0,0.0,1,0.0,1,0.0,0.0,0.0,0.0,0.0,10,2,27,0
6820,188,26,0.0,1,0.0,0.0,0.0,1,0.0,0.0,0.0,1,0.0,0.0,0.0,0.0,0.0,22,16,3,0
6821,13,42,0.0,0.0,0.0,1,1,0.0,0.0,0.0,0.0,0.0,0.0,0.0,0.0,0.0,1,7,4,10,0
6822,830,161,0.0,0.0,1,0.0,0.0,0.0,0.0,1,0.0,0.0,0.0,0.0,0.0,1,0.0,20,29,23,0
6823,880,81,0.0,0.0,1,0.0,0.0,1,0.0,0.0,0.0,0.0,1,0.0,0.0,0.0,0.0,9,14,15,0
6824,942,162,0.0,1,0.0,0.0,0.0,0.0,0.0,1,0.0,0.0,0.0,0.0,1,0.0,0.0,18,9,11,0
6825,160,1,1,0.0,0.0,0.0,0.0,1,0.0,0.0,0.0,1,0.0,0.0,0.0,0.0,0.0,23,26,28,0
6826,5,102,0.0,1,0.0,0.0,0.0,0.0,0.0,0.0,1,0.0,0.0,0.0,0.0,0.0,1,15,7,28,0
6827,583,65,0.0,0.0,0.0,1,0.0,0.0,1,0.0,0.0,0.0,0.0,0.0,0.0,1,0.0,13,28,11,0
6828,908,152,0.0,1,0.0,0.0,0.0,0.0,1,0.0,0.0,0.0,0.0,0.0,0.0,1,0.0,8,24,15,0
6829,819,153,0.0,1,0.0,0.0,0.0,0.0,0.0,1,0.0,0.0,0.0,0.0,0.0,0.0,1,9,26,21,0
6830,861,59,0.0,1,0.0,0.0,1,0.0,0.0,0.0,0.0,0.0,0.0,0.0,0.0,0.0,1,15,27,23,0
6831,600,132,1,0.0,0.0,0.0,0.0,0.0,0.0,0.0,1,1,0.0,0.0,0.0,0.0,0.0,19,16,25,0
6832,922,100,0.0,0.0,1,0.0,0.0,1,0.0,0.0,0.0,0.0,0.0,0.0,0.0,1,0.0,15,28,20,0
6833,147,62,0.0,0.0,1,0.0,1,0.0,0.0,0.0,0.0,0.0,0.0,0.0,0.0,0.0,1,14,20,3,0
6834,787,42,1,0.0,0.0,0.0,1,0.0,0.0,0.0,0.0,1,0.0,0.0,0.0,0.0,0.0,22,14,21,0
6835,641,94,1,0.0,0.0,0.0,0.0,0.0,0.0,0.0,1,0.0,0.0,0.0,1,0.0,0.0,14,14,2,0
6836,751,146,1,0.0,0.0,0.0,0.0,0.0,0.0,1,0.0,0.0,0.0,0.0,1,0.0,0.0,19,16,17,0
6837,465,33,0.0,0.0,1,0.0,0.0,0.0,0.0,0.0,1,0.0,0.0,0.0,0.0,1,0.0,12,22,19,0
6838,18,35,0.0,0.0,0.0,1,0.0,0.0,0.0,0.0,1,0.0,0.0,0.0,0.0,0.0,1,23,10,3,0
6839,722,138,0.0,0.0,0.0,1,0.0,0.0,0.0,1,0.0,0.0,0.0,0.0,1,0.0,0.0,7,28,28,0
6840,798,140,0.0,0.0,0.0,1,0.0,1,0.0,0.0,0.0,1,0.0,0.0,0.0,0.0,0.0,13,4,15,0
6841,398,11,0.0,0.0,1,0.0,0.0,0.0,0.0,1,0.0,0.0,0.0,0.0,0.0,1,0.0,7,17,28,0
6842,63,1,0.0,0.0,0.0,1,1,0.0,0.0,0.0,0.0,0.0,0.0,0.0,0.0,1,0.0,9,24,3,0
6843,715,150,0.0,1,0.0,0.0,1,0.0,0.0,0.0,0.0,0.0,0.0,0.0,0.0,1,0.0,20,17,23,0
6844,294,168,0.0,1,0.0,0.0,0.0,0.0,0.0,1,0.0,0.0,0.0,0.0,0.0,0.0,1,22,2,9,0
6845,154,115,0.0,0.0,1,0.0,0.0,0.0,0.0,0.0,1,0.0,0.0,0.0,0.0,1,0.0,10,8,14,0
6846,169,23,0.0,0.0,1,0.0,0.0,0.0,0.0,1,0.0,0.0,0.0,0.0,0.0,0.0,1,15,17,4,0
6847,787,155,1,0.0,0.0,0.0,0.0,1,0.0,0.0,0.0,1,0.0,0.0,0.0,0.0,0.0,15,29,25,0
6848,231,119,0.0,1,0.0,0.0,0.0,0.0,1,0.0,0.0,1,0.0,0.0,0.0,0.0,0.0,10,5,28,0
6849,870,1136,0.0,0.0,1,0.0,0.0,0.0,0.0,1,0.0,0.0,0.0,0.0,1,0.0,0.0,4,92,78,1
6850,698,134,0.0,0.0,0.0,1,0.0,1,0.0,0.0,0.0,0.0,0.0,0.0,0.0,0.0,1,12,20,20,0
6851,111,120,0.0,1,0.0,0.0,0.0,0.0,0.0,1,0.0,0.0,0.0,0.0,1,0.0,0.0,6,12,17,0
6852,603,134,1,0.0,0.0,0.0,1,0.0,0.0,0.0,0.0,0.0,0.0,0.0,0.0,1,0.0,10,5,6,0
6853,830,4359,0.0,0.0,1,0.0,0.0,0.0,1,0.0,0.0,0.0,0.0,0.0,0.0,1,0.0,5,85,88,1
6854,988,97,0.0,0.0,1,0.0,0.0,1,0.0,0.0,0.0,0.0,1,0.0,0.0,0.0,0.0,6,18,12,0
6855,444,130,0.0,1,0.0,0.0,0.0,0.0,1,0.0,0.0,1,0.0,0.0,0.0,0.0,0.0,18,25,4,0
6856,579,184,0.0,1,0.0,0.0,0.0,0.0,1,0.0,0.0,0.0,1,0.0,0.0,0.0,0.0,13,7,12,0
6857,349,186,1,0.0,0.0,0.0,0.0,1,0.0,0.0,0.0,1,0.0,0.0,0.0,0.0,0.0,12,22,20,0
6858,381,63,0.0,0.0,1,0.0,1,0.0,0.0,0.0,0.0,0.0,0.0,0.0,1,0.0,0.0,15,21,10,0
6859,319,20,0.0,0.0,0.0,1,0.0,0.0,0.0,1,0.0,0.0,0.0,0.0,0.0,0.0,1,11,22,29,0
6860,17,108,0.0,1,0.0,0.0,0.0,0.0,1,0.0,0.0,0.0,1,0.0,0.0,0.0,0.0,12,26,24,0
6861,845,1,0.0,0.0,1,0.0,0.0,0.0,0.0,0.0,1,0.0,0.0,0.0,0.0,1,0.0,22,13,7,0
6862,485,166,0.0,1,0.0,0.0,0.0,0.0,0.0,0.0,1,0.0,0.0,0.0,0.0,0.0,1,18,15,17,0
6863,267,90,0.0,0.0,1,0.0,1,0.0,0.0,0.0,0.0,0.0,0.0,0.0,0.0,1,0.0,7,28,20,0
6864,29,205,1,0.0,0.0,0.0,0.0,0.0,0.0,0.0,1,0.0,0.0,0.0,1,0.0,0.0,17,5,9,0
6865,202,141,0.0,0.0,0.0,1,0.0,0.0,1,0.0,0.0,0.0,1,0.0,0.0,0.0,0.0,10,24,9,0
6866,283,99,1,0.0,0.0,0.0,0.0,0.0,0.0,0.0,1,0.0,1,0.0,0.0,0.0,0.0,21,25,2,0
6867,327,69,0.0,0.0,1,0.0,1,0.0,0.0,0.0,0.0,0.0,1,0.0,0.0,0.0,0.0,20,4,21,0
6868,3,82,0.0,0.0,1,0.0,0.0,1,0.0,0.0,0.0,1,0.0,0.0,0.0,0.0,0.0,23,11,15,0
6869,729,15,1,0.0,0.0,0.0,0.0,0.0,0.0,0.0,1,0.0,0.0,0.0,0.0,0.0,1,6,21,25,0
6870,784,176,1,0.0,0.0,0.0,1,0.0,0.0,0.0,0.0,0.0,0.0,0.0,1,0.0,0.0,6,2,7,0
6871,490,62,0.0,0.0,1,0.0,1,0.0,0.0,0.0,0.0,0.0,1,0.0,0.0,0.0,0.0,11,19,9,0
6872,190,52,0.0,1,0.0,0.0,0.0,1,0.0,0.0,0.0,0.0,0.0,0.0,1,0.0,0.0,18,22,2,0
6873,412,1,0.0,0.0,0.0,1,0.0,0.0,0.0,0.0,1,0.0,0.0,0.0,0.0,1,0.0,12,4,7,0
6874,340,59,0.0,1,0.0,0.0,0.0,0.0,1,0.0,0.0,0.0,0.0,0.0,0.0,0.0,1,22,11,5,0
6875,375,106,0.0,0.0,0.0,1,0.0,0.0,0.0,0.0,1,0.0,1,0.0,0.0,0.0,0.0,19,24,6,0
6876,971,48,0.0,0.0,0.0,1,0.0,1,0.0,0.0,0.0,0.0,0.0,0.0,0.0,1,0.0,23,3,27,0
6877,69,82,1,0.0,0.0,0.0,0.0,0.0,0.0,0.0,1,0.0,0.0,0.0,1,0.0,0.0,23,7,8,0
6878,305,102,0.0,1,0.0,0.0,0.0,0.0,0.0,0.0,1,0.0,0.0,0.0,0.0,1,0.0,18,12,5,0
6879,745,52,0.0,0.0,0.0,1,0.0,1,0.0,0.0,0.0,0.0,0.0,0.0,1,0.0,0.0,8,4,19,0
6880,68,143,1,0.0,0.0,0.0,0.0,0.0,0.0,1,0.0,0.0,0.0,0.0,0.0,1,0.0,19,12,12,0
6881,226,114,0.0,1,0.0,0.0,1,0.0,0.0,0.0,0.0,0.0,0.0,0.0,1,0.0,0.0,6,28,19,0
6882,166,3213,0.0,1,0.0,0.0,0.0,0.0,0.0,1,0.0,1,0.0,0.0,0.0,0.0,0.0,0,76,80,1
6883,682,4,0.0,1,0.0,0.0,1,0.0,0.0,0.0,0.0,0.0,1,0.0,0.0,0.0,0.0,10,21,11,0
6884,473,118,0.0,0.0,0.0,1,0.0,1,0.0,0.0,0.0,0.0,0.0,0.0,0.0,0.0,1,10,17,7,0
6885,114,128,0.0,0.0,1,0.0,0.0,0.0,1,0.0,0.0,1,0.0,0.0,0.0,0.0,0.0,19,7,7,0
6886,144,1126,0.0,1,0.0,0.0,1,0.0,0.0,0.0,0.0,0.0,0.0,0.0,0.0,1,0.0,18,85,96,1
6887,924,96,1,0.0,0.0,0.0,0.0,0.0,1,0.0,0.0,0.0,0.0,0.0,1,0.0,0.0,19,1,26,0
6888,115,85,0.0,0.0,0.0,1,0.0,0.0,0.0,1,0.0,0.0,1,0.0,0.0,0.0,0.0,7,14,14,0
6889,1,53,0.0,0.0,0.0,1,0.0,0.0,1,0.0,0.0,0.0,0.0,0.0,1,0.0,0.0,6,10,2,0
6890,712,116,0.0,0.0,1,0.0,0.0,0.0,0.0,0.0,1,0.0,1,0.0,0.0,0.0,0.0,22,27,17,0
6891,100,45,0.0,1,0.0,0.0,1,0.0,0.0,0.0,0.0,0.0,1,0.0,0.0,0.0,0.0,15,24,18,0
6892,155,147,0.0,0.0,1,0.0,0.0,0.0,0.0,0.0,1,1,0.0,0.0,0.0,0.0,0.0,14,13,6,0
6893,545,127,0.0,0.0,0.0,1,0.0,1,0.0,0.0,0.0,0.0,0.0,0.0,0.0,0.0,1,20,3,4,0
6894,53,142,0.0,1,0.0,0.0,0.0,0.0,1,0.0,0.0,0.0,0.0,0.0,0.0,1,0.0,15,13,22,0
6895,629,105,0.0,0.0,0.0,1,0.0,0.0,1,0.0,0.0,0.0,0.0,0.0,1,0.0,0.0,18,8,8,0
6896,145,214,0.0,0.0,1,0.0,0.0,0.0,0.0,0.0,1,1,0.0,0.0,0.0,0.0,0.0,16,19,5,0
6897,314,117,0.0,1,0.0,0.0,0.0,1,0.0,0.0,0.0,0.0,0.0,0.0,0.0,1,0.0,11,2,14,0
6898,351,53,0.0,1,0.0,0.0,0.0,0.0,0.0,0.0,1,0.0,0.0,0.0,0.0,0.0,1,7,10,18,0
6899,305,158,1,0.0,0.0,0.0,0.0,0.0,0.0,0.0,1,0.0,0.0,0.0,1,0.0,0.0,7,6,25,0
6900,391,25,0.0,0.0,0.0,1,0.0,0.0,0.0,0.0,1,0.0,0.0,0.0,0.0,1,0.0,23,16,9,0
6901,352,148,1,0.0,0.0,0.0,0.0,0.0,1,0.0,0.0,0.0,0.0,0.0,0.0,1,0.0,20,18,23,0
6902,901,149,1,0.0,0.0,0.0,1,0.0,0.0,0.0,0.0,1,0.0,0.0,0.0,0.0,0.0,20,1,29,0
6903,204,179,0.0,0.0,0.0,1,1,0.0,0.0,0.0,0.0,0.0,1,0.0,0.0,0.0,0.0,10,4,26,0
6904,780,116,0.0,1,0.0,0.0,0.0,0.0,1,0.0,0.0,0.0,1,0.0,0.0,0.0,0.0,9,14,6,0
6905,674,87,0.0,1,0.0,0.0,0.0,0.0,0.0,1,0.0,0.0,0.0,0.0,0.0,0.0,1,14,29,19,0
6906,180,168,0.0,1,0.0,0.0,0.0,0.0,0.0,0.0,1,0.0,0.0,0.0,0.0,1,0.0,8,6,4,0
6907,175,87,0.0,0.0,0.0,1,0.0,0.0,0.0,0.0,1,0.0,0.0,0.0,1,0.0,0.0,8,26,8,0
6908,833,166,0.0,1,0.0,0.0,1,0.0,0.0,0.0,0.0,0.0,0.0,1,0.0,0.0,0.0,13,87,96,1
6909,342,60,0.0,0.0,1,0.0,0.0,0.0,0.0,0.0,1,0.0,1,0.0,0.0,0.0,0.0,13,13,1,0
6910,745,30,0.0,0.0,1,0.0,0.0,0.0,0.0,1,0.0,0.0,0.0,0.0,0.0,1,0.0,9,10,23,0
6911,520,48,0.0,0.0,0.0,1,0.0,0.0,1,0.0,0.0,0.0,0.0,0.0,0.0,1,0.0,19,16,11,0
6912,889,77,0.0,0.0,0.0,1,1,0.0,0.0,0.0,0.0,1,0.0,0.0,0.0,0.0,0.0,20,19,14,0
6913,63,71,0.0,0.0,1,0.0,0.0,0.0,0.0,1,0.0,0.0,0.0,0.0,0.0,1,0.0,8,25,21,0
6914,350,74,1,0.0,0.0,0.0,0.0,0.0,1,0.0,0.0,1,0.0,0.0,0.0,0.0,0.0,13,3,4,0
6915,81,61,0.0,0.0,1,0.0,1,0.0,0.0,0.0,0.0,0.0,0.0,0.0,0.0,0.0,1,17,24,19,0
6916,389,122,0.0,1,0.0,0.0,0.0,0.0,1,0.0,0.0,0.0,0.0,0.0,1,0.0,0.0,21,21,2,0
6917,127,141,0.0,1,0.0,0.0,0.0,1,0.0,0.0,0.0,0.0,1,0.0,0.0,0.0,0.0,10,14,19,0
6918,477,1,1,0.0,0.0,0.0,0.0,1,0.0,0.0,0.0,0.0,0.0,0.0,1,0.0,0.0,21,19,20,0
6919,26,71,1,0.0,0.0,0.0,0.0,0.0,0.0,1,0.0,1,0.0,0.0,0.0,0.0,0.0,13,29,13,0
6920,223,101,0.0,0.0,1,0.0,0.0,0.0,1,0.0,0.0,0.0,0.0,0.0,0.0,0.0,1,6,15,23,0
6921,727,21,0.0,1,0.0,0.0,1,0.0,0.0,0.0,0.0,0.0,0.0,0.0,0.0,0.0,1,19,16,12,0
6922,479,110,1,0.0,0.0,0.0,0.0,0.0,1,0.0,0.0,0.0,0.0,0.0,0.0,1,0.0,9,6,24,0
6923,695,163,1,0.0,0.0,0.0,0.0,0.0,1,0.0,0.0,0.0,0.0,0.0,1,0.0,0.0,7,7,5,0
6924,502,108,0.0,0.0,0.0,1,0.0,0.0,0.0,0.0,1,0.0,0.0,0.0,0.0,1,0.0,21,9,18,0
6925,612,98,1,0.0,0.0,0.0,1,0.0,0.0,0.0,0.0,0.0,0.0,0.0,0.0,1,0.0,9,12,29,0
6926,601,168,1,0.0,0.0,0.0,1,0.0,0.0,0.0,0.0,0.0,0.0,0.0,1,0.0,0.0,6,6,19,0
6927,791,97,0.0,0.0,0.0,1,0.0,0.0,0.0,1,0.0,0.0,1,0.0,0.0,0.0,0.0,13,1,17,0
6928,317,3,0.0,1,0.0,0.0,0.0,1,0.0,0.0,0.0,0.0,1,0.0,0.0,0.0,0.0,21,12,14,0
6929,356,104,1,0.0,0.0,0.0,0.0,0.0,1,0.0,0.0,0.0,1,0.0,0.0,0.0,0.0,8,17,16,0
6930,539,80,0.0,0.0,1,0.0,0.0,0.0,0.0,1,0.0,0.0,1,0.0,0.0,0.0,0.0,13,5,28,0
6931,239,56,0.0,0.0,0.0,1,0.0,0.0,0.0,1,0.0,1,0.0,0.0,0.0,0.0,0.0,20,23,21,0
6932,589,11085,1,0.0,0.0,0.0,0.0,0.0,1,0.0,0.0,1,0.0,0.0,0.0,0.0,0.0,7,86,80,1
6933,480,54,0.0,1,0.0,0.0,0.0,0.0,0.0,1,0.0,0.0,0.0,0.0,1,0.0,0.0,11,2,14,0
6934,531,189,0.0,0.0,0.0,1,0.0,0.0,1,0.0,0.0,0.0,0.0,0.0,0.0,1,0.0,22,28,7,0
6935,330,123,0.0,0.0,1,0.0,0.0,0.0,0.0,1,0.0,0.0,0.0,0.0,0.0,1,0.0,19,18,29,0
6936,225,196,1,0.0,0.0,0.0,1,0.0,0.0,0.0,0.0,0.0,1,0.0,0.0,0.0,0.0,15,25,1,0
6937,291,1,0.0,1,0.0,0.0,0.0,1,0.0,0.0,0.0,0.0,0.0,0.0,0.0,0.0,1,21,9,26,0
6938,571,35,1,0.0,0.0,0.0,0.0,0.0,1,0.0,0.0,0.0,0.0,0.0,1,0.0,0.0,12,14,22,0
6939,358,121,0.0,0.0,1,0.0,1,0.0,0.0,0.0,0.0,0.0,0.0,0.0,0.0,1,0.0,15,28,24,0
6940,399,160,1,0.0,0.0,0.0,0.0,0.0,1,0.0,0.0,0.0,0.0,0.0,0.0,1,0.0,15,1,5,0
6941,804,145,0.0,0.0,0.0,1,0.0,0.0,0.0,1,0.0,0.0,1,0.0,0.0,0.0,0.0,14,13,2,0
6942,113,121,1,0.0,0.0,0.0,0.0,0.0,1,0.0,0.0,0.0,0.0,0.0,1,0.0,0.0,10,5,27,0
6943,608,147,0.0,0.0,0.0,1,1,0.0,0.0,0.0,0.0,0.0,1,0.0,0.0,0.0,0.0,8,19,10,0
6944,998,180,0.0,0.0,1,0.0,0.0,0.0,1,0.0,0.0,1,0.0,0.0,0.0,0.0,0.0,19,0,8,0
6945,147,21,0.0,1,0.0,0.0,1,0.0,0.0,0.0,0.0,0.0,0.0,0.0,0.0,1,0.0,8,11,3,0
6946,924,64,1,0.0,0.0,0.0,0.0,0.0,1,0.0,0.0,0.0,0.0,0.0,1,0.0,0.0,8,21,3,0
6947,0,133,0.0,0.0,0.0,1,0.0,0.0,1,0.0,0.0,0.0,0.0,0.0,1,0.0,0.0,12,0,2,0
6948,718,40,1,0.0,0.0,0.0,0.0,1,0.0,0.0,0.0,1,0.0,0.0,0.0,0.0,0.0,7,22,5,0
6949,403,98,0.0,0.0,1,0.0,1,0.0,0.0,0.0,0.0,0.0,0.0,0.0,0.0,1,0.0,6,10,7,0
6950,285,159,0.0,0.0,1,0.0,0.0,0.0,0.0,0.0,1,1,0.0,0.0,0.0,0.0,0.0,6,26,26,0
6951,695,144,0.0,0.0,1,0.0,0.0,0.0,0.0,0.0,1,1,0.0,0.0,0.0,0.0,0.0,17,10,18,0
6952,687,79,0.0,1,0.0,0.0,0.0,0.0,1,0.0,0.0,0.0,0.0,0.0,0.0,1,0.0,7,14,4,0
6953,156,34,0.0,0.0,0.0,1,0.0,1,0.0,0.0,0.0,0.0,0.0,0.0,0.0,1,0.0,19,5,20,0
6954,352,10,0.0,1,0.0,0.0,0.0,1,0.0,0.0,0.0,0.0,0.0,0.0,1,0.0,0.0,4,86,84,1
6955,857,51,1,0.0,0.0,0.0,1,0.0,0.0,0.0,0.0,1,0.0,0.0,0.0,0.0,0.0,12,27,19,0
6956,652,121,1,0.0,0.0,0.0,0.0,1,0.0,0.0,0.0,0.0,0.0,0.0,1,0.0,0.0,11,29,0,0
6957,100,93,1,0.0,0.0,0.0,0.0,0.0,0.0,1,0.0,0.0,0.0,0.0,0.0,0.0,1,17,5,7,0
6958,351,56,0.0,0.0,1,0.0,1,0.0,0.0,0.0,0.0,0.0,0.0,0.0,0.0,1,0.0,7,2,6,0
6959,589,85,0.0,0.0,1,0.0,0.0,0.0,1,0.0,0.0,0.0,0.0,0.0,0.0,1,0.0,23,4,19,0
6960,878,91,0.0,0.0,1,0.0,0.0,1,0.0,0.0,0.0,0.0,0.0,0.0,1,0.0,0.0,13,10,20,0
6961,220,103,1,0.0,0.0,0.0,0.0,0.0,0.0,1,0.0,1,0.0,0.0,0.0,0.0,0.0,21,8,18,0
6962,939,119,1,0.0,0.0,0.0,0.0,0.0,0.0,1,0.0,1,0.0,0.0,0.0,0.0,0.0,8,24,14,0
6963,717,157,0.0,0.0,1,0.0,0.0,0.0,0.0,0.0,1,0.0,1,0.0,0.0,0.0,0.0,21,10,17,0
6964,309,104,0.0,0.0,1,0.0,0.0,0.0,0.0,1,0.0,1,0.0,0.0,0.0,0.0,0.0,20,24,14,0
6965,522,906,0.0,0.0,0.0,1,0.0,0.0,0.0,0.0,1,0.0,0.0,0.0,1,0.0,0.0,16,99,96,1
6966,915,50,1,0.0,0.0,0.0,0.0,0.0,0.0,0.0,1,1,0.0,0.0,0.0,0.0,0.0,13,20,14,0
6967,521,174,0.0,1,0.0,0.0,0.0,1,0.0,0.0,0.0,0.0,0.0,0.0,0.0,0.0,1,9,21,26,0
6968,446,83,1,0.0,0.0,0.0,0.0,0.0,0.0,0.0,1,0.0,0.0,0.0,0.0,0.0,1,20,19,23,0
6969,415,116,0.0,0.0,0.0,1,0.0,0.0,1,0.0,0.0,0.0,0.0,0.0,1,0.0,0.0,17,18,3,0
6970,502,89,0.0,0.0,1,0.0,0.0,1,0.0,0.0,0.0,1,0.0,0.0,0.0,0.0,0.0,15,9,27,0
6971,811,115,0.0,1,0.0,0.0,0.0,0.0,0.0,0.0,1,1,0.0,0.0,0.0,0.0,0.0,19,28,10,0
6972,437,1,0.0,0.0,1,0.0,1,0.0,0.0,0.0,0.0,0.0,1,0.0,0.0,0.0,0.0,6,12,14,0
6973,895,10,1,0.0,0.0,0.0,0.0,0.0,1,0.0,0.0,0.0,0.0,1,0.0,0.0,0.0,1,92,91,1
6974,53,103,1,0.0,0.0,0.0,0.0,1,0.0,0.0,0.0,1,0.0,0.0,0.0,0.0,0.0,13,18,5,0
6975,301,72,0.0,1,0.0,0.0,0.0,0.0,1,0.0,0.0,0.0,0.0,0.0,0.0,0.0,1,7,3,11,0
6976,364,119,0.0,1,0.0,0.0,0.0,0.0,0.0,1,0.0,0.0,1,0.0,0.0,0.0,0.0,10,20,21,0
6977,707,117,0.0,1,0.0,0.0,0.0,0.0,0.0,1,0.0,0.0,0.0,0.0,0.0,1,0.0,9,8,0,0
6978,163,83,0.0,0.0,1,0.0,0.0,0.0,0.0,1,0.0,0.0,0.0,0.0,0.0,0.0,1,22,14,7,0
6979,959,125,0.0,0.0,1,0.0,0.0,0.0,1,0.0,0.0,1,0.0,0.0,0.0,0.0,0.0,14,15,5,0
6980,572,159,0.0,1,0.0,0.0,0.0,0.0,0.0,0.0,1,1,0.0,0.0,0.0,0.0,0.0,10,7,4,0
6981,778,100,0.0,1,0.0,0.0,1,0.0,0.0,0.0,0.0,0.0,0.0,0.0,0.0,0.0,1,14,28,23,0
6982,637,79,1,0.0,0.0,0.0,0.0,1,0.0,0.0,0.0,0.0,0.0,0.0,0.0,1,0.0,15,10,25,0
6983,42,70,1,0.0,0.0,0.0,0.0,1,0.0,0.0,0.0,0.0,0.0,0.0,0.0,0.0,1,14,17,10,0
6984,465,98,0.0,1,0.0,0.0,0.0,1,0.0,0.0,0.0,0.0,0.0,0.0,0.0,0.0,1,8,16,9,0
6985,302,68,0.0,0.0,1,0.0,0.0,0.0,0.0,0.0,1,1,0.0,0.0,0.0,0.0,0.0,7,29,16,0
6986,555,119,0.0,0.0,0.0,1,0.0,0.0,0.0,0.0,1,0.0,1,0.0,0.0,0.0,0.0,12,29,6,0
6987,367,156,0.0,0.0,1,0.0,0.0,0.0,0.0,0.0,1,0.0,0.0,0.0,0.0,1,0.0,17,8,4,0
6988,105,109,0.0,0.0,0.0,1,0.0,0.0,0.0,1,0.0,0.0,0.0,0.0,1,0.0,0.0,6,2,14,0
6989,599,100,1,0.0,0.0,0.0,0.0,0.0,0.0,0.0,1,1,0.0,0.0,0.0,0.0,0.0,22,3,27,0
6990,328,112,0.0,0.0,0.0,1,0.0,0.0,0.0,0.0,1,0.0,0.0,0.0,0.0,1,0.0,11,22,7,0
6991,99,133,1,0.0,0.0,0.0,0.0,1,0.0,0.0,0.0,0.0,0.0,0.0,1,0.0,0.0,21,21,6,0
6992,560,156,0.0,0.0,0.0,1,0.0,0.0,0.0,1,0.0,0.0,0.0,0.0,1,0.0,0.0,10,14,24,0
6993,111,33,0.0,0.0,0.0,1,0.0,0.0,0.0,0.0,1,0.0,1,0.0,0.0,0.0,0.0,13,3,15,0
6994,513,21,0.0,1,0.0,0.0,0.0,1,0.0,0.0,0.0,0.0,0.0,0.0,0.0,0.0,1,19,12,9,0
6995,892,21,0.0,0.0,1,0.0,0.0,0.0,0.0,1,0.0,0.0,0.0,0.0,0.0,0.0,1,23,3,14,0
6996,572,53,0.0,0.0,0.0,1,0.0,0.0,0.0,0.0,1,0.0,0.0,0.0,0.0,0.0,1,11,18,12,0
6997,857,114,0.0,0.0,0.0,1,0.0,0.0,0.0,1,0.0,0.0,1,0.0,0.0,0.0,0.0,10,8,1,0
6998,795,73,0.0,0.0,1,0.0,0.0,1,0.0,0.0,0.0,0.0,0.0,0.0,0.0,0.0,1,23,13,19,0
6999,934,1,1,0.0,0.0,0.0,1,0.0,0.0,0.0,0.0,0.0,0.0,0.0,0.0,0.0,1,11,14,1,0
7000,275,200,0.0,1,0.0,0.0,0.0,1,0.0,0.0,0.0,0.0,0.0,0.0,0.0,1,0.0,8,4,14,0
7001,103,17,0.0,0.0,1,0.0,0.0,0.0,0.0,0.0,1,0.0,1,0.0,0.0,0.0,0.0,21,10,5,0
7002,456,22,0.0,1,0.0,0.0,0.0,0.0,1,0.0,0.0,0.0,0.0,0.0,0.0,0.0,1,11,10,22,0
7003,46,62,1,0.0,0.0,0.0,0.0,0.0,1,0.0,0.0,0.0,0.0,0.0,1,0.0,0.0,17,12,13,0
7004,324,27,0.0,0.0,1,0.0,0.0,1,0.0,0.0,0.0,0.0,0.0,0.0,0.0,0.0,1,11,7,11,0
7005,462,201,0.0,0.0,0.0,1,0.0,1,0.0,0.0,0.0,0.0,0.0,0.0,1,0.0,0.0,18,15,7,0
7006,660,2416,0.0,0.0,0.0,1,0.0,0.0,0.0,0.0,1,0.0,0.0,0.0,1,0.0,0.0,14,83,96,1
7007,490,16,0.0,0.0,1,0.0,0.0,0.0,1,0.0,0.0,1,0.0,0.0,0.0,0.0,0.0,11,7,10,0
7008,362,39,0.0,0.0,0.0,1,0.0,0.0,0.0,1,0.0,1,0.0,0.0,0.0,0.0,0.0,14,10,3,0
7009,558,68,0.0,0.0,0.0,1,0.0,1,0.0,0.0,0.0,1,0.0,0.0,0.0,0.0,0.0,22,6,14,0
7010,858,23,0.0,1,0.0,0.0,0.0,0.0,1,0.0,0.0,1,0.0,0.0,0.0,0.0,0.0,23,0,8,0
7011,719,81,0.0,1,0.0,0.0,0.0,0.0,0.0,1,0.0,0.0,0.0,0.0,0.0,1,0.0,20,28,14,0
7012,935,110,0.0,1,0.0,0.0,0.0,0.0,0.0,0.0,1,0.0,1,0.0,0.0,0.0,0.0,16,7,9,0
7013,460,125,0.0,0.0,0.0,1,0.0,0.0,1,0.0,0.0,1,0.0,0.0,0.0,0.0,0.0,18,20,29,0
7014,762,236,0.0,0.0,0.0,1,0.0,1,0.0,0.0,0.0,0.0,1,0.0,0.0,0.0,0.0,8,20,20,0
7015,826,10,0.0,0.0,0.0,1,0.0,0.0,0.0,0.0,1,1,0.0,0.0,0.0,0.0,0.0,1,97,99,1
7016,946,119,0.0,0.0,1,0.0,0.0,0.0,0.0,1,0.0,1,0.0,0.0,0.0,0.0,0.0,19,17,11,0
7017,594,113,0.0,1,0.0,0.0,1,0.0,0.0,0.0,0.0,1,0.0,0.0,0.0,0.0,0.0,23,7,27,0
7018,599,92,1,0.0,0.0,0.0,0.0,0.0,0.0,0.0,1,0.0,0.0,0.0,0.0,0.0,1,18,15,20,0
7019,336,56,1,0.0,0.0,0.0,0.0,0.0,0.0,1,0.0,0.0,0.0,0.0,0.0,0.0,1,14,25,3,0
7020,579,110,1,0.0,0.0,0.0,0.0,0.0,1,0.0,0.0,0.0,1,0.0,0.0,0.0,0.0,22,6,21,0
7021,549,153,0.0,0.0,1,0.0,0.0,0.0,1,0.0,0.0,0.0,0.0,0.0,0.0,0.0,1,22,3,13,0
7022,580,198,0.0,1,0.0,0.0,0.0,0.0,0.0,0.0,1,0.0,0.0,0.0,0.0,0.0,1,15,7,16,0
7023,688,120,0.0,1,0.0,0.0,0.0,0.0,1,0.0,0.0,0.0,1,0.0,0.0,0.0,0.0,7,18,8,0
7024,748,130,1,0.0,0.0,0.0,0.0,0.0,0.0,0.0,1,0.0,0.0,0.0,0.0,1,0.0,21,4,9,0
7025,301,248,1,0.0,0.0,0.0,1,0.0,0.0,0.0,0.0,0.0,0.0,0.0,1,0.0,0.0,18,2,2,0
7026,49,137,0.0,0.0,0.0,1,0.0,0.0,1,0.0,0.0,0.0,0.0,0.0,0.0,1,0.0,20,13,4,0
7027,181,82,0.0,1,0.0,0.0,0.0,0.0,1,0.0,0.0,0.0,1,0.0,0.0,0.0,0.0,19,28,25,0
7028,390,23,0.0,1,0.0,0.0,0.0,1,0.0,0.0,0.0,0.0,0.0,0.0,0.0,0.0,1,20,22,19,0
7029,468,171,1,0.0,0.0,0.0,0.0,0.0,0.0,0.0,1,0.0,1,0.0,0.0,0.0,0.0,15,1,14,0
7030,830,141,0.0,1,0.0,0.0,0.0,1,0.0,0.0,0.0,0.0,1,0.0,0.0,0.0,0.0,21,20,16,0
7031,494,180,1,0.0,0.0,0.0,0.0,0.0,0.0,1,0.0,1,0.0,0.0,0.0,0.0,0.0,22,16,0,0
7032,143,88,0.0,0.0,1,0.0,0.0,0.0,1,0.0,0.0,0.0,1,0.0,0.0,0.0,0.0,16,21,21,0
7033,813,162,0.0,0.0,0.0,1,0.0,1,0.0,0.0,0.0,1,0.0,0.0,0.0,0.0,0.0,14,25,27,0
7034,127,134,0.0,0.0,1,0.0,0.0,0.0,1,0.0,0.0,0.0,0.0,0.0,1,0.0,0.0,13,27,28,0
7035,386,74,0.0,0.0,0.0,1,0.0,1,0.0,0.0,0.0,1,0.0,0.0,0.0,0.0,0.0,19,9,17,0
7036,264,147,1,0.0,0.0,0.0,0.0,1,0.0,0.0,0.0,1,0.0,0.0,0.0,0.0,0.0,15,8,24,0
7037,765,85,0.0,0.0,0.0,1,0.0,1,0.0,0.0,0.0,0.0,0.0,0.0,0.0,0.0,1,20,10,25,0
7038,420,46,0.0,0.0,1,0.0,1,0.0,0.0,0.0,0.0,0.0,1,0.0,0.0,0.0,0.0,7,27,14,0
7039,789,22,0.0,1,0.0,0.0,1,0.0,0.0,0.0,0.0,0.0,0.0,1,0.0,0.0,0.0,20,82,90,1
7040,73,51,0.0,1,0.0,0.0,0.0,0.0,1,0.0,0.0,1,0.0,0.0,0.0,0.0,0.0,14,29,22,0
7041,508,104,0.0,0.0,0.0,1,0.0,0.0,0.0,1,0.0,0.0,0.0,0.0,0.0,1,0.0,6,12,25,0
7042,376,1,0.0,0.0,0.0,1,0.0,0.0,0.0,1,0.0,0.0,0.0,0.0,0.0,0.0,1,8,23,3,0
7043,191,76,0.0,0.0,1,0.0,0.0,1,0.0,0.0,0.0,0.0,0.0,0.0,0.0,1,0.0,16,11,22,0
7044,876,10,0.0,0.0,1,0.0,0.0,0.0,0.0,0.0,1,0.0,0.0,0.0,0.0,1,0.0,5,87,81,1
7045,211,62,0.0,0.0,0.0,1,0.0,0.0,0.0,0.0,1,1,0.0,0.0,0.0,0.0,0.0,13,19,9,0
7046,233,194,0.0,0.0,0.0,1,0.0,0.0,0.0,0.0,1,0.0,0.0,0.0,0.0,1,0.0,22,28,1,0
7047,798,80,0.0,1,0.0,0.0,0.0,0.0,0.0,0.0,1,0.0,0.0,0.0,0.0,0.0,1,17,17,29,0
7048,864,122,0.0,0.0,1,0.0,0.0,0.0,1,0.0,0.0,1,0.0,0.0,0.0,0.0,0.0,16,18,6,0
7049,191,91,0.0,0.0,0.0,1,1,0.0,0.0,0.0,0.0,0.0,1,0.0,0.0,0.0,0.0,22,6,10,0
7050,610,82,1,0.0,0.0,0.0,0.0,0.0,0.0,0.0,1,1,0.0,0.0,0.0,0.0,0.0,6,9,0,0
7051,888,62,0.0,1,0.0,0.0,0.0,0.0,0.0,0.0,1,0.0,0.0,0.0,0.0,1,0.0,12,29,19,0
7052,124,98,0.0,0.0,1,0.0,0.0,1,0.0,0.0,0.0,0.0,0.0,0.0,0.0,1,0.0,9,20,8,0
7053,600,43,0.0,1,0.0,0.0,0.0,0.0,0.0,0.0,1,0.0,0.0,0.0,1,0.0,0.0,15,21,9,0
7054,1,88,1,0.0,0.0,0.0,0.0,1,0.0,0.0,0.0,0.0,0.0,0.0,0.0,1,0.0,23,19,26,0
7055,796,86,1,0.0,0.0,0.0,0.0,1,0.0,0.0,0.0,0.0,0.0,0.0,0.0,0.0,1,22,28,18,0
7056,747,45,0.0,0.0,1,0.0,0.0,0.0,0.0,1,0.0,0.0,0.0,0.0,0.0,0.0,1,11,19,0,0
7057,920,89,0.0,0.0,0.0,1,0.0,0.0,1,0.0,0.0,0.0,0.0,0.0,0.0,1,0.0,11,18,7,0
7058,712,126,0.0,0.0,1,0.0,0.0,0.0,1,0.0,0.0,1,0.0,0.0,0.0,0.0,0.0,7,3,10,0
7059,430,45,1,0.0,0.0,0.0,0.0,0.0,0.0,0.0,1,0.0,0.0,0.0,1,0.0,0.0,19,27,16,0
7060,137,59,0.0,0.0,1,0.0,0.0,0.0,0.0,1,0.0,0.0,1,0.0,0.0,0.0,0.0,18,15,28,0
7061,519,1,1,0.0,0.0,0.0,1,0.0,0.0,0.0,0.0,0.0,0.0,0.0,0.0,1,0.0,23,23,15,0
7062,731,126,1,0.0,0.0,0.0,0.0,1,0.0,0.0,0.0,0.0,0.0,0.0,0.0,1,0.0,6,15,9,0
7063,535,171,0.0,0.0,0.0,1,0.0,1,0.0,0.0,0.0,0.0,0.0,0.0,1,0.0,0.0,21,12,11,0
7064,595,70,0.0,0.0,1,0.0,1,0.0,0.0,0.0,0.0,0.0,0.0,0.0,0.0,0.0,1,8,25,6,0
7065,933,196,0.0,1,0.0,0.0,0.0,0.0,0.0,0.0,1,0.0,1,0.0,0.0,0.0,0.0,18,17,22,0
7066,595,49,0.0,1,0.0,0.0,1,0.0,0.0,0.0,0.0,0.0,0.0,0.0,0.0,0.0,1,20,28,5,0
7067,411,57,0.0,0.0,0.0,1,0.0,0.0,0.0,1,0.0,0.0,0.0,0.0,1,0.0,0.0,23,7,27,0
7068,651,203,0.0,0.0,1,0.0,0.0,0.0,1,0.0,0.0,0.0,1,0.0,0.0,0.0,0.0,8,25,28,0
7069,356,107,1,0.0,0.0,0.0,0.0,0.0,0.0,0.0,1,0.0,1,0.0,0.0,0.0,0.0,8,24,13,0
7070,158,41,0.0,0.0,1,0.0,0.0,1,0.0,0.0,0.0,0.0,1,0.0,0.0,0.0,0.0,19,21,25,0
7071,551,77,0.0,0.0,1,0.0,0.0,0.0,0.0,1,0.0,0.0,1,0.0,0.0,0.0,0.0,23,3,3,0
7072,195,80,0.0,0.0,1,0.0,1,0.0,0.0,0.0,0.0,1,0.0,0.0,0.0,0.0,0.0,13,1,25,0
7073,913,157,0.0,1,0.0,0.0,0.0,0.0,0.0,0.0,1,0.0,0.0,0.0,0.0,0.0,1,15,8,26,0
7074,557,134,0.0,0.0,0.0,1,0.0,0.0,0.0,1,0.0,1,0.0,0.0,0.0,0.0,0.0,14,4,2,0
7075,944,79,1,0.0,0.0,0.0,1,0.0,0.0,0.0,0.0,0.0,0.0,0.0,0.0,0.0,1,23,4,4,0
7076,247,138,0.0,0.0,1,0.0,0.0,0.0,1,0.0,0.0,0.0,0.0,0.0,0.0,0.0,1,20,5,29,0
7077,180,136,0.0,0.0,1,0.0,0.0,1,0.0,0.0,0.0,0.0,0.0,0.0,0.0,0.0,1,15,19,15,0
7078,749,167,1,0.0,0.0,0.0,0.0,1,0.0,0.0,0.0,0.0,0.0,0.0,0.0,0.0,1,9,4,11,0
7079,376,78,1,0.0,0.0,0.0,0.0,0.0,1,0.0,0.0,1,0.0,0.0,0.0,0.0,0.0,10,1,27,0
7080,362,101,0.0,1,0.0,0.0,0.0,1,0.0,0.0,0.0,1,0.0,0.0,0.0,0.0,0.0,11,28,13,0
7081,298,112,0.0,0.0,0.0,1,0.0,1,0.0,0.0,0.0,0.0,0.0,0.0,0.0,1,0.0,14,7,10,0
7082,759,248,0.0,0.0,0.0,1,0.0,0.0,0.0,1,0.0,0.0,0.0,0.0,0.0,0.0,1,8,4,16,0
7083,981,135,0.0,1,0.0,0.0,1,0.0,0.0,0.0,0.0,0.0,0.0,0.0,1,0.0,0.0,22,15,8,0
7084,907,216,1,0.0,0.0,0.0,0.0,1,0.0,0.0,0.0,0.0,0.0,0.0,0.0,0.0,1,9,12,11,0
7085,940,98,0.0,1,0.0,0.0,0.0,0.0,0.0,0.0,1,0.0,0.0,0.0,0.0,1,0.0,22,23,24,0
7086,559,100,0.0,1,0.0,0.0,0.0,0.0,0.0,1,0.0,1,0.0,0.0,0.0,0.0,0.0,15,17,28,0
7087,128,85,0.0,0.0,0.0,1,1,0.0,0.0,0.0,0.0,0.0,1,0.0,0.0,0.0,0.0,21,26,6,0
7088,587,71,1,0.0,0.0,0.0,0.0,0.0,1,0.0,0.0,0.0,0.0,0.0,0.0,0.0,1,22,23,12,0
7089,983,9,0.0,0.0,0.0,1,1,0.0,0.0,0.0,0.0,0.0,1,0.0,0.0,0.0,0.0,23,13,8,0
7090,100,92,0.0,0.0,0.0,1,0.0,0.0,0.0,0.0,1,0.0,0.0,0.0,0.0,0.0,1,16,20,27,0
7091,692,239,1,0.0,0.0,0.0,0.0,1,0.0,0.0,0.0,1,0.0,0.0,0.0,0.0,0.0,18,5,19,0
7092,476,55,0.0,0.0,0.0,1,0.0,0.0,0.0,0.0,1,1,0.0,0.0,0.0,0.0,0.0,7,2,3,0
7093,514,165,0.0,0.0,0.0,1,0.0,0.0,0.0,0.0,1,0.0,0.0,0.0,1,0.0,0.0,19,22,28,0
7094,6,125,1,0.0,0.0,0.0,0.0,0.0,0.0,0.0,1,1,0.0,0.0,0.0,0.0,0.0,12,26,14,0
7095,324,131,1,0.0,0.0,0.0,0.0,0.0,0.0,1,0.0,0.0,0.0,0.0,0.0,0.0,1,15,15,7,0
7096,597,98,0.0,0.0,1,0.0,0.0,0.0,0.0,1,0.0,0.0,0.0,0.0,0.0,1,0.0,7,12,23,0
7097,394,63,0.0,0.0,0.0,1,1,0.0,0.0,0.0,0.0,0.0,1,0.0,0.0,0.0,0.0,14,20,21,0
7098,550,78,0.0,1,0.0,0.0,0.0,1,0.0,0.0,0.0,0.0,0.0,0.0,0.0,1,0.0,6,26,9,0
7099,702,74,1,0.0,0.0,0.0,0.0,1,0.0,0.0,0.0,0.0,1,0.0,0.0,0.0,0.0,12,24,3,0
7100,121,131,0.0,1,0.0,0.0,0.0,0.0,1,0.0,0.0,1,0.0,0.0,0.0,0.0,0.0,6,27,21,0
7101,589,25,1,0.0,0.0,0.0,0.0,1,0.0,0.0,0.0,0.0,0.0,0.0,0.0,1,0.0,21,17,10,0
7102,924,59,1,0.0,0.0,0.0,1,0.0,0.0,0.0,0.0,0.0,0.0,0.0,0.0,1,0.0,22,12,2,0
7103,690,120,0.0,1,0.0,0.0,0.0,0.0,0.0,0.0,1,0.0,0.0,0.0,0.0,0.0,1,19,0,2,0
7104,529,105,1,0.0,0.0,0.0,0.0,0.0,0.0,1,0.0,0.0,0.0,0.0,0.0,0.0,1,9,17,3,0
7105,130,125,1,0.0,0.0,0.0,0.0,0.0,0.0,0.0,1,0.0,0.0,0.0,0.0,1,0.0,11,22,14,0
7106,759,18,1,0.0,0.0,0.0,1,0.0,0.0,0.0,0.0,0.0,0.0,0.0,0.0,0.0,1,11,3,7,0
7107,520,100,0.0,0.0,1,0.0,0.0,0.0,1,0.0,0.0,0.0,0.0,0.0,0.0,0.0,1,21,5,2,0
7108,183,114,0.0,0.0,1,0.0,0.0,0.0,1,0.0,0.0,0.0,0.0,0.0,1,0.0,0.0,9,1,25,0
7109,522,122,0.0,0.0,0.0,1,0.0,0.0,0.0,1,0.0,0.0,0.0,0.0,0.0,0.0,1,23,15,19,0
7110,710,91,0.0,1,0.0,0.0,0.0,0.0,0.0,0.0,1,0.0,0.0,0.0,1,0.0,0.0,8,21,5,0
7111,140,51,0.0,1,0.0,0.0,0.0,0.0,0.0,0.0,1,0.0,0.0,0.0,0.0,0.0,1,10,15,0,0
7112,789,133,0.0,0.0,0.0,1,0.0,0.0,1,0.0,0.0,1,0.0,0.0,0.0,0.0,0.0,18,20,15,0
7113,220,94,0.0,0.0,1,0.0,0.0,0.0,1,0.0,0.0,0.0,1,0.0,0.0,0.0,0.0,20,22,4,0
7114,287,82,1,0.0,0.0,0.0,0.0,0.0,0.0,1,0.0,1,0.0,0.0,0.0,0.0,0.0,16,28,3,0
7115,789,156,1,0.0,0.0,0.0,0.0,0.0,1,0.0,0.0,0.0,0.0,0.0,0.0,0.0,1,19,8,8,0
7116,808,110,0.0,0.0,1,0.0,0.0,0.0,0.0,0.0,1,1,0.0,0.0,0.0,0.0,0.0,18,17,26,0
7117,129,158,0.0,0.0,1,0.0,1,0.0,0.0,0.0,0.0,0.0,0.0,0.0,0.0,0.0,1,23,11,11,0
7118,568,18,0.0,0.0,1,0.0,0.0,1,0.0,0.0,0.0,1,0.0,0.0,0.0,0.0,0.0,12,19,16,0
7119,133,127,0.0,0.0,0.0,1,0.0,0.0,0.0,1,0.0,0.0,0.0,0.0,0.0,0.0,1,9,13,19,0
7120,546,52,1,0.0,0.0,0.0,1,0.0,0.0,0.0,0.0,1,0.0,0.0,0.0,0.0,0.0,9,13,10,0
7121,585,135,0.0,0.0,0.0,1,0.0,0.0,0.0,1,0.0,0.0,1,0.0,0.0,0.0,0.0,12,12,17,0
7122,634,105,0.0,0.0,0.0,1,0.0,0.0,0.0,0.0,1,0.0,0.0,0.0,1,0.0,0.0,17,3,3,0
7123,634,61,0.0,1,0.0,0.0,0.0,1,0.0,0.0,0.0,0.0,1,0.0,0.0,0.0,0.0,13,21,12,0
7124,891,107,0.0,0.0,1,0.0,0.0,0.0,0.0,1,0.0,0.0,0.0,0.0,0.0,1,0.0,20,14,1,0
7125,881,213,0.0,0.0,1,0.0,0.0,1,0.0,0.0,0.0,0.0,1,0.0,0.0,0.0,0.0,22,10,26,0
7126,866,103,1,0.0,0.0,0.0,0.0,1,0.0,0.0,0.0,0.0,0.0,0.0,1,0.0,0.0,15,26,28,0
7127,238,32,0.0,1,0.0,0.0,0.0,0.0,0.0,1,0.0,1,0.0,0.0,0.0,0.0,0.0,13,21,27,0
7128,727,89,0.0,0.0,1,0.0,0.0,0.0,0.0,0.0,1,0.0,0.0,0.0,0.0,0.0,1,17,16,11,0
7129,228,82,0.0,0.0,0.0,1,0.0,1,0.0,0.0,0.0,1,0.0,0.0,0.0,0.0,0.0,23,11,11,0
7130,372,92,1,0.0,0.0,0.0,0.0,0.0,0.0,1,0.0,0.0,0.0,0.0,0.0,1,0.0,6,15,24,0
7131,965,65,1,0.0,0.0,0.0,0.0,0.0,0.0,0.0,1,0.0,0.0,0.0,0.0,0.0,1,6,1,17,0
7132,696,125,0.0,0.0,1,0.0,1,0.0,0.0,0.0,0.0,0.0,0.0,0.0,0.0,0.0,1,23,10,25,0
7133,803,124,0.0,1,0.0,0.0,0.0,0.0,0.0,1,0.0,1,0.0,0.0,0.0,0.0,0.0,15,24,26,0
7134,922,154,0.0,0.0,0.0,1,0.0,0.0,1,0.0,0.0,0.0,0.0,0.0,0.0,0.0,1,14,27,11,0
7135,663,72,0.0,0.0,1,0.0,0.0,0.0,0.0,1,0.0,1,0.0,0.0,0.0,0.0,0.0,20,9,27,0
7136,825,18,1,0.0,0.0,0.0,1,0.0,0.0,0.0,0.0,0.0,0.0,0.0,1,0.0,0.0,13,21,3,0
7137,536,105,0.0,0.0,0.0,1,1,0.0,0.0,0.0,0.0,0.0,0.0,0.0,0.0,1,0.0,20,16,7,0
7138,21,623,0.0,0.0,0.0,1,1,0.0,0.0,0.0,0.0,0.0,0.0,0.0,1,0.0,0.0,8,81,74,1
7139,619,188,0.0,0.0,0.0,1,0.0,0.0,0.0,0.0,1,0.0,1,0.0,0.0,0.0,0.0,9,16,17,0
7140,431,104,0.0,0.0,0.0,1,0.0,0.0,0.0,1,0.0,0.0,0.0,0.0,0.0,0.0,1,23,24,22,0
7141,171,100,0.0,0.0,1,0.0,0.0,0.0,0.0,0.0,1,1,0.0,0.0,0.0,0.0,0.0,18,12,9,0
7142,235,121,1,0.0,0.0,0.0,0.0,0.0,0.0,0.0,1,0.0,0.0,0.0,1,0.0,0.0,20,15,5,0
7143,155,71,0.0,0.0,0.0,1,0.0,1,0.0,0.0,0.0,0.0,0.0,0.0,0.0,0.0,1,14,1,19,0
7144,746,72,0.0,0.0,0.0,1,1,0.0,0.0,0.0,0.0,0.0,0.0,0.0,1,0.0,0.0,13,21,10,0
7145,486,86,0.0,1,0.0,0.0,0.0,0.0,0.0,1,0.0,1,0.0,0.0,0.0,0.0,0.0,8,27,25,0
7146,263,44,0.0,0.0,0.0,1,0.0,1,0.0,0.0,0.0,0.0,0.0,0.0,0.0,1,0.0,19,10,28,0
7147,549,131,0.0,1,0.0,0.0,0.0,0.0,0.0,0.0,1,0.0,0.0,0.0,1,0.0,0.0,22,2,26,0
7148,534,10,1,0.0,0.0,0.0,0.0,1,0.0,0.0,0.0,0.0,0.0,0.0,0.0,1,0.0,4,76,73,1
7149,991,65,1,0.0,0.0,0.0,1,0.0,0.0,0.0,0.0,1,0.0,0.0,0.0,0.0,0.0,20,19,0,0
7150,911,122,0.0,0.0,0.0,1,0.0,0.0,0.0,1,0.0,0.0,0.0,0.0,0.0,1,0.0,10,22,12,0
7151,381,93,0.0,0.0,1,0.0,0.0,1,0.0,0.0,0.0,0.0,0.0,0.0,0.0,0.0,1,10,15,26,0
7152,899,100,0.0,0.0,0.0,1,0.0,1,0.0,0.0,0.0,1,0.0,0.0,0.0,0.0,0.0,17,5,9,0
7153,429,1,1,0.0,0.0,0.0,0.0,0.0,0.0,1,0.0,0.0,0.0,0.0,1,0.0,0.0,14,5,12,0
7154,937,149,1,0.0,0.0,0.0,0.0,0.0,0.0,0.0,1,1,0.0,0.0,0.0,0.0,0.0,7,7,25,0
7155,176,1,0.0,0.0,1,0.0,0.0,1,0.0,0.0,0.0,0.0,0.0,0.0,0.0,1,0.0,10,12,28,0
7156,265,123,1,0.0,0.0,0.0,0.0,0.0,1,0.0,0.0,1,0.0,0.0,0.0,0.0,0.0,21,20,14,0
7157,69,1,0.0,1,0.0,0.0,0.0,1,0.0,0.0,0.0,0.0,0.0,0.0,0.0,0.0,1,12,8,5,0
7158,78,111,0.0,0.0,0.0,1,0.0,0.0,0.0,0.0,1,1,0.0,0.0,0.0,0.0,0.0,6,8,6,0
7159,244,116,1,0.0,0.0,0.0,0.0,0.0,1,0.0,0.0,0.0,0.0,0.0,1,0.0,0.0,14,14,1,0
7160,909,135,0.0,1,0.0,0.0,0.0,0.0,1,0.0,0.0,0.0,1,0.0,0.0,0.0,0.0,11,14,10,0
7161,282,111,0.0,1,0.0,0.0,1,0.0,0.0,0.0,0.0,0.0,0.0,0.0,0.0,0.0,1,21,24,17,0
7162,297,870,0.0,1,0.0,0.0,0.0,0.0,0.0,0.0,1,0.0,0.0,1,0.0,0.0,0.0,4,75,83,1
7163,809,46,0.0,0.0,1,0.0,1,0.0,0.0,0.0,0.0,0.0,0.0,0.0,1,0.0,0.0,23,6,14,0
7164,857,94,1,0.0,0.0,0.0,0.0,0.0,0.0,1,0.0,0.0,0.0,0.0,0.0,0.0,1,13,23,13,0
7165,828,151,0.0,1,0.0,0.0,0.0,0.0,1,0.0,0.0,0.0,1,0.0,0.0,0.0,0.0,22,14,14,0
7166,221,114,0.0,1,0.0,0.0,1,0.0,0.0,0.0,0.0,1,0.0,0.0,0.0,0.0,0.0,11,13,2,0
7167,755,70,0.0,1,0.0,0.0,0.0,0.0,0.0,0.0,1,0.0,0.0,0.0,0.0,0.0,1,12,26,19,0
7168,536,50,0.0,0.0,0.0,1,0.0,0.0,0.0,0.0,1,0.0,0.0,0.0,0.0,0.0,1,22,19,0,0
7169,421,98,1,0.0,0.0,0.0,0.0,0.0,1,0.0,0.0,0.0,0.0,0.0,0.0,0.0,1,12,25,2,0
7170,44,100,0.0,0.0,0.0,1,0.0,0.0,1,0.0,0.0,0.0,0.0,0.0,0.0,0.0,1,17,12,2,0
7171,875,88,0.0,0.0,1,0.0,0.0,0.0,0.0,0.0,1,0.0,0.0,0.0,1,0.0,0.0,17,8,12,0
7172,731,114,0.0,0.0,1,0.0,1,0.0,0.0,0.0,0.0,0.0,1,0.0,0.0,0.0,0.0,23,19,21,0
7173,254,148,1,0.0,0.0,0.0,0.0,0.0,1,0.0,0.0,0.0,0.0,0.0,0.0,1,0.0,13,22,11,0
7174,769,2824,0.0,1,0.0,0.0,0.0,1,0.0,0.0,0.0,0.0,0.0,0.0,1,0.0,0.0,8,83,85,1
7175,857,61,0.0,1,0.0,0.0,0.0,1,0.0,0.0,0.0,0.0,1,0.0,0.0,0.0,0.0,18,14,17,0
7176,832,140,0.0,0.0,1,0.0,1,0.0,0.0,0.0,0.0,0.0,0.0,0.0,0.0,0.0,1,16,20,27,0
7177,131,118,0.0,0.0,1,0.0,0.0,0.0,1,0.0,0.0,0.0,0.0,0.0,0.0,0.0,1,12,2,28,0
7178,46,241,0.0,0.0,1,0.0,0.0,0.0,0.0,0.0,1,0.0,0.0,0.0,1,0.0,0.0,22,0,10,0
7179,545,81,1,0.0,0.0,0.0,0.0,1,0.0,0.0,0.0,0.0,1,0.0,0.0,0.0,0.0,17,9,16,0
7180,347,1586,0.0,1,0.0,0.0,0.0,0.0,0.0,1,0.0,0.0,0.0,0.0,0.0,0.0,1,4,94,98,1
7181,166,29,0.0,0.0,1,0.0,0.0,0.0,0.0,0.0,1,0.0,1,0.0,0.0,0.0,0.0,23,89,72,1
7182,89,133,1,0.0,0.0,0.0,0.0,0.0,0.0,0.0,1,0.0,0.0,0.0,0.0,1,0.0,16,1,3,0
7183,669,2359,0.0,1,0.0,0.0,0.0,1,0.0,0.0,0.0,0.0,0.0,0.0,1,0.0,0.0,16,97,71,1
7184,716,91,1,0.0,0.0,0.0,1,0.0,0.0,0.0,0.0,0.0,1,0.0,0.0,0.0,0.0,9,27,27,0
7185,83,137,0.0,1,0.0,0.0,0.0,0.0,0.0,1,0.0,0.0,0.0,0.0,0.0,1,0.0,8,2,17,0
7186,294,118,0.0,0.0,0.0,1,1,0.0,0.0,0.0,0.0,0.0,0.0,0.0,0.0,0.0,1,22,15,6,0
7187,542,107,0.0,1,0.0,0.0,1,0.0,0.0,0.0,0.0,0.0,0.0,0.0,0.0,1,0.0,22,0,6,0
7188,955,187,0.0,0.0,0.0,1,0.0,0.0,0.0,1,0.0,1,0.0,0.0,0.0,0.0,0.0,22,18,12,0
7189,846,36,0.0,1,0.0,0.0,0.0,1,0.0,0.0,0.0,1,0.0,0.0,0.0,0.0,0.0,11,5,17,0
7190,115,51,1,0.0,0.0,0.0,0.0,0.0,0.0,0.0,1,0.0,0.0,0.0,0.0,1,0.0,13,25,24,0
7191,490,44,1,0.0,0.0,0.0,0.0,1,0.0,0.0,0.0,0.0,0.0,0.0,0.0,1,0.0,18,23,15,0
7192,528,50,0.0,1,0.0,0.0,0.0,1,0.0,0.0,0.0,1,0.0,0.0,0.0,0.0,0.0,20,22,8,0
7193,570,39,0.0,0.0,0.0,1,0.0,0.0,0.0,1,0.0,0.0,0.0,0.0,0.0,0.0,1,22,0,15,0
7194,487,76,0.0,0.0,1,0.0,0.0,0.0,0.0,1,0.0,0.0,0.0,0.0,0.0,0.0,1,21,3,0,0
7195,527,43,0.0,0.0,1,0.0,0.0,0.0,1,0.0,0.0,1,0.0,0.0,0.0,0.0,0.0,23,22,28,0
7196,47,131,0.0,0.0,0.0,1,0.0,0.0,0.0,1,0.0,1,0.0,0.0,0.0,0.0,0.0,7,24,23,0
7197,546,105,0.0,0.0,0.0,1,0.0,0.0,0.0,1,0.0,0.0,0.0,0.0,0.0,1,0.0,14,20,7,0
7198,522,154,0.0,1,0.0,0.0,0.0,0.0,1,0.0,0.0,0.0,0.0,0.0,0.0,1,0.0,17,13,7,0
7199,306,127,0.0,0.0,1,0.0,0.0,1,0.0,0.0,0.0,0.0,0.0,0.0,0.0,0.0,1,20,16,0,0
7200,662,139,0.0,1,0.0,0.0,1,0.0,0.0,0.0,0.0,0.0,0.0,0.0,1,0.0,0.0,6,0,29,0
7201,977,95,0.0,0.0,1,0.0,0.0,0.0,0.0,0.0,1,0.0,0.0,0.0,1,0.0,0.0,16,23,19,0
7202,278,165,0.0,1,0.0,0.0,0.0,1,0.0,0.0,0.0,0.0,1,0.0,0.0,0.0,0.0,21,27,22,0
7203,948,1169,1,0.0,0.0,0.0,0.0,0.0,0.0,0.0,1,0.0,1,0.0,0.0,0.0,0.0,4,71,71,1
7204,460,54,1,0.0,0.0,0.0,0.0,0.0,0.0,1,0.0,0.0,0.0,0.0,0.0,1,0.0,22,6,1,0
7205,482,22,0.0,1,0.0,0.0,0.0,1,0.0,0.0,0.0,0.0,0.0,0.0,0.0,0.0,1,4,90,99,1
7206,648,132,0.0,1,0.0,0.0,0.0,0.0,0.0,0.0,1,0.0,0.0,0.0,1,0.0,0.0,15,27,2,0
7207,338,61,1,0.0,0.0,0.0,0.0,0.0,0.0,0.0,1,0.0,0.0,0.0,1,0.0,0.0,7,5,16,0
7208,858,95,0.0,0.0,1,0.0,0.0,0.0,1,0.0,0.0,0.0,1,0.0,0.0,0.0,0.0,9,17,12,0
7209,680,98,0.0,0.0,1,0.0,0.0,1,0.0,0.0,0.0,0.0,0.0,0.0,0.0,1,0.0,18,22,10,0
7210,870,43,0.0,1,0.0,0.0,0.0,1,0.0,0.0,0.0,0.0,0.0,0.0,0.0,0.0,1,15,7,29,0
7211,229,71,1,0.0,0.0,0.0,0.0,0.0,0.0,0.0,1,0.0,0.0,0.0,0.0,1,0.0,11,1,27,0
7212,81,50,0.0,0.0,1,0.0,0.0,0.0,0.0,1,0.0,0.0,0.0,0.0,1,0.0,0.0,19,2,20,0
7213,693,181,1,0.0,0.0,0.0,1,0.0,0.0,0.0,0.0,1,0.0,0.0,0.0,0.0,0.0,23,12,3,0
7214,30,102,0.0,0.0,0.0,1,0.0,0.0,1,0.0,0.0,0.0,1,0.0,0.0,0.0,0.0,18,20,20,0
7215,767,164,0.0,0.0,0.0,1,0.0,1,0.0,0.0,0.0,0.0,0.0,0.0,1,0.0,0.0,20,13,23,0
7216,97,22,0.0,1,0.0,0.0,0.0,1,0.0,0.0,0.0,0.0,0.0,1,0.0,0.0,0.0,16,97,78,1
7217,711,136,0.0,1,0.0,0.0,1,0.0,0.0,0.0,0.0,0.0,0.0,0.0,0.0,0.0,1,7,7,0,0
7218,8,129,0.0,0.0,1,0.0,0.0,0.0,0.0,0.0,1,0.0,0.0,0.0,0.0,0.0,1,9,6,29,0
7219,87,136,0.0,0.0,1,0.0,0.0,0.0,0.0,0.0,1,1,0.0,0.0,0.0,0.0,0.0,21,10,14,0
7220,725,132,0.0,0.0,0.0,1,0.0,0.0,0.0,0.0,1,0.0,1,0.0,0.0,0.0,0.0,22,28,4,0
7221,517,120,0.0,1,0.0,0.0,0.0,0.0,1,0.0,0.0,1,0.0,0.0,0.0,0.0,0.0,11,9,20,0
7222,326,125,0.0,0.0,0.0,1,0.0,0.0,0.0,0.0,1,0.0,1,0.0,0.0,0.0,0.0,18,25,18,0
7223,507,63,0.0,0.0,0.0,1,0.0,1,0.0,0.0,0.0,0.0,0.0,0.0,0.0,0.0,1,12,15,10,0
7224,916,51,0.0,0.0,0.0,1,0.0,0.0,0.0,1,0.0,0.0,0.0,0.0,1,0.0,0.0,10,1,7,0
7225,987,1,0.0,0.0,0.0,1,1,0.0,0.0,0.0,0.0,1,0.0,0.0,0.0,0.0,0.0,8,4,10,0
7226,431,111,0.0,0.0,1,0.0,1,0.0,0.0,0.0,0.0,0.0,0.0,0.0,0.0,0.0,1,13,13,8,0
7227,88,69,0.0,0.0,0.0,1,0.0,1,0.0,0.0,0.0,0.0,0.0,0.0,0.0,0.0,1,13,4,23,0
7228,523,145,0.0,1,0.0,0.0,0.0,0.0,1,0.0,0.0,0.0,0.0,0.0,0.0,0.0,1,17,23,5,0
7229,949,74,0.0,0.0,0.0,1,1,0.0,0.0,0.0,0.0,0.0,0.0,0.0,0.0,1,0.0,14,25,15,0
7230,805,4,0.0,1,0.0,0.0,0.0,0.0,1,0.0,0.0,0.0,0.0,0.0,1,0.0,0.0,14,28,0,0
7231,86,88,0.0,1,0.0,0.0,0.0,0.0,1,0.0,0.0,0.0,1,0.0,0.0,0.0,0.0,7,2,17,0
7232,555,214,0.0,0.0,0.0,1,1,0.0,0.0,0.0,0.0,0.0,0.0,0.0,0.0,0.0,1,23,9,7,0
7233,717,94,0.0,0.0,1,0.0,0.0,0.0,1,0.0,0.0,1,0.0,0.0,0.0,0.0,0.0,14,17,18,0
7234,261,138,0.0,0.0,0.0,1,0.0,1,0.0,0.0,0.0,0.0,0.0,0.0,0.0,1,0.0,10,29,3,0
7235,212,103,0.0,1,0.0,0.0,0.0,1,0.0,0.0,0.0,0.0,0.0,0.0,0.0,0.0,1,21,13,11,0
7236,901,96,0.0,1,0.0,0.0,0.0,0.0,0.0,0.0,1,1,0.0,0.0,0.0,0.0,0.0,9,2,1,0
7237,110,932,0.0,1,0.0,0.0,0.0,0.0,0.0,1,0.0,0.0,0.0,0.0,1,0.0,0.0,15,84,70,1
7238,953,68,0.0,0.0,1,0.0,1,0.0,0.0,0.0,0.0,0.0,0.0,0.0,1,0.0,0.0,9,15,23,0
7239,479,94,0.0,0.0,1,0.0,0.0,1,0.0,0.0,0.0,0.0,0.0,0.0,1,0.0,0.0,17,14,9,0
7240,443,72,0.0,0.0,1,0.0,0.0,0.0,0.0,1,0.0,0.0,0.0,0.0,0.0,0.0,1,8,26,29,0
7241,258,78,1,0.0,0.0,0.0,0.0,0.0,0.0,0.0,1,0.0,0.0,0.0,0.0,0.0,1,17,28,28,0
7242,680,34,0.0,0.0,0.0,1,0.0,0.0,0.0,0.0,1,0.0,0.0,0.0,0.0,0.0,1,7,7,1,0
7243,864,146,0.0,0.0,0.0,1,0.0,0.0,0.0,0.0,1,1,0.0,0.0,0.0,0.0,0.0,16,14,14,0
7244,999,116,0.0,0.0,1,0.0,0.0,0.0,1,0.0,0.0,0.0,0.0,0.0,0.0,0.0,1,22,6,11,0
7245,161,63,0.0,0.0,0.0,1,0.0,0.0,1,0.0,0.0,0.0,1,0.0,0.0,0.0,0.0,22,24,17,0
7246,588,86,0.0,1,0.0,0.0,1,0.0,0.0,0.0,0.0,0.0,1,0.0,0.0,0.0,0.0,19,3,24,0
7247,784,1,0.0,0.0,1,0.0,0.0,0.0,0.0,0.0,1,0.0,0.0,0.0,1,0.0,0.0,12,3,29,0
7248,857,144,1,0.0,0.0,0.0,0.0,1,0.0,0.0,0.0,0.0,1,0.0,0.0,0.0,0.0,13,21,23,0
7249,209,47,0.0,0.0,1,0.0,0.0,0.0,0.0,1,0.0,1,0.0,0.0,0.0,0.0,0.0,15,29,23,0
7250,844,26,0.0,0.0,0.0,1,0.0,0.0,1,0.0,0.0,0.0,0.0,0.0,0.0,1,0.0,23,25,2,0
7251,789,89,0.0,0.0,0.0,1,0.0,0.0,0.0,1,0.0,0.0,0.0,0.0,1,0.0,0.0,13,27,13,0
7252,573,73,0.0,0.0,0.0,1,0.0,0.0,0.0,1,0.0,0.0,0.0,0.0,0.0,1,0.0,6,10,28,0
7253,743,172,0.0,0.0,1,0.0,0.0,0.0,0.0,0.0,1,0.0,0.0,0.0,0.0,0.0,1,14,10,22,0
7254,953,125,0.0,0.0,0.0,1,0.0,0.0,0.0,1,0.0,0.0,0.0,0.0,1,0.0,0.0,22,17,26,0
7255,393,143,1,0.0,0.0,0.0,0.0,0.0,0.0,0.0,1,0.0,0.0,0.0,1,0.0,0.0,20,1,10,0
7256,463,1269,0.0,0.0,1,0.0,0.0,0.0,1,0.0,0.0,0.0,0.0,0.0,0.0,0.0,1,15,98,84,1
7257,383,91,0.0,0.0,0.0,1,0.0,1,0.0,0.0,0.0,0.0,0.0,0.0,1,0.0,0.0,20,0,13,0
7258,832,129,0.0,0.0,1,0.0,0.0,0.0,0.0,0.0,1,0.0,1,0.0,0.0,0.0,0.0,17,4,18,0
7259,17,65,1,0.0,0.0,0.0,1,0.0,0.0,0.0,0.0,0.0,0.0,0.0,1,0.0,0.0,20,26,28,0
7260,14,48,0.0,0.0,1,0.0,0.0,1,0.0,0.0,0.0,0.0,0.0,0.0,1,0.0,0.0,23,18,1,0
7261,572,4,1,0.0,0.0,0.0,0.0,0.0,1,0.0,0.0,1,0.0,0.0,0.0,0.0,0.0,17,22,25,0
7262,354,1298,0.0,0.0,0.0,1,0.0,0.0,0.0,0.0,1,0.0,0.0,0.0,0.0,1,0.0,7,71,78,1
7263,790,114,0.0,0.0,0.0,1,0.0,0.0,0.0,0.0,1,0.0,0.0,0.0,1,0.0,0.0,20,20,3,0
7264,893,2381,0.0,0.0,0.0,1,0.0,1,0.0,0.0,0.0,0.0,0.0,0.0,0.0,0.0,1,21,99,97,1
7265,910,158,0.0,0.0,0.0,1,0.0,0.0,0.0,1,0.0,0.0,0.0,0.0,0.0,0.0,1,22,15,15,0
7266,45,99,1,0.0,0.0,0.0,0.0,1,0.0,0.0,0.0,1,0.0,0.0,0.0,0.0,0.0,6,20,18,0
7267,227,4892,0.0,1,0.0,0.0,0.0,0.0,0.0,1,0.0,0.0,0.0,0.0,0.0,1,0.0,5,98,76,1
7268,740,106,0.0,1,0.0,0.0,0.0,0.0,0.0,1,0.0,1,0.0,0.0,0.0,0.0,0.0,20,11,1,0
7269,13,1,0.0,1,0.0,0.0,0.0,1,0.0,0.0,0.0,0.0,0.0,0.0,0.0,0.0,1,15,3,25,0
7270,597,122,1,0.0,0.0,0.0,0.0,0.0,0.0,0.0,1,0.0,0.0,0.0,0.0,1,0.0,20,25,29,0
7271,679,76,0.0,0.0,1,0.0,1,0.0,0.0,0.0,0.0,0.0,0.0,0.0,0.0,0.0,1,8,0,12,0
7272,945,64,0.0,1,0.0,0.0,0.0,0.0,1,0.0,0.0,0.0,0.0,0.0,0.0,1,0.0,19,15,0,0
7273,889,70,1,0.0,0.0,0.0,0.0,0.0,1,0.0,0.0,0.0,0.0,0.0,0.0,0.0,1,20,2,12,0
7274,525,1772,1,0.0,0.0,0.0,0.0,0.0,0.0,0.0,1,0.0,0.0,0.0,0.0,0.0,1,13,89,75,1
7275,854,147,0.0,1,0.0,0.0,0.0,1,0.0,0.0,0.0,0.0,0.0,0.0,0.0,1,0.0,8,9,21,0
7276,225,82,1,0.0,0.0,0.0,0.0,0.0,0.0,1,0.0,0.0,0.0,0.0,0.0,0.0,1,22,21,28,0
7277,923,49,0.0,0.0,0.0,1,0.0,0.0,1,0.0,0.0,1,0.0,0.0,0.0,0.0,0.0,9,19,22,0
7278,167,208,0.0,0.0,0.0,1,0.0,0.0,0.0,0.0,1,0.0,0.0,0.0,0.0,1,0.0,15,25,28,0
7279,965,1,1,0.0,0.0,0.0,0.0,0.0,0.0,1,0.0,0.0,0.0,0.0,1,0.0,0.0,23,0,21,0
7280,378,130,0.0,0.0,1,0.0,1,0.0,0.0,0.0,0.0,0.0,0.0,0.0,1,0.0,0.0,17,0,26,0
7281,256,48,0.0,0.0,0.0,1,0.0,1,0.0,0.0,0.0,0.0,0.0,0.0,0.0,0.0,1,6,14,16,0
7282,213,200,0.0,0.0,0.0,1,0.0,1,0.0,0.0,0.0,0.0,1,0.0,0.0,0.0,0.0,22,17,1,0
7283,277,62,0.0,0.0,0.0,1,0.0,0.0,0.0,0.0,1,0.0,0.0,0.0,0.0,1,0.0,9,28,23,0
7284,378,10,1,0.0,0.0,0.0,1,0.0,0.0,0.0,0.0,1,0.0,0.0,0.0,0.0,0.0,8,77,79,1
7285,840,131,0.0,1,0.0,0.0,0.0,1,0.0,0.0,0.0,0.0,1,0.0,0.0,0.0,0.0,15,23,22,0
7286,432,5187,0.0,0.0,1,0.0,0.0,1,0.0,0.0,0.0,0.0,0.0,0.0,0.0,1,0.0,16,90,75,1
7287,605,1,0.0,1,0.0,0.0,0.0,0.0,0.0,0.0,1,0.0,0.0,0.0,0.0,1,0.0,23,3,27,0
7288,136,139,0.0,0.0,1,0.0,0.0,0.0,1,0.0,0.0,1,0.0,0.0,0.0,0.0,0.0,19,22,26,0
7289,267,97,0.0,1,0.0,0.0,0.0,0.0,0.0,1,0.0,0.0,1,0.0,0.0,0.0,0.0,10,29,1,0
7290,896,18,1,0.0,0.0,0.0,0.0,1,0.0,0.0,0.0,0.0,0.0,0.0,0.0,1,0.0,10,23,29,0
7291,220,108,1,0.0,0.0,0.0,0.0,1,0.0,0.0,0.0,0.0,1,0.0,0.0,0.0,0.0,16,15,5,0
7292,631,18,0.0,0.0,0.0,1,0.0,0.0,0.0,0.0,1,0.0,0.0,0.0,0.0,0.0,1,19,22,18,0
7293,136,72,0.0,0.0,1,0.0,0.0,1,0.0,0.0,0.0,0.0,0.0,0.0,0.0,1,0.0,19,21,28,0
7294,729,110,0.0,0.0,0.0,1,0.0,0.0,1,0.0,0.0,0.0,1,0.0,0.0,0.0,0.0,17,12,20,0
7295,446,96,0.0,1,0.0,0.0,0.0,0.0,0.0,0.0,1,0.0,0.0,0.0,1,0.0,0.0,16,17,24,0
7296,231,85,0.0,0.0,0.0,1,0.0,0.0,0.0,1,0.0,0.0,1,0.0,0.0,0.0,0.0,6,29,1,0
7297,604,64,1,0.0,0.0,0.0,0.0,1,0.0,0.0,0.0,0.0,0.0,0.0,0.0,0.0,1,12,12,7,0
7298,686,213,1,0.0,0.0,0.0,0.0,0.0,1,0.0,0.0,1,0.0,0.0,0.0,0.0,0.0,7,2,0,0
7299,229,86,0.0,0.0,1,0.0,1,0.0,0.0,0.0,0.0,0.0,0.0,0.0,1,0.0,0.0,11,17,5,0
7300,295,123,0.0,0.0,1,0.0,0.0,0.0,0.0,1,0.0,1,0.0,0.0,0.0,0.0,0.0,7,4,6,0
7301,674,99,1,0.0,0.0,0.0,0.0,0.0,0.0,1,0.0,0.0,0.0,0.0,0.0,1,0.0,11,4,25,0
7302,887,177,0.0,0.0,1,0.0,0.0,0.0,0.0,0.0,1,0.0,0.0,0.0,1,0.0,0.0,19,9,23,0
7303,519,115,0.0,1,0.0,0.0,1,0.0,0.0,0.0,0.0,0.0,0.0,0.0,1,0.0,0.0,11,19,23,0
7304,371,139,0.0,1,0.0,0.0,0.0,0.0,0.0,1,0.0,0.0,0.0,0.0,0.0,1,0.0,10,19,12,0
7305,480,120,0.0,1,0.0,0.0,0.0,0.0,1,0.0,0.0,0.0,0.0,0.0,1,0.0,0.0,23,7,18,0
7306,64,73,0.0,0.0,1,0.0,0.0,0.0,0.0,1,0.0,0.0,0.0,0.0,0.0,1,0.0,15,18,23,0
7307,12,33,1,0.0,0.0,0.0,0.0,0.0,1,0.0,0.0,0.0,0.0,0.0,1,0.0,0.0,8,19,4,0
7308,359,171,0.0,0.0,0.0,1,1,0.0,0.0,0.0,0.0,0.0,1,0.0,0.0,0.0,0.0,6,1,23,0
7309,903,1,0.0,0.0,1,0.0,0.0,0.0,0.0,0.0,1,0.0,1,0.0,0.0,0.0,0.0,23,29,29,0
7310,208,108,0.0,1,0.0,0.0,0.0,1,0.0,0.0,0.0,1,0.0,0.0,0.0,0.0,0.0,10,0,29,0
7311,511,152,1,0.0,0.0,0.0,0.0,0.0,0.0,0.0,1,0.0,0.0,0.0,0.0,0.0,1,15,1,23,0
7312,286,160,1,0.0,0.0,0.0,0.0,0.0,0.0,0.0,1,1,0.0,0.0,0.0,0.0,0.0,17,5,26,0
7313,272,32,0.0,1,0.0,0.0,0.0,0.0,1,0.0,0.0,0.0,0.0,0.0,1,0.0,0.0,7,16,7,0
7314,387,1,0.0,1,0.0,0.0,0.0,0.0,1,0.0,0.0,0.0,0.0,0.0,0.0,1,0.0,13,10,5,0
7315,678,83,0.0,1,0.0,0.0,1,0.0,0.0,0.0,0.0,1,0.0,0.0,0.0,0.0,0.0,17,29,10,0
7316,65,205,0.0,1,0.0,0.0,0.0,0.0,0.0,1,0.0,1,0.0,0.0,0.0,0.0,0.0,17,16,25,0
7317,706,104,0.0,1,0.0,0.0,0.0,0.0,0.0,0.0,1,0.0,0.0,0.0,1,0.0,0.0,8,4,8,0
7318,736,196,1,0.0,0.0,0.0,0.0,0.0,0.0,0.0,1,0.0,0.0,0.0,1,0.0,0.0,6,4,13,0
7319,229,3,0.0,1,0.0,0.0,0.0,0.0,1,0.0,0.0,0.0,1,0.0,0.0,0.0,0.0,7,29,0,0
7320,108,142,0.0,0.0,0.0,1,0.0,1,0.0,0.0,0.0,0.0,0.0,0.0,0.0,0.0,1,19,22,11,0
7321,494,791,0.0,0.0,1,0.0,0.0,0.0,0.0,1,0.0,0.0,0.0,0.0,0.0,0.0,1,14,83,76,1
7322,487,129,0.0,0.0,1,0.0,0.0,1,0.0,0.0,0.0,0.0,1,0.0,0.0,0.0,0.0,6,12,9,0
7323,953,104,0.0,0.0,1,0.0,1,0.0,0.0,0.0,0.0,0.0,0.0,0.0,1,0.0,0.0,11,15,2,0
7324,446,138,0.0,1,0.0,0.0,1,0.0,0.0,0.0,0.0,0.0,1,0.0,0.0,0.0,0.0,21,0,2,0
7325,352,185,1,0.0,0.0,0.0,1,0.0,0.0,0.0,0.0,0.0,1,0.0,0.0,0.0,0.0,9,23,24,0
7326,842,92,0.0,0.0,0.0,1,0.0,0.0,1,0.0,0.0,0.0,0.0,0.0,0.0,0.0,1,22,15,11,0
7327,206,115,0.0,0.0,0.0,1,0.0,0.0,0.0,0.0,1,0.0,1,0.0,0.0,0.0,0.0,23,15,5,0
7328,251,147,1,0.0,0.0,0.0,0.0,0.0,1,0.0,0.0,0.0,0.0,0.0,0.0,0.0,1,6,11,3,0
7329,229,97,0.0,1,0.0,0.0,0.0,0.0,0.0,0.0,1,0.0,0.0,0.0,0.0,1,0.0,23,2,8,0
7330,89,41,0.0,1,0.0,0.0,1,0.0,0.0,0.0,0.0,0.0,0.0,0.0,1,0.0,0.0,16,27,14,0
7331,504,167,0.0,0.0,0.0,1,0.0,0.0,0.0,0.0,1,0.0,1,0.0,0.0,0.0,0.0,13,16,17,0
7332,614,88,0.0,0.0,0.0,1,0.0,1,0.0,0.0,0.0,1,0.0,0.0,0.0,0.0,0.0,11,25,21,0
7333,815,146,0.0,1,0.0,0.0,1,0.0,0.0,0.0,0.0,0.0,1,0.0,0.0,0.0,0.0,21,5,8,0
7334,370,97,0.0,0.0,1,0.0,0.0,0.0,0.0,1,0.0,0.0,0.0,0.0,0.0,0.0,1,14,25,17,0
7335,235,10,0.0,1,0.0,0.0,0.0,0.0,0.0,0.0,1,0.0,1,0.0,0.0,0.0,0.0,4,99,79,1
7336,716,145,0.0,0.0,1,0.0,0.0,0.0,1,0.0,0.0,1,0.0,0.0,0.0,0.0,0.0,7,5,11,0
7337,657,130,1,0.0,0.0,0.0,1,0.0,0.0,0.0,0.0,0.0,0.0,0.0,1,0.0,0.0,14,20,7,0
7338,861,136,0.0,1,0.0,0.0,0.0,0.0,0.0,0.0,1,0.0,0.0,0.0,0.0,1,0.0,23,9,7,0
7339,466,112,0.0,0.0,1,0.0,0.0,1,0.0,0.0,0.0,0.0,0.0,0.0,0.0,0.0,1,22,19,9,0
7340,626,64,0.0,1,0.0,0.0,1,0.0,0.0,0.0,0.0,0.0,0.0,0.0,0.0,0.0,1,23,21,2,0
7341,352,82,0.0,0.0,1,0.0,0.0,1,0.0,0.0,0.0,0.0,0.0,0.0,0.0,1,0.0,21,8,7,0
7342,246,143,0.0,0.0,1,0.0,1,0.0,0.0,0.0,0.0,0.0,1,0.0,0.0,0.0,0.0,10,0,4,0
7343,565,172,0.0,0.0,1,0.0,1,0.0,0.0,0.0,0.0,0.0,0.0,0.0,0.0,1,0.0,15,20,1,0
7344,573,56,0.0,1,0.0,0.0,0.0,1,0.0,0.0,0.0,0.0,0.0,0.0,1,0.0,0.0,16,21,23,0
7345,131,38,1,0.0,0.0,0.0,0.0,0.0,0.0,1,0.0,0.0,0.0,0.0,0.0,0.0,1,19,2,13,0
7346,234,225,0.0,1,0.0,0.0,0.0,0.0,0.0,0.0,1,0.0,1,0.0,0.0,0.0,0.0,16,2,12,0
7347,674,107,0.0,0.0,0.0,1,1,0.0,0.0,0.0,0.0,0.0,0.0,0.0,1,0.0,0.0,17,0,8,0
7348,261,70,0.0,0.0,1,0.0,0.0,0.0,1,0.0,0.0,0.0,0.0,0.0,1,0.0,0.0,18,1,8,0
7349,605,146,1,0.0,0.0,0.0,1,0.0,0.0,0.0,0.0,1,0.0,0.0,0.0,0.0,0.0,18,27,15,0
7350,187,3453,1,0.0,0.0,0.0,0.0,1,0.0,0.0,0.0,0.0,0.0,0.0,0.0,0.0,1,0,77,99,1
7351,390,70,1,0.0,0.0,0.0,0.0,1,0.0,0.0,0.0,0.0,0.0,0.0,0.0,0.0,1,7,0,23,0
7352,271,1711,0.0,0.0,1,0.0,1,0.0,0.0,0.0,0.0,1,0.0,0.0,0.0,0.0,0.0,9,72,97,1
7353,79,113,0.0,0.0,1,0.0,0.0,0.0,1,0.0,0.0,0.0,0.0,0.0,0.0,1,0.0,11,28,13,0
7354,38,152,1,0.0,0.0,0.0,0.0,0.0,1,0.0,0.0,0.0,0.0,0.0,1,0.0,0.0,7,26,12,0
7355,140,123,0.0,1,0.0,0.0,0.0,0.0,1,0.0,0.0,0.0,0.0,0.0,0.0,0.0,1,8,0,20,0
7356,98,227,0.0,1,0.0,0.0,0.0,0.0,1,0.0,0.0,0.0,0.0,0.0,0.0,1,0.0,8,22,22,0
7357,425,108,0.0,0.0,1,0.0,0.0,0.0,0.0,0.0,1,0.0,0.0,0.0,1,0.0,0.0,9,28,18,0
7358,985,127,0.0,0.0,1,0.0,0.0,1,0.0,0.0,0.0,0.0,0.0,0.0,0.0,1,0.0,15,12,5,0
7359,522,98,0.0,0.0,1,0.0,0.0,0.0,1,0.0,0.0,0.0,0.0,0.0,0.0,0.0,1,16,0,27,0
7360,680,91,1,0.0,0.0,0.0,0.0,1,0.0,0.0,0.0,0.0,1,0.0,0.0,0.0,0.0,21,15,12,0
7361,634,101,1,0.0,0.0,0.0,0.0,0.0,1,0.0,0.0,0.0,0.0,0.0,0.0,0.0,1,16,5,5,0
7362,993,1,0.0,0.0,0.0,1,0.0,0.0,1,0.0,0.0,1,0.0,0.0,0.0,0.0,0.0,9,21,26,0
7363,449,1,0.0,1,0.0,0.0,0.0,0.0,0.0,0.0,1,0.0,0.0,0.0,0.0,0.0,1,16,21,2,0
7364,821,128,1,0.0,0.0,0.0,1,0.0,0.0,0.0,0.0,0.0,0.0,0.0,1,0.0,0.0,11,5,27,0
7365,687,29,1,0.0,0.0,0.0,0.0,0.0,1,0.0,0.0,0.0,0.0,0.0,0.0,1,0.0,14,19,16,0
7366,847,129,1,0.0,0.0,0.0,1,0.0,0.0,0.0,0.0,0.0,0.0,0.0,1,0.0,0.0,10,14,2,0
7367,990,52,0.0,0.0,0.0,1,0.0,0.0,0.0,1,0.0,0.0,0.0,0.0,0.0,0.0,1,6,20,10,0
7368,212,160,0.0,1,0.0,0.0,0.0,0.0,0.0,1,0.0,0.0,0.0,0.0,0.0,1,0.0,9,5,4,0
7369,373,77,0.0,0.0,1,0.0,0.0,0.0,0.0,0.0,1,0.0,0.0,0.0,0.0,0.0,1,22,10,18,0
7370,962,43,0.0,0.0,0.0,1,0.0,0.0,0.0,0.0,1,0.0,0.0,0.0,0.0,1,0.0,6,6,8,0
7371,200,167,0.0,0.0,0.0,1,0.0,0.0,0.0,0.0,1,1,0.0,0.0,0.0,0.0,0.0,6,29,9,0
7372,70,169,1,0.0,0.0,0.0,0.0,0.0,0.0,0.0,1,0.0,1,0.0,0.0,0.0,0.0,17,21,2,0
7373,541,129,0.0,0.0,1,0.0,0.0,0.0,0.0,1,0.0,1,0.0,0.0,0.0,0.0,0.0,22,21,19,0
7374,465,47,0.0,0.0,1,0.0,0.0,1,0.0,0.0,0.0,0.0,1,0.0,0.0,0.0,0.0,6,23,20,0
7375,470,113,1,0.0,0.0,0.0,0.0,0.0,0.0,1,0.0,1,0.0,0.0,0.0,0.0,0.0,13,12,2,0
7376,616,65,0.0,0.0,0.0,1,1,0.0,0.0,0.0,0.0,0.0,0.0,0.0,1,0.0,0.0,21,6,22,0
7377,726,158,0.0,1,0.0,0.0,0.0,0.0,1,0.0,0.0,0.0,0.0,0.0,1,0.0,0.0,17,3,15,0
7378,282,109,1,0.0,0.0,0.0,1,0.0,0.0,0.0,0.0,1,0.0,0.0,0.0,0.0,0.0,21,22,6,0
7379,323,10,1,0.0,0.0,0.0,0.0,0.0,0.0,1,0.0,0.0,0.0,1,0.0,0.0,0.0,16,74,72,1
7380,775,221,0.0,0.0,1,0.0,0.0,0.0,0.0,0.0,1,1,0.0,0.0,0.0,0.0,0.0,21,27,5,0
7381,48,244,0.0,1,0.0,0.0,0.0,0.0,0.0,1,0.0,0.0,0.0,0.0,1,0.0,0.0,17,29,4,0
7382,899,93,1,0.0,0.0,0.0,0.0,0.0,0.0,1,0.0,0.0,0.0,0.0,0.0,0.0,1,16,2,17,0
7383,335,121,0.0,0.0,0.0,1,0.0,0.0,0.0,0.0,1,1,0.0,0.0,0.0,0.0,0.0,12,20,12,0
7384,331,109,0.0,1,0.0,0.0,0.0,0.0,0.0,1,0.0,0.0,1,0.0,0.0,0.0,0.0,15,28,0,0
7385,519,139,0.0,0.0,0.0,1,0.0,1,0.0,0.0,0.0,0.0,0.0,0.0,0.0,1,0.0,9,23,1,0
7386,868,61,1,0.0,0.0,0.0,0.0,1,0.0,0.0,0.0,0.0,1,0.0,0.0,0.0,0.0,20,15,12,0
7387,560,129,1,0.0,0.0,0.0,0.0,0.0,1,0.0,0.0,0.0,1,0.0,0.0,0.0,0.0,13,11,21,0
7388,797,217,0.0,0.0,0.0,1,0.0,0.0,1,0.0,0.0,1,0.0,0.0,0.0,0.0,0.0,9,20,14,0
7389,549,192,0.0,1,0.0,0.0,0.0,0.0,0.0,0.0,1,0.0,0.0,0.0,0.0,0.0,1,20,9,15,0
7390,223,116,1,0.0,0.0,0.0,0.0,0.0,1,0.0,0.0,0.0,0.0,0.0,0.0,1,0.0,22,6,24,0
7391,147,54,0.0,0.0,1,0.0,0.0,0.0,0.0,0.0,1,1,0.0,0.0,0.0,0.0,0.0,22,26,16,0
7392,914,103,0.0,0.0,0.0,1,0.0,0.0,0.0,0.0,1,1,0.0,0.0,0.0,0.0,0.0,19,18,2,0
7393,595,1815,0.0,1,0.0,0.0,0.0,0.0,0.0,0.0,1,0.0,0.0,1,0.0,0.0,0.0,20,84,95,1
7394,600,1,1,0.0,0.0,0.0,0.0,0.0,1,0.0,0.0,0.0,0.0,0.0,0.0,1,0.0,20,28,4,0
7395,340,87,0.0,0.0,0.0,1,0.0,0.0,0.0,0.0,1,1,0.0,0.0,0.0,0.0,0.0,9,17,4,0
7396,674,88,0.0,0.0,0.0,1,1,0.0,0.0,0.0,0.0,0.0,0.0,0.0,0.0,1,0.0,12,6,14,0
7397,235,108,0.0,1,0.0,0.0,0.0,1,0.0,0.0,0.0,1,0.0,0.0,0.0,0.0,0.0,8,18,17,0
7398,310,34,1,0.0,0.0,0.0,0.0,1,0.0,0.0,0.0,0.0,1,0.0,0.0,0.0,0.0,12,11,3,0
7399,799,81,1,0.0,0.0,0.0,0.0,1,0.0,0.0,0.0,0.0,0.0,0.0,0.0,0.0,1,12,11,6,0
7400,110,30,0.0,0.0,1,0.0,0.0,0.0,0.0,1,0.0,0.0,0.0,0.0,0.0,1,0.0,23,14,0,0
7401,444,186,0.0,0.0,1,0.0,0.0,0.0,0.0,0.0,1,0.0,0.0,0.0,0.0,1,0.0,11,5,13,0
7402,851,1,0.0,0.0,0.0,1,0.0,1,0.0,0.0,0.0,0.0,1,0.0,0.0,0.0,0.0,12,2,25,0
7403,145,139,0.0,0.0,1,0.0,1,0.0,0.0,0.0,0.0,0.0,0.0,0.0,1,0.0,0.0,8,26,4,0
7404,198,50,1,0.0,0.0,0.0,0.0,0.0,0.0,1,0.0,1,0.0,0.0,0.0,0.0,0.0,17,2,26,0
7405,766,73,0.0,1,0.0,0.0,1,0.0,0.0,0.0,0.0,0.0,0.0,0.0,0.0,1,0.0,22,27,24,0
7406,259,104,0.0,0.0,0.0,1,0.0,0.0,0.0,0.0,1,0.0,0.0,0.0,0.0,1,0.0,10,12,10,0
7407,308,223,0.0,0.0,0.0,1,0.0,1,0.0,0.0,0.0,0.0,1,0.0,0.0,0.0,0.0,6,29,4,0
7408,82,140,0.0,1,0.0,0.0,0.0,0.0,1,0.0,0.0,0.0,0.0,0.0,1,0.0,0.0,18,7,23,0
7409,204,95,0.0,1,0.0,0.0,0.0,0.0,1,0.0,0.0,0.0,1,0.0,0.0,0.0,0.0,13,19,28,0
7410,42,92,0.0,0.0,1,0.0,0.0,1,0.0,0.0,0.0,1,0.0,0.0,0.0,0.0,0.0,15,8,25,0
7411,914,1411,1,0.0,0.0,0.0,1,0.0,0.0,0.0,0.0,0.0,0.0,0.0,0.0,1,0.0,22,76,71,1
7412,317,94,1,0.0,0.0,0.0,0.0,1,0.0,0.0,0.0,1,0.0,0.0,0.0,0.0,0.0,18,27,8,0
7413,504,130,1,0.0,0.0,0.0,0.0,1,0.0,0.0,0.0,0.0,0.0,0.0,0.0,0.0,1,8,12,0,0
7414,240,139,0.0,0.0,1,0.0,0.0,0.0,0.0,1,0.0,1,0.0,0.0,0.0,0.0,0.0,8,7,29,0
7415,306,118,0.0,1,0.0,0.0,1,0.0,0.0,0.0,0.0,0.0,0.0,0.0,1,0.0,0.0,17,3,4,0
7416,462,126,0.0,0.0,1,0.0,0.0,1,0.0,0.0,0.0,0.0,1,0.0,0.0,0.0,0.0,15,4,4,0
7417,964,93,0.0,0.0,0.0,1,0.0,0.0,0.0,1,0.0,0.0,0.0,0.0,0.0,0.0,1,22,23,18,0
7418,983,1931,1,0.0,0.0,0.0,0.0,0.0,0.0,1,0.0,0.0,1,0.0,0.0,0.0,0.0,15,95,85,1
7419,88,156,1,0.0,0.0,0.0,0.0,0.0,0.0,1,0.0,0.0,1,0.0,0.0,0.0,0.0,11,23,16,0
7420,972,131,0.0,0.0,1,0.0,1,0.0,0.0,0.0,0.0,0.0,0.0,0.0,0.0,1,0.0,23,22,0,0
7421,894,36,0.0,1,0.0,0.0,0.0,0.0,1,0.0,0.0,0.0,0.0,0.0,1,0.0,0.0,7,24,22,0
7422,12,35,0.0,0.0,0.0,1,0.0,0.0,0.0,0.0,1,0.0,0.0,0.0,0.0,1,0.0,12,17,16,0
7423,956,102,0.0,1,0.0,0.0,0.0,1,0.0,0.0,0.0,0.0,0.0,0.0,0.0,1,0.0,10,17,1,0
7424,28,50,0.0,0.0,0.0,1,0.0,0.0,0.0,1,0.0,1,0.0,0.0,0.0,0.0,0.0,23,0,17,0
7425,235,113,0.0,0.0,1,0.0,0.0,0.0,0.0,0.0,1,0.0,0.0,0.0,0.0,0.0,1,6,23,13,0
7426,444,112,0.0,0.0,0.0,1,0.0,1,0.0,0.0,0.0,0.0,0.0,0.0,0.0,1,0.0,7,23,15,0
7427,688,123,0.0,1,0.0,0.0,0.0,1,0.0,0.0,0.0,0.0,0.0,0.0,0.0,1,0.0,6,10,22,0
7428,139,117,0.0,0.0,1,0.0,0.0,0.0,0.0,1,0.0,0.0,0.0,0.0,0.0,0.0,1,8,8,23,0
7429,338,96,1,0.0,0.0,0.0,0.0,1,0.0,0.0,0.0,0.0,0.0,0.0,0.0,1,0.0,13,13,17,0
7430,848,109,0.0,0.0,1,0.0,0.0,0.0,0.0,0.0,1,0.0,1,0.0,0.0,0.0,0.0,17,13,29,0
7431,912,197,1,0.0,0.0,0.0,0.0,0.0,0.0,0.0,1,0.0,0.0,0.0,1,0.0,0.0,22,2,22,0
7432,896,33,0.0,1,0.0,0.0,1,0.0,0.0,0.0,0.0,0.0,0.0,0.0,0.0,1,0.0,7,18,8,0
7433,142,203,1,0.0,0.0,0.0,0.0,0.0,0.0,1,0.0,0.0,0.0,0.0,0.0,0.0,1,7,19,24,0
7434,13,95,1,0.0,0.0,0.0,1,0.0,0.0,0.0,0.0,0.0,1,0.0,0.0,0.0,0.0,12,19,15,0
7435,323,48,0.0,1,0.0,0.0,1,0.0,0.0,0.0,0.0,0.0,0.0,0.0,0.0,1,0.0,13,9,27,0
7436,634,123,0.0,1,0.0,0.0,0.0,0.0,1,0.0,0.0,0.0,1,0.0,0.0,0.0,0.0,21,21,29,0
7437,142,112,0.0,0.0,1,0.0,1,0.0,0.0,0.0,0.0,0.0,0.0,0.0,1,0.0,0.0,14,9,13,0
7438,924,1,0.0,0.0,1,0.0,1,0.0,0.0,0.0,0.0,1,0.0,0.0,0.0,0.0,0.0,21,11,23,0
7439,698,130,0.0,0.0,0.0,1,0.0,0.0,0.0,0.0,1,0.0,0.0,0.0,0.0,1,0.0,16,12,26,0
7440,362,134,0.0,0.0,1,0.0,0.0,0.0,0.0,1,0.0,0.0,1,0.0,0.0,0.0,0.0,19,24,4,0
7441,101,136,0.0,1,0.0,0.0,0.0,1,0.0,0.0,0.0,1,0.0,0.0,0.0,0.0,0.0,13,19,8,0
7442,390,159,0.0,0.0,0.0,1,0.0,1,0.0,0.0,0.0,0.0,0.0,0.0,0.0,0.0,1,23,1,4,0
7443,238,107,0.0,1,0.0,0.0,0.0,0.0,0.0,1,0.0,0.0,0.0,0.0,0.0,0.0,1,6,10,26,0
7444,103,90,0.0,1,0.0,0.0,1,0.0,0.0,0.0,0.0,0.0,0.0,0.0,0.0,0.0,1,16,25,14,0
7445,754,131,1,0.0,0.0,0.0,0.0,1,0.0,0.0,0.0,0.0,0.0,0.0,0.0,1,0.0,8,20,13,0
7446,192,97,0.0,0.0,0.0,1,1,0.0,0.0,0.0,0.0,0.0,1,0.0,0.0,0.0,0.0,10,23,16,0
7447,39,65,0.0,0.0,0.0,1,0.0,0.0,0.0,1,0.0,1,0.0,0.0,0.0,0.0,0.0,14,24,10,0
7448,409,112,0.0,0.0,1,0.0,0.0,1,0.0,0.0,0.0,0.0,0.0,0.0,1,0.0,0.0,22,0,29,0
7449,593,127,0.0,0.0,0.0,1,0.0,0.0,1,0.0,0.0,0.0,1,0.0,0.0,0.0,0.0,18,27,3,0
7450,774,187,0.0,0.0,0.0,1,0.0,0.0,0.0,1,0.0,0.0,0.0,0.0,1,0.0,0.0,9,10,10,0
7451,193,80,0.0,0.0,0.0,1,0.0,0.0,0.0,0.0,1,0.0,1,0.0,0.0,0.0,0.0,20,16,0,0
7452,40,53,0.0,0.0,1,0.0,0.0,0.0,0.0,1,0.0,0.0,0.0,0.0,0.0,1,0.0,18,19,2,0
7453,399,147,0.0,1,0.0,0.0,0.0,0.0,1,0.0,0.0,0.0,0.0,0.0,1,0.0,0.0,6,19,19,0
7454,310,88,0.0,0.0,1,0.0,0.0,1,0.0,0.0,0.0,1,0.0,0.0,0.0,0.0,0.0,18,19,12,0
7455,388,139,0.0,1,0.0,0.0,0.0,1,0.0,0.0,0.0,0.0,1,0.0,0.0,0.0,0.0,10,15,28,0
7456,589,106,0.0,1,0.0,0.0,0.0,0.0,0.0,0.0,1,0.0,0.0,0.0,0.0,1,0.0,21,2,7,0
7457,748,136,0.0,0.0,1,0.0,0.0,0.0,1,0.0,0.0,1,0.0,0.0,0.0,0.0,0.0,13,25,21,0
7458,711,39,0.0,0.0,1,0.0,0.0,0.0,1,0.0,0.0,0.0,0.0,0.0,1,0.0,0.0,21,12,5,0
7459,212,177,1,0.0,0.0,0.0,0.0,0.0,0.0,0.0,1,1,0.0,0.0,0.0,0.0,0.0,20,11,11,0
7460,167,122,0.0,0.0,0.0,1,0.0,0.0,0.0,1,0.0,0.0,0.0,0.0,1,0.0,0.0,8,22,28,0
7461,725,108,0.0,0.0,1,0.0,0.0,0.0,1,0.0,0.0,1,0.0,0.0,0.0,0.0,0.0,13,25,13,0
7462,180,170,0.0,0.0,0.0,1,0.0,0.0,0.0,1,0.0,0.0,0.0,0.0,1,0.0,0.0,14,12,17,0
7463,672,89,0.0,0.0,0.0,1,1,0.0,0.0,0.0,0.0,1,0.0,0.0,0.0,0.0,0.0,18,18,20,0
7464,792,152,0.0,0.0,1,0.0,0.0,1,0.0,0.0,0.0,0.0,0.0,0.0,1,0.0,0.0,18,25,7,0
7465,344,96,0.0,0.0,0.0,1,1,0.0,0.0,0.0,0.0,0.0,0.0,0.0,1,0.0,0.0,13,15,9,0
7466,329,151,0.0,0.0,1,0.0,0.0,1,0.0,0.0,0.0,0.0,0.0,0.0,1,0.0,0.0,11,26,24,0
7467,337,149,0.0,0.0,0.0,1,0.0,1,0.0,0.0,0.0,0.0,0.0,0.0,0.0,1,0.0,12,5,12,0
7468,719,92,1,0.0,0.0,0.0,0.0,0.0,1,0.0,0.0,0.0,0.0,0.0,0.0,0.0,1,21,29,11,0
7469,368,78,0.0,0.0,0.0,1,1,0.0,0.0,0.0,0.0,0.0,1,0.0,0.0,0.0,0.0,18,3,6,0
7470,708,126,1,0.0,0.0,0.0,0.0,1,0.0,0.0,0.0,0.0,1,0.0,0.0,0.0,0.0,16,25,11,0
7471,162,87,0.0,1,0.0,0.0,0.0,1,0.0,0.0,0.0,1,0.0,0.0,0.0,0.0,0.0,19,9,22,0
7472,591,2,1,0.0,0.0,0.0,0.0,0.0,1,0.0,0.0,0.0,0.0,0.0,1,0.0,0.0,10,28,13,0
7473,482,87,0.0,1,0.0,0.0,0.0,0.0,0.0,0.0,1,0.0,1,0.0,0.0,0.0,0.0,12,22,5,0
7474,661,64,1,0.0,0.0,0.0,0.0,0.0,0.0,0.0,1,0.0,0.0,0.0,1,0.0,0.0,20,25,19,0
7475,779,129,0.0,1,0.0,0.0,0.0,1,0.0,0.0,0.0,0.0,1,0.0,0.0,0.0,0.0,21,20,23,0
7476,818,105,0.0,1,0.0,0.0,0.0,0.0,0.0,1,0.0,0.0,0.0,0.0,0.0,1,0.0,14,19,3,0
7477,13,136,0.0,1,0.0,0.0,0.0,1,0.0,0.0,0.0,0.0,0.0,0.0,0.0,1,0.0,7,23,26,0
7478,567,88,0.0,0.0,1,0.0,0.0,0.0,0.0,1,0.0,0.0,0.0,0.0,0.0,1,0.0,22,16,4,0
7479,327,79,0.0,0.0,0.0,1,0.0,0.0,0.0,1,0.0,0.0,0.0,0.0,1,0.0,0.0,17,22,27,0
7480,428,66,0.0,0.0,1,0.0,1,0.0,0.0,0.0,0.0,0.0,0.0,0.0,0.0,0.0,1,11,25,0,0
7481,718,112,0.0,1,0.0,0.0,0.0,0.0,0.0,1,0.0,0.0,0.0,0.0,0.0,1,0.0,6,4,13,0
7482,910,54,0.0,1,0.0,0.0,0.0,1,0.0,0.0,0.0,0.0,0.0,0.0,1,0.0,0.0,16,24,15,0
7483,743,113,0.0,0.0,1,0.0,1,0.0,0.0,0.0,0.0,0.0,0.0,0.0,1,0.0,0.0,14,8,25,0
7484,368,67,0.0,0.0,0.0,1,0.0,0.0,0.0,0.0,1,1,0.0,0.0,0.0,0.0,0.0,15,22,5,0
7485,667,154,0.0,0.0,0.0,1,0.0,1,0.0,0.0,0.0,0.0,0.0,0.0,1,0.0,0.0,10,3,0,0
7486,224,127,0.0,0.0,1,0.0,0.0,0.0,1,0.0,0.0,0.0,1,0.0,0.0,0.0,0.0,20,13,24,0
7487,245,138,0.0,0.0,0.0,1,0.0,0.0,0.0,1,0.0,0.0,0.0,0.0,0.0,0.0,1,19,13,12,0
7488,129,115,0.0,1,0.0,0.0,0.0,1,0.0,0.0,0.0,0.0,0.0,0.0,1,0.0,0.0,17,14,25,0
7489,280,33,1,0.0,0.0,0.0,1,0.0,0.0,0.0,0.0,0.0,0.0,0.0,1,0.0,0.0,12,9,0,0
7490,634,43,1,0.0,0.0,0.0,1,0.0,0.0,0.0,0.0,0.0,0.0,0.0,0.0,0.0,1,17,28,28,0
7491,86,176,1,0.0,0.0,0.0,0.0,1,0.0,0.0,0.0,1,0.0,0.0,0.0,0.0,0.0,13,21,5,0
7492,270,57,0.0,1,0.0,0.0,0.0,0.0,1,0.0,0.0,0.0,0.0,0.0,0.0,1,0.0,23,6,11,0
7493,164,1480,1,0.0,0.0,0.0,0.0,0.0,0.0,0.0,1,0.0,0.0,0.0,1,0.0,0.0,4,71,93,1
7494,737,18,0.0,0.0,0.0,1,0.0,0.0,1,0.0,0.0,0.0,0.0,0.0,1,0.0,0.0,8,4,27,0
7495,582,70,0.0,0.0,0.0,1,0.0,0.0,0.0,1,0.0,0.0,1,0.0,0.0,0.0,0.0,20,21,27,0
7496,939,135,1,0.0,0.0,0.0,1,0.0,0.0,0.0,0.0,0.0,0.0,0.0,0.0,0.0,1,13,25,4,0
7497,451,158,0.0,1,0.0,0.0,1,0.0,0.0,0.0,0.0,0.0,0.0,0.0,0.0,0.0,1,14,23,2,0
7498,400,106,0.0,0.0,0.0,1,1,0.0,0.0,0.0,0.0,0.0,1,0.0,0.0,0.0,0.0,11,15,11,0
7499,961,118,0.0,1,0.0,0.0,0.0,1,0.0,0.0,0.0,0.0,0.0,0.0,1,0.0,0.0,12,27,15,0
7500,444,65,0.0,1,0.0,0.0,0.0,0.0,1,0.0,0.0,0.0,0.0,0.0,1,0.0,0.0,21,7,10,0
7501,946,77,0.0,0.0,0.0,1,1,0.0,0.0,0.0,0.0,1,0.0,0.0,0.0,0.0,0.0,23,13,12,0
7502,184,121,1,0.0,0.0,0.0,0.0,0.0,0.0,1,0.0,0.0,1,0.0,0.0,0.0,0.0,20,17,7,0
7503,426,71,1,0.0,0.0,0.0,0.0,0.0,0.0,0.0,1,1,0.0,0.0,0.0,0.0,0.0,10,14,7,0
7504,404,23,0.0,0.0,0.0,1,0.0,1,0.0,0.0,0.0,1,0.0,0.0,0.0,0.0,0.0,22,17,24,0
7505,60,101,0.0,0.0,1,0.0,0.0,0.0,1,0.0,0.0,0.0,0.0,0.0,1,0.0,0.0,7,9,27,0
7506,671,129,0.0,0.0,1,0.0,0.0,0.0,0.0,0.0,1,0.0,0.0,0.0,0.0,0.0,1,10,25,4,0
7507,930,157,0.0,0.0,0.0,1,0.0,0.0,0.0,1,0.0,0.0,0.0,0.0,0.0,0.0,1,7,27,1,0
7508,972,75,0.0,0.0,1,0.0,0.0,0.0,0.0,1,0.0,0.0,0.0,0.0,0.0,1,0.0,17,7,19,0
7509,381,61,1,0.0,0.0,0.0,0.0,1,0.0,0.0,0.0,0.0,0.0,0.0,1,0.0,0.0,16,22,0,0
7510,355,97,0.0,0.0,1,0.0,0.0,1,0.0,0.0,0.0,0.0,0.0,0.0,1,0.0,0.0,15,12,22,0
7511,458,139,0.0,0.0,0.0,1,0.0,0.0,0.0,0.0,1,1,0.0,0.0,0.0,0.0,0.0,18,20,5,0
7512,840,163,0.0,1,0.0,0.0,0.0,0.0,1,0.0,0.0,0.0,0.0,0.0,0.0,0.0,1,14,22,14,0
7513,301,216,1,0.0,0.0,0.0,0.0,0.0,0.0,0.0,1,0.0,0.0,0.0,0.0,1,0.0,21,2,13,0
7514,426,185,0.0,1,0.0,0.0,0.0,0.0,1,0.0,0.0,0.0,0.0,0.0,0.0,1,0.0,8,0,15,0
7515,935,107,0.0,0.0,1,0.0,0.0,0.0,1,0.0,0.0,0.0,1,0.0,0.0,0.0,0.0,9,1,18,0
7516,121,4889,0.0,0.0,1,0.0,0.0,0.0,0.0,0.0,1,0.0,0.0,0.0,0.0,0.0,1,22,91,91,1
7517,7,119,1,0.0,0.0,0.0,0.0,1,0.0,0.0,0.0,0.0,0.0,0.0,0.0,0.0,1,20,16,29,0
7518,587,65,1,0.0,0.0,0.0,0.0,0.0,1,0.0,0.0,0.0,0.0,0.0,0.0,1,0.0,13,4,8,0
7519,815,102,0.0,0.0,0.0,1,0.0,0.0,0.0,1,0.0,0.0,0.0,0.0,0.0,0.0,1,15,12,29,0
7520,810,98,0.0,1,0.0,0.0,0.0,0.0,0.0,0.0,1,0.0,0.0,0.0,0.0,1,0.0,13,7,13,0
7521,804,167,0.0,1,0.0,0.0,1,0.0,0.0,0.0,0.0,0.0,0.0,0.0,0.0,1,0.0,14,10,19,0
7522,148,66,0.0,0.0,1,0.0,1,0.0,0.0,0.0,0.0,0.0,0.0,0.0,0.0,0.0,1,11,16,16,0
7523,573,116,1,0.0,0.0,0.0,0.0,1,0.0,0.0,0.0,0.0,0.0,0.0,0.0,1,0.0,21,14,19,0
7524,42,79,0.0,0.0,1,0.0,0.0,0.0,0.0,0.0,1,0.0,0.0,0.0,0.0,1,0.0,23,24,9,0
7525,151,100,0.0,0.0,1,0.0,0.0,0.0,1,0.0,0.0,0.0,0.0,0.0,0.0,0.0,1,14,22,26,0
7526,187,160,0.0,0.0,0.0,1,0.0,0.0,0.0,0.0,1,1,0.0,0.0,0.0,0.0,0.0,17,14,26,0
7527,795,16,0.0,1,0.0,0.0,0.0,0.0,1,0.0,0.0,1,0.0,0.0,0.0,0.0,0.0,19,13,4,0
7528,282,127,1,0.0,0.0,0.0,0.0,1,0.0,0.0,0.0,0.0,0.0,0.0,1,0.0,0.0,20,26,14,0
7529,648,44,1,0.0,0.0,0.0,0.0,0.0,0.0,1,0.0,0.0,1,0.0,0.0,0.0,0.0,17,5,6,0
7530,559,164,0.0,0.0,1,0.0,0.0,0.0,0.0,0.0,1,1,0.0,0.0,0.0,0.0,0.0,14,29,25,0
7531,777,60,0.0,0.0,1,0.0,0.0,0.0,0.0,1,0.0,0.0,0.0,0.0,0.0,0.0,1,17,8,24,0
7532,980,134,1,0.0,0.0,0.0,0.0,0.0,1,0.0,0.0,0.0,0.0,0.0,0.0,0.0,1,10,13,21,0
7533,671,141,0.0,1,0.0,0.0,0.0,0.0,1,0.0,0.0,1,0.0,0.0,0.0,0.0,0.0,6,25,5,0
7534,248,21,0.0,0.0,1,0.0,0.0,0.0,0.0,1,0.0,0.0,0.0,0.0,0.0,1,0.0,9,11,0,0
7535,245,121,0.0,0.0,1,0.0,0.0,0.0,0.0,0.0,1,0.0,0.0,0.0,0.0,0.0,1,17,8,4,0
7536,100,42,0.0,1,0.0,0.0,0.0,0.0,1,0.0,0.0,0.0,0.0,0.0,0.0,0.0,1,15,17,9,0
7537,992,45,0.0,1,0.0,0.0,1,0.0,0.0,0.0,0.0,0.0,0.0,0.0,0.0,1,0.0,13,16,0,0
7538,154,127,0.0,1,0.0,0.0,1,0.0,0.0,0.0,0.0,0.0,0.0,0.0,0.0,1,0.0,15,25,22,0
7539,646,45,0.0,0.0,1,0.0,0.0,1,0.0,0.0,0.0,0.0,0.0,0.0,1,0.0,0.0,10,0,20,0
7540,971,183,0.0,0.0,0.0,1,0.0,0.0,1,0.0,0.0,0.0,0.0,0.0,1,0.0,0.0,6,23,21,0
7541,277,120,0.0,0.0,1,0.0,0.0,0.0,1,0.0,0.0,1,0.0,0.0,0.0,0.0,0.0,23,20,3,0
7542,271,83,1,0.0,0.0,0.0,0.0,0.0,0.0,0.0,1,0.0,0.0,0.0,0.0,1,0.0,6,0,22,0
7543,272,109,0.0,0.0,1,0.0,1,0.0,0.0,0.0,0.0,1,0.0,0.0,0.0,0.0,0.0,16,26,22,0
7544,783,115,0.0,0.0,1,0.0,0.0,1,0.0,0.0,0.0,1,0.0,0.0,0.0,0.0,0.0,13,7,24,0
7545,551,10,0.0,0.0,1,0.0,1,0.0,0.0,0.0,0.0,0.0,0.0,0.0,0.0,1,0.0,18,88,79,1
7546,467,89,1,0.0,0.0,0.0,0.0,1,0.0,0.0,0.0,0.0,1,0.0,0.0,0.0,0.0,16,5,13,0
7547,555,108,0.0,0.0,0.0,1,0.0,0.0,0.0,1,0.0,0.0,0.0,0.0,0.0,0.0,1,8,28,3,0
7548,646,1,0.0,0.0,1,0.0,0.0,0.0,0.0,1,0.0,0.0,0.0,0.0,0.0,0.0,1,6,16,6,0
7549,338,56,1,0.0,0.0,0.0,0.0,1,0.0,0.0,0.0,0.0,1,0.0,0.0,0.0,0.0,18,17,23,0
7550,886,93,0.0,0.0,0.0,1,1,0.0,0.0,0.0,0.0,0.0,1,0.0,0.0,0.0,0.0,17,11,25,0
7551,486,130,0.0,0.0,1,0.0,0.0,1,0.0,0.0,0.0,0.0,1,0.0,0.0,0.0,0.0,17,0,7,0
7552,199,1624,1,0.0,0.0,0.0,0.0,0.0,0.0,1,0.0,0.0,0.0,1,0.0,0.0,0.0,4,84,89,1
7553,104,78,1,0.0,0.0,0.0,0.0,0.0,0.0,0.0,1,1,0.0,0.0,0.0,0.0,0.0,14,22,22,0
7554,924,27,0.0,1,0.0,0.0,1,0.0,0.0,0.0,0.0,0.0,0.0,0.0,1,0.0,0.0,6,19,21,0
7555,999,99,0.0,1,0.0,0.0,1,0.0,0.0,0.0,0.0,0.0,0.0,0.0,0.0,1,0.0,11,8,9,0
7556,778,76,0.0,1,0.0,0.0,1,0.0,0.0,0.0,0.0,0.0,1,0.0,0.0,0.0,0.0,13,3,21,0
7557,130,109,0.0,0.0,0.0,1,1,0.0,0.0,0.0,0.0,0.0,1,0.0,0.0,0.0,0.0,19,21,23,0
7558,799,113,0.0,1,0.0,0.0,0.0,1,0.0,0.0,0.0,0.0,1,0.0,0.0,0.0,0.0,10,6,22,0
7559,886,29,1,0.0,0.0,0.0,0.0,0.0,0.0,1,0.0,0.0,1,0.0,0.0,0.0,0.0,14,27,20,0
7560,807,104,0.0,0.0,0.0,1,0.0,0.0,1,0.0,0.0,0.0,1,0.0,0.0,0.0,0.0,13,18,9,0
7561,199,85,1,0.0,0.0,0.0,1,0.0,0.0,0.0,0.0,0.0,0.0,0.0,0.0,1,0.0,17,29,4,0
7562,335,99,0.0,0.0,1,0.0,0.0,0.0,0.0,0.0,1,0.0,0.0,0.0,0.0,1,0.0,18,26,7,0
7563,480,144,0.0,0.0,1,0.0,0.0,1,0.0,0.0,0.0,0.0,0.0,0.0,0.0,1,0.0,21,29,29,0
7564,494,35,0.0,0.0,0.0,1,0.0,1,0.0,0.0,0.0,0.0,0.0,0.0,0.0,0.0,1,16,17,7,0
7565,89,96,0.0,0.0,1,0.0,0.0,0.0,1,0.0,0.0,1,0.0,0.0,0.0,0.0,0.0,22,22,8,0
7566,648,130,0.0,0.0,0.0,1,0.0,1,0.0,0.0,0.0,0.0,0.0,0.0,0.0,1,0.0,15,18,24,0
7567,207,34,0.0,1,0.0,0.0,0.0,0.0,0.0,1,0.0,0.0,0.0,0.0,0.0,0.0,1,22,13,4,0
7568,978,193,1,0.0,0.0,0.0,0.0,0.0,1,0.0,0.0,1,0.0,0.0,0.0,0.0,0.0,11,26,0,0
7569,650,83,0.0,0.0,1,0.0,0.0,0.0,0.0,1,0.0,0.0,1,0.0,0.0,0.0,0.0,6,10,12,0
7570,178,114,1,0.0,0.0,0.0,0.0,1,0.0,0.0,0.0,0.0,1,0.0,0.0,0.0,0.0,16,27,28,0
7571,207,33,0.0,0.0,1,0.0,0.0,0.0,0.0,1,0.0,0.0,1,0.0,0.0,0.0,0.0,21,5,21,0
7572,900,28,0.0,0.0,0.0,1,0.0,0.0,1,0.0,0.0,0.0,1,0.0,0.0,0.0,0.0,18,2,15,0
7573,361,17,1,0.0,0.0,0.0,0.0,1,0.0,0.0,0.0,0.0,0.0,0.0,1,0.0,0.0,11,16,23,0
7574,717,10,1,0.0,0.0,0.0,1,0.0,0.0,0.0,0.0,0.0,0.0,0.0,1,0.0,0.0,9,90,85,1
7575,400,64,0.0,0.0,1,0.0,0.0,0.0,1,0.0,0.0,1,0.0,0.0,0.0,0.0,0.0,17,23,5,0
7576,481,3178,0.0,0.0,0.0,1,0.0,0.0,0.0,0.0,1,0.0,0.0,0.0,0.0,1,0.0,2,87,87,1
7577,143,85,0.0,1,0.0,0.0,1,0.0,0.0,0.0,0.0,1,0.0,0.0,0.0,0.0,0.0,18,24,12,0
7578,282,87,0.0,1,0.0,0.0,0.0,1,0.0,0.0,0.0,0.0,1,0.0,0.0,0.0,0.0,17,20,19,0
7579,783,223,1,0.0,0.0,0.0,0.0,1,0.0,0.0,0.0,0.0,0.0,0.0,1,0.0,0.0,20,15,21,0
7580,296,40,0.0,0.0,0.0,1,0.0,1,0.0,0.0,0.0,0.0,1,0.0,0.0,0.0,0.0,6,28,22,0
7581,189,86,0.0,0.0,0.0,1,1,0.0,0.0,0.0,0.0,0.0,1,0.0,0.0,0.0,0.0,10,16,23,0
7582,904,16,0.0,1,0.0,0.0,0.0,0.0,1,0.0,0.0,0.0,0.0,0.0,0.0,0.0,1,22,18,7,0
7583,955,84,0.0,1,0.0,0.0,0.0,0.0,0.0,0.0,1,0.0,0.0,0.0,0.0,1,0.0,17,4,24,0
7584,65,90,0.0,0.0,0.0,1,0.0,0.0,1,0.0,0.0,0.0,1,0.0,0.0,0.0,0.0,16,22,23,0
7585,606,118,0.0,0.0,0.0,1,0.0,0.0,0.0,0.0,1,0.0,0.0,0.0,0.0,1,0.0,22,28,14,0
7586,705,145,1,0.0,0.0,0.0,0.0,0.0,1,0.0,0.0,0.0,0.0,0.0,0.0,1,0.0,15,29,2,0
7587,306,638,1,0.0,0.0,0.0,1,0.0,0.0,0.0,0.0,0.0,1,0.0,0.0,0.0,0.0,10,97,89,1
7588,393,61,0.0,0.0,1,0.0,0.0,1,0.0,0.0,0.0,0.0,1,0.0,0.0,0.0,0.0,20,0,22,0
7589,420,93,0.0,0.0,0.0,1,1,0.0,0.0,0.0,0.0,0.0,0.0,0.0,0.0,0.0,1,13,20,18,0
7590,371,277,0.0,1,0.0,0.0,0.0,0.0,0.0,0.0,1,0.0,0.0,0.0,0.0,1,0.0,14,2,0,0
7591,155,32,0.0,0.0,1,0.0,0.0,0.0,0.0,1,0.0,0.0,0.0,0.0,0.0,1,0.0,12,23,11,0
7592,84,167,0.0,0.0,0.0,1,0.0,0.0,0.0,0.0,1,0.0,0.0,0.0,1,0.0,0.0,16,27,18,0
7593,67,119,0.0,0.0,0.0,1,0.0,0.0,0.0,0.0,1,0.0,1,0.0,0.0,0.0,0.0,21,16,28,0
7594,82,159,0.0,0.0,1,0.0,0.0,1,0.0,0.0,0.0,0.0,0.0,0.0,1,0.0,0.0,22,23,15,0
7595,790,90,0.0,0.0,0.0,1,1,0.0,0.0,0.0,0.0,0.0,0.0,0.0,1,0.0,0.0,8,11,28,0
7596,173,123,1,0.0,0.0,0.0,0.0,0.0,0.0,0.0,1,0.0,0.0,0.0,0.0,1,0.0,17,17,11,0
7597,975,103,0.0,0.0,0.0,1,0.0,0.0,0.0,0.0,1,0.0,0.0,0.0,1,0.0,0.0,9,26,10,0
7598,987,95,0.0,0.0,0.0,1,0.0,0.0,0.0,0.0,1,0.0,0.0,0.0,0.0,0.0,1,19,4,2,0
7599,22,79,0.0,0.0,0.0,1,0.0,0.0,0.0,0.0,1,1,0.0,0.0,0.0,0.0,0.0,17,16,23,0
7600,742,7,0.0,0.0,1,0.0,0.0,0.0,0.0,0.0,1,0.0,1,0.0,0.0,0.0,0.0,9,4,4,0
7601,725,132,0.0,0.0,1,0.0,0.0,0.0,0.0,0.0,1,1,0.0,0.0,0.0,0.0,0.0,9,5,20,0
7602,533,167,0.0,0.0,0.0,1,0.0,0.0,0.0,1,0.0,0.0,0.0,0.0,0.0,1,0.0,6,17,21,0
7603,920,190,0.0,1,0.0,0.0,0.0,0.0,0.0,1,0.0,0.0,0.0,0.0,0.0,1,0.0,19,25,20,0
7604,252,33,0.0,0.0,0.0,1,0.0,1,0.0,0.0,0.0,0.0,1,0.0,0.0,0.0,0.0,22,12,2,0
7605,91,1433,0.0,1,0.0,0.0,1,0.0,0.0,0.0,0.0,0.0,0.0,0.0,0.0,1,0.0,6,97,78,1
7606,117,138,0.0,0.0,1,0.0,0.0,1,0.0,0.0,0.0,0.0,0.0,0.0,0.0,0.0,1,18,4,1,0
7607,690,174,0.0,0.0,0.0,1,0.0,0.0,0.0,1,0.0,0.0,1,0.0,0.0,0.0,0.0,8,22,11,0
7608,405,128,0.0,1,0.0,0.0,0.0,0.0,0.0,0.0,1,0.0,0.0,0.0,1,0.0,0.0,19,26,6,0
7609,742,103,0.0,0.0,1,0.0,0.0,0.0,0.0,0.0,1,0.0,0.0,0.0,1,0.0,0.0,6,6,27,0
7610,577,140,0.0,1,0.0,0.0,1,0.0,0.0,0.0,0.0,0.0,0.0,0.0,0.0,1,0.0,15,1,4,0
7611,1,43,0.0,1,0.0,0.0,0.0,0.0,0.0,0.0,1,1,0.0,0.0,0.0,0.0,0.0,22,9,12,0
7612,911,40,0.0,1,0.0,0.0,1,0.0,0.0,0.0,0.0,0.0,0.0,0.0,0.0,0.0,1,14,2,25,0
7613,338,30,0.0,0.0,0.0,1,0.0,1,0.0,0.0,0.0,0.0,0.0,0.0,0.0,0.0,1,18,20,14,0
7614,90,115,1,0.0,0.0,0.0,0.0,0.0,0.0,0.0,1,0.0,1,0.0,0.0,0.0,0.0,12,16,9,0
7615,149,140,0.0,0.0,1,0.0,0.0,0.0,0.0,1,0.0,0.0,0.0,0.0,0.0,1,0.0,7,12,18,0
7616,298,10,1,0.0,0.0,0.0,0.0,0.0,0.0,1,0.0,1,0.0,0.0,0.0,0.0,0.0,4,96,86,1
7617,427,78,0.0,0.0,0.0,1,1,0.0,0.0,0.0,0.0,1,0.0,0.0,0.0,0.0,0.0,9,9,6,0
7618,703,21,0.0,0.0,1,0.0,1,0.0,0.0,0.0,0.0,0.0,0.0,0.0,1,0.0,0.0,9,29,29,0
7619,172,70,1,0.0,0.0,0.0,0.0,0.0,1,0.0,0.0,0.0,0.0,0.0,0.0,0.0,1,12,2,10,0
7620,18,44,0.0,0.0,0.0,1,0.0,0.0,0.0,0.0,1,0.0,1,0.0,0.0,0.0,0.0,17,15,24,0
7621,849,184,1,0.0,0.0,0.0,0.0,0.0,0.0,0.0,1,0.0,0.0,0.0,0.0,0.0,1,6,21,10,0
7622,687,67,0.0,1,0.0,0.0,0.0,0.0,0.0,1,0.0,0.0,0.0,0.0,1,0.0,0.0,14,12,14,0
7623,539,100,0.0,0.0,1,0.0,0.0,1,0.0,0.0,0.0,0.0,0.0,0.0,1,0.0,0.0,13,6,26,0
7624,275,111,1,0.0,0.0,0.0,1,0.0,0.0,0.0,0.0,0.0,0.0,0.0,0.0,0.0,1,18,10,16,0
7625,891,93,0.0,1,0.0,0.0,0.0,0.0,0.0,0.0,1,1,0.0,0.0,0.0,0.0,0.0,22,21,16,0
7626,860,124,1,0.0,0.0,0.0,1,0.0,0.0,0.0,0.0,0.0,1,0.0,0.0,0.0,0.0,20,13,21,0
7627,338,157,0.0,1,0.0,0.0,0.0,0.0,1,0.0,0.0,0.0,0.0,0.0,1,0.0,0.0,17,24,4,0
7628,750,1,1,0.0,0.0,0.0,0.0,0.0,0.0,1,0.0,0.0,0.0,0.0,1,0.0,0.0,16,9,25,0
7629,192,108,1,0.0,0.0,0.0,0.0,1,0.0,0.0,0.0,0.0,1,0.0,0.0,0.0,0.0,21,9,22,0
7630,185,87,0.0,0.0,1,0.0,0.0,1,0.0,0.0,0.0,0.0,1,0.0,0.0,0.0,0.0,6,6,5,0
7631,87,48,0.0,0.0,1,0.0,0.0,0.0,0.0,1,0.0,0.0,0.0,0.0,0.0,1,0.0,18,10,3,0
7632,273,30,0.0,1,0.0,0.0,0.0,0.0,0.0,1,0.0,1,0.0,0.0,0.0,0.0,0.0,15,0,15,0
7633,522,173,0.0,0.0,0.0,1,0.0,0.0,0.0,1,0.0,0.0,1,0.0,0.0,0.0,0.0,9,27,10,0
7634,375,44,1,0.0,0.0,0.0,0.0,0.0,1,0.0,0.0,0.0,0.0,0.0,1,0.0,0.0,16,4,10,0
7635,878,109,0.0,1,0.0,0.0,0.0,0.0,0.0,1,0.0,1,0.0,0.0,0.0,0.0,0.0,20,29,6,0
7636,663,52,1,0.0,0.0,0.0,0.0,1,0.0,0.0,0.0,0.0,0.0,0.0,0.0,0.0,1,22,25,20,0
7637,838,135,0.0,0.0,0.0,1,1,0.0,0.0,0.0,0.0,0.0,1,0.0,0.0,0.0,0.0,22,18,28,0
7638,838,87,0.0,1,0.0,0.0,1,0.0,0.0,0.0,0.0,0.0,1,0.0,0.0,0.0,0.0,6,15,28,0
7639,168,50,0.0,0.0,1,0.0,0.0,0.0,0.0,1,0.0,0.0,0.0,0.0,0.0,0.0,1,10,6,24,0
7640,989,71,0.0,0.0,1,0.0,0.0,0.0,0.0,0.0,1,0.0,1,0.0,0.0,0.0,0.0,11,23,12,0
7641,236,95,0.0,0.0,0.0,1,1,0.0,0.0,0.0,0.0,1,0.0,0.0,0.0,0.0,0.0,8,22,29,0
7642,342,122,0.0,0.0,1,0.0,1,0.0,0.0,0.0,0.0,1,0.0,0.0,0.0,0.0,0.0,18,2,8,0
7643,649,125,0.0,0.0,0.0,1,0.0,0.0,0.0,0.0,1,1,0.0,0.0,0.0,0.0,0.0,21,3,9,0
7644,381,185,0.0,0.0,1,0.0,0.0,0.0,1,0.0,0.0,0.0,0.0,0.0,1,0.0,0.0,6,1,25,0
7645,299,47,0.0,0.0,0.0,1,0.0,0.0,1,0.0,0.0,0.0,0.0,0.0,0.0,0.0,1,23,24,24,0
7646,212,58,0.0,0.0,0.0,1,0.0,1,0.0,0.0,0.0,1,0.0,0.0,0.0,0.0,0.0,13,24,0,0
7647,678,52,0.0,0.0,1,0.0,0.0,0.0,1,0.0,0.0,0.0,0.0,0.0,0.0,0.0,1,17,10,5,0
7648,24,62,1,0.0,0.0,0.0,0.0,1,0.0,0.0,0.0,0.0,0.0,0.0,0.0,0.0,1,21,3,16,0
7649,908,22,1,0.0,0.0,0.0,1,0.0,0.0,0.0,0.0,0.0,0.0,0.0,0.0,0.0,1,16,4,1,0
7650,19,88,1,0.0,0.0,0.0,0.0,0.0,1,0.0,0.0,1,0.0,0.0,0.0,0.0,0.0,13,9,13,0
7651,211,87,0.0,0.0,0.0,1,0.0,0.0,0.0,1,0.0,1,0.0,0.0,0.0,0.0,0.0,17,8,12,0
7652,81,61,0.0,0.0,1,0.0,0.0,0.0,0.0,1,0.0,0.0,0.0,0.0,0.0,1,0.0,11,18,7,0
7653,271,130,0.0,0.0,1,0.0,0.0,0.0,0.0,0.0,1,0.0,0.0,0.0,1,0.0,0.0,17,23,0,0
7654,380,149,0.0,0.0,1,0.0,0.0,0.0,0.0,0.0,1,1,0.0,0.0,0.0,0.0,0.0,7,14,8,0
7655,416,17,0.0,0.0,1,0.0,1,0.0,0.0,0.0,0.0,0.0,0.0,0.0,0.0,1,0.0,15,27,13,0
7656,983,117,0.0,0.0,1,0.0,0.0,0.0,1,0.0,0.0,0.0,1,0.0,0.0,0.0,0.0,11,16,12,0
7657,209,83,0.0,1,0.0,0.0,1,0.0,0.0,0.0,0.0,0.0,0.0,0.0,1,0.0,0.0,18,17,15,0
7658,996,200,0.0,0.0,1,0.0,1,0.0,0.0,0.0,0.0,0.0,0.0,0.0,0.0,1,0.0,9,23,3,0
7659,163,164,0.0,0.0,1,0.0,1,0.0,0.0,0.0,0.0,0.0,0.0,0.0,0.0,0.0,1,13,27,4,0
7660,416,114,1,0.0,0.0,0.0,0.0,1,0.0,0.0,0.0,0.0,0.0,0.0,0.0,1,0.0,9,13,26,0
7661,154,170,0.0,1,0.0,0.0,1,0.0,0.0,0.0,0.0,0.0,0.0,0.0,1,0.0,0.0,16,4,0,0
7662,574,47,0.0,0.0,0.0,1,0.0,0.0,0.0,0.0,1,0.0,0.0,0.0,1,0.0,0.0,22,1,3,0
7663,762,210,0.0,1,0.0,0.0,0.0,0.0,0.0,1,0.0,0.0,1,0.0,0.0,0.0,0.0,6,24,2,0
7664,242,2909,0.0,0.0,1,0.0,0.0,0.0,1,0.0,0.0,1,0.0,0.0,0.0,0.0,0.0,20,83,75,1
7665,1,158,0.0,0.0,1,0.0,0.0,1,0.0,0.0,0.0,0.0,1,0.0,0.0,0.0,0.0,22,9,10,0
7666,914,86,0.0,0.0,1,0.0,0.0,0.0,1,0.0,0.0,0.0,0.0,0.0,1,0.0,0.0,12,14,26,0
7667,489,235,0.0,0.0,0.0,1,0.0,0.0,1,0.0,0.0,0.0,0.0,0.0,0.0,1,0.0,20,28,26,0
7668,121,43,0.0,0.0,0.0,1,0.0,0.0,0.0,1,0.0,0.0,1,0.0,0.0,0.0,0.0,7,10,5,0
7669,35,70,0.0,0.0,0.0,1,0.0,0.0,0.0,0.0,1,0.0,0.0,0.0,0.0,0.0,1,15,10,27,0
7670,835,102,0.0,1,0.0,0.0,0.0,0.0,0.0,0.0,1,0.0,0.0,0.0,0.0,1,0.0,15,15,19,0
7671,768,167,0.0,0.0,0.0,1,0.0,0.0,1,0.0,0.0,0.0,0.0,0.0,0.0,0.0,1,21,13,12,0
7672,191,87,0.0,1,0.0,0.0,0.0,0.0,1,0.0,0.0,0.0,0.0,0.0,1,0.0,0.0,13,13,20,0
7673,709,63,1,0.0,0.0,0.0,0.0,0.0,1,0.0,0.0,1,0.0,0.0,0.0,0.0,0.0,23,0,27,0
7674,905,177,1,0.0,0.0,0.0,0.0,0.0,0.0,0.0,1,1,0.0,0.0,0.0,0.0,0.0,16,10,15,0
7675,231,68,0.0,1,0.0,0.0,0.0,0.0,1,0.0,0.0,0.0,1,0.0,0.0,0.0,0.0,21,2,8,0
7676,972,186,1,0.0,0.0,0.0,0.0,0.0,0.0,0.0,1,0.0,0.0,0.0,0.0,0.0,1,23,1,7,0
7677,463,66,0.0,1,0.0,0.0,0.0,0.0,0.0,0.0,1,0.0,0.0,0.0,1,0.0,0.0,23,8,19,0
7678,692,42,1,0.0,0.0,0.0,0.0,0.0,0.0,1,0.0,0.0,1,0.0,0.0,0.0,0.0,14,26,11,0
7679,488,1,1,0.0,0.0,0.0,1,0.0,0.0,0.0,0.0,0.0,0.0,0.0,0.0,1,0.0,13,25,8,0
7680,211,74,0.0,0.0,1,0.0,0.0,0.0,1,0.0,0.0,1,0.0,0.0,0.0,0.0,0.0,21,23,6,0
7681,324,95,0.0,0.0,1,0.0,0.0,0.0,0.0,0.0,1,0.0,0.0,0.0,0.0,0.0,1,20,15,21,0
7682,135,73,1,0.0,0.0,0.0,0.0,1,0.0,0.0,0.0,0.0,0.0,0.0,0.0,1,0.0,15,4,5,0
7683,885,105,0.0,0.0,0.0,1,0.0,1,0.0,0.0,0.0,0.0,0.0,0.0,0.0,1,0.0,7,8,2,0
7684,446,1719,0.0,0.0,0.0,1,1,0.0,0.0,0.0,0.0,0.0,1,0.0,0.0,0.0,0.0,6,74,78,1
7685,734,24,1,0.0,0.0,0.0,1,0.0,0.0,0.0,0.0,0.0,0.0,0.0,0.0,1,0.0,9,19,0,0
7686,797,121,0.0,0.0,0.0,1,0.0,0.0,0.0,1,0.0,0.0,0.0,0.0,0.0,1,0.0,20,3,6,0
7687,114,105,0.0,0.0,1,0.0,0.0,1,0.0,0.0,0.0,0.0,0.0,0.0,1,0.0,0.0,19,22,15,0
7688,883,71,1,0.0,0.0,0.0,0.0,0.0,0.0,0.0,1,0.0,0.0,0.0,1,0.0,0.0,16,2,25,0
7689,886,170,0.0,0.0,0.0,1,1,0.0,0.0,0.0,0.0,1,0.0,0.0,0.0,0.0,0.0,13,6,28,0
7690,660,69,0.0,0.0,1,0.0,0.0,0.0,0.0,0.0,1,0.0,0.0,0.0,1,0.0,0.0,16,8,17,0
7691,735,97,0.0,0.0,1,0.0,0.0,0.0,1,0.0,0.0,0.0,0.0,0.0,0.0,1,0.0,7,7,27,0
7692,259,62,0.0,0.0,1,0.0,0.0,0.0,1,0.0,0.0,0.0,0.0,0.0,0.0,1,0.0,13,3,12,0
7693,368,47,0.0,0.0,1,0.0,1,0.0,0.0,0.0,0.0,1,0.0,0.0,0.0,0.0,0.0,19,8,19,0
7694,65,35,0.0,0.0,1,0.0,1,0.0,0.0,0.0,0.0,1,0.0,0.0,0.0,0.0,0.0,8,2,6,0
7695,914,187,0.0,0.0,0.0,1,0.0,0.0,0.0,1,0.0,0.0,1,0.0,0.0,0.0,0.0,21,27,27,0
7696,627,98,1,0.0,0.0,0.0,0.0,0.0,1,0.0,0.0,0.0,0.0,0.0,0.0,1,0.0,16,9,10,0
7697,445,100,1,0.0,0.0,0.0,0.0,0.0,0.0,0.0,1,0.0,0.0,0.0,0.0,1,0.0,11,2,5,0
7698,93,63,0.0,0.0,1,0.0,0.0,0.0,1,0.0,0.0,0.0,0.0,0.0,1,0.0,0.0,17,6,10,0
7699,238,90,0.0,0.0,1,0.0,1,0.0,0.0,0.0,0.0,0.0,0.0,0.0,1,0.0,0.0,19,25,8,0
7700,627,230,0.0,0.0,0.0,1,1,0.0,0.0,0.0,0.0,0.0,0.0,0.0,1,0.0,0.0,13,3,17,0
7701,272,307,0.0,1,0.0,0.0,0.0,0.0,0.0,0.0,1,0.0,1,0.0,0.0,0.0,0.0,8,70,89,1
7702,815,176,1,0.0,0.0,0.0,0.0,0.0,0.0,1,0.0,1,0.0,0.0,0.0,0.0,0.0,10,2,9,0
7703,504,8065,0.0,0.0,0.0,1,0.0,0.0,0.0,1,0.0,0.0,0.0,0.0,0.0,0.0,1,4,89,77,1
7704,587,101,0.0,0.0,0.0,1,1,0.0,0.0,0.0,0.0,0.0,0.0,0.0,0.0,0.0,1,17,5,28,0
7705,864,97,0.0,0.0,1,0.0,0.0,1,0.0,0.0,0.0,0.0,0.0,0.0,0.0,0.0,1,18,20,22,0
7706,360,43,1,0.0,0.0,0.0,0.0,0.0,0.0,0.0,1,0.0,0.0,0.0,0.0,0.0,1,12,1,14,0
7707,505,97,0.0,1,0.0,0.0,0.0,0.0,1,0.0,0.0,0.0,0.0,0.0,1,0.0,0.0,15,29,25,0
7708,113,145,0.0,1,0.0,0.0,0.0,0.0,0.0,1,0.0,0.0,1,0.0,0.0,0.0,0.0,19,5,14,0
7709,26,105,0.0,0.0,0.0,1,0.0,0.0,0.0,0.0,1,0.0,0.0,0.0,0.0,1,0.0,7,3,18,0
7710,221,169,0.0,0.0,1,0.0,0.0,1,0.0,0.0,0.0,0.0,0.0,0.0,0.0,1,0.0,9,9,27,0
7711,196,93,0.0,0.0,0.0,1,0.0,0.0,0.0,0.0,1,0.0,1,0.0,0.0,0.0,0.0,10,21,23,0
7712,439,93,0.0,0.0,0.0,1,0.0,0.0,1,0.0,0.0,0.0,0.0,0.0,0.0,0.0,1,20,4,10,0
7713,338,140,1,0.0,0.0,0.0,0.0,0.0,0.0,0.0,1,1,0.0,0.0,0.0,0.0,0.0,20,2,10,0
7714,236,8,0.0,1,0.0,0.0,0.0,1,0.0,0.0,0.0,0.0,1,0.0,0.0,0.0,0.0,23,28,14,0
7715,955,74,0.0,0.0,0.0,1,0.0,0.0,0.0,1,0.0,0.0,0.0,0.0,1,0.0,0.0,12,1,10,0
7716,383,141,0.0,0.0,1,0.0,0.0,0.0,0.0,1,0.0,0.0,0.0,0.0,0.0,1,0.0,23,13,23,0
7717,527,137,0.0,0.0,0.0,1,0.0,0.0,0.0,1,0.0,0.0,0.0,0.0,1,0.0,0.0,21,27,0,0
7718,128,130,0.0,0.0,0.0,1,1,0.0,0.0,0.0,0.0,0.0,0.0,0.0,0.0,0.0,1,23,8,1,0
7719,255,116,0.0,1,0.0,0.0,1,0.0,0.0,0.0,0.0,1,0.0,0.0,0.0,0.0,0.0,13,19,28,0
7720,529,133,0.0,0.0,0.0,1,1,0.0,0.0,0.0,0.0,0.0,1,0.0,0.0,0.0,0.0,7,15,15,0
7721,790,176,0.0,0.0,0.0,1,0.0,1,0.0,0.0,0.0,0.0,1,0.0,0.0,0.0,0.0,6,8,20,0
7722,945,106,0.0,0.0,0.0,1,0.0,0.0,0.0,0.0,1,0.0,0.0,0.0,0.0,1,0.0,12,0,17,0
7723,605,120,0.0,1,0.0,0.0,1,0.0,0.0,0.0,0.0,1,0.0,0.0,0.0,0.0,0.0,15,23,2,0
7724,861,129,0.0,1,0.0,0.0,0.0,0.0,1,0.0,0.0,0.0,0.0,0.0,0.0,1,0.0,23,9,22,0
7725,326,91,0.0,0.0,0.0,1,1,0.0,0.0,0.0,0.0,0.0,0.0,0.0,0.0,0.0,1,15,4,9,0
7726,549,33,1,0.0,0.0,0.0,1,0.0,0.0,0.0,0.0,0.0,0.0,0.0,0.0,1,0.0,8,15,0,0
7727,789,215,0.0,0.0,1,0.0,0.0,0.0,1,0.0,0.0,0.0,0.0,0.0,0.0,1,0.0,13,23,13,0
7728,272,107,0.0,1,0.0,0.0,0.0,0.0,0.0,0.0,1,0.0,0.0,0.0,1,0.0,0.0,23,25,25,0
7729,856,54,0.0,0.0,1,0.0,0.0,1,0.0,0.0,0.0,1,0.0,0.0,0.0,0.0,0.0,23,23,17,0
7730,630,57,0.0,1,0.0,0.0,0.0,1,0.0,0.0,0.0,1,0.0,0.0,0.0,0.0,0.0,6,2,20,0
7731,507,47,1,0.0,0.0,0.0,0.0,0.0,0.0,0.0,1,0.0,0.0,0.0,1,0.0,0.0,20,0,9,0
7732,136,102,1,0.0,0.0,0.0,0.0,0.0,0.0,0.0,1,0.0,0.0,0.0,0.0,0.0,1,12,17,20,0
7733,905,85,0.0,0.0,1,0.0,0.0,0.0,0.0,1,0.0,0.0,0.0,0.0,0.0,1,0.0,11,22,1,0
7734,494,121,0.0,0.0,0.0,1,0.0,0.0,0.0,1,0.0,1,0.0,0.0,0.0,0.0,0.0,23,2,0,0
7735,331,28,0.0,0.0,0.0,1,0.0,0.0,0.0,0.0,1,1,0.0,0.0,0.0,0.0,0.0,21,20,1,0
7736,540,149,0.0,0.0,1,0.0,1,0.0,0.0,0.0,0.0,0.0,0.0,0.0,1,0.0,0.0,6,28,3,0
7737,15,43,0.0,1,0.0,0.0,1,0.0,0.0,0.0,0.0,0.0,0.0,0.0,0.0,1,0.0,11,25,11,0
7738,476,112,0.0,1,0.0,0.0,0.0,0.0,1,0.0,0.0,0.0,0.0,0.0,1,0.0,0.0,19,22,7,0
7739,443,65,0.0,1,0.0,0.0,0.0,0.0,0.0,1,0.0,0.0,1,0.0,0.0,0.0,0.0,9,1,3,0
7740,507,36,0.0,0.0,1,0.0,0.0,0.0,1,0.0,0.0,0.0,1,0.0,0.0,0.0,0.0,13,20,10,0
7741,234,1,0.0,0.0,0.0,1,1,0.0,0.0,0.0,0.0,1,0.0,0.0,0.0,0.0,0.0,22,26,21,0
7742,844,91,0.0,1,0.0,0.0,0.0,0.0,1,0.0,0.0,0.0,0.0,0.0,0.0,0.0,1,9,25,17,0
7743,10,99,1,0.0,0.0,0.0,0.0,1,0.0,0.0,0.0,1,0.0,0.0,0.0,0.0,0.0,8,2,27,0
7744,880,166,0.0,0.0,0.0,1,0.0,1,0.0,0.0,0.0,0.0,0.0,0.0,0.0,1,0.0,15,27,27,0
7745,986,87,1,0.0,0.0,0.0,1,0.0,0.0,0.0,0.0,1,0.0,0.0,0.0,0.0,0.0,9,23,26,0
7746,735,134,0.0,0.0,0.0,1,1,0.0,0.0,0.0,0.0,0.0,1,0.0,0.0,0.0,0.0,14,5,19,0
7747,954,56,0.0,1,0.0,0.0,0.0,0.0,0.0,1,0.0,0.0,0.0,0.0,0.0,1,0.0,13,13,2,0
7748,529,94,0.0,0.0,1,0.0,0.0,1,0.0,0.0,0.0,1,0.0,0.0,0.0,0.0,0.0,12,11,2,0
7749,106,115,0.0,0.0,0.0,1,0.0,1,0.0,0.0,0.0,0.0,0.0,0.0,1,0.0,0.0,17,18,17,0
7750,149,59,1,0.0,0.0,0.0,0.0,1,0.0,0.0,0.0,0.0,1,0.0,0.0,0.0,0.0,14,13,0,0
7751,620,188,0.0,0.0,0.0,1,0.0,0.0,0.0,0.0,1,0.0,1,0.0,0.0,0.0,0.0,21,0,29,0
7752,766,111,0.0,0.0,0.0,1,1,0.0,0.0,0.0,0.0,0.0,1,0.0,0.0,0.0,0.0,7,19,19,0
7753,908,110,1,0.0,0.0,0.0,1,0.0,0.0,0.0,0.0,0.0,0.0,0.0,0.0,1,0.0,7,17,0,0
7754,943,119,0.0,0.0,1,0.0,0.0,0.0,0.0,0.0,1,0.0,0.0,0.0,1,0.0,0.0,18,15,28,0
7755,180,124,1,0.0,0.0,0.0,0.0,0.0,0.0,0.0,1,0.0,0.0,0.0,0.0,0.0,1,15,18,28,0
7756,821,182,0.0,0.0,0.0,1,0.0,0.0,0.0,1,0.0,0.0,0.0,0.0,1,0.0,0.0,15,26,10,0
7757,619,121,0.0,0.0,0.0,1,1,0.0,0.0,0.0,0.0,1,0.0,0.0,0.0,0.0,0.0,9,17,0,0
7758,522,70,0.0,1,0.0,0.0,0.0,0.0,0.0,1,0.0,0.0,0.0,0.0,1,0.0,0.0,10,8,26,0
7759,941,73,0.0,1,0.0,0.0,0.0,0.0,0.0,0.0,1,0.0,1,0.0,0.0,0.0,0.0,8,4,2,0
7760,224,70,0.0,0.0,1,0.0,0.0,0.0,0.0,1,0.0,0.0,0.0,0.0,1,0.0,0.0,9,22,1,0
7761,676,61,0.0,0.0,0.0,1,0.0,1,0.0,0.0,0.0,0.0,0.0,0.0,0.0,1,0.0,15,2,21,0
7762,176,151,0.0,1,0.0,0.0,0.0,0.0,0.0,1,0.0,1,0.0,0.0,0.0,0.0,0.0,10,7,21,0
7763,72,101,0.0,0.0,0.0,1,0.0,0.0,0.0,1,0.0,0.0,0.0,0.0,1,0.0,0.0,10,13,13,0
7764,789,34,0.0,0.0,1,0.0,0.0,0.0,0.0,1,0.0,0.0,0.0,0.0,0.0,1,0.0,16,7,13,0
7765,919,171,0.0,1,0.0,0.0,1,0.0,0.0,0.0,0.0,1,0.0,0.0,0.0,0.0,0.0,16,4,5,0
7766,399,159,0.0,1,0.0,0.0,0.0,1,0.0,0.0,0.0,0.0,0.0,0.0,0.0,0.0,1,8,0,4,0
7767,395,157,0.0,0.0,0.0,1,0.0,0.0,0.0,1,0.0,0.0,0.0,0.0,0.0,0.0,1,16,2,22,0
7768,176,89,0.0,0.0,1,0.0,0.0,0.0,0.0,1,0.0,0.0,0.0,0.0,0.0,1,0.0,13,1,13,0
7769,335,99,1,0.0,0.0,0.0,0.0,0.0,0.0,0.0,1,0.0,0.0,0.0,0.0,1,0.0,13,21,16,0
7770,617,88,0.0,0.0,1,0.0,0.0,0.0,0.0,1,0.0,1,0.0,0.0,0.0,0.0,0.0,21,15,10,0
7771,934,203,1,0.0,0.0,0.0,1,0.0,0.0,0.0,0.0,0.0,0.0,0.0,0.0,1,0.0,18,13,5,0
7772,753,93,1,0.0,0.0,0.0,0.0,1,0.0,0.0,0.0,0.0,0.0,0.0,1,0.0,0.0,6,6,19,0
7773,380,102,0.0,0.0,1,0.0,0.0,0.0,1,0.0,0.0,0.0,0.0,0.0,0.0,1,0.0,23,25,2,0
7774,669,96,0.0,0.0,0.0,1,0.0,0.0,0.0,0.0,1,1,0.0,0.0,0.0,0.0,0.0,9,1,5,0
7775,147,153,1,0.0,0.0,0.0,0.0,0.0,1,0.0,0.0,0.0,1,0.0,0.0,0.0,0.0,15,8,17,0
7776,619,37,0.0,0.0,0.0,1,0.0,1,0.0,0.0,0.0,0.0,1,0.0,0.0,0.0,0.0,8,15,24,0
7777,585,131,0.0,1,0.0,0.0,0.0,0.0,0.0,1,0.0,0.0,0.0,0.0,0.0,0.0,1,15,26,3,0
7778,333,1,0.0,0.0,1,0.0,1,0.0,0.0,0.0,0.0,0.0,0.0,0.0,0.0,0.0,1,18,17,11,0
7779,100,74,0.0,1,0.0,0.0,0.0,1,0.0,0.0,0.0,0.0,1,0.0,0.0,0.0,0.0,14,18,2,0
7780,911,185,0.0,1,0.0,0.0,0.0,0.0,0.0,1,0.0,0.0,0.0,0.0,0.0,0.0,1,21,9,1,0
7781,937,40,0.0,1,0.0,0.0,0.0,0.0,1,0.0,0.0,0.0,1,0.0,0.0,0.0,0.0,6,10,12,0
7782,209,143,0.0,0.0,0.0,1,0.0,0.0,0.0,0.0,1,0.0,0.0,0.0,0.0,0.0,1,17,17,3,0
7783,540,29,0.0,0.0,0.0,1,0.0,0.0,1,0.0,0.0,0.0,1,0.0,0.0,0.0,0.0,19,24,18,0
7784,894,140,0.0,0.0,0.0,1,0.0,0.0,1,0.0,0.0,0.0,0.0,0.0,1,0.0,0.0,12,7,9,0
7785,251,117,1,0.0,0.0,0.0,0.0,0.0,0.0,1,0.0,1,0.0,0.0,0.0,0.0,0.0,16,16,10,0
7786,830,63,0.0,0.0,1,0.0,0.0,1,0.0,0.0,0.0,0.0,0.0,0.0,1,0.0,0.0,13,22,12,0
7787,350,149,1,0.0,0.0,0.0,0.0,0.0,1,0.0,0.0,0.0,0.0,0.0,0.0,0.0,1,6,10,3,0
7788,862,140,0.0,0.0,1,0.0,0.0,0.0,0.0,0.0,1,0.0,0.0,0.0,1,0.0,0.0,11,23,11,0
7789,831,145,0.0,0.0,1,0.0,0.0,1,0.0,0.0,0.0,0.0,0.0,0.0,0.0,0.0,1,16,27,25,0
7790,320,142,1,0.0,0.0,0.0,0.0,0.0,0.0,1,0.0,1,0.0,0.0,0.0,0.0,0.0,13,0,17,0
7791,566,82,0.0,1,0.0,0.0,0.0,1,0.0,0.0,0.0,0.0,0.0,0.0,0.0,0.0,1,18,24,2,0
7792,648,88,1,0.0,0.0,0.0,0.0,0.0,0.0,0.0,1,0.0,0.0,0.0,1,0.0,0.0,20,14,23,0
7793,923,107,0.0,1,0.0,0.0,0.0,1,0.0,0.0,0.0,0.0,0.0,0.0,0.0,0.0,1,14,1,24,0
7794,756,125,0.0,1,0.0,0.0,0.0,0.0,0.0,0.0,1,0.0,0.0,0.0,0.0,0.0,1,14,24,7,0
7795,939,89,0.0,0.0,0.0,1,0.0,0.0,1,0.0,0.0,0.0,1,0.0,0.0,0.0,0.0,16,7,24,0
7796,629,91,0.0,0.0,1,0.0,0.0,0.0,1,0.0,0.0,0.0,0.0,0.0,0.0,0.0,1,9,28,4,0
7797,811,158,0.0,1,0.0,0.0,1,0.0,0.0,0.0,0.0,0.0,0.0,0.0,0.0,1,0.0,19,18,17,0
7798,924,24,0.0,0.0,1,0.0,0.0,1,0.0,0.0,0.0,1,0.0,0.0,0.0,0.0,0.0,7,14,18,0
7799,810,105,1,0.0,0.0,0.0,1,0.0,0.0,0.0,0.0,1,0.0,0.0,0.0,0.0,0.0,7,23,19,0
7800,842,66,1,0.0,0.0,0.0,0.0,1,0.0,0.0,0.0,0.0,1,0.0,0.0,0.0,0.0,10,8,6,0
7801,128,1,1,0.0,0.0,0.0,1,0.0,0.0,0.0,0.0,0.0,1,0.0,0.0,0.0,0.0,6,29,21,0
7802,548,97,1,0.0,0.0,0.0,0.0,0.0,0.0,0.0,1,1,0.0,0.0,0.0,0.0,0.0,20,21,27,0
7803,533,63,0.0,0.0,1,0.0,0.0,1,0.0,0.0,0.0,0.0,0.0,0.0,1,0.0,0.0,6,11,22,0
7804,80,51,1,0.0,0.0,0.0,0.0,0.0,0.0,0.0,1,0.0,0.0,0.0,0.0,1,0.0,10,9,7,0
7805,961,177,0.0,0.0,1,0.0,1,0.0,0.0,0.0,0.0,0.0,0.0,0.0,1,0.0,0.0,8,24,10,0
7806,331,52,0.0,1,0.0,0.0,0.0,0.0,0.0,1,0.0,0.0,0.0,0.0,0.0,0.0,1,10,4,10,0
7807,868,119,0.0,1,0.0,0.0,0.0,0.0,0.0,0.0,1,0.0,0.0,0.0,1,0.0,0.0,23,22,25,0
7808,716,199,0.0,0.0,0.0,1,0.0,1,0.0,0.0,0.0,0.0,1,0.0,0.0,0.0,0.0,9,28,14,0
7809,312,203,0.0,0.0,1,0.0,0.0,1,0.0,0.0,0.0,0.0,0.0,0.0,0.0,0.0,1,20,28,22,0
7810,906,58,0.0,0.0,1,0.0,0.0,0.0,0.0,0.0,1,0.0,1,0.0,0.0,0.0,0.0,10,15,19,0
7811,961,134,1,0.0,0.0,0.0,1,0.0,0.0,0.0,0.0,0.0,1,0.0,0.0,0.0,0.0,19,21,1,0
7812,252,85,0.0,1,0.0,0.0,0.0,0.0,1,0.0,0.0,0.0,0.0,0.0,0.0,0.0,1,9,19,29,0
7813,321,75,0.0,1,0.0,0.0,1,0.0,0.0,0.0,0.0,0.0,0.0,0.0,0.0,1,0.0,12,12,13,0
7814,307,119,0.0,0.0,0.0,1,0.0,0.0,1,0.0,0.0,0.0,0.0,0.0,1,0.0,0.0,13,17,21,0
7815,330,46,0.0,0.0,1,0.0,0.0,0.0,1,0.0,0.0,0.0,0.0,0.0,1,0.0,0.0,22,5,25,0
7816,887,144,0.0,0.0,1,0.0,0.0,0.0,1,0.0,0.0,1,0.0,0.0,0.0,0.0,0.0,13,27,24,0
7817,938,191,0.0,0.0,1,0.0,0.0,0.0,0.0,0.0,1,1,0.0,0.0,0.0,0.0,0.0,22,27,4,0
7818,553,89,0.0,1,0.0,0.0,1,0.0,0.0,0.0,0.0,0.0,1,0.0,0.0,0.0,0.0,19,20,27,0
7819,758,78,1,0.0,0.0,0.0,1,0.0,0.0,0.0,0.0,0.0,0.0,0.0,0.0,0.0,1,23,1,0,0
7820,693,127,0.0,0.0,1,0.0,0.0,1,0.0,0.0,0.0,0.0,0.0,0.0,0.0,1,0.0,8,13,12,0
7821,920,106,0.0,0.0,0.0,1,0.0,0.0,0.0,1,0.0,0.0,0.0,0.0,0.0,0.0,1,7,4,7,0
7822,564,128,0.0,0.0,1,0.0,0.0,0.0,0.0,1,0.0,1,0.0,0.0,0.0,0.0,0.0,20,8,27,0
7823,569,1,0.0,0.0,1,0.0,1,0.0,0.0,0.0,0.0,0.0,0.0,0.0,1,0.0,0.0,7,2,5,0
7824,150,1240,1,0.0,0.0,0.0,0.0,0.0,1,0.0,0.0,0.0,0.0,0.0,1,0.0,0.0,19,97,89,1
7825,582,93,1,0.0,0.0,0.0,0.0,0.0,0.0,1,0.0,0.0,0.0,0.0,1,0.0,0.0,7,1,11,0
7826,752,97,0.0,0.0,0.0,1,1,0.0,0.0,0.0,0.0,0.0,0.0,0.0,1,0.0,0.0,19,8,17,0
7827,591,911,0.0,1,0.0,0.0,0.0,0.0,0.0,0.0,1,0.0,0.0,0.0,1,0.0,0.0,4,88,94,1
7828,755,96,1,0.0,0.0,0.0,0.0,0.0,0.0,0.0,1,0.0,0.0,0.0,1,0.0,0.0,18,2,22,0
7829,259,112,0.0,0.0,1,0.0,0.0,1,0.0,0.0,0.0,0.0,0.0,0.0,0.0,1,0.0,18,26,0,0
7830,837,21,0.0,1,0.0,0.0,1,0.0,0.0,0.0,0.0,0.0,0.0,0.0,0.0,0.0,1,18,7,24,0
7831,420,128,0.0,0.0,0.0,1,0.0,0.0,0.0,1,0.0,1,0.0,0.0,0.0,0.0,0.0,16,7,7,0
7832,462,138,0.0,1,0.0,0.0,0.0,0.0,0.0,0.0,1,1,0.0,0.0,0.0,0.0,0.0,10,23,19,0
7833,252,74,0.0,0.0,0.0,1,0.0,0.0,0.0,0.0,1,0.0,1,0.0,0.0,0.0,0.0,17,13,23,0
7834,751,79,0.0,0.0,0.0,1,0.0,0.0,0.0,0.0,1,0.0,0.0,0.0,0.0,1,0.0,18,25,3,0
7835,194,73,0.0,1,0.0,0.0,0.0,1,0.0,0.0,0.0,0.0,0.0,0.0,0.0,0.0,1,23,29,19,0
7836,463,33,1,0.0,0.0,0.0,0.0,1,0.0,0.0,0.0,0.0,0.0,0.0,0.0,1,0.0,7,6,23,0
7837,438,156,1,0.0,0.0,0.0,0.0,1,0.0,0.0,0.0,0.0,0.0,0.0,0.0,1,0.0,20,24,21,0
7838,446,33,0.0,0.0,0.0,1,0.0,0.0,1,0.0,0.0,1,0.0,0.0,0.0,0.0,0.0,8,17,15,0
7839,81,156,0.0,0.0,0.0,1,1,0.0,0.0,0.0,0.0,0.0,0.0,0.0,0.0,1,0.0,15,5,20,0
7840,636,26,0.0,0.0,0.0,1,1,0.0,0.0,0.0,0.0,0.0,0.0,0.0,1,0.0,0.0,11,20,10,0
7841,946,154,0.0,0.0,1,0.0,0.0,0.0,0.0,1,0.0,0.0,0.0,0.0,0.0,1,0.0,19,1,13,0
7842,865,1026,1,0.0,0.0,0.0,1,0.0,0.0,0.0,0.0,1,0.0,0.0,0.0,0.0,0.0,11,71,70,1
7843,415,97,0.0,1,0.0,0.0,0.0,0.0,1,0.0,0.0,0.0,0.0,0.0,0.0,1,0.0,8,19,9,0
7844,176,44,0.0,1,0.0,0.0,0.0,0.0,0.0,1,0.0,0.0,0.0,0.0,1,0.0,0.0,19,5,11,0
7845,47,128,1,0.0,0.0,0.0,0.0,0.0,1,0.0,0.0,1,0.0,0.0,0.0,0.0,0.0,11,3,14,0
7846,65,132,1,0.0,0.0,0.0,0.0,0.0,0.0,0.0,1,0.0,0.0,0.0,0.0,0.0,1,7,10,9,0
7847,304,10,1,0.0,0.0,0.0,0.0,0.0,0.0,1,0.0,0.0,0.0,0.0,0.0,1,0.0,6,88,84,1
7848,539,131,1,0.0,0.0,0.0,1,0.0,0.0,0.0,0.0,0.0,1,0.0,0.0,0.0,0.0,22,8,3,0
7849,933,88,0.0,1,0.0,0.0,1,0.0,0.0,0.0,0.0,1,0.0,0.0,0.0,0.0,0.0,11,21,0,0
7850,5,45,1,0.0,0.0,0.0,1,0.0,0.0,0.0,0.0,0.0,0.0,0.0,0.0,0.0,1,18,16,27,0
7851,652,78,1,0.0,0.0,0.0,0.0,0.0,0.0,1,0.0,0.0,1,0.0,0.0,0.0,0.0,13,5,15,0
7852,619,81,0.0,1,0.0,0.0,0.0,0.0,0.0,0.0,1,0.0,0.0,0.0,0.0,0.0,1,14,4,0,0
7853,372,126,0.0,0.0,0.0,1,0.0,0.0,0.0,0.0,1,1,0.0,0.0,0.0,0.0,0.0,21,5,13,0
7854,1,43,1,0.0,0.0,0.0,1,0.0,0.0,0.0,0.0,1,0.0,0.0,0.0,0.0,0.0,16,5,21,0
7855,206,100,0.0,0.0,0.0,1,1,0.0,0.0,0.0,0.0,0.0,0.0,0.0,1,0.0,0.0,19,3,15,0
7856,961,35,0.0,1,0.0,0.0,1,0.0,0.0,0.0,0.0,0.0,1,0.0,0.0,0.0,0.0,23,6,17,0
7857,411,105,0.0,0.0,0.0,1,0.0,0.0,0.0,1,0.0,1,0.0,0.0,0.0,0.0,0.0,12,12,14,0
7858,449,171,0.0,1,0.0,0.0,0.0,1,0.0,0.0,0.0,1,0.0,0.0,0.0,0.0,0.0,22,7,10,0
7859,576,117,0.0,0.0,0.0,1,0.0,0.0,0.0,0.0,1,0.0,0.0,0.0,1,0.0,0.0,17,24,15,0
7860,339,168,0.0,1,0.0,0.0,0.0,0.0,1,0.0,0.0,0.0,0.0,0.0,0.0,1,0.0,22,11,2,0
7861,629,197,0.0,0.0,1,0.0,0.0,0.0,1,0.0,0.0,0.0,0.0,0.0,0.0,1,0.0,21,24,6,0
7862,131,35,1,0.0,0.0,0.0,0.0,0.0,0.0,0.0,1,0.0,0.0,0.0,0.0,1,0.0,8,10,27,0
7863,798,73,0.0,0.0,0.0,1,0.0,0.0,1,0.0,0.0,1,0.0,0.0,0.0,0.0,0.0,8,16,13,0
7864,310,106,0.0,1,0.0,0.0,0.0,1,0.0,0.0,0.0,0.0,1,0.0,0.0,0.0,0.0,17,16,28,0
7865,459,10,0.0,0.0,0.0,1,0.0,1,0.0,0.0,0.0,0.0,0.0,0.0,0.0,0.0,1,21,82,87,1
7866,565,74,0.0,0.0,1,0.0,0.0,0.0,0.0,1,0.0,1,0.0,0.0,0.0,0.0,0.0,22,3,0,0
7867,939,35,0.0,1,0.0,0.0,0.0,0.0,1,0.0,0.0,1,0.0,0.0,0.0,0.0,0.0,22,14,27,0
7868,674,104,0.0,0.0,1,0.0,0.0,0.0,0.0,1,0.0,1,0.0,0.0,0.0,0.0,0.0,15,12,10,0
7869,656,204,1,0.0,0.0,0.0,0.0,1,0.0,0.0,0.0,0.0,0.0,0.0,0.0,0.0,1,23,14,25,0
7870,74,207,1,0.0,0.0,0.0,0.0,0.0,0.0,1,0.0,0.0,1,0.0,0.0,0.0,0.0,22,3,29,0
7871,839,72,1,0.0,0.0,0.0,0.0,0.0,0.0,0.0,1,1,0.0,0.0,0.0,0.0,0.0,20,23,26,0
7872,803,73,0.0,0.0,0.0,1,0.0,1,0.0,0.0,0.0,0.0,0.0,0.0,0.0,1,0.0,10,11,23,0
7873,714,202,0.0,0.0,0.0,1,0.0,0.0,1,0.0,0.0,1,0.0,0.0,0.0,0.0,0.0,12,29,23,0
7874,904,146,0.0,0.0,1,0.0,0.0,0.0,0.0,1,0.0,0.0,0.0,0.0,0.0,0.0,1,12,23,20,0
7875,459,112,0.0,0.0,1,0.0,0.0,0.0,0.0,1,0.0,0.0,0.0,0.0,0.0,0.0,1,19,18,18,0
7876,28,77,0.0,0.0,0.0,1,0.0,0.0,0.0,1,0.0,0.0,0.0,0.0,0.0,1,0.0,19,8,1,0
7877,861,100,1,0.0,0.0,0.0,0.0,0.0,1,0.0,0.0,0.0,0.0,0.0,0.0,0.0,1,12,21,8,0
7878,438,8,0.0,0.0,1,0.0,0.0,1,0.0,0.0,0.0,0.0,0.0,0.0,0.0,1,0.0,15,1,19,0
7879,434,7,1,0.0,0.0,0.0,0.0,0.0,0.0,0.0,1,0.0,0.0,0.0,1,0.0,0.0,22,1,15,0
7880,731,88,1,0.0,0.0,0.0,0.0,0.0,0.0,0.0,1,0.0,0.0,0.0,1,0.0,0.0,8,18,21,0
7881,316,176,1,0.0,0.0,0.0,0.0,0.0,0.0,0.0,1,1,0.0,0.0,0.0,0.0,0.0,23,17,17,0
7882,491,14,0.0,0.0,1,0.0,1,0.0,0.0,0.0,0.0,0.0,0.0,0.0,0.0,0.0,1,8,14,29,0
7883,414,128,0.0,1,0.0,0.0,0.0,0.0,1,0.0,0.0,0.0,0.0,0.0,0.0,1,0.0,9,27,19,0
7884,476,133,0.0,0.0,1,0.0,0.0,0.0,0.0,1,0.0,0.0,0.0,0.0,0.0,0.0,1,15,23,21,0
7885,760,179,0.0,0.0,1,0.0,0.0,0.0,0.0,0.0,1,1,0.0,0.0,0.0,0.0,0.0,19,7,2,0
7886,955,75,1,0.0,0.0,0.0,0.0,0.0,1,0.0,0.0,0.0,0.0,0.0,0.0,1,0.0,20,11,16,0
7887,611,119,1,0.0,0.0,0.0,0.0,0.0,1,0.0,0.0,0.0,1,0.0,0.0,0.0,0.0,9,4,6,0
7888,362,45,0.0,0.0,0.0,1,1,0.0,0.0,0.0,0.0,0.0,0.0,0.0,1,0.0,0.0,23,23,1,0
7889,783,244,0.0,0.0,1,0.0,0.0,1,0.0,0.0,0.0,1,0.0,0.0,0.0,0.0,0.0,12,11,7,0
7890,348,159,0.0,1,0.0,0.0,0.0,0.0,0.0,1,0.0,0.0,0.0,0.0,0.0,1,0.0,11,10,28,0
7891,383,81,0.0,0.0,0.0,1,0.0,0.0,0.0,0.0,1,0.0,1,0.0,0.0,0.0,0.0,15,5,18,0
7892,233,55,0.0,0.0,0.0,1,0.0,0.0,0.0,0.0,1,0.0,0.0,0.0,0.0,0.0,1,9,20,10,0
7893,761,15,0.0,1,0.0,0.0,0.0,0.0,0.0,0.0,1,0.0,0.0,0.0,0.0,1,0.0,16,29,28,0
7894,443,34,0.0,0.0,0.0,1,0.0,0.0,1,0.0,0.0,1,0.0,0.0,0.0,0.0,0.0,15,17,5,0
7895,934,125,0.0,0.0,1,0.0,0.0,0.0,0.0,0.0,1,0.0,0.0,0.0,0.0,0.0,1,6,20,18,0
7896,277,103,0.0,1,0.0,0.0,0.0,0.0,0.0,1,0.0,0.0,1,0.0,0.0,0.0,0.0,7,4,2,0
7897,942,53,0.0,0.0,1,0.0,0.0,0.0,1,0.0,0.0,1,0.0,0.0,0.0,0.0,0.0,14,17,21,0
7898,280,1,1,0.0,0.0,0.0,1,0.0,0.0,0.0,0.0,0.0,0.0,0.0,1,0.0,0.0,10,18,0,0
7899,865,102,0.0,1,0.0,0.0,0.0,1,0.0,0.0,0.0,0.0,0.0,0.0,1,0.0,0.0,7,12,26,0
7900,385,164,0.0,0.0,0.0,1,0.0,0.0,1,0.0,0.0,0.0,0.0,0.0,0.0,0.0,1,17,29,2,0
7901,503,68,0.0,1,0.0,0.0,0.0,1,0.0,0.0,0.0,0.0,0.0,0.0,0.0,0.0,1,14,16,18,0
7902,791,67,0.0,0.0,1,0.0,0.0,0.0,0.0,0.0,1,0.0,0.0,0.0,0.0,0.0,1,12,13,24,0
7903,992,64,0.0,0.0,1,0.0,0.0,0.0,0.0,0.0,1,0.0,0.0,0.0,0.0,0.0,1,7,15,7,0
7904,449,45,0.0,1,0.0,0.0,0.0,0.0,1,0.0,0.0,0.0,1,0.0,0.0,0.0,0.0,13,27,5,0
7905,75,57,0.0,1,0.0,0.0,0.0,0.0,1,0.0,0.0,0.0,1,0.0,0.0,0.0,0.0,13,23,18,0
7906,167,1,0.0,0.0,0.0,1,0.0,0.0,0.0,0.0,1,0.0,0.0,0.0,1,0.0,0.0,21,27,6,0
7907,867,26,0.0,0.0,1,0.0,0.0,1,0.0,0.0,0.0,0.0,0.0,0.0,1,0.0,0.0,22,14,22,0
7908,477,107,0.0,0.0,0.0,1,0.0,0.0,0.0,0.0,1,0.0,0.0,0.0,0.0,1,0.0,17,0,23,0
7909,57,38,0.0,0.0,0.0,1,0.0,0.0,1,0.0,0.0,0.0,0.0,0.0,0.0,0.0,1,17,4,18,0
7910,100,79,1,0.0,0.0,0.0,0.0,0.0,0.0,1,0.0,0.0,0.0,0.0,0.0,1,0.0,8,8,17,0
7911,730,55,0.0,1,0.0,0.0,0.0,0.0,0.0,1,0.0,0.0,0.0,0.0,1,0.0,0.0,12,8,4,0
7912,967,66,0.0,0.0,0.0,1,0.0,0.0,1,0.0,0.0,0.0,0.0,0.0,0.0,1,0.0,10,15,10,0
7913,516,120,0.0,0.0,0.0,1,0.0,0.0,1,0.0,0.0,0.0,0.0,0.0,0.0,0.0,1,11,6,24,0
7914,78,129,1,0.0,0.0,0.0,0.0,1,0.0,0.0,0.0,0.0,0.0,0.0,1,0.0,0.0,9,6,0,0
7915,652,126,0.0,0.0,0.0,1,0.0,1,0.0,0.0,0.0,1,0.0,0.0,0.0,0.0,0.0,20,8,18,0
7916,292,138,0.0,1,0.0,0.0,0.0,0.0,0.0,1,0.0,0.0,0.0,0.0,0.0,0.0,1,18,24,18,0
7917,334,127,0.0,0.0,0.0,1,1,0.0,0.0,0.0,0.0,0.0,0.0,0.0,1,0.0,0.0,6,7,11,0
7918,753,49,0.0,1,0.0,0.0,0.0,0.0,1,0.0,0.0,0.0,0.0,0.0,0.0,1,0.0,16,17,23,0
7919,495,158,0.0,0.0,1,0.0,0.0,0.0,0.0,0.0,1,0.0,0.0,0.0,0.0,0.0,1,7,13,28,0
7920,897,48,0.0,0.0,0.0,1,0.0,1,0.0,0.0,0.0,0.0,0.0,0.0,0.0,1,0.0,12,12,3,0
7921,862,94,0.0,1,0.0,0.0,0.0,0.0,1,0.0,0.0,0.0,0.0,0.0,0.0,1,0.0,16,12,28,0
7922,234,119,1,0.0,0.0,0.0,0.0,1,0.0,0.0,0.0,1,0.0,0.0,0.0,0.0,0.0,17,19,22,0
7923,475,175,0.0,0.0,0.0,1,0.0,1,0.0,0.0,0.0,0.0,0.0,0.0,1,0.0,0.0,14,15,10,0
7924,281,137,0.0,0.0,1,0.0,0.0,0.0,0.0,0.0,1,0.0,0.0,0.0,0.0,0.0,1,19,13,20,0
7925,924,148,0.0,0.0,0.0,1,1,0.0,0.0,0.0,0.0,0.0,1,0.0,0.0,0.0,0.0,10,11,2,0
7926,684,119,1,0.0,0.0,0.0,0.0,1,0.0,0.0,0.0,0.0,0.0,0.0,1,0.0,0.0,20,29,21,0
7927,891,106,1,0.0,0.0,0.0,0.0,0.0,1,0.0,0.0,1,0.0,0.0,0.0,0.0,0.0,15,3,4,0
7928,438,154,0.0,0.0,1,0.0,1,0.0,0.0,0.0,0.0,0.0,0.0,0.0,0.0,0.0,1,21,8,12,0
7929,287,60,0.0,1,0.0,0.0,0.0,1,0.0,0.0,0.0,1,0.0,0.0,0.0,0.0,0.0,15,3,20,0
7930,663,10,0.0,1,0.0,0.0,0.0,0.0,0.0,0.0,1,0.0,0.0,1,0.0,0.0,0.0,17,80,72,1
7931,303,155,0.0,0.0,0.0,1,0.0,0.0,0.0,0.0,1,0.0,0.0,0.0,0.0,0.0,1,17,2,2,0
7932,803,171,0.0,0.0,0.0,1,1,0.0,0.0,0.0,0.0,0.0,0.0,0.0,1,0.0,0.0,15,15,7,0
7933,501,82,1,0.0,0.0,0.0,0.0,0.0,0.0,1,0.0,0.0,0.0,0.0,0.0,1,0.0,17,15,13,0
7934,893,9,0.0,1,0.0,0.0,0.0,0.0,0.0,1,0.0,0.0,1,0.0,0.0,0.0,0.0,17,7,12,0
7935,336,146,0.0,1,0.0,0.0,1,0.0,0.0,0.0,0.0,0.0,1,0.0,0.0,0.0,0.0,9,27,17,0
7936,316,3191,0.0,1,0.0,0.0,0.0,0.0,0.0,0.0,1,0.0,0.0,0.0,1,0.0,0.0,11,75,75,1
7937,703,99,1,0.0,0.0,0.0,0.0,1,0.0,0.0,0.0,1,0.0,0.0,0.0,0.0,0.0,16,4,23,0
7938,580,91,0.0,0.0,1,0.0,1,0.0,0.0,0.0,0.0,0.0,0.0,0.0,0.0,0.0,1,6,19,24,0
7939,275,94,0.0,0.0,0.0,1,0.0,1,0.0,0.0,0.0,0.0,0.0,0.0,1,0.0,0.0,14,26,6,0
7940,235,101,0.0,1,0.0,0.0,0.0,1,0.0,0.0,0.0,0.0,0.0,0.0,0.0,1,0.0,12,17,27,0
7941,698,65,1,0.0,0.0,0.0,0.0,0.0,0.0,0.0,1,0.0,1,0.0,0.0,0.0,0.0,17,22,19,0
7942,721,167,0.0,0.0,1,0.0,1,0.0,0.0,0.0,0.0,1,0.0,0.0,0.0,0.0,0.0,20,28,20,0
7943,281,191,0.0,1,0.0,0.0,0.0,0.0,0.0,1,0.0,0.0,1,0.0,0.0,0.0,0.0,19,26,24,0
7944,291,85,1,0.0,0.0,0.0,1,0.0,0.0,0.0,0.0,0.0,0.0,0.0,1,0.0,0.0,8,15,19,0
7945,125,83,1,0.0,0.0,0.0,1,0.0,0.0,0.0,0.0,0.0,0.0,0.0,0.0,0.0,1,18,16,6,0
7946,11,28,0.0,0.0,0.0,1,0.0,0.0,1,0.0,0.0,0.0,0.0,0.0,0.0,1,0.0,11,1,16,0
7947,270,145,1,0.0,0.0,0.0,1,0.0,0.0,0.0,0.0,0.0,1,0.0,0.0,0.0,0.0,16,7,19,0
7948,733,116,0.0,0.0,1,0.0,0.0,1,0.0,0.0,0.0,0.0,1,0.0,0.0,0.0,0.0,19,13,1,0
7949,406,106,0.0,1,0.0,0.0,0.0,0.0,1,0.0,0.0,0.0,0.0,0.0,1,0.0,0.0,11,6,6,0
7950,991,30,0.0,0.0,0.0,1,1,0.0,0.0,0.0,0.0,0.0,0.0,0.0,0.0,1,0.0,14,16,23,0
7951,962,151,0.0,0.0,0.0,1,0.0,0.0,1,0.0,0.0,0.0,0.0,0.0,1,0.0,0.0,6,20,15,0
7952,157,86,0.0,1,0.0,0.0,0.0,1,0.0,0.0,0.0,0.0,0.0,0.0,0.0,0.0,1,6,4,18,0
7953,48,87,0.0,0.0,0.0,1,1,0.0,0.0,0.0,0.0,1,0.0,0.0,0.0,0.0,0.0,13,12,4,0
7954,875,154,0.0,0.0,0.0,1,0.0,1,0.0,0.0,0.0,1,0.0,0.0,0.0,0.0,0.0,10,9,26,0
7955,829,34,1,0.0,0.0,0.0,0.0,0.0,0.0,0.0,1,0.0,1,0.0,0.0,0.0,0.0,15,12,12,0
7956,957,150,0.0,0.0,1,0.0,0.0,1,0.0,0.0,0.0,0.0,1,0.0,0.0,0.0,0.0,18,25,26,0
7957,693,131,0.0,0.0,1,0.0,0.0,0.0,0.0,1,0.0,0.0,0.0,0.0,0.0,1,0.0,8,4,26,0
7958,833,85,0.0,0.0,0.0,1,1,0.0,0.0,0.0,0.0,0.0,0.0,0.0,1,0.0,0.0,12,29,1,0
7959,910,59,0.0,0.0,0.0,1,0.0,0.0,0.0,1,0.0,1,0.0,0.0,0.0,0.0,0.0,7,23,16,0
7960,988,181,1,0.0,0.0,0.0,0.0,0.0,0.0,1,0.0,1,0.0,0.0,0.0,0.0,0.0,16,12,13,0
7961,266,82,1,0.0,0.0,0.0,1,0.0,0.0,0.0,0.0,0.0,1,0.0,0.0,0.0,0.0,8,20,9,0
7962,177,82,0.0,0.0,1,0.0,0.0,1,0.0,0.0,0.0,0.0,0.0,0.0,0.0,1,0.0,15,15,27,0
7963,504,51,0.0,0.0,1,0.0,0.0,1,0.0,0.0,0.0,1,0.0,0.0,0.0,0.0,0.0,12,14,19,0
7964,269,99,0.0,0.0,1,0.0,1,0.0,0.0,0.0,0.0,0.0,0.0,0.0,0.0,1,0.0,21,22,9,0
7965,699,85,0.0,0.0,1,0.0,0.0,1,0.0,0.0,0.0,0.0,0.0,0.0,1,0.0,0.0,22,0,8,0
7966,890,137,0.0,0.0,0.0,1,0.0,0.0,0.0,0.0,1,0.0,0.0,0.0,1,0.0,0.0,9,20,25,0
7967,228,192,1,0.0,0.0,0.0,0.0,0.0,1,0.0,0.0,1,0.0,0.0,0.0,0.0,0.0,12,24,23,0
7968,132,116,0.0,0.0,1,0.0,0.0,1,0.0,0.0,0.0,0.0,1,0.0,0.0,0.0,0.0,6,0,5,0
7969,747,178,0.0,0.0,1,0.0,0.0,0.0,0.0,0.0,1,0.0,0.0,0.0,0.0,1,0.0,11,6,28,0
7970,472,71,0.0,1,0.0,0.0,1,0.0,0.0,0.0,0.0,0.0,1,0.0,0.0,0.0,0.0,9,12,29,0
7971,92,96,1,0.0,0.0,0.0,0.0,1,0.0,0.0,0.0,0.0,0.0,0.0,1,0.0,0.0,22,26,22,0
7972,724,147,0.0,1,0.0,0.0,0.0,0.0,0.0,0.0,1,1,0.0,0.0,0.0,0.0,0.0,10,20,26,0
7973,117,137,0.0,0.0,0.0,1,0.0,0.0,0.0,0.0,1,1,0.0,0.0,0.0,0.0,0.0,10,19,19,0
7974,44,34,0.0,0.0,1,0.0,1,0.0,0.0,0.0,0.0,0.0,0.0,0.0,0.0,0.0,1,14,13,10,0
7975,813,63,0.0,1,0.0,0.0,0.0,1,0.0,0.0,0.0,0.0,1,0.0,0.0,0.0,0.0,6,9,18,0
7976,382,137,0.0,0.0,1,0.0,0.0,0.0,0.0,1,0.0,0.0,0.0,0.0,0.0,0.0,1,9,4,11,0
7977,787,87,0.0,1,0.0,0.0,0.0,0.0,0.0,0.0,1,0.0,0.0,0.0,1,0.0,0.0,6,13,28,0
7978,619,107,0.0,0.0,1,0.0,0.0,0.0,0.0,1,0.0,1,0.0,0.0,0.0,0.0,0.0,9,4,23,0
7979,485,22,0.0,0.0,0.0,1,1,0.0,0.0,0.0,0.0,0.0,0.0,1,0.0,0.0,0.0,18,99,91,1
7980,418,124,0.0,0.0,1,0.0,0.0,0.0,0.0,1,0.0,0.0,1,0.0,0.0,0.0,0.0,15,15,13,0
7981,470,69,1,0.0,0.0,0.0,0.0,0.0,0.0,0.0,1,0.0,0.0,0.0,1,0.0,0.0,14,2,29,0
7982,473,68,0.0,1,0.0,0.0,0.0,0.0,1,0.0,0.0,1,0.0,0.0,0.0,0.0,0.0,20,25,16,0
7983,832,1,0.0,0.0,1,0.0,0.0,1,0.0,0.0,0.0,0.0,0.0,0.0,0.0,0.0,1,12,0,1,0
7984,888,10,0.0,0.0,1,0.0,1,0.0,0.0,0.0,0.0,0.0,0.0,0.0,0.0,1,0.0,4,89,90,1
7985,550,60,1,0.0,0.0,0.0,1,0.0,0.0,0.0,0.0,0.0,0.0,0.0,0.0,0.0,1,17,5,3,0
7986,912,104,0.0,0.0,0.0,1,0.0,0.0,1,0.0,0.0,0.0,1,0.0,0.0,0.0,0.0,9,8,3,0
7987,470,121,0.0,1,0.0,0.0,1,0.0,0.0,0.0,0.0,0.0,0.0,0.0,0.0,0.0,1,15,5,15,0
7988,615,114,1,0.0,0.0,0.0,0.0,0.0,0.0,0.0,1,0.0,1,0.0,0.0,0.0,0.0,13,21,6,0
7989,716,123,1,0.0,0.0,0.0,0.0,0.0,0.0,0.0,1,0.0,0.0,0.0,1,0.0,0.0,18,16,16,0
7990,728,69,1,0.0,0.0,0.0,0.0,1,0.0,0.0,0.0,0.0,0.0,0.0,0.0,0.0,1,13,26,28,0
7991,986,30,0.0,0.0,0.0,1,1,0.0,0.0,0.0,0.0,0.0,0.0,0.0,0.0,1,0.0,15,11,2,0
7992,325,61,0.0,0.0,1,0.0,0.0,0.0,0.0,0.0,1,0.0,0.0,0.0,1,0.0,0.0,18,1,10,0
7993,101,154,0.0,0.0,0.0,1,0.0,0.0,1,0.0,0.0,0.0,0.0,0.0,1,0.0,0.0,9,7,12,0
7994,322,131,1,0.0,0.0,0.0,0.0,0.0,0.0,1,0.0,0.0,0.0,0.0,0.0,1,0.0,9,22,12,0
7995,810,56,0.0,0.0,0.0,1,0.0,0.0,1,0.0,0.0,0.0,1,0.0,0.0,0.0,0.0,21,6,0,0
7996,170,147,0.0,0.0,0.0,1,0.0,0.0,0.0,0.0,1,0.0,1,0.0,0.0,0.0,0.0,14,19,25,0
7997,573,100,0.0,0.0,0.0,1,0.0,0.0,0.0,1,0.0,0.0,0.0,0.0,0.0,0.0,1,10,19,11,0
7998,669,269,0.0,0.0,1,0.0,0.0,1,0.0,0.0,0.0,0.0,0.0,0.0,0.0,1,0.0,15,20,7,0
7999,888,107,0.0,0.0,0.0,1,1,0.0,0.0,0.0,0.0,0.0,0.0,0.0,1,0.0,0.0,6,26,29,0
8000,597,70,0.0,1,0.0,0.0,0.0,0.0,0.0,0.0,1,0.0,0.0,0.0,0.0,0.0,1,6,17,10,0
8001,872,195,1,0.0,0.0,0.0,0.0,1,0.0,0.0,0.0,0.0,0.0,0.0,0.0,0.0,1,12,4,6,0
8002,784,117,0.0,0.0,1,0.0,0.0,0.0,1,0.0,0.0,0.0,0.0,0.0,1,0.0,0.0,20,18,17,0
8003,998,70,0.0,1,0.0,0.0,0.0,0.0,1,0.0,0.0,0.0,0.0,0.0,0.0,1,0.0,9,10,12,0
8004,464,176,0.0,0.0,0.0,1,0.0,1,0.0,0.0,0.0,0.0,0.0,0.0,0.0,1,0.0,12,26,27,0
8005,994,28,0.0,0.0,1,0.0,0.0,1,0.0,0.0,0.0,0.0,1,0.0,0.0,0.0,0.0,13,9,20,0
8006,994,132,0.0,0.0,0.0,1,0.0,0.0,0.0,1,0.0,0.0,0.0,0.0,0.0,0.0,1,19,23,28,0
8007,893,46,0.0,0.0,0.0,1,0.0,0.0,1,0.0,0.0,0.0,1,0.0,0.0,0.0,0.0,22,1,7,0
8008,585,1,1,0.0,0.0,0.0,0.0,0.0,0.0,0.0,1,0.0,1,0.0,0.0,0.0,0.0,6,28,28,0
8009,558,112,0.0,1,0.0,0.0,0.0,0.0,0.0,0.0,1,0.0,1,0.0,0.0,0.0,0.0,13,17,15,0
8010,505,93,0.0,0.0,1,0.0,0.0,0.0,0.0,1,0.0,0.0,0.0,0.0,0.0,0.0,1,22,16,10,0
8011,273,133,1,0.0,0.0,0.0,0.0,0.0,1,0.0,0.0,1,0.0,0.0,0.0,0.0,0.0,21,25,9,0
8012,844,61,1,0.0,0.0,0.0,1,0.0,0.0,0.0,0.0,0.0,0.0,0.0,0.0,0.0,1,15,14,6,0
8013,788,88,0.0,0.0,1,0.0,0.0,1,0.0,0.0,0.0,1,0.0,0.0,0.0,0.0,0.0,9,6,13,0
8014,924,64,0.0,0.0,1,0.0,1,0.0,0.0,0.0,0.0,1,0.0,0.0,0.0,0.0,0.0,17,14,7,0
8015,312,67,0.0,0.0,1,0.0,0.0,1,0.0,0.0,0.0,0.0,0.0,0.0,0.0,0.0,1,13,2,27,0
8016,858,87,1,0.0,0.0,0.0,0.0,0.0,0.0,0.0,1,0.0,0.0,0.0,0.0,0.0,1,13,28,22,0
8017,690,22,0.0,0.0,0.0,1,0.0,0.0,0.0,0.0,1,1,0.0,0.0,0.0,0.0,0.0,12,93,92,1
8018,967,58,0.0,1,0.0,0.0,1,0.0,0.0,0.0,0.0,0.0,0.0,0.0,1,0.0,0.0,12,3,13,0
8019,34,103,0.0,0.0,1,0.0,0.0,0.0,1,0.0,0.0,0.0,0.0,0.0,1,0.0,0.0,6,9,28,0
8020,953,139,1,0.0,0.0,0.0,0.0,0.0,0.0,0.0,1,0.0,0.0,0.0,1,0.0,0.0,8,20,25,0
8021,277,45,1,0.0,0.0,0.0,0.0,0.0,0.0,0.0,1,0.0,0.0,0.0,0.0,1,0.0,20,2,19,0
8022,963,48,1,0.0,0.0,0.0,0.0,0.0,1,0.0,0.0,0.0,1,0.0,0.0,0.0,0.0,20,0,29,0
8023,289,27,0.0,1,0.0,0.0,0.0,0.0,0.0,1,0.0,0.0,1,0.0,0.0,0.0,0.0,17,1,19,0
8024,820,70,0.0,1,0.0,0.0,0.0,1,0.0,0.0,0.0,1,0.0,0.0,0.0,0.0,0.0,7,12,25,0
8025,339,78,0.0,0.0,0.0,1,1,0.0,0.0,0.0,0.0,0.0,0.0,0.0,0.0,0.0,1,7,27,6,0
8026,237,36,0.0,1,0.0,0.0,0.0,0.0,0.0,0.0,1,0.0,0.0,0.0,1,0.0,0.0,14,9,19,0
8027,659,832,0.0,0.0,1,0.0,0.0,0.0,1,0.0,0.0,0.0,0.0,0.0,0.0,1,0.0,0,86,91,1
8028,958,66,1,0.0,0.0,0.0,0.0,1,0.0,0.0,0.0,1,0.0,0.0,0.0,0.0,0.0,18,0,4,0
8029,380,136,1,0.0,0.0,0.0,1,0.0,0.0,0.0,0.0,0.0,0.0,0.0,0.0,0.0,1,17,14,12,0
8030,139,171,0.0,0.0,0.0,1,0.0,1,0.0,0.0,0.0,0.0,0.0,0.0,0.0,0.0,1,7,8,12,0
8031,889,1,1,0.0,0.0,0.0,0.0,0.0,0.0,0.0,1,0.0,0.0,0.0,1,0.0,0.0,14,15,13,0
8032,629,76,0.0,1,0.0,0.0,1,0.0,0.0,0.0,0.0,0.0,1,0.0,0.0,0.0,0.0,15,10,22,0
8033,174,140,0.0,0.0,1,0.0,0.0,0.0,0.0,1,0.0,0.0,0.0,0.0,0.0,0.0,1,13,19,3,0
8034,65,111,0.0,0.0,0.0,1,0.0,1,0.0,0.0,0.0,0.0,0.0,0.0,0.0,1,0.0,10,13,26,0
8035,379,37,1,0.0,0.0,0.0,0.0,1,0.0,0.0,0.0,0.0,0.0,0.0,0.0,1,0.0,7,5,1,0
8036,774,145,0.0,0.0,1,0.0,0.0,0.0,1,0.0,0.0,1,0.0,0.0,0.0,0.0,0.0,10,27,2,0
8037,701,168,0.0,1,0.0,0.0,0.0,1,0.0,0.0,0.0,0.0,0.0,0.0,1,0.0,0.0,10,3,9,0
8038,73,185,1,0.0,0.0,0.0,0.0,1,0.0,0.0,0.0,0.0,0.0,0.0,1,0.0,0.0,7,27,25,0
8039,268,99,1,0.0,0.0,0.0,0.0,0.0,0.0,1,0.0,0.0,1,0.0,0.0,0.0,0.0,6,16,8,0
8040,291,10,0.0,0.0,1,0.0,1,0.0,0.0,0.0,0.0,0.0,1,0.0,0.0,0.0,0.0,4,88,92,1
8041,102,133,1,0.0,0.0,0.0,0.0,1,0.0,0.0,0.0,0.0,0.0,0.0,0.0,1,0.0,7,0,24,0
8042,699,148,0.0,1,0.0,0.0,0.0,0.0,1,0.0,0.0,0.0,0.0,0.0,0.0,0.0,1,15,7,26,0
8043,571,624,0.0,1,0.0,0.0,0.0,0.0,1,0.0,0.0,0.0,1,0.0,0.0,0.0,0.0,8,83,78,1
8044,775,90,1,0.0,0.0,0.0,0.0,1,0.0,0.0,0.0,0.0,0.0,0.0,0.0,1,0.0,16,22,9,0
8045,903,131,0.0,1,0.0,0.0,1,0.0,0.0,0.0,0.0,1,0.0,0.0,0.0,0.0,0.0,11,10,12,0
8046,351,94,0.0,1,0.0,0.0,0.0,0.0,0.0,0.0,1,0.0,0.0,0.0,0.0,1,0.0,23,24,4,0
8047,568,122,0.0,1,0.0,0.0,0.0,0.0,0.0,1,0.0,0.0,0.0,0.0,0.0,0.0,1,9,6,9,0
8048,48,115,0.0,0.0,1,0.0,0.0,0.0,0.0,1,0.0,0.0,0.0,0.0,0.0,1,0.0,20,3,15,0
8049,606,96,0.0,0.0,0.0,1,0.0,0.0,1,0.0,0.0,0.0,1,0.0,0.0,0.0,0.0,23,20,15,0
8050,443,37,1,0.0,0.0,0.0,0.0,1,0.0,0.0,0.0,0.0,0.0,0.0,0.0,1,0.0,23,18,17,0
8051,628,86,0.0,0.0,1,0.0,0.0,0.0,0.0,1,0.0,0.0,0.0,0.0,0.0,1,0.0,18,19,0,0
8052,114,133,1,0.0,0.0,0.0,0.0,1,0.0,0.0,0.0,1,0.0,0.0,0.0,0.0,0.0,16,27,25,0
8053,244,70,1,0.0,0.0,0.0,0.0,0.0,0.0,0.0,1,0.0,0.0,0.0,0.0,1,0.0,22,5,24,0
8054,103,55,0.0,0.0,1,0.0,0.0,0.0,0.0,0.0,1,0.0,0.0,0.0,0.0,0.0,1,7,15,28,0
8055,397,127,0.0,1,0.0,0.0,1,0.0,0.0,0.0,0.0,1,0.0,0.0,0.0,0.0,0.0,19,0,12,0
8056,190,49,0.0,1,0.0,0.0,0.0,1,0.0,0.0,0.0,0.0,0.0,0.0,0.0,1,0.0,14,14,24,0
8057,745,187,0.0,1,0.0,0.0,1,0.0,0.0,0.0,0.0,0.0,0.0,0.0,1,0.0,0.0,15,16,23,0
8058,145,51,1,0.0,0.0,0.0,0.0,0.0,0.0,1,0.0,0.0,0.0,0.0,0.0,1,0.0,18,27,24,0
8059,718,177,0.0,1,0.0,0.0,0.0,0.0,0.0,0.0,1,1,0.0,0.0,0.0,0.0,0.0,21,18,15,0
8060,597,68,0.0,0.0,0.0,1,0.0,0.0,0.0,1,0.0,0.0,0.0,0.0,1,0.0,0.0,11,11,1,0
8061,397,73,0.0,1,0.0,0.0,0.0,0.0,0.0,1,0.0,1,0.0,0.0,0.0,0.0,0.0,8,5,17,0
8062,753,51,0.0,0.0,0.0,1,0.0,0.0,0.0,1,0.0,0.0,0.0,0.0,0.0,1,0.0,16,15,17,0
8063,160,31,0.0,0.0,1,0.0,0.0,1,0.0,0.0,0.0,0.0,0.0,0.0,0.0,1,0.0,11,22,12,0
8064,330,94,0.0,0.0,0.0,1,0.0,0.0,0.0,0.0,1,1,0.0,0.0,0.0,0.0,0.0,17,21,8,0
8065,595,199,0.0,1,0.0,0.0,1,0.0,0.0,0.0,0.0,0.0,0.0,0.0,0.0,1,0.0,13,1,9,0
8066,413,115,0.0,0.0,0.0,1,0.0,0.0,0.0,0.0,1,1,0.0,0.0,0.0,0.0,0.0,20,15,10,0
8067,371,173,0.0,0.0,1,0.0,0.0,1,0.0,0.0,0.0,0.0,0.0,0.0,1,0.0,0.0,15,8,1,0
8068,320,71,1,0.0,0.0,0.0,0.0,1,0.0,0.0,0.0,0.0,0.0,0.0,0.0,1,0.0,11,10,19,0
8069,329,62,1,0.0,0.0,0.0,0.0,1,0.0,0.0,0.0,0.0,0.0,0.0,1,0.0,0.0,20,24,11,0
8070,614,144,0.0,1,0.0,0.0,0.0,0.0,0.0,0.0,1,1,0.0,0.0,0.0,0.0,0.0,10,15,7,0
8071,547,1210,0.0,0.0,1,0.0,0.0,1,0.0,0.0,0.0,0.0,0.0,1,0.0,0.0,0.0,4,91,91,1
8072,246,138,0.0,1,0.0,0.0,0.0,0.0,1,0.0,0.0,1,0.0,0.0,0.0,0.0,0.0,11,4,18,0
8073,29,175,0.0,0.0,1,0.0,0.0,0.0,0.0,0.0,1,0.0,0.0,0.0,0.0,0.0,1,14,20,20,0
8074,612,86,0.0,0.0,0.0,1,0.0,0.0,1,0.0,0.0,0.0,1,0.0,0.0,0.0,0.0,13,26,9,0
8075,673,76,0.0,1,0.0,0.0,0.0,0.0,1,0.0,0.0,0.0,0.0,0.0,0.0,0.0,1,14,5,24,0
8076,311,47,1,0.0,0.0,0.0,0.0,0.0,1,0.0,0.0,0.0,0.0,0.0,0.0,0.0,1,11,25,20,0
8077,102,91,0.0,0.0,1,0.0,0.0,0.0,1,0.0,0.0,0.0,1,0.0,0.0,0.0,0.0,23,11,25,0
8078,897,1,0.0,0.0,1,0.0,0.0,0.0,0.0,1,0.0,0.0,1,0.0,0.0,0.0,0.0,10,21,22,0
8079,168,75,1,0.0,0.0,0.0,0.0,0.0,1,0.0,0.0,1,0.0,0.0,0.0,0.0,0.0,6,10,4,0
8080,121,199,1,0.0,0.0,0.0,0.0,0.0,1,0.0,0.0,0.0,1,0.0,0.0,0.0,0.0,7,10,25,0
8081,202,27,0.0,1,0.0,0.0,1,0.0,0.0,0.0,0.0,0.0,0.0,0.0,1,0.0,0.0,9,0,6,0
8082,438,121,0.0,0.0,0.0,1,0.0,0.0,1,0.0,0.0,0.0,0.0,0.0,0.0,0.0,1,18,10,16,0
8083,483,4,0.0,0.0,0.0,1,0.0,0.0,0.0,0.0,1,0.0,1,0.0,0.0,0.0,0.0,19,19,13,0
8084,949,51,0.0,1,0.0,0.0,0.0,0.0,0.0,1,0.0,0.0,1,0.0,0.0,0.0,0.0,19,16,7,0
8085,94,128,0.0,0.0,0.0,1,0.0,0.0,0.0,0.0,1,1,0.0,0.0,0.0,0.0,0.0,13,25,5,0
8086,923,134,0.0,0.0,0.0,1,0.0,0.0,0.0,0.0,1,0.0,0.0,0.0,1,0.0,0.0,15,23,15,0
8087,387,96,1,0.0,0.0,0.0,0.0,1,0.0,0.0,0.0,0.0,0.0,0.0,1,0.0,0.0,7,3,1,0
8088,907,2085,1,0.0,0.0,0.0,0.0,0.0,0.0,0.0,1,0.0,0.0,0.0,1,0.0,0.0,10,72,77,1
8089,928,12,0.0,0.0,1,0.0,0.0,1,0.0,0.0,0.0,0.0,0.0,0.0,0.0,1,0.0,12,6,10,0
8090,960,201,1,0.0,0.0,0.0,0.0,0.0,0.0,0.0,1,0.0,1,0.0,0.0,0.0,0.0,11,14,11,0
8091,222,5238,0.0,0.0,1,0.0,0.0,0.0,0.0,0.0,1,0.0,0.0,0.0,1,0.0,0.0,18,90,72,1
8092,292,197,0.0,0.0,0.0,1,1,0.0,0.0,0.0,0.0,0.0,0.0,0.0,1,0.0,0.0,6,1,17,0
8093,144,8893,0.0,0.0,1,0.0,0.0,0.0,0.0,1,0.0,0.0,1,0.0,0.0,0.0,0.0,7,86,93,1
8094,72,76,0.0,0.0,0.0,1,0.0,0.0,1,0.0,0.0,0.0,1,0.0,0.0,0.0,0.0,15,24,13,0
8095,621,171,1,0.0,0.0,0.0,0.0,0.0,0.0,1,0.0,0.0,1,0.0,0.0,0.0,0.0,13,15,20,0
8096,923,84,0.0,0.0,1,0.0,0.0,0.0,1,0.0,0.0,0.0,0.0,0.0,1,0.0,0.0,13,3,29,0
8097,67,79,0.0,1,0.0,0.0,0.0,0.0,0.0,0.0,1,0.0,0.0,0.0,0.0,1,0.0,21,3,13,0
8098,117,84,1,0.0,0.0,0.0,0.0,1,0.0,0.0,0.0,0.0,0.0,0.0,0.0,0.0,1,18,24,13,0
8099,331,68,0.0,1,0.0,0.0,0.0,0.0,0.0,0.0,1,0.0,1,0.0,0.0,0.0,0.0,20,26,5,0
8100,922,115,0.0,1,0.0,0.0,0.0,0.0,0.0,0.0,1,0.0,1,0.0,0.0,0.0,0.0,13,26,16,0
8101,854,161,0.0,0.0,0.0,1,0.0,0.0,0.0,0.0,1,0.0,1,0.0,0.0,0.0,0.0,17,2,16,0
8102,223,100,0.0,0.0,0.0,1,0.0,0.0,0.0,0.0,1,0.0,0.0,0.0,0.0,0.0,1,19,18,13,0
8103,129,95,0.0,0.0,1,0.0,0.0,0.0,0.0,1,0.0,0.0,1,0.0,0.0,0.0,0.0,23,20,24,0
8104,945,132,0.0,0.0,0.0,1,0.0,1,0.0,0.0,0.0,0.0,1,0.0,0.0,0.0,0.0,9,2,3,0
8105,42,85,0.0,0.0,1,0.0,0.0,1,0.0,0.0,0.0,0.0,0.0,0.0,0.0,1,0.0,8,0,4,0
8106,159,67,0.0,1,0.0,0.0,0.0,0.0,0.0,1,0.0,0.0,0.0,0.0,1,0.0,0.0,12,19,24,0
8107,489,159,0.0,1,0.0,0.0,0.0,0.0,0.0,1,0.0,0.0,0.0,0.0,1,0.0,0.0,9,20,17,0
8108,622,43,0.0,1,0.0,0.0,0.0,1,0.0,0.0,0.0,0.0,1,0.0,0.0,0.0,0.0,20,2,3,0
8109,309,189,1,0.0,0.0,0.0,0.0,1,0.0,0.0,0.0,1,0.0,0.0,0.0,0.0,0.0,10,97,97,1
8110,21,60,1,0.0,0.0,0.0,0.0,0.0,0.0,0.0,1,0.0,0.0,0.0,0.0,0.0,1,17,15,27,0
8111,479,23,0.0,1,0.0,0.0,0.0,1,0.0,0.0,0.0,1,0.0,0.0,0.0,0.0,0.0,14,21,24,0
8112,797,148,1,0.0,0.0,0.0,1,0.0,0.0,0.0,0.0,0.0,1,0.0,0.0,0.0,0.0,19,19,24,0
8113,129,77,1,0.0,0.0,0.0,1,0.0,0.0,0.0,0.0,0.0,0.0,0.0,1,0.0,0.0,20,10,16,0
8114,966,99,1,0.0,0.0,0.0,0.0,0.0,0.0,0.0,1,0.0,1,0.0,0.0,0.0,0.0,13,16,24,0
8115,909,132,1,0.0,0.0,0.0,0.0,0.0,0.0,1,0.0,0.0,0.0,0.0,1,0.0,0.0,14,13,25,0
8116,919,79,0.0,0.0,1,0.0,0.0,0.0,1,0.0,0.0,0.0,0.0,0.0,0.0,1,0.0,14,22,11,0
8117,913,295,1,0.0,0.0,0.0,1,0.0,0.0,0.0,0.0,0.0,1,0.0,0.0,0.0,0.0,14,97,94,1
8118,325,152,0.0,0.0,0.0,1,0.0,0.0,0.0,1,0.0,0.0,0.0,0.0,0.0,1,0.0,16,19,14,0
8119,193,88,0.0,0.0,1,0.0,0.0,0.0,1,0.0,0.0,0.0,0.0,0.0,1,0.0,0.0,18,9,6,0
8120,17,179,0.0,0.0,1,0.0,0.0,1,0.0,0.0,0.0,0.0,1,0.0,0.0,0.0,0.0,18,7,16,0
8121,64,105,1,0.0,0.0,0.0,1,0.0,0.0,0.0,0.0,0.0,0.0,0.0,0.0,1,0.0,9,24,24,0
8122,790,1,1,0.0,0.0,0.0,0.0,0.0,0.0,0.0,1,0.0,0.0,0.0,0.0,1,0.0,11,29,5,0
8123,213,173,0.0,0.0,1,0.0,0.0,0.0,1,0.0,0.0,1,0.0,0.0,0.0,0.0,0.0,15,0,7,0
8124,768,58,1,0.0,0.0,0.0,0.0,1,0.0,0.0,0.0,0.0,0.0,0.0,0.0,1,0.0,11,1,11,0
8125,521,28,0.0,0.0,0.0,1,1,0.0,0.0,0.0,0.0,1,0.0,0.0,0.0,0.0,0.0,20,8,6,0
8126,829,25,0.0,0.0,0.0,1,0.0,0.0,1,0.0,0.0,0.0,0.0,0.0,0.0,1,0.0,16,20,28,0
8127,162,129,0.0,0.0,1,0.0,0.0,1,0.0,0.0,0.0,0.0,1,0.0,0.0,0.0,0.0,11,29,23,0
8128,386,163,0.0,1,0.0,0.0,0.0,0.0,0.0,1,0.0,0.0,0.0,0.0,1,0.0,0.0,21,20,20,0
8129,512,87,0.0,0.0,0.0,1,0.0,1,0.0,0.0,0.0,0.0,1,0.0,0.0,0.0,0.0,6,10,11,0
8130,337,69,0.0,0.0,1,0.0,1,0.0,0.0,0.0,0.0,0.0,0.0,0.0,0.0,0.0,1,19,12,23,0
8131,673,103,0.0,0.0,0.0,1,0.0,0.0,1,0.0,0.0,0.0,1,0.0,0.0,0.0,0.0,20,4,28,0
8132,51,90,1,0.0,0.0,0.0,0.0,0.0,0.0,0.0,1,0.0,0.0,0.0,0.0,1,0.0,7,4,15,0
8133,566,135,0.0,0.0,0.0,1,0.0,0.0,0.0,0.0,1,0.0,1,0.0,0.0,0.0,0.0,12,27,17,0
8134,991,135,0.0,0.0,0.0,1,0.0,0.0,0.0,1,0.0,0.0,0.0,0.0,0.0,1,0.0,9,7,7,0
8135,353,24,0.0,0.0,0.0,1,1,0.0,0.0,0.0,0.0,0.0,1,0.0,0.0,0.0,0.0,23,24,6,0
8136,542,38,0.0,1,0.0,0.0,0.0,0.0,0.0,0.0,1,0.0,1,0.0,0.0,0.0,0.0,13,22,20,0
8137,690,27,1,0.0,0.0,0.0,0.0,1,0.0,0.0,0.0,0.0,1,0.0,0.0,0.0,0.0,13,10,5,0
8138,949,157,0.0,1,0.0,0.0,0.0,0.0,1,0.0,0.0,1,0.0,0.0,0.0,0.0,0.0,12,12,24,0
8139,980,131,1,0.0,0.0,0.0,0.0,0.0,1,0.0,0.0,0.0,0.0,0.0,0.0,0.0,1,15,23,0,0
8140,659,106,0.0,1,0.0,0.0,1,0.0,0.0,0.0,0.0,0.0,1,0.0,0.0,0.0,0.0,20,29,7,0
8141,669,137,0.0,0.0,1,0.0,0.0,1,0.0,0.0,0.0,0.0,0.0,0.0,0.0,0.0,1,21,9,17,0
8142,969,102,0.0,0.0,0.0,1,0.0,0.0,1,0.0,0.0,0.0,0.0,0.0,0.0,0.0,1,10,15,13,0
8143,483,94,0.0,0.0,1,0.0,1,0.0,0.0,0.0,0.0,0.0,0.0,0.0,0.0,0.0,1,23,16,0,0
8144,502,85,0.0,1,0.0,0.0,1,0.0,0.0,0.0,0.0,0.0,0.0,0.0,1,0.0,0.0,20,27,0,0
8145,371,219,0.0,1,0.0,0.0,0.0,1,0.0,0.0,0.0,0.0,1,0.0,0.0,0.0,0.0,11,21,12,0
8146,688,1703,1,0.0,0.0,0.0,0.0,0.0,0.0,1,0.0,1,0.0,0.0,0.0,0.0,0.0,11,73,83,1
8147,823,57,1,0.0,0.0,0.0,0.0,1,0.0,0.0,0.0,1,0.0,0.0,0.0,0.0,0.0,19,23,10,0
8148,377,84,0.0,0.0,0.0,1,0.0,0.0,1,0.0,0.0,0.0,0.0,0.0,0.0,1,0.0,9,26,21,0
8149,650,96,0.0,0.0,0.0,1,0.0,1,0.0,0.0,0.0,1,0.0,0.0,0.0,0.0,0.0,22,8,18,0
8150,560,48,0.0,1,0.0,0.0,0.0,0.0,0.0,1,0.0,0.0,1,0.0,0.0,0.0,0.0,7,17,22,0
8151,433,33,0.0,1,0.0,0.0,0.0,1,0.0,0.0,0.0,0.0,1,0.0,0.0,0.0,0.0,16,0,6,0
8152,248,53,0.0,0.0,0.0,1,0.0,0.0,1,0.0,0.0,0.0,0.0,0.0,1,0.0,0.0,19,11,17,0
8153,918,176,0.0,1,0.0,0.0,0.0,0.0,0.0,1,0.0,0.0,0.0,0.0,1,0.0,0.0,9,26,22,0
8154,289,154,0.0,1,0.0,0.0,0.0,0.0,0.0,1,0.0,0.0,1,0.0,0.0,0.0,0.0,21,4,29,0
8155,264,120,0.0,0.0,1,0.0,0.0,0.0,0.0,0.0,1,0.0,1,0.0,0.0,0.0,0.0,22,26,25,0
8156,345,190,1,0.0,0.0,0.0,0.0,0.0,0.0,1,0.0,0.0,0.0,0.0,1,0.0,0.0,18,14,7,0
8157,403,111,1,0.0,0.0,0.0,0.0,1,0.0,0.0,0.0,1,0.0,0.0,0.0,0.0,0.0,7,12,5,0
8158,645,68,1,0.0,0.0,0.0,0.0,1,0.0,0.0,0.0,0.0,0.0,0.0,0.0,1,0.0,15,1,13,0
8159,546,116,0.0,1,0.0,0.0,1,0.0,0.0,0.0,0.0,0.0,1,0.0,0.0,0.0,0.0,13,25,8,0
8160,964,76,1,0.0,0.0,0.0,0.0,0.0,0.0,1,0.0,1,0.0,0.0,0.0,0.0,0.0,17,11,10,0
8161,872,98,0.0,0.0,1,0.0,0.0,0.0,1,0.0,0.0,0.0,0.0,0.0,1,0.0,0.0,22,6,0,0
8162,835,93,0.0,0.0,0.0,1,0.0,0.0,1,0.0,0.0,0.0,1,0.0,0.0,0.0,0.0,9,20,15,0
8163,386,143,0.0,1,0.0,0.0,0.0,0.0,1,0.0,0.0,0.0,0.0,0.0,1,0.0,0.0,14,27,16,0
8164,909,142,0.0,0.0,0.0,1,0.0,1,0.0,0.0,0.0,0.0,1,0.0,0.0,0.0,0.0,7,19,2,0
8165,454,36,0.0,0.0,1,0.0,0.0,0.0,1,0.0,0.0,1,0.0,0.0,0.0,0.0,0.0,22,20,6,0
8166,169,1234,0.0,1,0.0,0.0,0.0,0.0,0.0,0.0,1,0.0,0.0,0.0,0.0,1,0.0,18,78,84,1
8167,541,97,1,0.0,0.0,0.0,0.0,0.0,0.0,0.0,1,0.0,0.0,0.0,1,0.0,0.0,21,26,18,0
8168,967,94,0.0,1,0.0,0.0,0.0,0.0,0.0,0.0,1,0.0,0.0,0.0,0.0,1,0.0,17,7,9,0
8169,541,147,0.0,0.0,0.0,1,0.0,0.0,0.0,0.0,1,0.0,0.0,0.0,0.0,1,0.0,22,22,13,0
8170,211,42,1,0.0,0.0,0.0,0.0,0.0,0.0,1,0.0,1,0.0,0.0,0.0,0.0,0.0,17,28,29,0
8171,786,106,0.0,0.0,1,0.0,0.0,0.0,0.0,1,0.0,0.0,0.0,0.0,0.0,0.0,1,9,6,8,0
8172,545,91,0.0,1,0.0,0.0,0.0,0.0,0.0,0.0,1,1,0.0,0.0,0.0,0.0,0.0,8,22,6,0
8173,29,109,0.0,0.0,1,0.0,0.0,1,0.0,0.0,0.0,0.0,1,0.0,0.0,0.0,0.0,11,15,21,0
8174,321,168,0.0,0.0,0.0,1,0.0,0.0,0.0,0.0,1,0.0,0.0,0.0,1,0.0,0.0,14,8,21,0
8175,715,160,0.0,0.0,1,0.0,0.0,0.0,0.0,1,0.0,0.0,0.0,0.0,0.0,1,0.0,11,0,18,0
8176,951,591,1,0.0,0.0,0.0,1,0.0,0.0,0.0,0.0,1,0.0,0.0,0.0,0.0,0.0,4,87,72,1
8177,897,113,0.0,0.0,1,0.0,1,0.0,0.0,0.0,0.0,0.0,0.0,0.0,1,0.0,0.0,8,29,26,0
8178,277,89,0.0,0.0,1,0.0,0.0,0.0,0.0,0.0,1,1,0.0,0.0,0.0,0.0,0.0,19,18,4,0
8179,537,138,1,0.0,0.0,0.0,0.0,1,0.0,0.0,0.0,0.0,1,0.0,0.0,0.0,0.0,20,15,10,0
8180,865,45,0.0,0.0,0.0,1,0.0,0.0,1,0.0,0.0,0.0,0.0,0.0,1,0.0,0.0,15,4,20,0
8181,66,77,0.0,0.0,0.0,1,0.0,0.0,0.0,0.0,1,0.0,1,0.0,0.0,0.0,0.0,17,5,8,0
8182,449,151,1,0.0,0.0,0.0,1,0.0,0.0,0.0,0.0,0.0,1,0.0,0.0,0.0,0.0,6,29,19,0
8183,112,108,0.0,0.0,0.0,1,0.0,1,0.0,0.0,0.0,0.0,1,0.0,0.0,0.0,0.0,17,0,4,0
8184,469,129,1,0.0,0.0,0.0,1,0.0,0.0,0.0,0.0,0.0,0.0,0.0,1,0.0,0.0,23,10,20,0
8185,417,46,0.0,1,0.0,0.0,0.0,0.0,0.0,1,0.0,0.0,0.0,0.0,0.0,1,0.0,21,1,0,0
8186,271,82,1,0.0,0.0,0.0,0.0,0.0,0.0,0.0,1,0.0,0.0,0.0,1,0.0,0.0,23,7,4,0
8187,534,98,0.0,0.0,1,0.0,0.0,0.0,0.0,1,0.0,0.0,0.0,0.0,1,0.0,0.0,21,3,18,0
8188,601,125,0.0,0.0,0.0,1,0.0,0.0,0.0,1,0.0,0.0,1,0.0,0.0,0.0,0.0,17,14,7,0
8189,847,155,1,0.0,0.0,0.0,0.0,0.0,1,0.0,0.0,1,0.0,0.0,0.0,0.0,0.0,6,22,1,0
8190,78,168,1,0.0,0.0,0.0,0.0,0.0,1,0.0,0.0,0.0,0.0,0.0,0.0,1,0.0,15,7,24,0
8191,752,762,1,0.0,0.0,0.0,0.0,1,0.0,0.0,0.0,0.0,0.0,1,0.0,0.0,0.0,21,77,84,1
8192,720,114,0.0,0.0,1,0.0,0.0,1,0.0,0.0,0.0,0.0,0.0,0.0,0.0,1,0.0,22,23,0,0
8193,93,22,0.0,0.0,0.0,1,0.0,0.0,0.0,1,0.0,0.0,0.0,0.0,1,0.0,0.0,4,73,98,1
8194,822,143,0.0,0.0,0.0,1,0.0,0.0,0.0,1,0.0,0.0,0.0,0.0,0.0,1,0.0,7,6,5,0
8195,790,19,0.0,1,0.0,0.0,0.0,1,0.0,0.0,0.0,1,0.0,0.0,0.0,0.0,0.0,23,2,14,0
8196,490,132,1,0.0,0.0,0.0,0.0,1,0.0,0.0,0.0,0.0,0.0,0.0,0.0,1,0.0,19,21,12,0
8197,613,53,0.0,0.0,0.0,1,1,0.0,0.0,0.0,0.0,0.0,0.0,0.0,1,0.0,0.0,18,16,20,0
8198,64,168,0.0,0.0,1,0.0,0.0,0.0,0.0,0.0,1,0.0,1,0.0,0.0,0.0,0.0,15,3,26,0
8199,949,99,0.0,1,0.0,0.0,0.0,0.0,1,0.0,0.0,0.0,1,0.0,0.0,0.0,0.0,22,26,21,0
8200,558,63,1,0.0,0.0,0.0,1,0.0,0.0,0.0,0.0,0.0,1,0.0,0.0,0.0,0.0,14,15,18,0
8201,452,163,0.0,0.0,0.0,1,0.0,1,0.0,0.0,0.0,0.0,0.0,0.0,1,0.0,0.0,12,14,2,0
8202,79,136,0.0,1,0.0,0.0,0.0,0.0,1,0.0,0.0,0.0,0.0,0.0,0.0,0.0,1,7,7,3,0
8203,7,44,0.0,0.0,1,0.0,0.0,0.0,0.0,0.0,1,0.0,0.0,0.0,0.0,0.0,1,17,23,16,0
8204,898,59,0.0,0.0,1,0.0,1,0.0,0.0,0.0,0.0,1,0.0,0.0,0.0,0.0,0.0,6,13,3,0
8205,574,92,1,0.0,0.0,0.0,0.0,0.0,0.0,0.0,1,1,0.0,0.0,0.0,0.0,0.0,8,14,1,0
8206,972,1,0.0,0.0,1,0.0,0.0,0.0,1,0.0,0.0,1,0.0,0.0,0.0,0.0,0.0,10,17,23,0
8207,917,56,0.0,0.0,1,0.0,0.0,0.0,1,0.0,0.0,0.0,0.0,0.0,0.0,0.0,1,14,0,24,0
8208,124,172,0.0,0.0,0.0,1,0.0,1,0.0,0.0,0.0,0.0,1,0.0,0.0,0.0,0.0,8,21,19,0
8209,254,125,0.0,0.0,0.0,1,0.0,1,0.0,0.0,0.0,0.0,1,0.0,0.0,0.0,0.0,8,6,24,0
8210,323,102,0.0,1,0.0,0.0,1,0.0,0.0,0.0,0.0,1,0.0,0.0,0.0,0.0,0.0,11,16,26,0
8211,329,36,1,0.0,0.0,0.0,1,0.0,0.0,0.0,0.0,0.0,0.0,0.0,0.0,0.0,1,6,0,16,0
8212,884,158,0.0,0.0,0.0,1,0.0,1,0.0,0.0,0.0,0.0,0.0,0.0,0.0,0.0,1,20,5,15,0
8213,209,100,1,0.0,0.0,0.0,0.0,1,0.0,0.0,0.0,1,0.0,0.0,0.0,0.0,0.0,14,6,9,0
8214,501,108,0.0,0.0,1,0.0,0.0,1,0.0,0.0,0.0,0.0,1,0.0,0.0,0.0,0.0,14,0,6,0
8215,584,127,1,0.0,0.0,0.0,0.0,0.0,0.0,0.0,1,0.0,0.0,0.0,0.0,1,0.0,13,10,27,0
8216,383,36,0.0,0.0,0.0,1,0.0,1,0.0,0.0,0.0,1,0.0,0.0,0.0,0.0,0.0,9,16,21,0
8217,563,27,0.0,1,0.0,0.0,0.0,1,0.0,0.0,0.0,0.0,1,0.0,0.0,0.0,0.0,9,17,14,0
8218,358,171,0.0,0.0,1,0.0,0.0,0.0,0.0,0.0,1,0.0,0.0,0.0,1,0.0,0.0,11,19,27,0
8219,476,79,0.0,0.0,0.0,1,0.0,1,0.0,0.0,0.0,0.0,0.0,0.0,0.0,0.0,1,22,14,21,0
8220,215,133,1,0.0,0.0,0.0,0.0,1,0.0,0.0,0.0,1,0.0,0.0,0.0,0.0,0.0,11,1,18,0
8221,908,145,0.0,0.0,1,0.0,0.0,0.0,0.0,0.0,1,0.0,1,0.0,0.0,0.0,0.0,21,2,29,0
8222,825,57,1,0.0,0.0,0.0,0.0,0.0,1,0.0,0.0,1,0.0,0.0,0.0,0.0,0.0,13,28,20,0
8223,442,131,0.0,0.0,1,0.0,0.0,0.0,0.0,0.0,1,0.0,1,0.0,0.0,0.0,0.0,23,12,22,0
8224,554,107,0.0,0.0,1,0.0,0.0,0.0,0.0,0.0,1,1,0.0,0.0,0.0,0.0,0.0,17,24,11,0
8225,617,11,0.0,1,0.0,0.0,0.0,0.0,1,0.0,0.0,0.0,0.0,0.0,1,0.0,0.0,15,26,10,0
8226,569,24,0.0,0.0,0.0,1,0.0,0.0,1,0.0,0.0,1,0.0,0.0,0.0,0.0,0.0,11,6,7,0
8227,918,109,1,0.0,0.0,0.0,1,0.0,0.0,0.0,0.0,0.0,1,0.0,0.0,0.0,0.0,21,0,6,0
8228,451,91,1,0.0,0.0,0.0,0.0,0.0,0.0,0.0,1,0.0,1,0.0,0.0,0.0,0.0,6,23,17,0
8229,697,47,0.0,1,0.0,0.0,0.0,0.0,1,0.0,0.0,0.0,0.0,0.0,0.0,1,0.0,15,21,28,0
8230,57,115,1,0.0,0.0,0.0,0.0,1,0.0,0.0,0.0,0.0,1,0.0,0.0,0.0,0.0,6,17,0,0
8231,455,63,1,0.0,0.0,0.0,1,0.0,0.0,0.0,0.0,0.0,0.0,0.0,0.0,0.0,1,15,3,28,0
8232,447,65,0.0,1,0.0,0.0,0.0,1,0.0,0.0,0.0,0.0,0.0,0.0,0.0,0.0,1,17,20,17,0
8233,738,174,0.0,0.0,0.0,1,1,0.0,0.0,0.0,0.0,1,0.0,0.0,0.0,0.0,0.0,10,7,1,0
8234,625,139,1,0.0,0.0,0.0,0.0,1,0.0,0.0,0.0,0.0,0.0,0.0,0.0,1,0.0,8,2,25,0
8235,788,3139,0.0,0.0,1,0.0,0.0,1,0.0,0.0,0.0,0.0,0.0,0.0,0.0,0.0,1,12,90,97,1
8236,359,101,1,0.0,0.0,0.0,0.0,1,0.0,0.0,0.0,0.0,0.0,0.0,0.0,1,0.0,19,1,9,0
8237,920,126,0.0,0.0,0.0,1,0.0,0.0,0.0,0.0,1,0.0,0.0,0.0,0.0,1,0.0,20,7,20,0
8238,280,23,0.0,0.0,0.0,1,0.0,0.0,0.0,0.0,1,1,0.0,0.0,0.0,0.0,0.0,13,21,1,0
8239,972,84,1,0.0,0.0,0.0,0.0,0.0,0.0,1,0.0,1,0.0,0.0,0.0,0.0,0.0,14,10,22,0
8240,228,102,0.0,1,0.0,0.0,0.0,0.0,1,0.0,0.0,0.0,1,0.0,0.0,0.0,0.0,23,3,6,0
8241,88,173,0.0,0.0,1,0.0,0.0,0.0,0.0,0.0,1,0.0,1,0.0,0.0,0.0,0.0,23,5,8,0
8242,671,182,0.0,0.0,0.0,1,0.0,0.0,0.0,1,0.0,1,0.0,0.0,0.0,0.0,0.0,10,21,24,0
8243,208,61,0.0,0.0,0.0,1,1,0.0,0.0,0.0,0.0,0.0,1,0.0,0.0,0.0,0.0,12,25,17,0
8244,274,86,1,0.0,0.0,0.0,0.0,0.0,0.0,1,0.0,0.0,0.0,0.0,0.0,1,0.0,17,1,5,0
8245,505,57,0.0,1,0.0,0.0,0.0,0.0,0.0,1,0.0,0.0,1,0.0,0.0,0.0,0.0,14,23,7,0
8246,73,97,0.0,0.0,0.0,1,0.0,0.0,0.0,1,0.0,1,0.0,0.0,0.0,0.0,0.0,6,4,22,0
8247,972,135,0.0,0.0,0.0,1,0.0,0.0,1,0.0,0.0,1,0.0,0.0,0.0,0.0,0.0,6,28,5,0
8248,756,90,0.0,1,0.0,0.0,0.0,1,0.0,0.0,0.0,0.0,1,0.0,0.0,0.0,0.0,9,24,10,0
8249,624,77,0.0,0.0,1,0.0,0.0,1,0.0,0.0,0.0,0.0,0.0,0.0,0.0,0.0,1,10,25,11,0
8250,555,144,0.0,0.0,0.0,1,1,0.0,0.0,0.0,0.0,0.0,0.0,0.0,0.0,0.0,1,23,3,11,0
8251,279,126,0.0,0.0,0.0,1,0.0,0.0,0.0,1,0.0,0.0,0.0,0.0,0.0,0.0,1,19,18,25,0
8252,181,92,0.0,0.0,1,0.0,0.0,0.0,1,0.0,0.0,0.0,0.0,0.0,0.0,0.0,1,14,5,23,0
8253,266,218,0.0,1,0.0,0.0,0.0,1,0.0,0.0,0.0,0.0,0.0,0.0,1,0.0,0.0,8,5,6,0
8254,292,189,1,0.0,0.0,0.0,0.0,1,0.0,0.0,0.0,0.0,0.0,0.0,1,0.0,0.0,12,25,19,0
8255,622,88,0.0,1,0.0,0.0,0.0,1,0.0,0.0,0.0,0.0,0.0,0.0,0.0,1,0.0,6,8,14,0
8256,436,98,0.0,0.0,0.0,1,0.0,0.0,0.0,1,0.0,0.0,0.0,0.0,0.0,1,0.0,13,13,16,0
8257,158,159,0.0,0.0,0.0,1,0.0,0.0,0.0,0.0,1,0.0,1,0.0,0.0,0.0,0.0,21,26,25,0
8258,832,130,0.0,1,0.0,0.0,0.0,0.0,0.0,0.0,1,0.0,0.0,0.0,0.0,0.0,1,17,14,24,0
8259,924,49,0.0,0.0,1,0.0,0.0,0.0,0.0,0.0,1,0.0,1,0.0,0.0,0.0,0.0,10,5,9,0
8260,546,1,0.0,0.0,0.0,1,0.0,0.0,1,0.0,0.0,1,0.0,0.0,0.0,0.0,0.0,14,0,21,0
8261,95,145,0.0,0.0,0.0,1,0.0,0.0,1,0.0,0.0,0.0,0.0,0.0,0.0,0.0,1,15,0,26,0
8262,204,130,0.0,0.0,1,0.0,1,0.0,0.0,0.0,0.0,0.0,0.0,0.0,1,0.0,0.0,10,6,3,0
8263,697,36,0.0,0.0,0.0,1,0.0,0.0,0.0,0.0,1,1,0.0,0.0,0.0,0.0,0.0,15,6,27,0
8264,459,98,0.0,0.0,1,0.0,0.0,0.0,0.0,1,0.0,1,0.0,0.0,0.0,0.0,0.0,13,3,5,0
8265,489,92,1,0.0,0.0,0.0,0.0,1,0.0,0.0,0.0,1,0.0,0.0,0.0,0.0,0.0,18,14,10,0
8266,10,137,0.0,1,0.0,0.0,0.0,0.0,1,0.0,0.0,0.0,0.0,0.0,0.0,1,0.0,11,28,19,0
8267,61,144,1,0.0,0.0,0.0,0.0,0.0,0.0,1,0.0,0.0,1,0.0,0.0,0.0,0.0,8,4,27,0
8268,136,101,0.0,0.0,0.0,1,0.0,0.0,0.0,1,0.0,0.0,0.0,0.0,0.0,0.0,1,17,5,14,0
8269,15,77,1,0.0,0.0,0.0,1,0.0,0.0,0.0,0.0,0.0,0.0,0.0,0.0,1,0.0,14,23,15,0
8270,665,87,0.0,1,0.0,0.0,0.0,0.0,0.0,1,0.0,0.0,0.0,0.0,1,0.0,0.0,13,13,21,0
8271,257,87,0.0,1,0.0,0.0,0.0,0.0,1,0.0,0.0,0.0,1,0.0,0.0,0.0,0.0,12,6,1,0
8272,408,112,1,0.0,0.0,0.0,0.0,0.0,0.0,1,0.0,0.0,0.0,0.0,0.0,1,0.0,20,3,1,0
8273,404,122,1,0.0,0.0,0.0,0.0,0.0,1,0.0,0.0,0.0,0.0,0.0,0.0,0.0,1,23,9,22,0
8274,528,10,0.0,1,0.0,0.0,0.0,1,0.0,0.0,0.0,0.0,1,0.0,0.0,0.0,0.0,12,90,83,1
8275,698,150,1,0.0,0.0,0.0,0.0,1,0.0,0.0,0.0,0.0,1,0.0,0.0,0.0,0.0,12,1,1,0
8276,450,131,0.0,0.0,0.0,1,1,0.0,0.0,0.0,0.0,0.0,0.0,0.0,0.0,1,0.0,15,3,13,0
8277,275,29,1,0.0,0.0,0.0,1,0.0,0.0,0.0,0.0,0.0,0.0,0.0,0.0,1,0.0,16,6,24,0
8278,37,43,0.0,0.0,0.0,1,0.0,0.0,0.0,1,0.0,0.0,0.0,0.0,0.0,0.0,1,20,4,18,0
8279,329,51,0.0,1,0.0,0.0,0.0,0.0,1,0.0,0.0,1,0.0,0.0,0.0,0.0,0.0,18,1,2,0
8280,974,90,0.0,0.0,1,0.0,0.0,0.0,1,0.0,0.0,0.0,0.0,0.0,0.0,1,0.0,13,2,2,0
8281,521,139,0.0,1,0.0,0.0,0.0,0.0,0.0,0.0,1,0.0,0.0,0.0,0.0,0.0,1,18,13,12,0
8282,877,67,0.0,1,0.0,0.0,1,0.0,0.0,0.0,0.0,0.0,1,0.0,0.0,0.0,0.0,23,25,18,0
8283,52,51,0.0,0.0,1,0.0,1,0.0,0.0,0.0,0.0,0.0,0.0,0.0,1,0.0,0.0,23,4,15,0
8284,893,400,0.0,0.0,1,0.0,1,0.0,0.0,0.0,0.0,0.0,0.0,0.0,0.0,0.0,1,2,86,85,1
8285,917,842,0.0,1,0.0,0.0,0.0,0.0,0.0,0.0,1,0.0,1,0.0,0.0,0.0,0.0,13,81,74,1
8286,848,29,0.0,0.0,1,0.0,1,0.0,0.0,0.0,0.0,0.0,1,0.0,0.0,0.0,0.0,14,24,1,0
8287,140,44,0.0,1,0.0,0.0,0.0,0.0,0.0,0.0,1,0.0,1,0.0,0.0,0.0,0.0,7,24,19,0
8288,731,87,0.0,0.0,0.0,1,0.0,0.0,0.0,0.0,1,0.0,0.0,0.0,1,0.0,0.0,17,15,27,0
8289,502,89,1,0.0,0.0,0.0,0.0,0.0,0.0,0.0,1,0.0,0.0,0.0,0.0,1,0.0,19,15,3,0
8290,192,118,1,0.0,0.0,0.0,0.0,0.0,0.0,0.0,1,0.0,0.0,0.0,0.0,0.0,1,20,29,23,0
8291,875,63,1,0.0,0.0,0.0,0.0,1,0.0,0.0,0.0,0.0,0.0,0.0,0.0,1,0.0,7,1,27,0
8292,857,47,0.0,1,0.0,0.0,0.0,0.0,0.0,0.0,1,0.0,0.0,0.0,0.0,0.0,1,18,4,3,0
8293,245,20,0.0,0.0,1,0.0,0.0,1,0.0,0.0,0.0,0.0,0.0,0.0,0.0,0.0,1,12,18,20,0
8294,306,100,0.0,0.0,0.0,1,0.0,1,0.0,0.0,0.0,0.0,1,0.0,0.0,0.0,0.0,18,4,23,0
8295,99,131,0.0,1,0.0,0.0,0.0,0.0,0.0,1,0.0,0.0,0.0,0.0,0.0,0.0,1,19,16,25,0
8296,770,75,0.0,0.0,0.0,1,1,0.0,0.0,0.0,0.0,0.0,0.0,0.0,0.0,1,0.0,13,26,28,0
8297,166,21,1,0.0,0.0,0.0,0.0,1,0.0,0.0,0.0,0.0,0.0,0.0,0.0,1,0.0,7,0,15,0
8298,806,153,1,0.0,0.0,0.0,0.0,0.0,1,0.0,0.0,0.0,0.0,0.0,0.0,0.0,1,15,17,29,0
8299,563,134,0.0,0.0,0.0,1,0.0,0.0,1,0.0,0.0,0.0,0.0,0.0,0.0,0.0,1,15,7,22,0
8300,288,42,0.0,0.0,0.0,1,0.0,0.0,0.0,0.0,1,0.0,1,0.0,0.0,0.0,0.0,9,18,28,0
8301,116,87,0.0,0.0,1,0.0,1,0.0,0.0,0.0,0.0,0.0,0.0,0.0,0.0,0.0,1,9,2,25,0
8302,730,109,0.0,0.0,1,0.0,0.0,0.0,0.0,0.0,1,0.0,1,0.0,0.0,0.0,0.0,6,13,15,0
8303,823,22,1,0.0,0.0,0.0,0.0,0.0,1,0.0,0.0,1,0.0,0.0,0.0,0.0,0.0,16,13,19,0
8304,657,46,0.0,1,0.0,0.0,0.0,0.0,0.0,0.0,1,0.0,0.0,0.0,1,0.0,0.0,8,4,25,0
8305,719,176,0.0,0.0,1,0.0,0.0,0.0,0.0,0.0,1,0.0,1,0.0,0.0,0.0,0.0,8,7,6,0
8306,117,44,0.0,0.0,1,0.0,0.0,0.0,1,0.0,0.0,0.0,0.0,0.0,1,0.0,0.0,21,14,12,0
8307,654,36,0.0,0.0,0.0,1,0.0,0.0,0.0,1,0.0,0.0,0.0,0.0,1,0.0,0.0,14,9,13,0
8308,968,193,1,0.0,0.0,0.0,0.0,1,0.0,0.0,0.0,0.0,0.0,0.0,0.0,1,0.0,22,16,13,0
8309,282,97,1,0.0,0.0,0.0,0.0,1,0.0,0.0,0.0,0.0,0.0,0.0,1,0.0,0.0,8,11,18,0
8310,804,205,0.0,1,0.0,0.0,0.0,0.0,0.0,0.0,1,0.0,0.0,0.0,0.0,1,0.0,18,7,20,0
8311,821,124,0.0,0.0,1,0.0,0.0,0.0,0.0,1,0.0,0.0,0.0,0.0,0.0,1,0.0,21,13,6,0
8312,246,55,1,0.0,0.0,0.0,0.0,0.0,0.0,0.0,1,0.0,0.0,0.0,0.0,0.0,1,16,28,16,0
8313,425,143,0.0,0.0,0.0,1,0.0,0.0,0.0,1,0.0,0.0,0.0,0.0,0.0,0.0,1,22,3,24,0
8314,610,174,0.0,1,0.0,0.0,0.0,0.0,0.0,0.0,1,0.0,0.0,0.0,0.0,0.0,1,19,28,4,0
8315,907,78,0.0,0.0,0.0,1,0.0,0.0,0.0,1,0.0,1,0.0,0.0,0.0,0.0,0.0,9,16,10,0
8316,282,1396,0.0,1,0.0,0.0,0.0,0.0,1,0.0,0.0,0.0,0.0,1,0.0,0.0,0.0,21,86,73,1
8317,983,105,0.0,0.0,0.0,1,1,0.0,0.0,0.0,0.0,0.0,0.0,0.0,0.0,0.0,1,23,7,28,0
8318,402,91,0.0,0.0,0.0,1,0.0,0.0,1,0.0,0.0,0.0,0.0,0.0,0.0,1,0.0,17,3,2,0
8319,424,122,0.0,1,0.0,0.0,0.0,0.0,1,0.0,0.0,0.0,0.0,0.0,0.0,1,0.0,21,0,9,0
8320,637,93,0.0,0.0,1,0.0,0.0,0.0,1,0.0,0.0,0.0,0.0,0.0,0.0,1,0.0,11,12,23,0
8321,164,25,0.0,1,0.0,0.0,0.0,0.0,0.0,0.0,1,0.0,0.0,0.0,0.0,1,0.0,18,11,22,0
8322,732,110,0.0,1,0.0,0.0,0.0,0.0,0.0,1,0.0,0.0,0.0,0.0,1,0.0,0.0,21,3,8,0
8323,221,31,0.0,1,0.0,0.0,0.0,1,0.0,0.0,0.0,0.0,0.0,0.0,0.0,0.0,1,14,29,26,0
8324,264,161,0.0,1,0.0,0.0,0.0,0.0,1,0.0,0.0,0.0,0.0,0.0,0.0,0.0,1,14,17,10,0
8325,114,148,1,0.0,0.0,0.0,0.0,0.0,0.0,1,0.0,1,0.0,0.0,0.0,0.0,0.0,19,19,29,0
8326,576,89,0.0,1,0.0,0.0,0.0,0.0,0.0,0.0,1,1,0.0,0.0,0.0,0.0,0.0,21,26,14,0
8327,214,76,0.0,0.0,1,0.0,0.0,0.0,0.0,1,0.0,0.0,0.0,0.0,0.0,0.0,1,10,10,13,0
8328,725,139,0.0,1,0.0,0.0,0.0,1,0.0,0.0,0.0,1,0.0,0.0,0.0,0.0,0.0,9,10,12,0
8329,848,1,0.0,0.0,1,0.0,0.0,0.0,0.0,0.0,1,0.0,0.0,0.0,1,0.0,0.0,21,12,3,0
8330,507,27,0.0,0.0,1,0.0,0.0,0.0,0.0,1,0.0,1,0.0,0.0,0.0,0.0,0.0,6,18,1,0
8331,842,19,1,0.0,0.0,0.0,0.0,0.0,1,0.0,0.0,0.0,0.0,0.0,0.0,1,0.0,14,20,2,0
8332,521,134,0.0,0.0,1,0.0,0.0,1,0.0,0.0,0.0,0.0,0.0,0.0,1,0.0,0.0,9,6,13,0
8333,279,183,0.0,0.0,0.0,1,0.0,0.0,1,0.0,0.0,0.0,0.0,0.0,0.0,1,0.0,14,29,24,0
8334,104,122,0.0,0.0,1,0.0,0.0,0.0,0.0,0.0,1,0.0,0.0,0.0,1,0.0,0.0,12,0,14,0
8335,166,19,0.0,0.0,0.0,1,0.0,1,0.0,0.0,0.0,0.0,0.0,0.0,0.0,1,0.0,10,29,18,0
8336,596,60,0.0,0.0,1,0.0,0.0,0.0,0.0,0.0,1,0.0,0.0,0.0,0.0,0.0,1,14,26,23,0
8337,880,142,0.0,0.0,1,0.0,1,0.0,0.0,0.0,0.0,1,0.0,0.0,0.0,0.0,0.0,16,29,15,0
8338,433,78,0.0,1,0.0,0.0,0.0,0.0,0.0,0.0,1,0.0,0.0,0.0,0.0,0.0,1,9,6,21,0
8339,314,154,0.0,0.0,0.0,1,0.0,1,0.0,0.0,0.0,0.0,1,0.0,0.0,0.0,0.0,22,0,28,0
8340,984,111,0.0,1,0.0,0.0,0.0,1,0.0,0.0,0.0,1,0.0,0.0,0.0,0.0,0.0,20,1,24,0
8341,518,56,0.0,0.0,1,0.0,0.0,0.0,0.0,0.0,1,0.0,0.0,0.0,1,0.0,0.0,20,4,3,0
8342,797,63,0.0,0.0,0.0,1,0.0,0.0,0.0,0.0,1,0.0,1,0.0,0.0,0.0,0.0,10,11,11,0
8343,70,134,1,0.0,0.0,0.0,1,0.0,0.0,0.0,0.0,0.0,0.0,0.0,1,0.0,0.0,16,12,14,0
8344,851,216,0.0,0.0,0.0,1,0.0,0.0,1,0.0,0.0,0.0,0.0,0.0,1,0.0,0.0,13,9,3,0
8345,238,156,1,0.0,0.0,0.0,0.0,0.0,0.0,0.0,1,0.0,0.0,0.0,0.0,1,0.0,9,29,18,0
8346,131,69,0.0,0.0,1,0.0,0.0,0.0,1,0.0,0.0,0.0,0.0,0.0,0.0,0.0,1,22,21,19,0
8347,314,73,0.0,0.0,1,0.0,0.0,1,0.0,0.0,0.0,0.0,0.0,0.0,1,0.0,0.0,16,23,26,0
8348,745,96,1,0.0,0.0,0.0,0.0,0.0,0.0,0.0,1,0.0,0.0,0.0,1,0.0,0.0,18,26,15,0
8349,616,149,0.0,0.0,1,0.0,0.0,0.0,0.0,1,0.0,0.0,0.0,0.0,1,0.0,0.0,12,17,5,0
8350,389,174,0.0,0.0,0.0,1,0.0,0.0,1,0.0,0.0,0.0,1,0.0,0.0,0.0,0.0,11,22,6,0
8351,824,129,0.0,0.0,1,0.0,0.0,0.0,1,0.0,0.0,0.0,0.0,0.0,1,0.0,0.0,16,23,10,0
8352,932,90,0.0,1,0.0,0.0,0.0,1,0.0,0.0,0.0,0.0,0.0,0.0,0.0,1,0.0,17,19,19,0
8353,615,98,1,0.0,0.0,0.0,0.0,0.0,0.0,0.0,1,0.0,1,0.0,0.0,0.0,0.0,23,10,24,0
8354,701,130,0.0,0.0,1,0.0,0.0,0.0,1,0.0,0.0,0.0,0.0,0.0,0.0,1,0.0,11,14,27,0
8355,296,125,0.0,0.0,1,0.0,0.0,0.0,0.0,1,0.0,0.0,1,0.0,0.0,0.0,0.0,9,4,28,0
8356,418,123,0.0,0.0,0.0,1,0.0,0.0,0.0,1,0.0,0.0,1,0.0,0.0,0.0,0.0,15,0,4,0
8357,546,33,0.0,0.0,1,0.0,0.0,0.0,0.0,1,0.0,0.0,0.0,0.0,1,0.0,0.0,21,16,10,0
8358,860,114,0.0,0.0,1,0.0,0.0,0.0,0.0,0.0,1,0.0,0.0,0.0,0.0,0.0,1,16,29,0,0
8359,757,102,0.0,0.0,1,0.0,0.0,0.0,0.0,1,0.0,0.0,0.0,0.0,0.0,0.0,1,6,21,14,0
8360,269,94,0.0,0.0,0.0,1,0.0,0.0,0.0,1,0.0,0.0,0.0,0.0,0.0,1,0.0,17,9,28,0
8361,139,130,0.0,0.0,0.0,1,1,0.0,0.0,0.0,0.0,0.0,1,0.0,0.0,0.0,0.0,21,29,13,0
8362,204,94,1,0.0,0.0,0.0,0.0,1,0.0,0.0,0.0,1,0.0,0.0,0.0,0.0,0.0,20,0,19,0
8363,977,108,0.0,0.0,1,0.0,1,0.0,0.0,0.0,0.0,0.0,0.0,0.0,1,0.0,0.0,11,7,29,0
8364,987,50,1,0.0,0.0,0.0,0.0,0.0,1,0.0,0.0,1,0.0,0.0,0.0,0.0,0.0,7,14,12,0
8365,842,512,1,0.0,0.0,0.0,0.0,0.0,0.0,0.0,1,0.0,0.0,0.0,0.0,0.0,1,16,73,79,1
8366,933,61,0.0,0.0,0.0,1,0.0,0.0,0.0,0.0,1,0.0,0.0,0.0,0.0,1,0.0,12,29,24,0
8367,43,263,0.0,1,0.0,0.0,0.0,0.0,0.0,0.0,1,0.0,1,0.0,0.0,0.0,0.0,6,5,0,0
8368,75,96,1,0.0,0.0,0.0,0.0,0.0,0.0,1,0.0,0.0,0.0,0.0,1,0.0,0.0,17,6,24,0
8369,511,80,0.0,0.0,1,0.0,0.0,1,0.0,0.0,0.0,0.0,0.0,0.0,0.0,1,0.0,10,7,25,0
8370,261,189,1,0.0,0.0,0.0,1,0.0,0.0,0.0,0.0,0.0,1,0.0,0.0,0.0,0.0,20,13,10,0
8371,43,1,0.0,1,0.0,0.0,0.0,1,0.0,0.0,0.0,0.0,0.0,0.0,0.0,1,0.0,10,29,1,0
8372,575,108,0.0,0.0,1,0.0,0.0,0.0,0.0,1,0.0,1,0.0,0.0,0.0,0.0,0.0,16,12,4,0
8373,70,109,0.0,0.0,0.0,1,0.0,0.0,0.0,1,0.0,0.0,0.0,0.0,1,0.0,0.0,11,16,3,0
8374,365,109,0.0,0.0,1,0.0,0.0,0.0,0.0,1,0.0,1,0.0,0.0,0.0,0.0,0.0,10,15,0,0
8375,643,130,1,0.0,0.0,0.0,0.0,0.0,1,0.0,0.0,1,0.0,0.0,0.0,0.0,0.0,14,19,23,0
8376,314,154,0.0,0.0,0.0,1,0.0,1,0.0,0.0,0.0,1,0.0,0.0,0.0,0.0,0.0,16,28,15,0
8377,170,85,0.0,0.0,1,0.0,1,0.0,0.0,0.0,0.0,0.0,0.0,0.0,1,0.0,0.0,19,15,26,0
8378,676,1,0.0,1,0.0,0.0,0.0,0.0,0.0,0.0,1,1,0.0,0.0,0.0,0.0,0.0,13,12,0,0
8379,659,170,0.0,0.0,0.0,1,0.0,1,0.0,0.0,0.0,1,0.0,0.0,0.0,0.0,0.0,19,22,12,0
8380,223,22,0.0,0.0,0.0,1,1,0.0,0.0,0.0,0.0,1,0.0,0.0,0.0,0.0,0.0,9,7,3,0
8381,749,72,0.0,0.0,1,0.0,0.0,0.0,0.0,0.0,1,0.0,0.0,0.0,0.0,1,0.0,9,26,0,0
8382,62,142,0.0,0.0,0.0,1,1,0.0,0.0,0.0,0.0,0.0,0.0,0.0,0.0,1,0.0,20,5,7,0
8383,26,145,0.0,1,0.0,0.0,0.0,0.0,0.0,0.0,1,0.0,0.0,0.0,0.0,0.0,1,20,9,8,0
8384,112,75,1,0.0,0.0,0.0,1,0.0,0.0,0.0,0.0,0.0,0.0,0.0,0.0,1,0.0,17,25,21,0
8385,600,150,0.0,1,0.0,0.0,0.0,1,0.0,0.0,0.0,0.0,0.0,0.0,0.0,1,0.0,14,3,26,0
8386,386,83,0.0,0.0,0.0,1,0.0,0.0,1,0.0,0.0,0.0,0.0,0.0,1,0.0,0.0,16,23,23,0
8387,432,96,1,0.0,0.0,0.0,1,0.0,0.0,0.0,0.0,0.0,0.0,0.0,0.0,1,0.0,22,18,9,0
8388,384,90,1,0.0,0.0,0.0,0.0,0.0,0.0,0.0,1,0.0,1,0.0,0.0,0.0,0.0,22,22,27,0
8389,909,66,0.0,1,0.0,0.0,0.0,1,0.0,0.0,0.0,0.0,0.0,0.0,0.0,0.0,1,12,20,12,0
8390,288,129,0.0,1,0.0,0.0,0.0,0.0,1,0.0,0.0,0.0,1,0.0,0.0,0.0,0.0,21,3,1,0
8391,69,56,0.0,1,0.0,0.0,0.0,0.0,0.0,0.0,1,0.0,0.0,0.0,0.0,0.0,1,17,22,19,0
8392,685,91,0.0,0.0,1,0.0,1,0.0,0.0,0.0,0.0,1,0.0,0.0,0.0,0.0,0.0,6,21,2,0
8393,929,186,0.0,1,0.0,0.0,0.0,0.0,1,0.0,0.0,0.0,1,0.0,0.0,0.0,0.0,19,14,15,0
8394,288,9,0.0,0.0,1,0.0,1,0.0,0.0,0.0,0.0,0.0,1,0.0,0.0,0.0,0.0,19,28,29,0
8395,701,60,0.0,0.0,1,0.0,0.0,0.0,1,0.0,0.0,0.0,0.0,0.0,1,0.0,0.0,15,7,22,0
8396,229,135,0.0,0.0,1,0.0,1,0.0,0.0,0.0,0.0,1,0.0,0.0,0.0,0.0,0.0,10,12,4,0
8397,447,108,0.0,0.0,0.0,1,1,0.0,0.0,0.0,0.0,0.0,0.0,0.0,0.0,1,0.0,10,17,27,0
8398,629,42,0.0,0.0,1,0.0,0.0,0.0,0.0,0.0,1,1,0.0,0.0,0.0,0.0,0.0,10,24,0,0
8399,376,157,0.0,1,0.0,0.0,0.0,1,0.0,0.0,0.0,0.0,0.0,0.0,0.0,1,0.0,23,0,18,0
8400,648,96,1,0.0,0.0,0.0,0.0,1,0.0,0.0,0.0,1,0.0,0.0,0.0,0.0,0.0,8,25,24,0
8401,435,84,0.0,1,0.0,0.0,0.0,0.0,1,0.0,0.0,0.0,0.0,0.0,0.0,0.0,1,9,26,9,0
8402,579,98,0.0,0.0,1,0.0,0.0,1,0.0,0.0,0.0,0.0,0.0,0.0,0.0,0.0,1,18,10,23,0
8403,394,81,0.0,0.0,1,0.0,0.0,1,0.0,0.0,0.0,0.0,0.0,0.0,1,0.0,0.0,9,7,8,0
8404,6,72,0.0,0.0,0.0,1,0.0,0.0,0.0,1,0.0,0.0,0.0,0.0,0.0,1,0.0,11,22,27,0
8405,425,72,1,0.0,0.0,0.0,1,0.0,0.0,0.0,0.0,0.0,1,0.0,0.0,0.0,0.0,10,3,29,0
8406,75,163,0.0,1,0.0,0.0,0.0,1,0.0,0.0,0.0,0.0,1,0.0,0.0,0.0,0.0,8,11,7,0
8407,979,1,1,0.0,0.0,0.0,0.0,0.0,0.0,0.0,1,0.0,0.0,0.0,0.0,0.0,1,12,13,0,0
8408,286,133,1,0.0,0.0,0.0,1,0.0,0.0,0.0,0.0,1,0.0,0.0,0.0,0.0,0.0,10,24,0,0
8409,395,83,1,0.0,0.0,0.0,0.0,1,0.0,0.0,0.0,0.0,1,0.0,0.0,0.0,0.0,15,16,11,0
8410,628,92,0.0,0.0,1,0.0,0.0,1,0.0,0.0,0.0,0.0,1,0.0,0.0,0.0,0.0,20,18,7,0
8411,187,38,0.0,1,0.0,0.0,0.0,1,0.0,0.0,0.0,1,0.0,0.0,0.0,0.0,0.0,14,4,10,0
8412,795,122,0.0,0.0,1,0.0,0.0,1,0.0,0.0,0.0,0.0,0.0,0.0,1,0.0,0.0,18,4,1,0
8413,824,86,0.0,0.0,1,0.0,0.0,0.0,0.0,1,0.0,0.0,1,0.0,0.0,0.0,0.0,6,10,24,0
8414,23,187,0.0,0.0,0.0,1,0.0,0.0,0.0,0.0,1,0.0,0.0,0.0,0.0,1,0.0,20,20,23,0
8415,491,84,0.0,0.0,1,0.0,1,0.0,0.0,0.0,0.0,0.0,0.0,0.0,1,0.0,0.0,7,27,26,0
8416,873,56,0.0,1,0.0,0.0,0.0,1,0.0,0.0,0.0,0.0,0.0,0.0,0.0,0.0,1,22,13,24,0
8417,969,64,0.0,0.0,1,0.0,0.0,1,0.0,0.0,0.0,0.0,1,0.0,0.0,0.0,0.0,16,4,8,0
8418,392,142,0.0,0.0,0.0,1,0.0,0.0,1,0.0,0.0,0.0,0.0,0.0,1,0.0,0.0,21,8,4,0
8419,760,149,1,0.0,0.0,0.0,0.0,0.0,0.0,0.0,1,0.0,1,0.0,0.0,0.0,0.0,10,2,4,0
8420,412,117,0.0,0.0,0.0,1,0.0,1,0.0,0.0,0.0,0.0,0.0,0.0,1,0.0,0.0,13,25,4,0
8421,723,63,0.0,0.0,0.0,1,1,0.0,0.0,0.0,0.0,0.0,0.0,0.0,0.0,1,0.0,21,1,28,0
8422,205,1,0.0,0.0,0.0,1,0.0,0.0,0.0,1,0.0,0.0,0.0,0.0,1,0.0,0.0,11,11,3,0
8423,605,65,0.0,0.0,1,0.0,0.0,1,0.0,0.0,0.0,0.0,0.0,0.0,0.0,1,0.0,9,21,4,0
8424,105,53,1,0.0,0.0,0.0,1,0.0,0.0,0.0,0.0,0.0,0.0,0.0,0.0,0.0,1,14,0,29,0
8425,978,141,0.0,0.0,0.0,1,0.0,0.0,0.0,1,0.0,0.0,0.0,0.0,0.0,1,0.0,14,0,1,0
8426,621,81,0.0,0.0,0.0,1,1,0.0,0.0,0.0,0.0,0.0,0.0,0.0,1,0.0,0.0,7,8,3,0
8427,344,176,0.0,0.0,1,0.0,0.0,1,0.0,0.0,0.0,0.0,0.0,0.0,1,0.0,0.0,7,28,3,0
8428,48,134,0.0,0.0,0.0,1,0.0,0.0,0.0,0.0,1,0.0,0.0,0.0,0.0,0.0,1,7,12,23,0
8429,553,188,0.0,0.0,0.0,1,0.0,0.0,0.0,0.0,1,0.0,0.0,0.0,1,0.0,0.0,20,11,6,0
8430,697,195,1,0.0,0.0,0.0,0.0,0.0,0.0,1,0.0,1,0.0,0.0,0.0,0.0,0.0,18,11,25,0
8431,867,123,0.0,1,0.0,0.0,0.0,1,0.0,0.0,0.0,0.0,0.0,0.0,0.0,0.0,1,11,25,16,0
8432,690,63,0.0,1,0.0,0.0,0.0,0.0,1,0.0,0.0,0.0,1,0.0,0.0,0.0,0.0,16,27,24,0
8433,826,89,0.0,1,0.0,0.0,0.0,0.0,1,0.0,0.0,1,0.0,0.0,0.0,0.0,0.0,22,16,2,0
8434,142,41,1,0.0,0.0,0.0,0.0,0.0,0.0,0.0,1,1,0.0,0.0,0.0,0.0,0.0,7,3,17,0
8435,987,60,0.0,0.0,1,0.0,1,0.0,0.0,0.0,0.0,0.0,0.0,0.0,0.0,1,0.0,10,12,29,0
8436,554,67,1,0.0,0.0,0.0,1,0.0,0.0,0.0,0.0,0.0,0.0,0.0,0.0,1,0.0,6,16,1,0
8437,357,54,0.0,0.0,0.0,1,0.0,0.0,0.0,1,0.0,1,0.0,0.0,0.0,0.0,0.0,15,21,12,0
8438,174,157,0.0,1,0.0,0.0,0.0,0.0,0.0,0.0,1,0.0,0.0,0.0,1,0.0,0.0,21,17,2,0
8439,270,139,1,0.0,0.0,0.0,1,0.0,0.0,0.0,0.0,0.0,1,0.0,0.0,0.0,0.0,8,12,10,0
8440,488,86,1,0.0,0.0,0.0,0.0,0.0,0.0,1,0.0,0.0,0.0,0.0,1,0.0,0.0,15,29,27,0
8441,444,140,1,0.0,0.0,0.0,0.0,0.0,0.0,0.0,1,0.0,0.0,0.0,0.0,1,0.0,23,7,0,0
8442,329,181,0.0,0.0,1,0.0,0.0,1,0.0,0.0,0.0,0.0,0.0,0.0,0.0,1,0.0,15,20,21,0
8443,363,127,0.0,1,0.0,0.0,1,0.0,0.0,0.0,0.0,0.0,0.0,0.0,0.0,1,0.0,17,1,7,0
8444,704,110,1,0.0,0.0,0.0,0.0,0.0,1,0.0,0.0,0.0,0.0,0.0,0.0,0.0,1,6,22,5,0
8445,413,100,1,0.0,0.0,0.0,0.0,1,0.0,0.0,0.0,0.0,0.0,0.0,0.0,0.0,1,12,12,2,0
8446,933,37,0.0,0.0,1,0.0,0.0,0.0,0.0,0.0,1,0.0,1,0.0,0.0,0.0,0.0,20,12,13,0
8447,858,36,0.0,0.0,0.0,1,0.0,0.0,0.0,1,0.0,0.0,0.0,0.0,0.0,0.0,1,18,10,8,0
8448,392,180,0.0,0.0,1,0.0,0.0,0.0,0.0,0.0,1,0.0,0.0,0.0,0.0,0.0,1,13,20,14,0
8449,889,22,0.0,1,0.0,0.0,0.0,0.0,1,0.0,0.0,0.0,0.0,1,0.0,0.0,0.0,22,92,89,1
8450,657,130,0.0,0.0,1,0.0,0.0,0.0,1,0.0,0.0,0.0,0.0,0.0,1,0.0,0.0,13,16,13,0
8451,666,54,0.0,1,0.0,0.0,0.0,1,0.0,0.0,0.0,0.0,0.0,0.0,0.0,0.0,1,23,12,21,0
8452,216,98,0.0,1,0.0,0.0,0.0,0.0,0.0,0.0,1,0.0,0.0,0.0,1,0.0,0.0,18,23,7,0
8453,941,22,0.0,0.0,0.0,1,0.0,0.0,0.0,0.0,1,0.0,0.0,0.0,0.0,0.0,1,12,19,4,0
8454,465,22,0.0,0.0,0.0,1,1,0.0,0.0,0.0,0.0,0.0,0.0,0.0,0.0,1,0.0,6,96,95,1
8455,91,4,0.0,0.0,1,0.0,0.0,0.0,1,0.0,0.0,0.0,0.0,0.0,1,0.0,0.0,12,10,25,0
8456,704,82,0.0,0.0,0.0,1,0.0,1,0.0,0.0,0.0,1,0.0,0.0,0.0,0.0,0.0,18,1,24,0
8457,17,81,0.0,1,0.0,0.0,0.0,0.0,1,0.0,0.0,0.0,0.0,0.0,0.0,1,0.0,8,8,23,0
8458,201,71,1,0.0,0.0,0.0,0.0,0.0,0.0,0.0,1,0.0,0.0,0.0,0.0,0.0,1,10,1,16,0
8459,862,22,0.0,0.0,0.0,1,0.0,0.0,1,0.0,0.0,1,0.0,0.0,0.0,0.0,0.0,4,89,87,1
8460,925,142,0.0,1,0.0,0.0,0.0,0.0,0.0,0.0,1,0.0,0.0,0.0,1,0.0,0.0,12,1,26,0
8461,430,169,1,0.0,0.0,0.0,1,0.0,0.0,0.0,0.0,1,0.0,0.0,0.0,0.0,0.0,9,10,21,0
8462,470,82,0.0,0.0,0.0,1,0.0,0.0,0.0,0.0,1,0.0,1,0.0,0.0,0.0,0.0,15,15,4,0
8463,602,102,0.0,0.0,0.0,1,0.0,0.0,1,0.0,0.0,1,0.0,0.0,0.0,0.0,0.0,13,2,15,0
8464,251,143,0.0,1,0.0,0.0,1,0.0,0.0,0.0,0.0,0.0,0.0,0.0,1,0.0,0.0,23,2,25,0
8465,662,101,1,0.0,0.0,0.0,0.0,0.0,0.0,0.0,1,1,0.0,0.0,0.0,0.0,0.0,22,22,28,0
8466,996,76,0.0,0.0,0.0,1,0.0,1,0.0,0.0,0.0,0.0,0.0,0.0,1,0.0,0.0,8,2,28,0
8467,242,102,0.0,1,0.0,0.0,0.0,0.0,0.0,0.0,1,1,0.0,0.0,0.0,0.0,0.0,12,3,19,0
8468,573,120,1,0.0,0.0,0.0,0.0,0.0,0.0,1,0.0,1,0.0,0.0,0.0,0.0,0.0,11,11,15,0
8469,794,35,0.0,0.0,0.0,1,0.0,0.0,0.0,1,0.0,0.0,0.0,0.0,1,0.0,0.0,17,20,22,0
8470,725,131,0.0,0.0,1,0.0,0.0,0.0,0.0,0.0,1,0.0,0.0,0.0,0.0,0.0,1,22,4,0,0
8471,12,100,0.0,0.0,0.0,1,1,0.0,0.0,0.0,0.0,0.0,1,0.0,0.0,0.0,0.0,10,27,1,0
8472,916,88,0.0,0.0,1,0.0,0.0,0.0,0.0,0.0,1,0.0,0.0,0.0,0.0,1,0.0,15,15,7,0
8473,309,30,1,0.0,0.0,0.0,0.0,1,0.0,0.0,0.0,0.0,0.0,0.0,0.0,0.0,1,15,11,3,0
8474,713,161,0.0,0.0,1,0.0,0.0,0.0,1,0.0,0.0,0.0,1,0.0,0.0,0.0,0.0,18,3,29,0
8475,317,58,0.0,1,0.0,0.0,0.0,0.0,1,0.0,0.0,0.0,0.0,0.0,0.0,0.0,1,16,7,13,0
8476,502,113,1,0.0,0.0,0.0,1,0.0,0.0,0.0,0.0,0.0,0.0,0.0,1,0.0,0.0,9,26,17,0
8477,291,154,1,0.0,0.0,0.0,1,0.0,0.0,0.0,0.0,0.0,1,0.0,0.0,0.0,0.0,21,9,12,0
8478,273,89,0.0,0.0,0.0,1,0.0,0.0,1,0.0,0.0,0.0,0.0,0.0,0.0,0.0,1,19,26,5,0
8479,265,40,1,0.0,0.0,0.0,0.0,0.0,1,0.0,0.0,0.0,0.0,0.0,0.0,0.0,1,12,12,11,0
8480,641,163,0.0,0.0,0.0,1,1,0.0,0.0,0.0,0.0,0.0,0.0,0.0,1,0.0,0.0,12,10,26,0
8481,129,79,0.0,1,0.0,0.0,0.0,1,0.0,0.0,0.0,0.0,0.0,0.0,1,0.0,0.0,20,16,14,0
8482,128,41,0.0,1,0.0,0.0,0.0,0.0,0.0,1,0.0,1,0.0,0.0,0.0,0.0,0.0,6,8,2,0
8483,989,79,0.0,0.0,1,0.0,1,0.0,0.0,0.0,0.0,0.0,0.0,0.0,0.0,0.0,1,11,13,1,0
8484,358,145,0.0,0.0,0.0,1,1,0.0,0.0,0.0,0.0,1,0.0,0.0,0.0,0.0,0.0,13,22,3,0
8485,294,110,0.0,0.0,1,0.0,0.0,1,0.0,0.0,0.0,0.0,1,0.0,0.0,0.0,0.0,14,13,5,0
8486,574,218,0.0,0.0,1,0.0,0.0,0.0,0.0,1,0.0,1,0.0,0.0,0.0,0.0,0.0,11,19,4,0
8487,787,129,0.0,0.0,1,0.0,1,0.0,0.0,0.0,0.0,0.0,1,0.0,0.0,0.0,0.0,23,21,12,0
8488,531,1,0.0,0.0,1,0.0,0.0,0.0,0.0,0.0,1,1,0.0,0.0,0.0,0.0,0.0,10,4,9,0
8489,5,60,0.0,0.0,0.0,1,0.0,0.0,0.0,0.0,1,1,0.0,0.0,0.0,0.0,0.0,9,28,0,0
8490,677,1739,0.0,0.0,0.0,1,0.0,0.0,1,0.0,0.0,0.0,1,0.0,0.0,0.0,0.0,4,80,84,1
8491,121,10,0.0,1,0.0,0.0,0.0,1,0.0,0.0,0.0,0.0,0.0,0.0,1,0.0,0.0,15,78,80,1
8492,937,92,0.0,0.0,1,0.0,0.0,0.0,0.0,0.0,1,0.0,1,0.0,0.0,0.0,0.0,14,12,15,0
8493,348,30,0.0,0.0,1,0.0,0.0,0.0,0.0,1,0.0,0.0,0.0,0.0,1,0.0,0.0,19,3,20,0
8494,181,35,1,0.0,0.0,0.0,0.0,1,0.0,0.0,0.0,0.0,0.0,0.0,0.0,1,0.0,16,4,10,0
8495,745,143,1,0.0,0.0,0.0,0.0,1,0.0,0.0,0.0,0.0,1,0.0,0.0,0.0,0.0,23,18,27,0
8496,295,132,1,0.0,0.0,0.0,0.0,0.0,0.0,1,0.0,0.0,0.0,0.0,1,0.0,0.0,13,11,9,0
8497,820,122,0.0,0.0,0.0,1,0.0,0.0,0.0,0.0,1,1,0.0,0.0,0.0,0.0,0.0,19,1,29,0
8498,404,90,0.0,1,0.0,0.0,0.0,0.0,0.0,0.0,1,0.0,0.0,0.0,0.0,1,0.0,22,16,13,0
8499,143,163,0.0,0.0,0.0,1,0.0,0.0,0.0,1,0.0,0.0,1,0.0,0.0,0.0,0.0,18,6,11,0
8500,898,14,1,0.0,0.0,0.0,0.0,0.0,0.0,1,0.0,1,0.0,0.0,0.0,0.0,0.0,11,11,11,0
8501,650,66,0.0,0.0,1,0.0,0.0,0.0,1,0.0,0.0,0.0,0.0,0.0,0.0,0.0,1,15,23,26,0
8502,150,64,0.0,0.0,0.0,1,0.0,0.0,0.0,1,0.0,0.0,0.0,0.0,0.0,1,0.0,12,20,15,0
8503,673,225,0.0,0.0,1,0.0,0.0,0.0,0.0,1,0.0,0.0,1,0.0,0.0,0.0,0.0,14,29,28,0
8504,656,155,0.0,1,0.0,0.0,1,0.0,0.0,0.0,0.0,1,0.0,0.0,0.0,0.0,0.0,15,23,2,0
8505,720,212,1,0.0,0.0,0.0,0.0,1,0.0,0.0,0.0,0.0,1,0.0,0.0,0.0,0.0,22,5,6,0
8506,232,117,1,0.0,0.0,0.0,0.0,0.0,0.0,0.0,1,1,0.0,0.0,0.0,0.0,0.0,16,22,20,0
8507,491,117,1,0.0,0.0,0.0,1,0.0,0.0,0.0,0.0,0.0,0.0,0.0,0.0,1,0.0,19,7,19,0
8508,525,8,0.0,0.0,0.0,1,1,0.0,0.0,0.0,0.0,0.0,0.0,0.0,0.0,1,0.0,18,24,19,0
8509,610,232,0.0,1,0.0,0.0,0.0,0.0,0.0,0.0,1,0.0,1,0.0,0.0,0.0,0.0,9,4,18,0
8510,992,109,1,0.0,0.0,0.0,0.0,0.0,0.0,0.0,1,1,0.0,0.0,0.0,0.0,0.0,17,7,25,0
8511,930,81,1,0.0,0.0,0.0,0.0,1,0.0,0.0,0.0,0.0,0.0,0.0,0.0,1,0.0,7,11,6,0
8512,235,18,0.0,0.0,1,0.0,0.0,0.0,0.0,1,0.0,0.0,1,0.0,0.0,0.0,0.0,13,22,23,0
8513,95,172,0.0,1,0.0,0.0,0.0,0.0,0.0,1,0.0,0.0,0.0,0.0,1,0.0,0.0,17,23,25,0
8514,510,139,1,0.0,0.0,0.0,1,0.0,0.0,0.0,0.0,0.0,0.0,0.0,0.0,0.0,1,10,27,5,0
8515,153,84,0.0,0.0,1,0.0,0.0,1,0.0,0.0,0.0,0.0,1,0.0,0.0,0.0,0.0,22,24,26,0
8516,565,78,0.0,1,0.0,0.0,0.0,0.0,1,0.0,0.0,0.0,0.0,0.0,0.0,0.0,1,15,26,12,0
8517,644,120,0.0,0.0,1,0.0,0.0,0.0,1,0.0,0.0,0.0,1,0.0,0.0,0.0,0.0,19,2,24,0
8518,872,76,0.0,1,0.0,0.0,0.0,0.0,1,0.0,0.0,0.0,0.0,0.0,0.0,1,0.0,16,10,11,0
8519,420,98,1,0.0,0.0,0.0,0.0,0.0,0.0,0.0,1,0.0,1,0.0,0.0,0.0,0.0,19,22,6,0
8520,438,154,0.0,0.0,1,0.0,0.0,0.0,0.0,1,0.0,0.0,0.0,0.0,1,0.0,0.0,14,17,17,0
8521,808,87,0.0,0.0,0.0,1,0.0,0.0,0.0,1,0.0,0.0,1,0.0,0.0,0.0,0.0,11,26,18,0
8522,586,49,1,0.0,0.0,0.0,0.0,0.0,0.0,1,0.0,1,0.0,0.0,0.0,0.0,0.0,18,22,19,0
8523,903,124,1,0.0,0.0,0.0,0.0,0.0,0.0,1,0.0,0.0,1,0.0,0.0,0.0,0.0,11,2,16,0
8524,773,43,0.0,0.0,0.0,1,0.0,1,0.0,0.0,0.0,0.0,0.0,0.0,1,0.0,0.0,21,27,26,0
8525,643,72,1,0.0,0.0,0.0,0.0,1,0.0,0.0,0.0,0.0,0.0,0.0,1,0.0,0.0,21,5,8,0
8526,601,159,0.0,1,0.0,0.0,0.0,0.0,0.0,1,0.0,0.0,0.0,0.0,0.0,1,0.0,18,12,10,0
8527,234,163,1,0.0,0.0,0.0,0.0,1,0.0,0.0,0.0,0.0,1,0.0,0.0,0.0,0.0,12,7,20,0
8528,708,94,0.0,1,0.0,0.0,0.0,0.0,0.0,1,0.0,0.0,1,0.0,0.0,0.0,0.0,8,3,8,0
8529,286,112,0.0,1,0.0,0.0,0.0,0.0,1,0.0,0.0,0.0,0.0,0.0,0.0,0.0,1,10,4,9,0
8530,821,142,0.0,0.0,0.0,1,0.0,0.0,0.0,0.0,1,0.0,0.0,0.0,1,0.0,0.0,14,13,29,0
8531,853,119,0.0,1,0.0,0.0,0.0,0.0,0.0,0.0,1,0.0,0.0,0.0,0.0,1,0.0,11,11,1,0
8532,366,19,0.0,0.0,1,0.0,0.0,1,0.0,0.0,0.0,0.0,1,0.0,0.0,0.0,0.0,21,14,19,0
8533,357,151,0.0,1,0.0,0.0,0.0,0.0,0.0,0.0,1,1,0.0,0.0,0.0,0.0,0.0,22,5,17,0
8534,897,94,0.0,0.0,1,0.0,0.0,0.0,1,0.0,0.0,0.0,0.0,0.0,0.0,0.0,1,6,6,1,0
8535,11,112,0.0,0.0,0.0,1,1,0.0,0.0,0.0,0.0,0.0,0.0,0.0,1,0.0,0.0,23,25,17,0
8536,43,21,0.0,0.0,0.0,1,0.0,1,0.0,0.0,0.0,0.0,0.0,0.0,1,0.0,0.0,18,13,10,0
8537,716,121,0.0,1,0.0,0.0,0.0,1,0.0,0.0,0.0,0.0,0.0,0.0,1,0.0,0.0,16,3,5,0
8538,68,59,0.0,0.0,0.0,1,0.0,1,0.0,0.0,0.0,0.0,0.0,0.0,0.0,0.0,1,10,26,15,0
8539,369,132,0.0,1,0.0,0.0,0.0,1,0.0,0.0,0.0,0.0,1,0.0,0.0,0.0,0.0,9,24,20,0
8540,693,129,0.0,0.0,1,0.0,0.0,0.0,1,0.0,0.0,0.0,0.0,0.0,1,0.0,0.0,22,18,10,0
8541,50,79,0.0,0.0,1,0.0,0.0,0.0,0.0,1,0.0,1,0.0,0.0,0.0,0.0,0.0,13,0,24,0
8542,602,172,0.0,1,0.0,0.0,0.0,0.0,0.0,1,0.0,0.0,0.0,0.0,0.0,1,0.0,18,10,13,0
8543,854,137,0.0,0.0,1,0.0,1,0.0,0.0,0.0,0.0,1,0.0,0.0,0.0,0.0,0.0,11,22,6,0
8544,663,1,0.0,0.0,1,0.0,0.0,1,0.0,0.0,0.0,0.0,0.0,0.0,0.0,0.0,1,7,0,25,0
8545,88,31,0.0,0.0,1,0.0,0.0,0.0,1,0.0,0.0,1,0.0,0.0,0.0,0.0,0.0,9,16,11,0
8546,112,53,1,0.0,0.0,0.0,0.0,1,0.0,0.0,0.0,0.0,0.0,0.0,1,0.0,0.0,12,25,20,0
8547,246,539,0.0,0.0,1,0.0,1,0.0,0.0,0.0,0.0,1,0.0,0.0,0.0,0.0,0.0,4,82,91,1
8548,48,148,0.0,1,0.0,0.0,1,0.0,0.0,0.0,0.0,0.0,0.0,0.0,0.0,1,0.0,21,12,10,0
8549,952,42,1,0.0,0.0,0.0,0.0,0.0,0.0,1,0.0,0.0,0.0,0.0,0.0,1,0.0,6,2,8,0
8550,704,153,1,0.0,0.0,0.0,0.0,0.0,1,0.0,0.0,0.0,0.0,0.0,0.0,0.0,1,8,25,27,0
8551,877,87,0.0,1,0.0,0.0,1,0.0,0.0,0.0,0.0,0.0,0.0,0.0,0.0,0.0,1,23,28,0,0
8552,905,102,1,0.0,0.0,0.0,0.0,0.0,1,0.0,0.0,0.0,0.0,0.0,0.0,1,0.0,12,10,13,0
8553,234,134,0.0,0.0,1,0.0,0.0,1,0.0,0.0,0.0,0.0,1,0.0,0.0,0.0,0.0,14,5,23,0
8554,579,79,0.0,1,0.0,0.0,0.0,0.0,1,0.0,0.0,0.0,0.0,0.0,0.0,1,0.0,9,19,5,0
8555,612,94,0.0,1,0.0,0.0,0.0,0.0,0.0,1,0.0,1,0.0,0.0,0.0,0.0,0.0,10,17,28,0
8556,456,76,0.0,0.0,0.0,1,0.0,0.0,0.0,1,0.0,1,0.0,0.0,0.0,0.0,0.0,23,6,23,0
8557,991,61,0.0,1,0.0,0.0,0.0,0.0,1,0.0,0.0,1,0.0,0.0,0.0,0.0,0.0,7,4,7,0
8558,679,125,0.0,0.0,1,0.0,0.0,1,0.0,0.0,0.0,0.0,0.0,0.0,1,0.0,0.0,19,6,11,0
8559,588,61,0.0,0.0,0.0,1,0.0,0.0,1,0.0,0.0,0.0,0.0,0.0,1,0.0,0.0,16,19,25,0
8560,495,106,1,0.0,0.0,0.0,1,0.0,0.0,0.0,0.0,0.0,0.0,0.0,0.0,0.0,1,10,0,9,0
8561,566,119,0.0,1,0.0,0.0,1,0.0,0.0,0.0,0.0,0.0,0.0,0.0,1,0.0,0.0,11,2,10,0
8562,285,144,0.0,0.0,1,0.0,0.0,0.0,1,0.0,0.0,0.0,0.0,0.0,0.0,1,0.0,12,6,3,0
8563,572,125,0.0,0.0,0.0,1,0.0,0.0,1,0.0,0.0,1,0.0,0.0,0.0,0.0,0.0,14,16,15,0
8564,746,55,1,0.0,0.0,0.0,1,0.0,0.0,0.0,0.0,0.0,0.0,0.0,1,0.0,0.0,6,12,2,0
8565,46,67,1,0.0,0.0,0.0,0.0,0.0,0.0,0.0,1,1,0.0,0.0,0.0,0.0,0.0,16,9,7,0
8566,384,138,0.0,0.0,1,0.0,0.0,1,0.0,0.0,0.0,1,0.0,0.0,0.0,0.0,0.0,7,28,17,0
8567,291,55,1,0.0,0.0,0.0,1,0.0,0.0,0.0,0.0,1,0.0,0.0,0.0,0.0,0.0,13,22,5,0
8568,564,55,1,0.0,0.0,0.0,0.0,1,0.0,0.0,0.0,0.0,0.0,0.0,1,0.0,0.0,11,7,24,0
8569,363,85,0.0,0.0,0.0,1,0.0,0.0,1,0.0,0.0,0.0,0.0,0.0,1,0.0,0.0,17,21,0,0
8570,470,118,0.0,0.0,0.0,1,0.0,0.0,0.0,0.0,1,0.0,1,0.0,0.0,0.0,0.0,19,0,28,0
8571,712,9,0.0,0.0,1,0.0,1,0.0,0.0,0.0,0.0,0.0,1,0.0,0.0,0.0,0.0,11,5,3,0
8572,169,49,1,0.0,0.0,0.0,1,0.0,0.0,0.0,0.0,0.0,0.0,0.0,0.0,0.0,1,16,7,2,0
8573,3,129,0.0,0.0,0.0,1,0.0,0.0,0.0,1,0.0,1,0.0,0.0,0.0,0.0,0.0,6,2,11,0
8574,643,108,1,0.0,0.0,0.0,1,0.0,0.0,0.0,0.0,0.0,0.0,0.0,0.0,0.0,1,20,17,22,0
8575,272,87,0.0,0.0,0.0,1,1,0.0,0.0,0.0,0.0,0.0,1,0.0,0.0,0.0,0.0,13,25,7,0
8576,755,110,1,0.0,0.0,0.0,0.0,0.0,1,0.0,0.0,0.0,0.0,0.0,1,0.0,0.0,13,11,21,0
8577,617,98,0.0,0.0,0.0,1,0.0,0.0,0.0,1,0.0,0.0,0.0,0.0,0.0,1,0.0,7,28,11,0
8578,458,114,0.0,1,0.0,0.0,0.0,1,0.0,0.0,0.0,0.0,1,0.0,0.0,0.0,0.0,16,11,29,0
8579,445,51,0.0,0.0,1,0.0,1,0.0,0.0,0.0,0.0,0.0,0.0,0.0,1,0.0,0.0,18,26,26,0
8580,178,86,0.0,1,0.0,0.0,0.0,0.0,0.0,1,0.0,0.0,0.0,0.0,1,0.0,0.0,12,24,0,0
8581,646,75,0.0,1,0.0,0.0,0.0,0.0,0.0,1,0.0,0.0,0.0,0.0,1,0.0,0.0,6,16,13,0
8582,659,55,0.0,0.0,1,0.0,1,0.0,0.0,0.0,0.0,0.0,0.0,0.0,0.0,1,0.0,12,12,20,0
8583,953,102,0.0,1,0.0,0.0,0.0,0.0,0.0,1,0.0,0.0,0.0,0.0,0.0,1,0.0,8,22,2,0
8584,399,107,0.0,1,0.0,0.0,0.0,0.0,1,0.0,0.0,0.0,0.0,0.0,0.0,1,0.0,18,6,1,0
8585,161,122,0.0,0.0,1,0.0,0.0,0.0,1,0.0,0.0,1,0.0,0.0,0.0,0.0,0.0,6,26,0,0
8586,74,129,0.0,0.0,0.0,1,0.0,0.0,0.0,0.0,1,0.0,0.0,0.0,0.0,0.0,1,6,16,22,0
8587,41,55,1,0.0,0.0,0.0,1,0.0,0.0,0.0,0.0,0.0,0.0,0.0,1,0.0,0.0,12,21,6,0
8588,624,48,0.0,0.0,0.0,1,1,0.0,0.0,0.0,0.0,0.0,0.0,0.0,1,0.0,0.0,22,16,14,0
8589,974,131,1,0.0,0.0,0.0,0.0,1,0.0,0.0,0.0,0.0,1,0.0,0.0,0.0,0.0,17,21,12,0
8590,39,138,1,0.0,0.0,0.0,0.0,1,0.0,0.0,0.0,1,0.0,0.0,0.0,0.0,0.0,10,2,9,0
8591,261,1745,0.0,0.0,0.0,1,0.0,1,0.0,0.0,0.0,0.0,1,0.0,0.0,0.0,0.0,3,87,95,1
8592,238,25,0.0,0.0,0.0,1,0.0,0.0,0.0,1,0.0,0.0,0.0,0.0,1,0.0,0.0,19,28,23,0
8593,484,79,0.0,0.0,0.0,1,0.0,0.0,0.0,0.0,1,0.0,1,0.0,0.0,0.0,0.0,13,16,27,0
8594,964,37,0.0,1,0.0,0.0,0.0,0.0,0.0,1,0.0,0.0,1,0.0,0.0,0.0,0.0,13,7,18,0
8595,121,75,0.0,0.0,1,0.0,1,0.0,0.0,0.0,0.0,0.0,1,0.0,0.0,0.0,0.0,21,16,16,0
8596,197,139,0.0,1,0.0,0.0,0.0,0.0,1,0.0,0.0,0.0,0.0,0.0,1,0.0,0.0,14,13,7,0
8597,624,129,1,0.0,0.0,0.0,1,0.0,0.0,0.0,0.0,0.0,1,0.0,0.0,0.0,0.0,18,18,25,0
8598,177,86,0.0,0.0,1,0.0,0.0,0.0,1,0.0,0.0,0.0,1,0.0,0.0,0.0,0.0,18,15,1,0
8599,414,195,0.0,1,0.0,0.0,1,0.0,0.0,0.0,0.0,0.0,0.0,0.0,0.0,1,0.0,14,29,10,0
8600,627,133,1,0.0,0.0,0.0,0.0,0.0,0.0,0.0,1,0.0,0.0,0.0,0.0,1,0.0,9,10,21,0
8601,556,135,0.0,1,0.0,0.0,0.0,0.0,1,0.0,0.0,0.0,0.0,0.0,0.0,0.0,1,15,28,10,0
8602,719,92,1,0.0,0.0,0.0,0.0,0.0,0.0,1,0.0,0.0,0.0,0.0,0.0,1,0.0,6,15,6,0
8603,958,123,0.0,0.0,0.0,1,0.0,0.0,0.0,1,0.0,0.0,0.0,0.0,0.0,0.0,1,10,0,15,0
8604,681,16,0.0,0.0,1,0.0,1,0.0,0.0,0.0,0.0,0.0,0.0,0.0,1,0.0,0.0,12,10,9,0
8605,355,136,0.0,1,0.0,0.0,0.0,1,0.0,0.0,0.0,0.0,0.0,0.0,1,0.0,0.0,17,7,7,0
8606,972,53,0.0,0.0,1,0.0,1,0.0,0.0,0.0,0.0,1,0.0,0.0,0.0,0.0,0.0,13,4,19,0
8607,883,165,0.0,0.0,0.0,1,0.0,0.0,0.0,1,0.0,0.0,0.0,0.0,0.0,0.0,1,11,22,3,0
8608,821,144,0.0,0.0,1,0.0,1,0.0,0.0,0.0,0.0,0.0,0.0,0.0,1,0.0,0.0,18,27,7,0
8609,554,35,0.0,0.0,1,0.0,1,0.0,0.0,0.0,0.0,0.0,0.0,0.0,0.0,0.0,1,9,7,6,0
8610,72,111,0.0,0.0,1,0.0,0.0,0.0,0.0,0.0,1,1,0.0,0.0,0.0,0.0,0.0,18,27,21,0
8611,977,175,1,0.0,0.0,0.0,0.0,0.0,1,0.0,0.0,1,0.0,0.0,0.0,0.0,0.0,9,15,22,0
8612,71,89,1,0.0,0.0,0.0,1,0.0,0.0,0.0,0.0,0.0,0.0,0.0,1,0.0,0.0,9,21,24,0
8613,163,123,0.0,0.0,0.0,1,0.0,0.0,0.0,0.0,1,1,0.0,0.0,0.0,0.0,0.0,9,16,23,0
8614,428,69,0.0,1,0.0,0.0,0.0,1,0.0,0.0,0.0,0.0,0.0,0.0,0.0,0.0,1,12,10,27,0
8615,991,46,0.0,0.0,1,0.0,0.0,0.0,1,0.0,0.0,1,0.0,0.0,0.0,0.0,0.0,9,28,19,0
8616,869,66,0.0,1,0.0,0.0,0.0,1,0.0,0.0,0.0,0.0,0.0,0.0,0.0,0.0,1,23,10,24,0
8617,448,45,0.0,0.0,1,0.0,0.0,1,0.0,0.0,0.0,1,0.0,0.0,0.0,0.0,0.0,13,4,4,0
8618,412,122,0.0,0.0,1,0.0,0.0,0.0,1,0.0,0.0,1,0.0,0.0,0.0,0.0,0.0,12,28,15,0
8619,758,58,0.0,1,0.0,0.0,0.0,0.0,0.0,0.0,1,1,0.0,0.0,0.0,0.0,0.0,17,6,23,0
8620,120,125,0.0,0.0,0.0,1,0.0,0.0,1,0.0,0.0,0.0,0.0,0.0,0.0,1,0.0,12,1,14,0
8621,500,111,1,0.0,0.0,0.0,1,0.0,0.0,0.0,0.0,0.0,1,0.0,0.0,0.0,0.0,14,22,18,0
8622,572,62,1,0.0,0.0,0.0,0.0,0.0,0.0,0.0,1,0.0,0.0,0.0,0.0,0.0,1,12,15,22,0
8623,395,136,0.0,0.0,1,0.0,0.0,0.0,0.0,1,0.0,1,0.0,0.0,0.0,0.0,0.0,10,14,9,0
8624,938,100,1,0.0,0.0,0.0,0.0,0.0,0.0,0.0,1,0.0,1,0.0,0.0,0.0,0.0,19,4,22,0
8625,609,65,0.0,0.0,0.0,1,0.0,1,0.0,0.0,0.0,0.0,0.0,0.0,0.0,1,0.0,10,19,26,0
8626,705,67,1,0.0,0.0,0.0,0.0,1,0.0,0.0,0.0,0.0,0.0,0.0,0.0,1,0.0,7,9,23,0
8627,17,138,0.0,0.0,0.0,1,1,0.0,0.0,0.0,0.0,1,0.0,0.0,0.0,0.0,0.0,23,10,25,0
8628,711,125,1,0.0,0.0,0.0,0.0,0.0,0.0,0.0,1,0.0,0.0,0.0,0.0,0.0,1,10,4,20,0
8629,921,64,0.0,0.0,1,0.0,0.0,0.0,0.0,1,0.0,1,0.0,0.0,0.0,0.0,0.0,18,14,12,0
8630,443,22,0.0,1,0.0,0.0,0.0,0.0,0.0,0.0,1,0.0,0.0,0.0,0.0,1,0.0,6,29,1,0
8631,686,103,0.0,1,0.0,0.0,0.0,0.0,0.0,1,0.0,0.0,0.0,0.0,1,0.0,0.0,7,24,26,0
8632,752,114,0.0,0.0,0.0,1,0.0,1,0.0,0.0,0.0,0.0,0.0,0.0,1,0.0,0.0,17,6,21,0
8633,36,191,1,0.0,0.0,0.0,0.0,0.0,1,0.0,0.0,0.0,1,0.0,0.0,0.0,0.0,13,9,17,0
8634,816,105,0.0,0.0,1,0.0,1,0.0,0.0,0.0,0.0,0.0,0.0,0.0,0.0,0.0,1,18,28,5,0
8635,91,116,1,0.0,0.0,0.0,0.0,1,0.0,0.0,0.0,0.0,0.0,0.0,0.0,0.0,1,12,23,12,0
8636,937,128,0.0,0.0,0.0,1,0.0,0.0,1,0.0,0.0,0.0,0.0,0.0,0.0,0.0,1,16,25,0,0
8637,709,59,1,0.0,0.0,0.0,0.0,0.0,1,0.0,0.0,0.0,1,0.0,0.0,0.0,0.0,8,14,22,0
8638,685,56,1,0.0,0.0,0.0,0.0,0.0,0.0,0.0,1,0.0,0.0,0.0,1,0.0,0.0,10,27,0,0
8639,687,98,0.0,0.0,0.0,1,1,0.0,0.0,0.0,0.0,0.0,0.0,0.0,0.0,1,0.0,12,28,27,0
8640,99,59,0.0,0.0,0.0,1,1,0.0,0.0,0.0,0.0,0.0,1,0.0,0.0,0.0,0.0,20,20,15,0
8641,630,56,0.0,1,0.0,0.0,0.0,0.0,0.0,0.0,1,0.0,0.0,0.0,0.0,1,0.0,14,3,17,0
8642,521,10,0.0,0.0,1,0.0,0.0,1,0.0,0.0,0.0,0.0,0.0,0.0,0.0,1,0.0,20,95,83,1
8643,604,86,0.0,1,0.0,0.0,0.0,1,0.0,0.0,0.0,0.0,0.0,0.0,0.0,0.0,1,18,2,16,0
8644,653,157,0.0,0.0,0.0,1,0.0,0.0,0.0,0.0,1,0.0,0.0,0.0,0.0,1,0.0,11,26,28,0
8645,233,10,0.0,0.0,1,0.0,0.0,0.0,1,0.0,0.0,0.0,0.0,0.0,0.0,0.0,1,19,74,97,1
8646,274,159,1,0.0,0.0,0.0,0.0,0.0,0.0,1,0.0,0.0,0.0,0.0,1,0.0,0.0,16,13,15,0
8647,476,95,1,0.0,0.0,0.0,0.0,0.0,1,0.0,0.0,1,0.0,0.0,0.0,0.0,0.0,12,26,23,0
8648,613,73,1,0.0,0.0,0.0,1,0.0,0.0,0.0,0.0,0.0,0.0,0.0,0.0,1,0.0,23,25,9,0
8649,784,76,1,0.0,0.0,0.0,1,0.0,0.0,0.0,0.0,1,0.0,0.0,0.0,0.0,0.0,21,8,27,0
8650,824,43,0.0,0.0,0.0,1,0.0,1,0.0,0.0,0.0,0.0,0.0,0.0,1,0.0,0.0,10,29,12,0
8651,216,189,0.0,0.0,1,0.0,1,0.0,0.0,0.0,0.0,0.0,1,0.0,0.0,0.0,0.0,23,13,2,0
8652,601,116,0.0,0.0,1,0.0,1,0.0,0.0,0.0,0.0,0.0,1,0.0,0.0,0.0,0.0,12,20,10,0
8653,49,54,0.0,1,0.0,0.0,0.0,0.0,0.0,1,0.0,0.0,1,0.0,0.0,0.0,0.0,13,28,0,0
8654,367,107,0.0,0.0,1,0.0,0.0,0.0,0.0,1,0.0,0.0,0.0,0.0,0.0,1,0.0,17,5,23,0
8655,455,38,0.0,1,0.0,0.0,0.0,0.0,0.0,1,0.0,0.0,0.0,0.0,0.0,0.0,1,11,3,8,0
8656,229,89,0.0,0.0,0.0,1,0.0,1,0.0,0.0,0.0,0.0,0.0,0.0,0.0,0.0,1,18,19,1,0
8657,573,69,0.0,0.0,1,0.0,0.0,0.0,0.0,1,0.0,0.0,0.0,0.0,0.0,0.0,1,16,8,28,0
8658,774,95,0.0,0.0,1,0.0,0.0,0.0,1,0.0,0.0,0.0,1,0.0,0.0,0.0,0.0,10,15,13,0
8659,254,54,0.0,1,0.0,0.0,0.0,1,0.0,0.0,0.0,0.0,0.0,0.0,0.0,0.0,1,15,13,11,0
8660,598,40,0.0,0.0,0.0,1,0.0,0.0,0.0,1,0.0,0.0,1,0.0,0.0,0.0,0.0,16,28,17,0
8661,714,117,1,0.0,0.0,0.0,0.0,0.0,0.0,0.0,1,0.0,0.0,0.0,0.0,1,0.0,8,22,12,0
8662,620,8,0.0,1,0.0,0.0,0.0,1,0.0,0.0,0.0,0.0,1,0.0,0.0,0.0,0.0,13,14,21,0
8663,691,100,0.0,0.0,1,0.0,0.0,0.0,0.0,1,0.0,0.0,0.0,0.0,0.0,1,0.0,16,29,27,0
8664,227,54,1,0.0,0.0,0.0,0.0,1,0.0,0.0,0.0,1,0.0,0.0,0.0,0.0,0.0,21,21,28,0
8665,129,77,0.0,0.0,0.0,1,0.0,0.0,1,0.0,0.0,0.0,0.0,0.0,0.0,0.0,1,11,26,13,0
8666,320,77,0.0,0.0,1,0.0,0.0,0.0,0.0,0.0,1,0.0,0.0,0.0,0.0,0.0,1,12,4,8,0
8667,9,155,0.0,0.0,1,0.0,1,0.0,0.0,0.0,0.0,1,0.0,0.0,0.0,0.0,0.0,9,2,0,0
8668,54,90,0.0,1,0.0,0.0,1,0.0,0.0,0.0,0.0,0.0,1,0.0,0.0,0.0,0.0,20,14,21,0
8669,96,123,0.0,0.0,0.0,1,0.0,0.0,0.0,1,0.0,0.0,0.0,0.0,0.0,0.0,1,17,18,25,0
8670,578,152,0.0,1,0.0,0.0,1,0.0,0.0,0.0,0.0,0.0,0.0,0.0,0.0,1,0.0,18,29,18,0
8671,480,13,1,0.0,0.0,0.0,0.0,0.0,1,0.0,0.0,0.0,0.0,0.0,0.0,0.0,1,22,0,0,0
8672,649,22,0.0,0.0,0.0,1,0.0,1,0.0,0.0,0.0,0.0,0.0,0.0,0.0,1,0.0,4,75,88,1
8673,419,28,0.0,0.0,0.0,1,0.0,0.0,1,0.0,0.0,0.0,0.0,0.0,1,0.0,0.0,13,15,22,0
8674,800,2056,1,0.0,0.0,0.0,1,0.0,0.0,0.0,0.0,0.0,0.0,0.0,1,0.0,0.0,3,75,94,1
8675,425,83,0.0,0.0,0.0,1,0.0,0.0,1,0.0,0.0,0.0,1,0.0,0.0,0.0,0.0,6,20,26,0
8676,773,19,0.0,0.0,1,0.0,0.0,0.0,1,0.0,0.0,0.0,0.0,0.0,1,0.0,0.0,22,20,16,0
8677,124,1210,1,0.0,0.0,0.0,1,0.0,0.0,0.0,0.0,0.0,1,0.0,0.0,0.0,0.0,7,70,74,1
8678,607,144,1,0.0,0.0,0.0,0.0,0.0,1,0.0,0.0,1,0.0,0.0,0.0,0.0,0.0,21,28,20,0
8679,420,64,0.0,0.0,1,0.0,0.0,1,0.0,0.0,0.0,0.0,0.0,0.0,1,0.0,0.0,12,27,26,0
8680,635,71,0.0,0.0,1,0.0,0.0,0.0,0.0,1,0.0,1,0.0,0.0,0.0,0.0,0.0,6,11,21,0
8681,995,107,0.0,0.0,1,0.0,0.0,0.0,0.0,1,0.0,0.0,1,0.0,0.0,0.0,0.0,14,8,14,0
8682,764,137,0.0,1,0.0,0.0,1,0.0,0.0,0.0,0.0,0.0,1,0.0,0.0,0.0,0.0,10,12,27,0
8683,639,88,0.0,1,0.0,0.0,0.0,0.0,1,0.0,0.0,1,0.0,0.0,0.0,0.0,0.0,17,10,25,0
8684,419,72,0.0,0.0,1,0.0,0.0,0.0,0.0,0.0,1,0.0,1,0.0,0.0,0.0,0.0,11,3,24,0
8685,779,67,0.0,0.0,0.0,1,0.0,0.0,1,0.0,0.0,0.0,0.0,0.0,0.0,0.0,1,16,22,17,0
8686,12,96,0.0,1,0.0,0.0,0.0,0.0,0.0,1,0.0,0.0,0.0,0.0,0.0,1,0.0,16,15,12,0
8687,314,56,0.0,1,0.0,0.0,0.0,1,0.0,0.0,0.0,0.0,1,0.0,0.0,0.0,0.0,18,1,23,0
8688,877,35,1,0.0,0.0,0.0,0.0,0.0,0.0,0.0,1,0.0,1,0.0,0.0,0.0,0.0,20,29,19,0
8689,449,188,1,0.0,0.0,0.0,0.0,0.0,0.0,0.0,1,0.0,0.0,0.0,1,0.0,0.0,12,0,15,0
8690,136,1,1,0.0,0.0,0.0,0.0,0.0,1,0.0,0.0,0.0,0.0,0.0,1,0.0,0.0,19,15,10,0
8691,767,85,0.0,0.0,0.0,1,1,0.0,0.0,0.0,0.0,0.0,0.0,0.0,0.0,1,0.0,18,25,24,0
8692,187,106,0.0,0.0,1,0.0,0.0,0.0,0.0,0.0,1,0.0,0.0,0.0,0.0,0.0,1,18,26,18,0
8693,947,62,0.0,0.0,0.0,1,0.0,1,0.0,0.0,0.0,0.0,0.0,0.0,0.0,0.0,1,18,11,6,0
8694,415,117,0.0,0.0,1,0.0,0.0,1,0.0,0.0,0.0,0.0,1,0.0,0.0,0.0,0.0,10,15,20,0
8695,845,155,0.0,1,0.0,0.0,0.0,1,0.0,0.0,0.0,0.0,0.0,0.0,1,0.0,0.0,11,6,7,0
8696,970,42,0.0,1,0.0,0.0,0.0,0.0,1,0.0,0.0,0.0,0.0,0.0,1,0.0,0.0,23,12,19,0
8697,219,153,0.0,0.0,1,0.0,0.0,0.0,0.0,0.0,1,1,0.0,0.0,0.0,0.0,0.0,9,16,10,0
8698,170,86,0.0,0.0,1,0.0,0.0,0.0,1,0.0,0.0,0.0,1,0.0,0.0,0.0,0.0,14,26,2,0
8699,441,71,0.0,0.0,1,0.0,0.0,0.0,0.0,1,0.0,0.0,1,0.0,0.0,0.0,0.0,21,20,9,0
8700,619,2973,0.0,0.0,1,0.0,0.0,0.0,1,0.0,0.0,0.0,0.0,0.0,0.0,0.0,1,18,93,95,1
8701,484,40,0.0,0.0,0.0,1,1,0.0,0.0,0.0,0.0,0.0,0.0,0.0,0.0,1,0.0,20,21,25,0
8702,182,198,1,0.0,0.0,0.0,0.0,0.0,1,0.0,0.0,0.0,0.0,0.0,1,0.0,0.0,7,19,6,0
8703,987,128,0.0,0.0,0.0,1,1,0.0,0.0,0.0,0.0,0.0,0.0,0.0,0.0,1,0.0,14,25,5,0
8704,133,82,0.0,0.0,0.0,1,1,0.0,0.0,0.0,0.0,0.0,0.0,0.0,0.0,0.0,1,16,21,21,0
8705,40,131,0.0,0.0,1,0.0,0.0,0.0,1,0.0,0.0,0.0,0.0,0.0,1,0.0,0.0,8,17,16,0
8706,605,101,0.0,0.0,1,0.0,1,0.0,0.0,0.0,0.0,0.0,0.0,0.0,0.0,1,0.0,6,17,13,0
8707,356,136,0.0,0.0,1,0.0,0.0,0.0,1,0.0,0.0,0.0,0.0,0.0,1,0.0,0.0,20,10,1,0
8708,413,49,0.0,1,0.0,0.0,0.0,0.0,0.0,0.0,1,0.0,0.0,0.0,0.0,1,0.0,22,6,6,0
8709,147,66,1,0.0,0.0,0.0,0.0,1,0.0,0.0,0.0,0.0,0.0,0.0,1,0.0,0.0,19,5,25,0
8710,470,83,0.0,0.0,1,0.0,0.0,1,0.0,0.0,0.0,1,0.0,0.0,0.0,0.0,0.0,15,17,17,0
8711,692,73,1,0.0,0.0,0.0,0.0,0.0,1,0.0,0.0,0.0,0.0,0.0,0.0,1,0.0,18,27,12,0
8712,34,67,1,0.0,0.0,0.0,0.0,0.0,1,0.0,0.0,0.0,1,0.0,0.0,0.0,0.0,16,17,24,0
8713,207,83,1,0.0,0.0,0.0,1,0.0,0.0,0.0,0.0,0.0,0.0,0.0,1,0.0,0.0,20,1,5,0
8714,560,93,0.0,1,0.0,0.0,0.0,1,0.0,0.0,0.0,1,0.0,0.0,0.0,0.0,0.0,17,15,1,0
8715,28,91,0.0,0.0,0.0,1,0.0,0.0,0.0,1,0.0,0.0,0.0,0.0,1,0.0,0.0,8,9,22,0
8716,409,125,0.0,0.0,1,0.0,0.0,1,0.0,0.0,0.0,0.0,0.0,0.0,1,0.0,0.0,10,27,29,0
8717,871,78,0.0,1,0.0,0.0,0.0,0.0,0.0,0.0,1,0.0,0.0,0.0,0.0,1,0.0,12,21,6,0
8718,125,63,0.0,0.0,0.0,1,1,0.0,0.0,0.0,0.0,0.0,0.0,0.0,0.0,0.0,1,6,9,3,0
8719,328,1637,0.0,0.0,0.0,1,0.0,0.0,0.0,1,0.0,0.0,0.0,0.0,0.0,0.0,1,13,93,99,1
8720,336,48,0.0,0.0,0.0,1,0.0,0.0,0.0,1,0.0,0.0,0.0,0.0,1,0.0,0.0,14,1,6,0
8721,884,78,0.0,0.0,0.0,1,0.0,1,0.0,0.0,0.0,0.0,1,0.0,0.0,0.0,0.0,15,3,26,0
8722,649,204,0.0,0.0,1,0.0,0.0,0.0,0.0,0.0,1,0.0,0.0,0.0,0.0,0.0,1,20,17,21,0
8723,372,83,0.0,0.0,0.0,1,0.0,0.0,1,0.0,0.0,0.0,0.0,0.0,0.0,0.0,1,7,3,24,0
8724,799,81,0.0,0.0,1,0.0,0.0,0.0,0.0,0.0,1,0.0,0.0,0.0,1,0.0,0.0,16,11,13,0
8725,424,130,0.0,0.0,0.0,1,1,0.0,0.0,0.0,0.0,0.0,0.0,0.0,1,0.0,0.0,8,22,22,0
8726,765,133,1,0.0,0.0,0.0,0.0,1,0.0,0.0,0.0,0.0,0.0,0.0,1,0.0,0.0,18,0,25,0
8727,772,166,0.0,0.0,0.0,1,0.0,0.0,0.0,0.0,1,1,0.0,0.0,0.0,0.0,0.0,16,27,22,0
8728,912,123,0.0,1,0.0,0.0,0.0,1,0.0,0.0,0.0,0.0,0.0,0.0,0.0,0.0,1,16,1,0,0
8729,442,97,1,0.0,0.0,0.0,0.0,0.0,1,0.0,0.0,0.0,0.0,0.0,0.0,0.0,1,6,18,2,0
8730,626,141,0.0,0.0,0.0,1,0.0,0.0,0.0,1,0.0,0.0,1,0.0,0.0,0.0,0.0,22,19,7,0
8731,895,21,0.0,0.0,1,0.0,0.0,0.0,0.0,1,0.0,0.0,0.0,0.0,1,0.0,0.0,17,16,8,0
8732,191,219,1,0.0,0.0,0.0,1,0.0,0.0,0.0,0.0,1,0.0,0.0,0.0,0.0,0.0,7,10,13,0
8733,566,88,0.0,1,0.0,0.0,0.0,0.0,0.0,1,0.0,0.0,0.0,0.0,1,0.0,0.0,16,24,25,0
8734,304,79,1,0.0,0.0,0.0,0.0,0.0,1,0.0,0.0,0.0,0.0,0.0,1,0.0,0.0,21,24,24,0
8735,0,10,0.0,1,0.0,0.0,0.0,0.0,0.0,1,0.0,0.0,0.0,0.0,0.0,1,0.0,22,83,82,1
8736,86,157,1,0.0,0.0,0.0,0.0,0.0,1,0.0,0.0,0.0,0.0,0.0,1,0.0,0.0,6,20,4,0
8737,720,1068,0.0,0.0,1,0.0,0.0,0.0,1,0.0,0.0,0.0,0.0,1,0.0,0.0,0.0,11,95,71,1
8738,57,88,0.0,1,0.0,0.0,0.0,0.0,0.0,1,0.0,0.0,0.0,0.0,1,0.0,0.0,18,25,9,0
8739,464,134,0.0,1,0.0,0.0,0.0,0.0,0.0,0.0,1,0.0,0.0,0.0,1,0.0,0.0,18,29,19,0
8740,188,1,0.0,1,0.0,0.0,1,0.0,0.0,0.0,0.0,0.0,0.0,0.0,0.0,0.0,1,7,28,22,0
8741,378,138,0.0,1,0.0,0.0,1,0.0,0.0,0.0,0.0,0.0,0.0,0.0,1,0.0,0.0,11,1,22,0
8742,191,95,0.0,0.0,0.0,1,0.0,0.0,1,0.0,0.0,0.0,0.0,0.0,1,0.0,0.0,18,26,15,0
8743,805,168,0.0,0.0,1,0.0,1,0.0,0.0,0.0,0.0,0.0,0.0,0.0,1,0.0,0.0,20,25,7,0
8744,374,112,0.0,1,0.0,0.0,0.0,0.0,0.0,0.0,1,0.0,0.0,0.0,0.0,0.0,1,19,19,15,0
8745,368,172,0.0,0.0,1,0.0,0.0,0.0,0.0,0.0,1,0.0,0.0,0.0,0.0,1,0.0,6,18,13,0
8746,717,131,0.0,0.0,0.0,1,0.0,0.0,1,0.0,0.0,0.0,0.0,0.0,0.0,1,0.0,23,10,1,0
8747,133,10,1,0.0,0.0,0.0,0.0,0.0,0.0,0.0,1,1,0.0,0.0,0.0,0.0,0.0,20,3,3,0
8748,523,61,0.0,1,0.0,0.0,0.0,0.0,1,0.0,0.0,0.0,0.0,0.0,0.0,1,0.0,17,6,2,0
8749,572,84,0.0,1,0.0,0.0,0.0,0.0,0.0,1,0.0,0.0,0.0,0.0,0.0,1,0.0,23,21,2,0
8750,269,57,0.0,0.0,1,0.0,1,0.0,0.0,0.0,0.0,0.0,1,0.0,0.0,0.0,0.0,9,6,25,0
8751,456,101,0.0,1,0.0,0.0,1,0.0,0.0,0.0,0.0,0.0,1,0.0,0.0,0.0,0.0,20,13,5,0
8752,327,36,0.0,0.0,0.0,1,0.0,0.0,1,0.0,0.0,0.0,1,0.0,0.0,0.0,0.0,8,15,24,0
8753,427,120,0.0,0.0,0.0,1,1,0.0,0.0,0.0,0.0,1,0.0,0.0,0.0,0.0,0.0,16,20,1,0
8754,892,44,0.0,1,0.0,0.0,0.0,1,0.0,0.0,0.0,0.0,1,0.0,0.0,0.0,0.0,6,13,10,0
8755,561,54,1,0.0,0.0,0.0,0.0,0.0,1,0.0,0.0,0.0,0.0,0.0,0.0,1,0.0,11,15,10,0
8756,727,11,1,0.0,0.0,0.0,1,0.0,0.0,0.0,0.0,0.0,0.0,0.0,0.0,0.0,1,14,13,25,0
8757,354,118,1,0.0,0.0,0.0,0.0,0.0,0.0,1,0.0,0.0,0.0,0.0,0.0,1,0.0,13,18,10,0
8758,238,107,1,0.0,0.0,0.0,0.0,1,0.0,0.0,0.0,0.0,0.0,0.0,0.0,0.0,1,10,4,14,0
8759,893,34,0.0,0.0,1,0.0,0.0,0.0,0.0,0.0,1,0.0,0.0,0.0,0.0,0.0,1,7,20,29,0
8760,727,6,0.0,0.0,0.0,1,0.0,0.0,0.0,1,0.0,0.0,1,0.0,0.0,0.0,0.0,14,1,10,0
8761,496,81,1,0.0,0.0,0.0,1,0.0,0.0,0.0,0.0,0.0,0.0,0.0,1,0.0,0.0,20,4,19,0
8762,566,65,0.0,0.0,1,0.0,0.0,1,0.0,0.0,0.0,0.0,1,0.0,0.0,0.0,0.0,10,14,2,0
8763,857,185,0.0,1,0.0,0.0,0.0,0.0,0.0,1,0.0,0.0,0.0,0.0,1,0.0,0.0,12,4,20,0
8764,773,3711,0.0,0.0,0.0,1,0.0,0.0,0.0,1,0.0,0.0,0.0,1,0.0,0.0,0.0,0,94,75,1
8765,462,132,0.0,0.0,1,0.0,1,0.0,0.0,0.0,0.0,1,0.0,0.0,0.0,0.0,0.0,10,10,0,0
8766,344,90,0.0,0.0,0.0,1,0.0,0.0,0.0,1,0.0,0.0,0.0,0.0,0.0,0.0,1,17,18,11,0
8767,809,189,0.0,1,0.0,0.0,0.0,0.0,1,0.0,0.0,0.0,0.0,0.0,1,0.0,0.0,19,3,23,0
8768,770,105,0.0,1,0.0,0.0,0.0,1,0.0,0.0,0.0,0.0,0.0,0.0,0.0,0.0,1,8,19,10,0
8769,76,210,1,0.0,0.0,0.0,1,0.0,0.0,0.0,0.0,0.0,1,0.0,0.0,0.0,0.0,18,10,14,0
8770,382,154,1,0.0,0.0,0.0,1,0.0,0.0,0.0,0.0,0.0,0.0,0.0,1,0.0,0.0,13,2,12,0
8771,456,151,0.0,0.0,1,0.0,0.0,0.0,1,0.0,0.0,0.0,0.0,0.0,0.0,0.0,1,12,20,6,0
8772,67,214,1,0.0,0.0,0.0,0.0,0.0,0.0,0.0,1,0.0,0.0,0.0,1,0.0,0.0,9,10,25,0
8773,306,109,1,0.0,0.0,0.0,0.0,0.0,1,0.0,0.0,0.0,0.0,0.0,0.0,0.0,1,18,15,14,0
8774,328,86,0.0,0.0,0.0,1,1,0.0,0.0,0.0,0.0,0.0,0.0,0.0,1,0.0,0.0,14,9,25,0
8775,689,93,0.0,0.0,1,0.0,0.0,1,0.0,0.0,0.0,1,0.0,0.0,0.0,0.0,0.0,15,12,18,0
8776,877,183,0.0,0.0,0.0,1,0.0,0.0,0.0,0.0,1,0.0,0.0,0.0,0.0,1,0.0,14,17,9,0
8777,730,40,0.0,0.0,0.0,1,0.0,0.0,1,0.0,0.0,0.0,0.0,0.0,1,0.0,0.0,10,25,24,0
8778,788,138,0.0,1,0.0,0.0,0.0,0.0,0.0,1,0.0,1,0.0,0.0,0.0,0.0,0.0,16,25,12,0
8779,313,125,0.0,0.0,0.0,1,0.0,0.0,0.0,0.0,1,0.0,1,0.0,0.0,0.0,0.0,7,12,5,0
8780,53,136,1,0.0,0.0,0.0,0.0,1,0.0,0.0,0.0,0.0,0.0,0.0,0.0,0.0,1,9,7,19,0
8781,84,112,0.0,1,0.0,0.0,0.0,1,0.0,0.0,0.0,0.0,0.0,0.0,0.0,1,0.0,18,18,0,0
8782,182,85,0.0,0.0,1,0.0,1,0.0,0.0,0.0,0.0,0.0,0.0,0.0,1,0.0,0.0,18,23,29,0
8783,328,163,0.0,0.0,0.0,1,0.0,0.0,0.0,0.0,1,0.0,0.0,0.0,0.0,1,0.0,13,3,2,0
8784,75,95,0.0,0.0,1,0.0,0.0,1,0.0,0.0,0.0,0.0,0.0,0.0,0.0,1,0.0,16,23,6,0
8785,844,227,1,0.0,0.0,0.0,0.0,0.0,0.0,0.0,1,0.0,0.0,0.0,0.0,0.0,1,17,24,27,0
8786,244,76,0.0,1,0.0,0.0,0.0,0.0,1,0.0,0.0,0.0,0.0,0.0,0.0,0.0,1,20,13,16,0
8787,915,93,0.0,0.0,1,0.0,0.0,0.0,1,0.0,0.0,0.0,0.0,0.0,1,0.0,0.0,12,2,12,0
8788,295,38,0.0,0.0,1,0.0,0.0,0.0,1,0.0,0.0,1,0.0,0.0,0.0,0.0,0.0,16,2,26,0
8789,161,123,1,0.0,0.0,0.0,1,0.0,0.0,0.0,0.0,0.0,0.0,0.0,0.0,1,0.0,23,16,11,0
8790,67,221,0.0,0.0,0.0,1,0.0,0.0,0.0,1,0.0,0.0,0.0,0.0,1,0.0,0.0,20,24,3,0
8791,591,78,0.0,0.0,0.0,1,0.0,1,0.0,0.0,0.0,0.0,0.0,0.0,0.0,1,0.0,15,6,1,0
8792,234,146,0.0,0.0,1,0.0,1,0.0,0.0,0.0,0.0,0.0,0.0,0.0,1,0.0,0.0,6,4,3,0
8793,187,15,0.0,1,0.0,0.0,1,0.0,0.0,0.0,0.0,0.0,0.0,0.0,0.0,0.0,1,7,22,28,0
8794,73,67,0.0,0.0,0.0,1,1,0.0,0.0,0.0,0.0,0.0,1,0.0,0.0,0.0,0.0,11,9,18,0
8795,199,141,0.0,0.0,1,0.0,0.0,1,0.0,0.0,0.0,0.0,0.0,0.0,1,0.0,0.0,14,14,27,0
8796,620,37,0.0,0.0,0.0,1,1,0.0,0.0,0.0,0.0,0.0,0.0,0.0,1,0.0,0.0,12,6,13,0
8797,542,55,1,0.0,0.0,0.0,0.0,1,0.0,0.0,0.0,0.0,0.0,0.0,0.0,0.0,1,19,27,23,0
8798,862,43,0.0,0.0,0.0,1,0.0,0.0,0.0,1,0.0,0.0,0.0,0.0,1,0.0,0.0,10,0,15,0
8799,569,139,1,0.0,0.0,0.0,1,0.0,0.0,0.0,0.0,0.0,0.0,0.0,0.0,1,0.0,21,11,7,0
8800,248,78,0.0,0.0,0.0,1,1,0.0,0.0,0.0,0.0,0.0,0.0,0.0,0.0,0.0,1,13,23,16,0
8801,233,10,1,0.0,0.0,0.0,0.0,0.0,0.0,0.0,1,0.0,0.0,1,0.0,0.0,0.0,4,96,80,1
8802,382,158,0.0,0.0,0.0,1,0.0,0.0,0.0,0.0,1,1,0.0,0.0,0.0,0.0,0.0,16,19,28,0
8803,810,82,0.0,1,0.0,0.0,0.0,0.0,0.0,0.0,1,1,0.0,0.0,0.0,0.0,0.0,13,22,0,0
8804,297,188,0.0,1,0.0,0.0,0.0,0.0,1,0.0,0.0,1,0.0,0.0,0.0,0.0,0.0,13,20,27,0
8805,434,83,0.0,0.0,1,0.0,0.0,0.0,1,0.0,0.0,0.0,1,0.0,0.0,0.0,0.0,14,7,4,0
8806,363,151,0.0,0.0,0.0,1,0.0,0.0,1,0.0,0.0,0.0,0.0,0.0,1,0.0,0.0,22,18,20,0
8807,631,56,0.0,0.0,1,0.0,0.0,0.0,1,0.0,0.0,0.0,0.0,0.0,1,0.0,0.0,9,12,17,0
8808,600,126,0.0,0.0,1,0.0,0.0,0.0,1,0.0,0.0,0.0,1,0.0,0.0,0.0,0.0,15,0,29,0
8809,948,104,0.0,0.0,0.0,1,1,0.0,0.0,0.0,0.0,0.0,1,0.0,0.0,0.0,0.0,19,26,20,0
8810,144,139,0.0,0.0,0.0,1,0.0,0.0,0.0,0.0,1,0.0,0.0,0.0,1,0.0,0.0,21,17,19,0
8811,318,68,0.0,0.0,1,0.0,1,0.0,0.0,0.0,0.0,0.0,1,0.0,0.0,0.0,0.0,18,6,9,0
8812,680,174,0.0,1,0.0,0.0,0.0,0.0,0.0,0.0,1,0.0,0.0,0.0,1,0.0,0.0,22,21,5,0
8813,307,64,0.0,1,0.0,0.0,1,0.0,0.0,0.0,0.0,0.0,1,0.0,0.0,0.0,0.0,19,18,19,0
8814,126,85,0.0,0.0,0.0,1,0.0,0.0,0.0,1,0.0,0.0,0.0,0.0,0.0,1,0.0,10,22,4,0
8815,762,91,1,0.0,0.0,0.0,0.0,0.0,0.0,0.0,1,1,0.0,0.0,0.0,0.0,0.0,18,14,4,0
8816,381,89,0.0,0.0,1,0.0,0.0,0.0,1,0.0,0.0,1,0.0,0.0,0.0,0.0,0.0,7,17,0,0
8817,881,12,0.0,1,0.0,0.0,0.0,0.0,1,0.0,0.0,0.0,0.0,0.0,0.0,1,0.0,8,10,18,0
8818,886,143,0.0,0.0,0.0,1,0.0,0.0,1,0.0,0.0,1,0.0,0.0,0.0,0.0,0.0,9,3,23,0
8819,884,138,1,0.0,0.0,0.0,0.0,0.0,0.0,1,0.0,0.0,1,0.0,0.0,0.0,0.0,23,11,26,0
8820,164,129,0.0,0.0,1,0.0,0.0,0.0,0.0,0.0,1,0.0,1,0.0,0.0,0.0,0.0,17,10,7,0
8821,157,3725,1,0.0,0.0,0.0,0.0,0.0,0.0,0.0,1,0.0,1,0.0,0.0,0.0,0.0,6,85,73,1
8822,992,1448,0.0,0.0,0.0,1,0.0,1,0.0,0.0,0.0,0.0,0.0,0.0,0.0,0.0,1,16,94,70,1
8823,929,205,1,0.0,0.0,0.0,0.0,1,0.0,0.0,0.0,0.0,0.0,0.0,0.0,1,0.0,6,9,3,0
8824,941,113,0.0,1,0.0,0.0,0.0,0.0,0.0,1,0.0,0.0,0.0,0.0,0.0,1,0.0,22,29,15,0
8825,691,79,0.0,0.0,0.0,1,0.0,0.0,1,0.0,0.0,0.0,0.0,0.0,0.0,1,0.0,16,13,26,0
8826,547,166,0.0,0.0,0.0,1,0.0,0.0,0.0,0.0,1,0.0,0.0,0.0,1,0.0,0.0,16,4,22,0
8827,841,122,1,0.0,0.0,0.0,0.0,0.0,1,0.0,0.0,0.0,1,0.0,0.0,0.0,0.0,6,14,8,0
8828,665,144,0.0,0.0,1,0.0,0.0,0.0,0.0,1,0.0,0.0,0.0,0.0,1,0.0,0.0,8,8,1,0
8829,183,97,0.0,0.0,0.0,1,0.0,0.0,0.0,0.0,1,0.0,0.0,0.0,0.0,1,0.0,9,12,28,0
8830,312,189,0.0,0.0,1,0.0,0.0,0.0,0.0,1,0.0,0.0,0.0,0.0,0.0,0.0,1,20,1,1,0
8831,536,132,1,0.0,0.0,0.0,0.0,0.0,0.0,0.0,1,1,0.0,0.0,0.0,0.0,0.0,6,29,26,0
8832,790,159,0.0,1,0.0,0.0,0.0,0.0,0.0,0.0,1,1,0.0,0.0,0.0,0.0,0.0,17,9,4,0
8833,246,46,0.0,0.0,1,0.0,0.0,0.0,0.0,1,0.0,0.0,0.0,0.0,1,0.0,0.0,19,18,6,0
8834,255,149,1,0.0,0.0,0.0,0.0,0.0,0.0,0.0,1,0.0,0.0,0.0,0.0,0.0,1,18,22,6,0
8835,749,105,0.0,0.0,1,0.0,0.0,0.0,1,0.0,0.0,0.0,0.0,0.0,1,0.0,0.0,21,21,2,0
8836,133,137,0.0,1,0.0,0.0,1,0.0,0.0,0.0,0.0,0.0,0.0,0.0,1,0.0,0.0,17,4,3,0
8837,590,140,0.0,0.0,1,0.0,1,0.0,0.0,0.0,0.0,0.0,1,0.0,0.0,0.0,0.0,22,8,29,0
8838,962,97,0.0,0.0,0.0,1,0.0,1,0.0,0.0,0.0,0.0,0.0,0.0,1,0.0,0.0,18,11,19,0
8839,655,85,1,0.0,0.0,0.0,1,0.0,0.0,0.0,0.0,0.0,0.0,0.0,1,0.0,0.0,23,15,11,0
8840,181,102,1,0.0,0.0,0.0,0.0,1,0.0,0.0,0.0,0.0,0.0,0.0,0.0,0.0,1,19,1,7,0
8841,709,111,1,0.0,0.0,0.0,0.0,1,0.0,0.0,0.0,0.0,0.0,0.0,1,0.0,0.0,17,1,15,0
8842,699,81,1,0.0,0.0,0.0,0.0,0.0,0.0,0.0,1,1,0.0,0.0,0.0,0.0,0.0,14,8,28,0
8843,519,144,0.0,1,0.0,0.0,0.0,1,0.0,0.0,0.0,0.0,0.0,0.0,1,0.0,0.0,16,18,1,0
8844,416,60,1,0.0,0.0,0.0,0.0,0.0,0.0,0.0,1,0.0,1,0.0,0.0,0.0,0.0,9,4,3,0
8845,973,41,1,0.0,0.0,0.0,0.0,0.0,1,0.0,0.0,0.0,1,0.0,0.0,0.0,0.0,16,29,11,0
8846,226,1290,0.0,0.0,0.0,1,1,0.0,0.0,0.0,0.0,0.0,0.0,0.0,0.0,1,0.0,12,82,87,1
8847,103,171,0.0,0.0,0.0,1,0.0,1,0.0,0.0,0.0,0.0,0.0,0.0,1,0.0,0.0,17,7,12,0
8848,521,103,1,0.0,0.0,0.0,0.0,0.0,0.0,0.0,1,0.0,0.0,0.0,0.0,1,0.0,19,21,23,0
8849,726,36,0.0,0.0,1,0.0,0.0,0.0,1,0.0,0.0,0.0,0.0,0.0,1,0.0,0.0,15,22,4,0
8850,551,90,0.0,0.0,1,0.0,0.0,0.0,0.0,1,0.0,1,0.0,0.0,0.0,0.0,0.0,21,26,6,0
8851,363,141,0.0,0.0,0.0,1,0.0,0.0,1,0.0,0.0,1,0.0,0.0,0.0,0.0,0.0,11,5,23,0
8852,115,76,0.0,1,0.0,0.0,0.0,0.0,0.0,1,0.0,0.0,0.0,0.0,0.0,0.0,1,11,1,28,0
8853,117,18,0.0,0.0,0.0,1,0.0,1,0.0,0.0,0.0,0.0,0.0,0.0,1,0.0,0.0,10,2,28,0
8854,984,3788,1,0.0,0.0,0.0,0.0,0.0,0.0,0.0,1,0.0,0.0,1,0.0,0.0,0.0,4,79,73,1
8855,105,124,1,0.0,0.0,0.0,0.0,0.0,0.0,0.0,1,0.0,0.0,0.0,0.0,1,0.0,22,10,9,0
8856,767,94,0.0,1,0.0,0.0,0.0,1,0.0,0.0,0.0,1,0.0,0.0,0.0,0.0,0.0,19,18,22,0
8857,137,75,0.0,1,0.0,0.0,0.0,1,0.0,0.0,0.0,1,0.0,0.0,0.0,0.0,0.0,10,3,29,0
8858,196,54,0.0,0.0,0.0,1,1,0.0,0.0,0.0,0.0,0.0,1,0.0,0.0,0.0,0.0,22,0,7,0
8859,697,70,1,0.0,0.0,0.0,0.0,0.0,0.0,1,0.0,0.0,1,0.0,0.0,0.0,0.0,11,15,8,0
8860,520,80,0.0,0.0,1,0.0,0.0,1,0.0,0.0,0.0,0.0,1,0.0,0.0,0.0,0.0,10,15,16,0
8861,976,234,1,0.0,0.0,0.0,0.0,0.0,1,0.0,0.0,0.0,0.0,0.0,1,0.0,0.0,19,2,14,0
8862,781,51,0.0,0.0,1,0.0,1,0.0,0.0,0.0,0.0,0.0,1,0.0,0.0,0.0,0.0,14,14,25,0
8863,997,164,0.0,0.0,0.0,1,0.0,0.0,0.0,0.0,1,0.0,0.0,0.0,0.0,0.0,1,8,10,6,0
8864,231,166,0.0,0.0,0.0,1,0.0,1,0.0,0.0,0.0,0.0,1,0.0,0.0,0.0,0.0,13,28,29,0
8865,16,101,0.0,1,0.0,0.0,0.0,0.0,0.0,0.0,1,0.0,0.0,0.0,0.0,1,0.0,16,3,3,0
8866,415,134,0.0,0.0,1,0.0,1,0.0,0.0,0.0,0.0,1,0.0,0.0,0.0,0.0,0.0,20,17,13,0
8867,853,102,1,0.0,0.0,0.0,0.0,0.0,0.0,1,0.0,1,0.0,0.0,0.0,0.0,0.0,23,21,4,0
8868,22,105,0.0,1,0.0,0.0,0.0,0.0,0.0,1,0.0,0.0,1,0.0,0.0,0.0,0.0,13,1,4,0
8869,422,102,0.0,0.0,0.0,1,0.0,0.0,0.0,1,0.0,0.0,0.0,0.0,1,0.0,0.0,19,11,29,0
8870,592,703,0.0,0.0,1,0.0,0.0,0.0,0.0,1,0.0,0.0,0.0,0.0,0.0,1,0.0,8,85,79,1
8871,793,4601,0.0,0.0,0.0,1,0.0,0.0,1,0.0,0.0,0.0,0.0,0.0,1,0.0,0.0,12,94,81,1
8872,313,95,1,0.0,0.0,0.0,0.0,0.0,1,0.0,0.0,0.0,0.0,0.0,1,0.0,0.0,13,15,25,0
8873,990,2767,0.0,1,0.0,0.0,1,0.0,0.0,0.0,0.0,0.0,0.0,0.0,0.0,1,0.0,16,93,73,1
8874,726,21,0.0,0.0,1,0.0,0.0,1,0.0,0.0,0.0,0.0,0.0,0.0,1,0.0,0.0,8,3,25,0
8875,593,3198,0.0,0.0,0.0,1,0.0,1,0.0,0.0,0.0,0.0,0.0,0.0,0.0,0.0,1,19,70,73,1
8876,94,88,0.0,0.0,0.0,1,0.0,1,0.0,0.0,0.0,0.0,0.0,0.0,1,0.0,0.0,18,23,17,0
8877,364,157,0.0,1,0.0,0.0,0.0,0.0,0.0,0.0,1,0.0,0.0,0.0,0.0,0.0,1,9,3,26,0
8878,693,129,0.0,0.0,0.0,1,0.0,1,0.0,0.0,0.0,0.0,1,0.0,0.0,0.0,0.0,22,10,2,0
8879,271,2836,1,0.0,0.0,0.0,1,0.0,0.0,0.0,0.0,0.0,0.0,0.0,1,0.0,0.0,4,85,80,1
8880,224,122,1,0.0,0.0,0.0,0.0,1,0.0,0.0,0.0,0.0,0.0,0.0,1,0.0,0.0,7,13,29,0
8881,649,43,0.0,1,0.0,0.0,0.0,0.0,0.0,1,0.0,0.0,0.0,0.0,0.0,0.0,1,16,11,27,0
8882,648,119,1,0.0,0.0,0.0,0.0,0.0,0.0,1,0.0,0.0,0.0,0.0,1,0.0,0.0,6,23,17,0
8883,967,769,1,0.0,0.0,0.0,1,0.0,0.0,0.0,0.0,0.0,0.0,0.0,1,0.0,0.0,1,75,73,1
8884,694,1909,0.0,1,0.0,0.0,0.0,1,0.0,0.0,0.0,0.0,0.0,0.0,0.0,0.0,1,11,99,88,1
8885,83,77,0.0,0.0,1,0.0,1,0.0,0.0,0.0,0.0,0.0,1,0.0,0.0,0.0,0.0,10,29,2,0
8886,344,163,0.0,0.0,0.0,1,0.0,1,0.0,0.0,0.0,0.0,0.0,1,0.0,0.0,0.0,4,72,85,1
8887,905,111,0.0,0.0,1,0.0,0.0,0.0,0.0,1,0.0,0.0,0.0,0.0,0.0,0.0,1,10,21,12,0
8888,184,21,1,0.0,0.0,0.0,1,0.0,0.0,0.0,0.0,0.0,0.0,0.0,0.0,0.0,1,17,14,2,0
8889,457,64,0.0,0.0,0.0,1,0.0,0.0,1,0.0,0.0,0.0,1,0.0,0.0,0.0,0.0,16,28,28,0
8890,443,103,0.0,1,0.0,0.0,0.0,0.0,0.0,1,0.0,0.0,0.0,0.0,0.0,0.0,1,11,16,16,0
8891,180,169,0.0,0.0,1,0.0,0.0,1,0.0,0.0,0.0,0.0,1,0.0,0.0,0.0,0.0,19,13,7,0
8892,166,123,0.0,0.0,0.0,1,0.0,0.0,0.0,0.0,1,0.0,0.0,0.0,0.0,0.0,1,11,16,19,0
8893,557,41,0.0,0.0,1,0.0,1,0.0,0.0,0.0,0.0,0.0,0.0,0.0,0.0,0.0,1,17,17,21,0
8894,265,59,0.0,0.0,0.0,1,0.0,0.0,1,0.0,0.0,1,0.0,0.0,0.0,0.0,0.0,9,1,24,0
8895,944,105,0.0,1,0.0,0.0,0.0,0.0,1,0.0,0.0,1,0.0,0.0,0.0,0.0,0.0,10,20,18,0
8896,863,40,0.0,0.0,1,0.0,0.0,0.0,0.0,1,0.0,0.0,0.0,0.0,0.0,0.0,1,6,28,2,0
8897,197,97,0.0,0.0,0.0,1,0.0,1,0.0,0.0,0.0,1,0.0,0.0,0.0,0.0,0.0,15,1,19,0
8898,842,180,0.0,0.0,1,0.0,1,0.0,0.0,0.0,0.0,0.0,1,0.0,0.0,0.0,0.0,22,26,20,0
8899,386,211,1,0.0,0.0,0.0,0.0,1,0.0,0.0,0.0,0.0,0.0,0.0,1,0.0,0.0,8,29,23,0
8900,95,984,1,0.0,0.0,0.0,0.0,1,0.0,0.0,0.0,0.0,0.0,0.0,0.0,0.0,1,7,96,72,1
8901,829,33,1,0.0,0.0,0.0,0.0,0.0,0.0,1,0.0,0.0,1,0.0,0.0,0.0,0.0,10,9,15,0
8902,103,170,0.0,0.0,0.0,1,0.0,0.0,0.0,0.0,1,0.0,0.0,0.0,1,0.0,0.0,13,5,11,0
8903,451,154,0.0,1,0.0,0.0,0.0,1,0.0,0.0,0.0,0.0,1,0.0,0.0,0.0,0.0,19,25,18,0
8904,684,29,0.0,1,0.0,0.0,0.0,0.0,1,0.0,0.0,0.0,1,0.0,0.0,0.0,0.0,12,29,10,0
8905,464,54,0.0,0.0,1,0.0,0.0,0.0,0.0,0.0,1,0.0,0.0,0.0,0.0,0.0,1,19,21,18,0
8906,419,46,0.0,1,0.0,0.0,0.0,0.0,0.0,1,0.0,0.0,0.0,0.0,0.0,0.0,1,7,25,4,0
8907,896,48,0.0,0.0,1,0.0,0.0,0.0,0.0,0.0,1,0.0,0.0,0.0,1,0.0,0.0,13,8,3,0
8908,854,152,1,0.0,0.0,0.0,1,0.0,0.0,0.0,0.0,0.0,0.0,0.0,0.0,0.0,1,14,0,17,0
8909,638,128,0.0,1,0.0,0.0,1,0.0,0.0,0.0,0.0,0.0,0.0,0.0,1,0.0,0.0,19,10,13,0
8910,856,121,1,0.0,0.0,0.0,0.0,0.0,0.0,0.0,1,0.0,1,0.0,0.0,0.0,0.0,11,4,2,0
8911,658,24,1,0.0,0.0,0.0,0.0,1,0.0,0.0,0.0,0.0,1,0.0,0.0,0.0,0.0,16,20,6,0
8912,727,149,1,0.0,0.0,0.0,0.0,0.0,0.0,0.0,1,1,0.0,0.0,0.0,0.0,0.0,12,25,6,0
8913,651,98,0.0,1,0.0,0.0,1,0.0,0.0,0.0,0.0,0.0,1,0.0,0.0,0.0,0.0,15,27,29,0
8914,206,147,1,0.0,0.0,0.0,0.0,0.0,1,0.0,0.0,0.0,1,0.0,0.0,0.0,0.0,9,17,1,0
8915,894,113,0.0,1,0.0,0.0,0.0,1,0.0,0.0,0.0,0.0,0.0,0.0,1,0.0,0.0,19,25,12,0
8916,62,31,0.0,1,0.0,0.0,0.0,0.0,0.0,1,0.0,0.0,0.0,0.0,1,0.0,0.0,13,26,4,0
8917,276,177,0.0,0.0,0.0,1,0.0,0.0,0.0,1,0.0,0.0,0.0,0.0,0.0,0.0,1,19,6,7,0
8918,477,145,1,0.0,0.0,0.0,1,0.0,0.0,0.0,0.0,0.0,0.0,0.0,1,0.0,0.0,12,5,23,0
8919,632,81,0.0,0.0,1,0.0,0.0,0.0,0.0,1,0.0,0.0,0.0,0.0,0.0,0.0,1,23,21,6,0
8920,958,113,0.0,0.0,0.0,1,0.0,0.0,1,0.0,0.0,0.0,1,0.0,0.0,0.0,0.0,14,5,4,0
8921,107,102,0.0,0.0,0.0,1,0.0,0.0,1,0.0,0.0,1,0.0,0.0,0.0,0.0,0.0,13,20,3,0
8922,75,53,0.0,1,0.0,0.0,0.0,1,0.0,0.0,0.0,0.0,0.0,0.0,0.0,1,0.0,21,23,12,0
8923,906,164,0.0,0.0,1,0.0,0.0,0.0,1,0.0,0.0,0.0,0.0,0.0,0.0,0.0,1,20,8,16,0
8924,574,38,0.0,0.0,1,0.0,0.0,0.0,0.0,0.0,1,0.0,0.0,0.0,0.0,1,0.0,10,13,15,0
8925,170,155,0.0,0.0,0.0,1,1,0.0,0.0,0.0,0.0,0.0,0.0,0.0,1,0.0,0.0,23,4,10,0
8926,911,85,0.0,1,0.0,0.0,1,0.0,0.0,0.0,0.0,0.0,1,0.0,0.0,0.0,0.0,9,20,18,0
8927,199,111,0.0,0.0,0.0,1,0.0,0.0,1,0.0,0.0,0.0,0.0,0.0,0.0,0.0,1,9,6,6,0
8928,15,58,0.0,0.0,0.0,1,0.0,0.0,0.0,0.0,1,0.0,0.0,0.0,1,0.0,0.0,14,14,28,0
8929,45,74,0.0,1,0.0,0.0,0.0,0.0,0.0,0.0,1,0.0,0.0,0.0,1,0.0,0.0,15,17,15,0
8930,572,122,1,0.0,0.0,0.0,0.0,1,0.0,0.0,0.0,0.0,0.0,0.0,0.0,1,0.0,16,14,28,0
8931,395,109,0.0,1,0.0,0.0,1,0.0,0.0,0.0,0.0,0.0,0.0,0.0,1,0.0,0.0,14,19,8,0
8932,439,85,1,0.0,0.0,0.0,0.0,0.0,1,0.0,0.0,1,0.0,0.0,0.0,0.0,0.0,17,8,28,0
8933,798,52,0.0,1,0.0,0.0,0.0,0.0,1,0.0,0.0,0.0,0.0,0.0,1,0.0,0.0,22,26,1,0
8934,52,177,1,0.0,0.0,0.0,0.0,1,0.0,0.0,0.0,0.0,1,0.0,0.0,0.0,0.0,4,88,79,1
8935,640,58,1,0.0,0.0,0.0,0.0,0.0,0.0,0.0,1,0.0,0.0,0.0,0.0,1,0.0,10,14,12,0
8936,4,10,0.0,1,0.0,0.0,0.0,1,0.0,0.0,0.0,0.0,0.0,0.0,1,0.0,0.0,23,70,94,1
8937,664,205,0.0,0.0,0.0,1,1,0.0,0.0,0.0,0.0,0.0,0.0,0.0,0.0,1,0.0,8,1,0,0
8938,801,55,0.0,1,0.0,0.0,0.0,1,0.0,0.0,0.0,0.0,0.0,0.0,1,0.0,0.0,14,28,16,0
8939,198,124,0.0,0.0,0.0,1,0.0,0.0,0.0,0.0,1,0.0,1,0.0,0.0,0.0,0.0,15,25,17,0
8940,819,104,0.0,0.0,1,0.0,0.0,0.0,0.0,1,0.0,0.0,0.0,0.0,1,0.0,0.0,16,18,3,0
8941,442,1,0.0,1,0.0,0.0,0.0,0.0,0.0,0.0,1,0.0,0.0,0.0,0.0,1,0.0,9,10,22,0
8942,819,182,0.0,0.0,0.0,1,0.0,0.0,1,0.0,0.0,0.0,0.0,0.0,1,0.0,0.0,8,6,10,0
8943,836,129,0.0,0.0,1,0.0,0.0,1,0.0,0.0,0.0,0.0,0.0,0.0,0.0,0.0,1,16,29,29,0
8944,212,152,1,0.0,0.0,0.0,1,0.0,0.0,0.0,0.0,0.0,0.0,0.0,1,0.0,0.0,11,9,11,0
8945,934,111,1,0.0,0.0,0.0,0.0,0.0,0.0,0.0,1,0.0,0.0,0.0,1,0.0,0.0,20,12,12,0
8946,725,72,0.0,0.0,0.0,1,0.0,0.0,0.0,0.0,1,0.0,0.0,0.0,0.0,0.0,1,15,26,14,0
8947,277,75,0.0,0.0,0.0,1,1,0.0,0.0,0.0,0.0,0.0,0.0,0.0,0.0,0.0,1,15,13,16,0
8948,366,230,0.0,1,0.0,0.0,0.0,0.0,0.0,1,0.0,0.0,0.0,0.0,0.0,0.0,1,11,14,3,0
8949,975,115,1,0.0,0.0,0.0,0.0,0.0,0.0,0.0,1,0.0,0.0,0.0,1,0.0,0.0,11,11,18,0
8950,631,150,0.0,1,0.0,0.0,0.0,1,0.0,0.0,0.0,0.0,0.0,0.0,0.0,1,0.0,21,26,7,0
8951,583,99,1,0.0,0.0,0.0,1,0.0,0.0,0.0,0.0,0.0,0.0,0.0,0.0,1,0.0,7,1,10,0
8952,214,2,0.0,0.0,0.0,1,0.0,0.0,1,0.0,0.0,0.0,0.0,0.0,1,0.0,0.0,8,12,2,0
8953,863,81,0.0,0.0,0.0,1,0.0,0.0,0.0,1,0.0,0.0,1,0.0,0.0,0.0,0.0,12,28,12,0
8954,163,70,0.0,1,0.0,0.0,0.0,0.0,0.0,0.0,1,0.0,0.0,0.0,0.0,0.0,1,9,18,11,0
8955,923,50,0.0,0.0,1,0.0,1,0.0,0.0,0.0,0.0,0.0,0.0,0.0,0.0,0.0,1,11,10,24,0
8956,71,165,1,0.0,0.0,0.0,0.0,0.0,0.0,1,0.0,0.0,1,0.0,0.0,0.0,0.0,8,5,12,0
8957,3,174,0.0,0.0,0.0,1,1,0.0,0.0,0.0,0.0,0.0,1,0.0,0.0,0.0,0.0,7,21,24,0
8958,370,154,0.0,0.0,1,0.0,0.0,0.0,1,0.0,0.0,0.0,0.0,0.0,1,0.0,0.0,19,27,18,0
8959,188,159,0.0,1,0.0,0.0,0.0,0.0,0.0,1,0.0,0.0,0.0,0.0,0.0,1,0.0,17,22,29,0
8960,58,126,1,0.0,0.0,0.0,0.0,0.0,0.0,1,0.0,0.0,1,0.0,0.0,0.0,0.0,19,2,6,0
8961,970,156,0.0,1,0.0,0.0,0.0,1,0.0,0.0,0.0,0.0,0.0,0.0,0.0,0.0,1,15,14,0,0
8962,238,159,0.0,1,0.0,0.0,0.0,0.0,1,0.0,0.0,0.0,0.0,0.0,0.0,1,0.0,17,26,3,0
8963,309,102,0.0,0.0,0.0,1,0.0,1,0.0,0.0,0.0,0.0,0.0,0.0,0.0,0.0,1,14,4,17,0
8964,527,133,0.0,0.0,1,0.0,0.0,0.0,0.0,1,0.0,1,0.0,0.0,0.0,0.0,0.0,23,24,26,0
8965,753,67,1,0.0,0.0,0.0,0.0,0.0,0.0,1,0.0,0.0,1,0.0,0.0,0.0,0.0,22,1,28,0
8966,950,122,1,0.0,0.0,0.0,0.0,0.0,0.0,1,0.0,0.0,0.0,0.0,0.0,1,0.0,13,27,8,0
8967,679,90,0.0,0.0,1,0.0,0.0,0.0,0.0,0.0,1,0.0,0.0,0.0,0.0,1,0.0,13,29,26,0
8968,438,135,0.0,0.0,1,0.0,0.0,0.0,0.0,0.0,1,0.0,0.0,0.0,0.0,0.0,1,9,10,12,0
8969,841,24,0.0,0.0,1,0.0,0.0,0.0,0.0,0.0,1,0.0,1,0.0,0.0,0.0,0.0,14,5,14,0
8970,291,91,1,0.0,0.0,0.0,0.0,0.0,1,0.0,0.0,0.0,0.0,0.0,1,0.0,0.0,14,15,27,0
8971,572,115,0.0,0.0,1,0.0,0.0,1,0.0,0.0,0.0,0.0,1,0.0,0.0,0.0,0.0,22,5,9,0
8972,61,124,0.0,1,0.0,0.0,0.0,0.0,1,0.0,0.0,0.0,0.0,0.0,0.0,1,0.0,12,6,7,0
8973,175,1,1,0.0,0.0,0.0,0.0,1,0.0,0.0,0.0,0.0,0.0,0.0,1,0.0,0.0,7,2,4,0
8974,817,257,0.0,0.0,1,0.0,0.0,0.0,0.0,1,0.0,1,0.0,0.0,0.0,0.0,0.0,14,5,26,0
8975,799,85,1,0.0,0.0,0.0,0.0,0.0,0.0,1,0.0,0.0,0.0,0.0,0.0,1,0.0,20,0,20,0
8976,914,107,0.0,0.0,0.0,1,0.0,0.0,1,0.0,0.0,0.0,1,0.0,0.0,0.0,0.0,16,17,27,0
8977,170,186,0.0,0.0,0.0,1,0.0,0.0,0.0,0.0,1,0.0,1,0.0,0.0,0.0,0.0,16,10,27,0
8978,951,122,1,0.0,0.0,0.0,0.0,1,0.0,0.0,0.0,0.0,0.0,0.0,0.0,1,0.0,16,19,6,0
8979,905,134,0.0,0.0,1,0.0,1,0.0,0.0,0.0,0.0,0.0,1,0.0,0.0,0.0,0.0,13,25,10,0
8980,882,87,0.0,0.0,0.0,1,1,0.0,0.0,0.0,0.0,0.0,0.0,0.0,0.0,0.0,1,7,23,0,0
8981,44,56,0.0,1,0.0,0.0,0.0,1,0.0,0.0,0.0,0.0,1,0.0,0.0,0.0,0.0,11,9,6,0
8982,336,101,0.0,0.0,0.0,1,0.0,0.0,0.0,0.0,1,0.0,0.0,0.0,1,0.0,0.0,7,0,19,0
8983,227,84,0.0,0.0,1,0.0,1,0.0,0.0,0.0,0.0,0.0,0.0,0.0,0.0,0.0,1,7,0,18,0
8984,222,92,1,0.0,0.0,0.0,0.0,0.0,1,0.0,0.0,0.0,1,0.0,0.0,0.0,0.0,11,26,20,0
8985,87,13,0.0,0.0,0.0,1,0.0,0.0,1,0.0,0.0,0.0,1,0.0,0.0,0.0,0.0,22,10,21,0
8986,459,98,0.0,1,0.0,0.0,0.0,1,0.0,0.0,0.0,0.0,0.0,0.0,0.0,0.0,1,12,24,8,0
8987,367,68,1,0.0,0.0,0.0,1,0.0,0.0,0.0,0.0,0.0,0.0,0.0,0.0,1,0.0,22,0,25,0
8988,284,55,0.0,0.0,1,0.0,0.0,0.0,1,0.0,0.0,0.0,0.0,0.0,1,0.0,0.0,14,18,20,0
8989,27,60,0.0,0.0,1,0.0,0.0,1,0.0,0.0,0.0,0.0,1,0.0,0.0,0.0,0.0,10,7,12,0
8990,203,67,0.0,1,0.0,0.0,0.0,0.0,0.0,1,0.0,0.0,1,0.0,0.0,0.0,0.0,18,1,9,0
8991,2,167,0.0,0.0,1,0.0,1,0.0,0.0,0.0,0.0,0.0,1,0.0,0.0,0.0,0.0,16,29,17,0
8992,194,170,0.0,1,0.0,0.0,0.0,0.0,0.0,1,0.0,0.0,0.0,0.0,1,0.0,0.0,9,2,8,0
8993,492,152,0.0,1,0.0,0.0,0.0,0.0,1,0.0,0.0,0.0,0.0,0.0,0.0,0.0,1,15,1,8,0
8994,177,134,0.0,1,0.0,0.0,0.0,0.0,0.0,1,0.0,0.0,0.0,0.0,0.0,1,0.0,8,7,17,0
8995,370,107,0.0,0.0,0.0,1,0.0,0.0,0.0,1,0.0,0.0,0.0,0.0,0.0,1,0.0,21,9,19,0
8996,63,110,0.0,0.0,1,0.0,0.0,1,0.0,0.0,0.0,0.0,0.0,0.0,1,0.0,0.0,16,29,20,0
8997,407,90,0.0,1,0.0,0.0,0.0,0.0,0.0,1,0.0,0.0,0.0,0.0,0.0,0.0,1,19,23,10,0
8998,154,59,0.0,1,0.0,0.0,0.0,0.0,1,0.0,0.0,1,0.0,0.0,0.0,0.0,0.0,15,19,26,0
8999,724,1463,0.0,0.0,0.0,1,0.0,0.0,0.0,0.0,1,0.0,0.0,0.0,0.0,0.0,1,16,88,77,1
9000,675,153,0.0,1,0.0,0.0,0.0,0.0,0.0,1,0.0,0.0,1,0.0,0.0,0.0,0.0,13,12,17,0
9001,758,56,0.0,0.0,0.0,1,0.0,0.0,0.0,1,0.0,1,0.0,0.0,0.0,0.0,0.0,13,8,27,0
9002,213,46,0.0,0.0,1,0.0,0.0,0.0,0.0,1,0.0,1,0.0,0.0,0.0,0.0,0.0,8,22,15,0
9003,69,4542,0.0,0.0,1,0.0,0.0,0.0,1,0.0,0.0,0.0,0.0,0.0,0.0,1,0.0,23,80,80,1
9004,356,2734,1,0.0,0.0,0.0,0.0,0.0,0.0,0.0,1,0.0,1,0.0,0.0,0.0,0.0,1,98,88,1
9005,607,139,0.0,0.0,0.0,1,1,0.0,0.0,0.0,0.0,1,0.0,0.0,0.0,0.0,0.0,10,9,9,0
9006,801,57,0.0,0.0,1,0.0,0.0,0.0,0.0,0.0,1,0.0,0.0,0.0,1,0.0,0.0,9,24,22,0
9007,638,164,0.0,0.0,0.0,1,0.0,1,0.0,0.0,0.0,0.0,0.0,0.0,1,0.0,0.0,22,27,5,0
9008,851,61,0.0,0.0,0.0,1,1,0.0,0.0,0.0,0.0,0.0,0.0,0.0,0.0,0.0,1,11,3,25,0
9009,529,98,1,0.0,0.0,0.0,0.0,0.0,0.0,0.0,1,1,0.0,0.0,0.0,0.0,0.0,8,1,12,0
9010,411,136,0.0,1,0.0,0.0,0.0,0.0,0.0,1,0.0,1,0.0,0.0,0.0,0.0,0.0,6,9,9,0
9011,287,139,0.0,1,0.0,0.0,0.0,0.0,0.0,0.0,1,0.0,0.0,0.0,1,0.0,0.0,6,11,19,0
9012,526,163,0.0,0.0,0.0,1,0.0,0.0,0.0,0.0,1,0.0,0.0,0.0,0.0,1,0.0,15,17,29,0
9013,532,124,0.0,1,0.0,0.0,0.0,0.0,0.0,1,0.0,0.0,1,0.0,0.0,0.0,0.0,9,6,18,0
9014,197,171,1,0.0,0.0,0.0,0.0,0.0,0.0,1,0.0,0.0,0.0,0.0,0.0,0.0,1,6,29,25,0
9015,883,17,1,0.0,0.0,0.0,0.0,1,0.0,0.0,0.0,1,0.0,0.0,0.0,0.0,0.0,8,25,4,0
9016,146,123,0.0,0.0,0.0,1,0.0,0.0,0.0,0.0,1,0.0,1,0.0,0.0,0.0,0.0,13,24,22,0
9017,587,103,1,0.0,0.0,0.0,1,0.0,0.0,0.0,0.0,0.0,0.0,0.0,0.0,1,0.0,10,17,19,0
9018,833,3,0.0,0.0,0.0,1,0.0,0.0,1,0.0,0.0,0.0,0.0,0.0,0.0,1,0.0,8,10,17,0
9019,133,152,0.0,0.0,1,0.0,0.0,1,0.0,0.0,0.0,0.0,1,0.0,0.0,0.0,0.0,12,0,18,0
9020,135,168,0.0,0.0,0.0,1,1,0.0,0.0,0.0,0.0,0.0,1,0.0,0.0,0.0,0.0,9,22,23,0
9021,153,100,0.0,1,0.0,0.0,1,0.0,0.0,0.0,0.0,0.0,1,0.0,0.0,0.0,0.0,8,23,10,0
9022,190,178,0.0,1,0.0,0.0,0.0,1,0.0,0.0,0.0,0.0,1,0.0,0.0,0.0,0.0,20,15,29,0
9023,569,153,1,0.0,0.0,0.0,0.0,1,0.0,0.0,0.0,0.0,0.0,0.0,0.0,1,0.0,18,15,13,0
9024,89,125,0.0,0.0,1,0.0,0.0,0.0,0.0,0.0,1,0.0,0.0,0.0,1,0.0,0.0,20,19,18,0
9025,545,89,0.0,0.0,1,0.0,1,0.0,0.0,0.0,0.0,0.0,0.0,0.0,0.0,1,0.0,21,19,25,0
9026,78,91,0.0,0.0,0.0,1,0.0,0.0,0.0,1,0.0,0.0,1,0.0,0.0,0.0,0.0,6,2,25,0
9027,263,182,1,0.0,0.0,0.0,0.0,1,0.0,0.0,0.0,1,0.0,0.0,0.0,0.0,0.0,8,19,22,0
9028,742,74,1,0.0,0.0,0.0,0.0,0.0,0.0,1,0.0,0.0,0.0,0.0,1,0.0,0.0,21,3,10,0
9029,455,111,1,0.0,0.0,0.0,0.0,0.0,0.0,0.0,1,0.0,1,0.0,0.0,0.0,0.0,9,28,1,0
9030,535,126,0.0,0.0,0.0,1,0.0,0.0,1,0.0,0.0,0.0,0.0,0.0,1,0.0,0.0,13,1,7,0
9031,82,98,0.0,0.0,0.0,1,0.0,0.0,1,0.0,0.0,0.0,0.0,0.0,1,0.0,0.0,11,7,11,0
9032,557,85,0.0,0.0,0.0,1,0.0,0.0,0.0,1,0.0,0.0,0.0,0.0,1,0.0,0.0,8,11,28,0
9033,473,75,0.0,1,0.0,0.0,0.0,0.0,0.0,1,0.0,0.0,1,0.0,0.0,0.0,0.0,17,3,19,0
9034,646,137,0.0,0.0,0.0,1,0.0,1,0.0,0.0,0.0,0.0,1,0.0,0.0,0.0,0.0,12,11,9,0
9035,970,54,0.0,0.0,0.0,1,0.0,1,0.0,0.0,0.0,0.0,1,0.0,0.0,0.0,0.0,12,2,6,0
9036,989,135,0.0,0.0,1,0.0,0.0,0.0,0.0,0.0,1,0.0,0.0,0.0,0.0,0.0,1,6,10,13,0
9037,952,159,0.0,0.0,0.0,1,0.0,1,0.0,0.0,0.0,0.0,1,0.0,0.0,0.0,0.0,15,3,5,0
9038,325,159,1,0.0,0.0,0.0,0.0,1,0.0,0.0,0.0,0.0,0.0,0.0,0.0,0.0,1,10,18,9,0
9039,562,90,0.0,1,0.0,0.0,0.0,1,0.0,0.0,0.0,0.0,0.0,0.0,0.0,1,0.0,14,21,24,0
9040,985,111,0.0,1,0.0,0.0,0.0,0.0,0.0,1,0.0,0.0,1,0.0,0.0,0.0,0.0,16,25,21,0
9041,171,60,0.0,0.0,0.0,1,0.0,0.0,0.0,0.0,1,0.0,1,0.0,0.0,0.0,0.0,12,1,9,0
9042,985,77,0.0,0.0,1,0.0,0.0,1,0.0,0.0,0.0,0.0,1,0.0,0.0,0.0,0.0,12,9,28,0
9043,419,23,0.0,0.0,1,0.0,0.0,1,0.0,0.0,0.0,0.0,1,0.0,0.0,0.0,0.0,22,7,27,0
9044,649,74,0.0,0.0,1,0.0,0.0,1,0.0,0.0,0.0,1,0.0,0.0,0.0,0.0,0.0,13,13,11,0
9045,90,94,0.0,0.0,0.0,1,0.0,0.0,0.0,1,0.0,0.0,1,0.0,0.0,0.0,0.0,23,14,1,0
9046,964,110,0.0,0.0,1,0.0,0.0,0.0,0.0,0.0,1,0.0,0.0,0.0,1,0.0,0.0,19,25,11,0
9047,973,135,0.0,0.0,1,0.0,1,0.0,0.0,0.0,0.0,0.0,1,0.0,0.0,0.0,0.0,16,14,15,0
9048,519,106,0.0,0.0,1,0.0,0.0,0.0,0.0,1,0.0,0.0,0.0,0.0,0.0,1,0.0,20,17,16,0
9049,253,111,0.0,0.0,1,0.0,0.0,0.0,1,0.0,0.0,1,0.0,0.0,0.0,0.0,0.0,19,23,18,0
9050,874,4340,0.0,0.0,1,0.0,1,0.0,0.0,0.0,0.0,1,0.0,0.0,0.0,0.0,0.0,4,84,80,1
9051,30,60,0.0,0.0,1,0.0,0.0,1,0.0,0.0,0.0,1,0.0,0.0,0.0,0.0,0.0,16,16,21,0
9052,634,33,1,0.0,0.0,0.0,1,0.0,0.0,0.0,0.0,0.0,1,0.0,0.0,0.0,0.0,11,29,21,0
9053,600,97,0.0,0.0,0.0,1,0.0,0.0,0.0,1,0.0,0.0,0.0,0.0,0.0,1,0.0,23,14,5,0
9054,599,75,0.0,0.0,1,0.0,0.0,1,0.0,0.0,0.0,0.0,0.0,0.0,1,0.0,0.0,11,11,10,0
9055,298,196,0.0,0.0,0.0,1,0.0,1,0.0,0.0,0.0,0.0,0.0,0.0,0.0,0.0,1,10,28,21,0
9056,927,15,0.0,0.0,0.0,1,0.0,0.0,1,0.0,0.0,0.0,0.0,0.0,0.0,0.0,1,17,22,6,0
9057,68,106,0.0,1,0.0,0.0,0.0,0.0,0.0,1,0.0,1,0.0,0.0,0.0,0.0,0.0,15,2,13,0
9058,793,36,0.0,0.0,0.0,1,0.0,0.0,0.0,1,0.0,0.0,0.0,0.0,0.0,1,0.0,15,7,24,0
9059,265,129,1,0.0,0.0,0.0,0.0,0.0,0.0,0.0,1,0.0,1,0.0,0.0,0.0,0.0,6,13,8,0
9060,108,159,0.0,0.0,0.0,1,0.0,0.0,1,0.0,0.0,0.0,0.0,0.0,0.0,0.0,1,11,3,5,0
9061,890,55,1,0.0,0.0,0.0,0.0,1,0.0,0.0,0.0,0.0,0.0,0.0,0.0,0.0,1,14,20,29,0
9062,492,59,0.0,0.0,0.0,1,0.0,0.0,1,0.0,0.0,0.0,0.0,0.0,0.0,0.0,1,11,17,24,0
9063,279,3260,0.0,0.0,1,0.0,0.0,1,0.0,0.0,0.0,1,0.0,0.0,0.0,0.0,0.0,4,73,90,1
9064,910,29,0.0,1,0.0,0.0,0.0,0.0,0.0,1,0.0,0.0,1,0.0,0.0,0.0,0.0,11,19,17,0
9065,566,92,0.0,1,0.0,0.0,0.0,1,0.0,0.0,0.0,0.0,1,0.0,0.0,0.0,0.0,15,18,18,0
9066,375,127,0.0,0.0,1,0.0,1,0.0,0.0,0.0,0.0,0.0,0.0,0.0,0.0,0.0,1,10,22,8,0
9067,617,2328,1,0.0,0.0,0.0,1,0.0,0.0,0.0,0.0,0.0,0.0,0.0,1,0.0,0.0,13,96,79,1
9068,816,38,1,0.0,0.0,0.0,0.0,0.0,0.0,1,0.0,0.0,0.0,0.0,1,0.0,0.0,19,19,15,0
9069,280,204,1,0.0,0.0,0.0,0.0,0.0,0.0,0.0,1,1,0.0,0.0,0.0,0.0,0.0,23,12,10,0
9070,186,133,0.0,0.0,0.0,1,0.0,1,0.0,0.0,0.0,0.0,0.0,0.0,1,0.0,0.0,12,24,23,0
9071,225,61,0.0,0.0,1,0.0,0.0,0.0,1,0.0,0.0,1,0.0,0.0,0.0,0.0,0.0,22,15,27,0
9072,966,132,0.0,1,0.0,0.0,0.0,0.0,1,0.0,0.0,0.0,0.0,0.0,0.0,0.0,1,23,12,27,0
9073,799,49,0.0,0.0,1,0.0,0.0,0.0,0.0,1,0.0,0.0,0.0,0.0,0.0,0.0,1,23,7,12,0
9074,652,142,0.0,1,0.0,0.0,0.0,0.0,0.0,0.0,1,0.0,0.0,0.0,0.0,0.0,1,13,16,9,0
9075,487,19,0.0,1,0.0,0.0,1,0.0,0.0,0.0,0.0,0.0,1,0.0,0.0,0.0,0.0,11,5,29,0
9076,720,26,0.0,0.0,1,0.0,0.0,1,0.0,0.0,0.0,0.0,0.0,0.0,0.0,1,0.0,12,18,25,0
9077,380,49,0.0,0.0,1,0.0,0.0,0.0,0.0,0.0,1,0.0,0.0,0.0,1,0.0,0.0,8,15,18,0
9078,172,54,1,0.0,0.0,0.0,1,0.0,0.0,0.0,0.0,0.0,0.0,0.0,0.0,0.0,1,13,13,0,0
9079,539,50,0.0,0.0,0.0,1,0.0,0.0,0.0,0.0,1,1,0.0,0.0,0.0,0.0,0.0,7,2,23,0
9080,521,172,0.0,0.0,0.0,1,0.0,0.0,1,0.0,0.0,1,0.0,0.0,0.0,0.0,0.0,6,8,0,0
9081,168,155,0.0,0.0,1,0.0,0.0,1,0.0,0.0,0.0,0.0,0.0,0.0,0.0,1,0.0,14,4,12,0
9082,71,37,0.0,0.0,1,0.0,0.0,0.0,0.0,1,0.0,0.0,0.0,0.0,0.0,0.0,1,20,22,27,0
9083,888,10,0.0,1,0.0,0.0,0.0,0.0,0.0,1,0.0,0.0,0.0,0.0,0.0,0.0,1,21,93,85,1
9084,687,116,0.0,1,0.0,0.0,0.0,0.0,0.0,0.0,1,0.0,0.0,0.0,1,0.0,0.0,21,28,2,0
9085,445,80,1,0.0,0.0,0.0,0.0,0.0,0.0,0.0,1,0.0,0.0,0.0,0.0,0.0,1,15,4,11,0
9086,452,108,0.0,0.0,0.0,1,0.0,0.0,0.0,0.0,1,1,0.0,0.0,0.0,0.0,0.0,10,15,19,0
9087,600,107,0.0,0.0,1,0.0,0.0,0.0,1,0.0,0.0,0.0,0.0,0.0,0.0,1,0.0,12,14,25,0
9088,68,67,0.0,0.0,1,0.0,0.0,0.0,0.0,0.0,1,0.0,0.0,0.0,1,0.0,0.0,9,2,9,0
9089,389,220,0.0,0.0,0.0,1,1,0.0,0.0,0.0,0.0,1,0.0,0.0,0.0,0.0,0.0,12,28,17,0
9090,545,37,1,0.0,0.0,0.0,0.0,0.0,1,0.0,0.0,0.0,0.0,0.0,0.0,0.0,1,14,25,7,0
9091,145,34,0.0,0.0,0.0,1,0.0,0.0,1,0.0,0.0,0.0,1,0.0,0.0,0.0,0.0,12,23,25,0
9092,729,796,0.0,0.0,0.0,1,1,0.0,0.0,0.0,0.0,0.0,0.0,1,0.0,0.0,0.0,20,75,71,1
9093,576,117,1,0.0,0.0,0.0,0.0,0.0,0.0,0.0,1,0.0,0.0,0.0,0.0,0.0,1,18,22,13,0
9094,25,100,0.0,0.0,1,0.0,1,0.0,0.0,0.0,0.0,0.0,1,0.0,0.0,0.0,0.0,23,20,29,0
9095,153,63,1,0.0,0.0,0.0,0.0,0.0,0.0,0.0,1,0.0,0.0,0.0,0.0,0.0,1,16,14,17,0
9096,500,2534,0.0,0.0,1,0.0,0.0,0.0,0.0,1,0.0,0.0,0.0,0.0,0.0,1,0.0,18,81,71,1
9097,602,125,0.0,0.0,1,0.0,0.0,1,0.0,0.0,0.0,0.0,1,0.0,0.0,0.0,0.0,6,4,24,0
9098,224,163,1,0.0,0.0,0.0,1,0.0,0.0,0.0,0.0,0.0,0.0,0.0,0.0,0.0,1,23,1,17,0
9099,232,5975,0.0,1,0.0,0.0,0.0,1,0.0,0.0,0.0,0.0,1,0.0,0.0,0.0,0.0,10,70,87,1
9100,79,80,0.0,0.0,1,0.0,0.0,0.0,0.0,1,0.0,0.0,0.0,0.0,0.0,1,0.0,12,27,15,0
9101,277,191,0.0,0.0,0.0,1,0.0,0.0,0.0,0.0,1,0.0,1,0.0,0.0,0.0,0.0,21,17,5,0
9102,517,10,0.0,1,0.0,0.0,0.0,0.0,1,0.0,0.0,0.0,0.0,1,0.0,0.0,0.0,14,70,99,1
9103,413,176,1,0.0,0.0,0.0,0.0,0.0,1,0.0,0.0,0.0,1,0.0,0.0,0.0,0.0,15,10,26,0
9104,110,69,0.0,0.0,1,0.0,0.0,0.0,1,0.0,0.0,1,0.0,0.0,0.0,0.0,0.0,18,15,5,0
9105,734,61,1,0.0,0.0,0.0,0.0,0.0,0.0,0.0,1,0.0,0.0,0.0,0.0,0.0,1,11,26,11,0
9106,681,130,0.0,0.0,1,0.0,1,0.0,0.0,0.0,0.0,1,0.0,0.0,0.0,0.0,0.0,17,26,24,0
9107,380,641,1,0.0,0.0,0.0,0.0,1,0.0,0.0,0.0,0.0,0.0,0.0,0.0,1,0.0,12,97,94,1
9108,72,47,0.0,0.0,1,0.0,0.0,0.0,1,0.0,0.0,0.0,0.0,0.0,0.0,0.0,1,15,28,9,0
9109,330,64,1,0.0,0.0,0.0,0.0,0.0,0.0,1,0.0,1,0.0,0.0,0.0,0.0,0.0,12,13,8,0
9110,436,176,0.0,0.0,0.0,1,0.0,0.0,1,0.0,0.0,0.0,0.0,0.0,1,0.0,0.0,12,12,25,0
9111,136,148,0.0,0.0,0.0,1,0.0,0.0,0.0,1,0.0,0.0,0.0,0.0,0.0,1,0.0,7,23,15,0
9112,354,85,0.0,0.0,1,0.0,0.0,0.0,1,0.0,0.0,0.0,0.0,0.0,0.0,1,0.0,11,5,3,0
9113,672,10,1,0.0,0.0,0.0,0.0,0.0,1,0.0,0.0,0.0,0.0,0.0,0.0,0.0,1,3,77,81,1
9114,906,54,0.0,1,0.0,0.0,0.0,0.0,0.0,0.0,1,0.0,0.0,0.0,0.0,1,0.0,20,29,23,0
9115,797,4765,1,0.0,0.0,0.0,1,0.0,0.0,0.0,0.0,0.0,0.0,0.0,0.0,0.0,1,21,76,75,1
9116,151,145,1,0.0,0.0,0.0,0.0,0.0,0.0,1,0.0,0.0,0.0,0.0,0.0,0.0,1,19,6,9,0
9117,704,88,1,0.0,0.0,0.0,0.0,0.0,1,0.0,0.0,1,0.0,0.0,0.0,0.0,0.0,7,22,9,0
9118,86,108,0.0,0.0,1,0.0,0.0,0.0,0.0,1,0.0,0.0,0.0,0.0,1,0.0,0.0,22,5,20,0
9119,564,154,0.0,1,0.0,0.0,0.0,0.0,0.0,1,0.0,0.0,0.0,0.0,1,0.0,0.0,15,10,20,0
9120,578,64,1,0.0,0.0,0.0,0.0,0.0,0.0,1,0.0,0.0,1,0.0,0.0,0.0,0.0,11,1,6,0
9121,948,178,1,0.0,0.0,0.0,1,0.0,0.0,0.0,0.0,0.0,0.0,0.0,0.0,0.0,1,16,29,4,0
9122,9,190,1,0.0,0.0,0.0,0.0,0.0,0.0,0.0,1,0.0,0.0,0.0,0.0,0.0,1,15,25,24,0
9123,975,49,0.0,0.0,1,0.0,0.0,1,0.0,0.0,0.0,1,0.0,0.0,0.0,0.0,0.0,18,29,22,0
9124,845,99,0.0,0.0,0.0,1,1,0.0,0.0,0.0,0.0,0.0,0.0,0.0,0.0,0.0,1,8,5,1,0
9125,959,161,1,0.0,0.0,0.0,0.0,0.0,0.0,1,0.0,0.0,1,0.0,0.0,0.0,0.0,21,17,9,0
9126,796,149,0.0,1,0.0,0.0,0.0,0.0,0.0,1,0.0,0.0,1,0.0,0.0,0.0,0.0,17,27,8,0
9127,756,155,0.0,0.0,1,0.0,1,0.0,0.0,0.0,0.0,0.0,0.0,0.0,0.0,0.0,1,8,28,17,0
9128,395,167,0.0,1,0.0,0.0,0.0,0.0,0.0,1,0.0,0.0,0.0,0.0,0.0,1,0.0,9,21,14,0
9129,870,147,1,0.0,0.0,0.0,0.0,0.0,0.0,0.0,1,0.0,1,0.0,0.0,0.0,0.0,17,6,24,0
9130,744,96,0.0,0.0,0.0,1,0.0,0.0,1,0.0,0.0,0.0,0.0,0.0,0.0,0.0,1,18,28,13,0
9131,578,102,0.0,1,0.0,0.0,0.0,0.0,0.0,1,0.0,0.0,1,0.0,0.0,0.0,0.0,21,23,9,0
9132,694,303,0.0,0.0,0.0,1,0.0,0.0,0.0,0.0,1,0.0,0.0,0.0,1,0.0,0.0,10,86,84,1
9133,486,92,1,0.0,0.0,0.0,0.0,0.0,1,0.0,0.0,0.0,1,0.0,0.0,0.0,0.0,19,12,20,0
9134,132,245,1,0.0,0.0,0.0,0.0,0.0,1,0.0,0.0,0.0,0.0,0.0,1,0.0,0.0,23,3,17,0
9135,667,102,1,0.0,0.0,0.0,0.0,0.0,0.0,1,0.0,0.0,1,0.0,0.0,0.0,0.0,17,9,11,0
9136,701,190,0.0,0.0,1,0.0,0.0,0.0,0.0,0.0,1,0.0,0.0,0.0,1,0.0,0.0,9,1,26,0
9137,816,2170,0.0,0.0,0.0,1,0.0,0.0,0.0,1,0.0,0.0,0.0,0.0,0.0,0.0,1,11,98,98,1
9138,752,86,1,0.0,0.0,0.0,1,0.0,0.0,0.0,0.0,0.0,0.0,0.0,1,0.0,0.0,22,28,28,0
9139,236,167,1,0.0,0.0,0.0,1,0.0,0.0,0.0,0.0,0.0,0.0,0.0,0.0,1,0.0,19,29,5,0
9140,596,89,0.0,0.0,1,0.0,0.0,0.0,0.0,0.0,1,0.0,0.0,0.0,0.0,1,0.0,18,24,0,0
9141,949,160,1,0.0,0.0,0.0,0.0,1,0.0,0.0,0.0,0.0,0.0,0.0,0.0,1,0.0,21,1,4,0
9142,432,1,0.0,0.0,1,0.0,0.0,1,0.0,0.0,0.0,0.0,0.0,0.0,1,0.0,0.0,13,29,4,0
9143,577,72,0.0,0.0,0.0,1,0.0,1,0.0,0.0,0.0,0.0,0.0,0.0,0.0,0.0,1,17,12,11,0
9144,647,10,0.0,0.0,1,0.0,0.0,1,0.0,0.0,0.0,0.0,1,0.0,0.0,0.0,0.0,5,83,95,1
9145,487,111,1,0.0,0.0,0.0,0.0,0.0,0.0,0.0,1,0.0,1,0.0,0.0,0.0,0.0,6,18,1,0
9146,110,118,1,0.0,0.0,0.0,1,0.0,0.0,0.0,0.0,0.0,0.0,0.0,0.0,1,0.0,21,9,23,0
9147,633,79,0.0,0.0,0.0,1,0.0,0.0,0.0,1,0.0,0.0,0.0,0.0,0.0,0.0,1,11,13,12,0
9148,675,81,1,0.0,0.0,0.0,0.0,0.0,0.0,1,0.0,0.0,0.0,0.0,1,0.0,0.0,22,26,13,0
9149,745,66,1,0.0,0.0,0.0,0.0,0.0,1,0.0,0.0,1,0.0,0.0,0.0,0.0,0.0,15,7,12,0
9150,939,142,1,0.0,0.0,0.0,0.0,0.0,1,0.0,0.0,0.0,0.0,0.0,0.0,0.0,1,17,12,27,0
9151,900,132,0.0,0.0,0.0,1,0.0,1,0.0,0.0,0.0,1,0.0,0.0,0.0,0.0,0.0,17,28,14,0
9152,316,167,0.0,0.0,1,0.0,0.0,1,0.0,0.0,0.0,1,0.0,0.0,0.0,0.0,0.0,10,16,25,0
9153,733,149,0.0,1,0.0,0.0,0.0,0.0,0.0,0.0,1,0.0,0.0,0.0,0.0,0.0,1,18,29,16,0
9154,699,104,1,0.0,0.0,0.0,0.0,0.0,1,0.0,0.0,1,0.0,0.0,0.0,0.0,0.0,17,9,24,0
9155,980,139,0.0,0.0,1,0.0,0.0,0.0,1,0.0,0.0,1,0.0,0.0,0.0,0.0,0.0,10,27,5,0
9156,267,51,0.0,0.0,1,0.0,0.0,0.0,0.0,1,0.0,0.0,0.0,0.0,0.0,1,0.0,15,24,16,0
9157,808,254,0.0,1,0.0,0.0,0.0,1,0.0,0.0,0.0,0.0,1,0.0,0.0,0.0,0.0,15,6,8,0
9158,166,165,0.0,0.0,1,0.0,0.0,0.0,0.0,0.0,1,0.0,0.0,0.0,0.0,1,0.0,18,6,26,0
9159,632,44,0.0,0.0,0.0,1,0.0,0.0,0.0,0.0,1,0.0,1,0.0,0.0,0.0,0.0,15,8,17,0
9160,628,66,0.0,0.0,1,0.0,0.0,0.0,0.0,1,0.0,0.0,0.0,0.0,0.0,1,0.0,15,18,23,0
9161,445,131,0.0,0.0,1,0.0,0.0,0.0,0.0,0.0,1,0.0,1,0.0,0.0,0.0,0.0,9,29,23,0
9162,930,189,0.0,0.0,1,0.0,0.0,1,0.0,0.0,0.0,0.0,1,0.0,0.0,0.0,0.0,20,25,3,0
9163,67,88,0.0,0.0,0.0,1,0.0,0.0,0.0,1,0.0,0.0,0.0,0.0,0.0,0.0,1,18,7,2,0
9164,701,157,1,0.0,0.0,0.0,0.0,1,0.0,0.0,0.0,0.0,0.0,0.0,0.0,1,0.0,13,24,7,0
9165,358,85,0.0,0.0,0.0,1,0.0,1,0.0,0.0,0.0,0.0,0.0,0.0,1,0.0,0.0,22,21,8,0
9166,64,121,0.0,1,0.0,0.0,0.0,0.0,0.0,0.0,1,1,0.0,0.0,0.0,0.0,0.0,22,4,3,0
9167,293,148,0.0,1,0.0,0.0,0.0,0.0,0.0,0.0,1,0.0,0.0,0.0,1,0.0,0.0,19,22,28,0
9168,478,71,1,0.0,0.0,0.0,0.0,0.0,1,0.0,0.0,0.0,0.0,0.0,1,0.0,0.0,17,5,28,0
9169,356,122,0.0,0.0,1,0.0,0.0,0.0,0.0,1,0.0,0.0,1,0.0,0.0,0.0,0.0,11,7,3,0
9170,265,1,0.0,0.0,1,0.0,1,0.0,0.0,0.0,0.0,0.0,0.0,0.0,1,0.0,0.0,7,9,25,0
9171,603,104,0.0,0.0,1,0.0,1,0.0,0.0,0.0,0.0,0.0,0.0,0.0,0.0,1,0.0,21,16,12,0
9172,984,79,0.0,0.0,1,0.0,0.0,1,0.0,0.0,0.0,0.0,1,0.0,0.0,0.0,0.0,22,6,4,0
9173,678,46,0.0,0.0,1,0.0,0.0,1,0.0,0.0,0.0,0.0,0.0,0.0,1,0.0,0.0,14,3,3,0
9174,668,58,0.0,0.0,0.0,1,0.0,0.0,0.0,1,0.0,1,0.0,0.0,0.0,0.0,0.0,14,5,8,0
9175,218,110,1,0.0,0.0,0.0,0.0,0.0,1,0.0,0.0,0.0,1,0.0,0.0,0.0,0.0,13,17,4,0
9176,640,171,0.0,1,0.0,0.0,1,0.0,0.0,0.0,0.0,0.0,1,0.0,0.0,0.0,0.0,7,25,11,0
9177,225,238,0.0,0.0,1,0.0,1,0.0,0.0,0.0,0.0,0.0,1,0.0,0.0,0.0,0.0,14,1,20,0
9178,617,165,0.0,0.0,1,0.0,0.0,1,0.0,0.0,0.0,0.0,0.0,0.0,0.0,1,0.0,10,17,21,0
9179,135,77,0.0,1,0.0,0.0,0.0,0.0,1,0.0,0.0,0.0,0.0,0.0,0.0,1,0.0,21,8,13,0
9180,692,188,1,0.0,0.0,0.0,0.0,0.0,0.0,0.0,1,0.0,0.0,0.0,0.0,0.0,1,23,14,4,0
9181,803,81,0.0,0.0,1,0.0,0.0,0.0,0.0,1,0.0,0.0,0.0,0.0,1,0.0,0.0,20,10,29,0
9182,816,135,0.0,1,0.0,0.0,0.0,1,0.0,0.0,0.0,0.0,0.0,0.0,0.0,0.0,1,17,19,7,0
9183,194,61,0.0,1,0.0,0.0,0.0,1,0.0,0.0,0.0,0.0,0.0,0.0,1,0.0,0.0,7,6,24,0
9184,185,161,0.0,0.0,0.0,1,1,0.0,0.0,0.0,0.0,0.0,1,0.0,0.0,0.0,0.0,6,16,25,0
9185,554,10,1,0.0,0.0,0.0,0.0,0.0,1,0.0,0.0,0.0,0.0,0.0,0.0,1,0.0,13,73,86,1
9186,236,179,1,0.0,0.0,0.0,0.0,1,0.0,0.0,0.0,0.0,0.0,0.0,0.0,1,0.0,11,22,18,0
9187,978,107,0.0,1,0.0,0.0,0.0,0.0,0.0,0.0,1,0.0,0.0,0.0,0.0,1,0.0,7,16,14,0
9188,137,150,0.0,0.0,0.0,1,1,0.0,0.0,0.0,0.0,0.0,0.0,0.0,0.0,1,0.0,9,3,24,0
9189,402,29,1,0.0,0.0,0.0,0.0,0.0,1,0.0,0.0,0.0,0.0,0.0,0.0,1,0.0,7,26,25,0
9190,876,152,0.0,0.0,0.0,1,0.0,0.0,1,0.0,0.0,0.0,0.0,0.0,0.0,0.0,1,6,16,1,0
9191,86,48,0.0,1,0.0,0.0,0.0,0.0,0.0,0.0,1,0.0,1,0.0,0.0,0.0,0.0,13,2,28,0
9192,824,32,1,0.0,0.0,0.0,0.0,0.0,0.0,1,0.0,1,0.0,0.0,0.0,0.0,0.0,17,0,15,0
9193,543,161,0.0,0.0,0.0,1,1,0.0,0.0,0.0,0.0,0.0,0.0,0.0,1,0.0,0.0,6,23,26,0
9194,442,68,0.0,0.0,0.0,1,0.0,0.0,0.0,1,0.0,0.0,0.0,0.0,0.0,0.0,1,18,9,29,0
9195,527,135,0.0,0.0,0.0,1,0.0,0.0,1,0.0,0.0,1,0.0,0.0,0.0,0.0,0.0,6,12,9,0
9196,715,49,0.0,0.0,0.0,1,1,0.0,0.0,0.0,0.0,0.0,1,0.0,0.0,0.0,0.0,6,18,22,0
9197,853,85,0.0,0.0,1,0.0,0.0,0.0,0.0,1,0.0,1,0.0,0.0,0.0,0.0,0.0,17,22,16,0
9198,618,106,0.0,0.0,1,0.0,0.0,0.0,0.0,1,0.0,0.0,1,0.0,0.0,0.0,0.0,15,13,26,0
9199,697,93,0.0,1,0.0,0.0,0.0,0.0,0.0,0.0,1,1,0.0,0.0,0.0,0.0,0.0,22,17,3,0
9200,925,116,1,0.0,0.0,0.0,1,0.0,0.0,0.0,0.0,0.0,1,0.0,0.0,0.0,0.0,8,3,19,0
9201,687,31,0.0,0.0,0.0,1,0.0,0.0,0.0,0.0,1,0.0,0.0,0.0,1,0.0,0.0,15,5,1,0
9202,101,133,1,0.0,0.0,0.0,0.0,1,0.0,0.0,0.0,1,0.0,0.0,0.0,0.0,0.0,10,21,6,0
9203,929,51,0.0,0.0,0.0,1,0.0,0.0,1,0.0,0.0,1,0.0,0.0,0.0,0.0,0.0,12,15,24,0
9204,765,59,1,0.0,0.0,0.0,1,0.0,0.0,0.0,0.0,0.0,0.0,0.0,0.0,1,0.0,18,18,20,0
9205,644,126,0.0,0.0,1,0.0,0.0,0.0,1,0.0,0.0,0.0,0.0,0.0,0.0,0.0,1,6,5,12,0
9206,145,100,0.0,0.0,1,0.0,0.0,0.0,0.0,0.0,1,1,0.0,0.0,0.0,0.0,0.0,10,9,1,0
9207,921,91,1,0.0,0.0,0.0,0.0,0.0,0.0,1,0.0,0.0,1,0.0,0.0,0.0,0.0,19,26,29,0
9208,750,86,0.0,0.0,1,0.0,0.0,0.0,0.0,0.0,1,0.0,0.0,0.0,0.0,0.0,1,10,29,28,0
9209,753,89,0.0,0.0,0.0,1,0.0,1,0.0,0.0,0.0,0.0,1,0.0,0.0,0.0,0.0,13,25,29,0
9210,57,102,0.0,0.0,1,0.0,0.0,0.0,0.0,0.0,1,0.0,0.0,0.0,1,0.0,0.0,20,11,27,0
9211,406,54,1,0.0,0.0,0.0,0.0,0.0,0.0,1,0.0,1,0.0,0.0,0.0,0.0,0.0,20,1,12,0
9212,617,103,0.0,0.0,1,0.0,0.0,0.0,0.0,0.0,1,0.0,0.0,0.0,0.0,0.0,1,14,16,3,0
9213,365,64,0.0,1,0.0,0.0,1,0.0,0.0,0.0,0.0,0.0,0.0,0.0,0.0,1,0.0,20,19,24,0
9214,944,93,0.0,1,0.0,0.0,0.0,0.0,0.0,0.0,1,0.0,0.0,0.0,0.0,0.0,1,12,4,2,0
9215,884,80,0.0,0.0,0.0,1,0.0,0.0,1,0.0,0.0,0.0,0.0,0.0,0.0,1,0.0,10,2,11,0
9216,874,39,0.0,0.0,1,0.0,0.0,0.0,0.0,0.0,1,1,0.0,0.0,0.0,0.0,0.0,22,9,16,0
9217,545,10,0.0,1,0.0,0.0,1,0.0,0.0,0.0,0.0,0.0,0.0,1,0.0,0.0,0.0,17,81,86,1
9218,675,110,1,0.0,0.0,0.0,0.0,0.0,1,0.0,0.0,0.0,0.0,0.0,0.0,1,0.0,9,13,28,0
9219,516,111,0.0,0.0,1,0.0,0.0,1,0.0,0.0,0.0,1,0.0,0.0,0.0,0.0,0.0,10,12,16,0
9220,379,108,1,0.0,0.0,0.0,0.0,0.0,0.0,1,0.0,1,0.0,0.0,0.0,0.0,0.0,10,12,29,0
9221,960,76,1,0.0,0.0,0.0,1,0.0,0.0,0.0,0.0,0.0,0.0,0.0,0.0,1,0.0,23,9,20,0
9222,536,189,0.0,0.0,0.0,1,0.0,0.0,0.0,0.0,1,0.0,1,0.0,0.0,0.0,0.0,16,29,3,0
9223,741,132,1,0.0,0.0,0.0,0.0,0.0,0.0,1,0.0,0.0,1,0.0,0.0,0.0,0.0,21,21,1,0
9224,560,100,0.0,1,0.0,0.0,0.0,1,0.0,0.0,0.0,1,0.0,0.0,0.0,0.0,0.0,17,2,24,0
9225,622,29,0.0,0.0,0.0,1,0.0,0.0,0.0,1,0.0,1,0.0,0.0,0.0,0.0,0.0,18,15,6,0
9226,637,178,1,0.0,0.0,0.0,0.0,0.0,0.0,1,0.0,0.0,0.0,0.0,0.0,0.0,1,16,14,24,0
9227,885,106,0.0,1,0.0,0.0,0.0,0.0,0.0,0.0,1,0.0,0.0,0.0,0.0,0.0,1,12,11,11,0
9228,518,127,0.0,0.0,0.0,1,1,0.0,0.0,0.0,0.0,0.0,0.0,0.0,1,0.0,0.0,20,26,14,0
9229,281,75,0.0,0.0,1,0.0,0.0,0.0,0.0,1,0.0,0.0,0.0,0.0,0.0,1,0.0,16,27,23,0
9230,487,157,0.0,1,0.0,0.0,0.0,0.0,0.0,0.0,1,0.0,1,0.0,0.0,0.0,0.0,13,2,23,0
9231,252,1,1,0.0,0.0,0.0,0.0,0.0,0.0,1,0.0,1,0.0,0.0,0.0,0.0,0.0,8,15,26,0
9232,738,97,1,0.0,0.0,0.0,0.0,0.0,0.0,1,0.0,1,0.0,0.0,0.0,0.0,0.0,13,15,27,0
9233,924,141,1,0.0,0.0,0.0,0.0,0.0,1,0.0,0.0,0.0,0.0,0.0,1,0.0,0.0,20,12,15,0
9234,127,150,1,0.0,0.0,0.0,0.0,0.0,1,0.0,0.0,0.0,0.0,0.0,0.0,1,0.0,15,8,4,0
9235,400,118,0.0,1,0.0,0.0,0.0,1,0.0,0.0,0.0,0.0,0.0,0.0,0.0,1,0.0,10,20,23,0
9236,871,86,0.0,1,0.0,0.0,0.0,1,0.0,0.0,0.0,0.0,1,0.0,0.0,0.0,0.0,8,19,1,0
9237,834,25,0.0,1,0.0,0.0,0.0,0.0,0.0,0.0,1,1,0.0,0.0,0.0,0.0,0.0,7,11,6,0
9238,950,159,0.0,0.0,1,0.0,0.0,0.0,1,0.0,0.0,0.0,0.0,0.0,1,0.0,0.0,19,10,9,0
9239,393,127,0.0,1,0.0,0.0,0.0,1,0.0,0.0,0.0,1,0.0,0.0,0.0,0.0,0.0,16,23,15,0
9240,454,33,0.0,0.0,1,0.0,0.0,0.0,1,0.0,0.0,0.0,0.0,0.0,1,0.0,0.0,13,9,26,0
9241,10,84,0.0,0.0,0.0,1,0.0,0.0,0.0,0.0,1,0.0,0.0,0.0,1,0.0,0.0,16,23,13,0
9242,70,146,0.0,0.0,1,0.0,0.0,0.0,0.0,0.0,1,0.0,0.0,0.0,1,0.0,0.0,17,17,22,0
9243,186,74,0.0,0.0,0.0,1,0.0,0.0,1,0.0,0.0,0.0,0.0,0.0,0.0,0.0,1,7,19,15,0
9244,451,117,0.0,0.0,1,0.0,0.0,0.0,0.0,0.0,1,0.0,0.0,0.0,0.0,1,0.0,18,4,6,0
9245,13,95,0.0,0.0,0.0,1,0.0,0.0,0.0,0.0,1,0.0,0.0,0.0,1,0.0,0.0,20,24,19,0
9246,557,111,0.0,1,0.0,0.0,0.0,0.0,0.0,0.0,1,0.0,0.0,0.0,0.0,1,0.0,7,23,11,0
9247,296,3010,1,0.0,0.0,0.0,1,0.0,0.0,0.0,0.0,0.0,0.0,0.0,0.0,0.0,1,4,82,97,1
9248,981,85,0.0,0.0,0.0,1,1,0.0,0.0,0.0,0.0,0.0,1,0.0,0.0,0.0,0.0,21,22,23,0
9249,806,12,0.0,0.0,1,0.0,1,0.0,0.0,0.0,0.0,1,0.0,0.0,0.0,0.0,0.0,19,26,27,0
9250,726,75,0.0,0.0,1,0.0,0.0,0.0,1,0.0,0.0,0.0,0.0,0.0,1,0.0,0.0,12,25,9,0
9251,231,93,0.0,0.0,0.0,1,1,0.0,0.0,0.0,0.0,0.0,0.0,0.0,0.0,0.0,1,18,12,5,0
9252,796,56,0.0,0.0,1,0.0,0.0,0.0,0.0,1,0.0,0.0,0.0,0.0,1,0.0,0.0,22,27,4,0
9253,330,1944,0.0,1,0.0,0.0,0.0,0.0,0.0,0.0,1,0.0,0.0,1,0.0,0.0,0.0,17,88,76,1
9254,321,10,0.0,0.0,1,0.0,0.0,0.0,0.0,0.0,1,0.0,0.0,1,0.0,0.0,0.0,4,89,98,1
9255,356,149,0.0,0.0,1,0.0,0.0,0.0,1,0.0,0.0,1,0.0,0.0,0.0,0.0,0.0,20,20,14,0
9256,699,87,1,0.0,0.0,0.0,0.0,0.0,1,0.0,0.0,0.0,0.0,0.0,0.0,0.0,1,23,27,22,0
9257,670,48,1,0.0,0.0,0.0,0.0,0.0,0.0,1,0.0,1,0.0,0.0,0.0,0.0,0.0,10,19,12,0
9258,359,136,0.0,1,0.0,0.0,0.0,0.0,0.0,0.0,1,0.0,1,0.0,0.0,0.0,0.0,7,0,17,0
9259,323,23,0.0,1,0.0,0.0,1,0.0,0.0,0.0,0.0,1,0.0,0.0,0.0,0.0,0.0,13,15,19,0
9260,191,129,0.0,0.0,0.0,1,0.0,0.0,0.0,0.0,1,0.0,0.0,0.0,0.0,0.0,1,21,7,17,0
9261,250,87,1,0.0,0.0,0.0,0.0,0.0,1,0.0,0.0,1,0.0,0.0,0.0,0.0,0.0,16,9,4,0
9262,617,19,0.0,0.0,1,0.0,1,0.0,0.0,0.0,0.0,0.0,1,0.0,0.0,0.0,0.0,12,20,23,0
9263,156,44,1,0.0,0.0,0.0,0.0,1,0.0,0.0,0.0,0.0,1,0.0,0.0,0.0,0.0,15,9,5,0
9264,423,153,0.0,0.0,1,0.0,0.0,0.0,1,0.0,0.0,0.0,1,0.0,0.0,0.0,0.0,12,22,11,0
9265,407,175,0.0,0.0,0.0,1,0.0,0.0,0.0,0.0,1,0.0,0.0,0.0,0.0,1,0.0,10,3,5,0
9266,578,6,1,0.0,0.0,0.0,0.0,1,0.0,0.0,0.0,0.0,1,0.0,0.0,0.0,0.0,8,6,16,0
9267,790,152,1,0.0,0.0,0.0,0.0,0.0,0.0,0.0,1,0.0,0.0,0.0,0.0,0.0,1,9,25,3,0
9268,751,65,0.0,1,0.0,0.0,0.0,0.0,0.0,0.0,1,0.0,0.0,0.0,0.0,0.0,1,19,3,25,0
9269,559,68,1,0.0,0.0,0.0,0.0,1,0.0,0.0,0.0,0.0,0.0,0.0,0.0,0.0,1,6,0,5,0
9270,241,43,0.0,1,0.0,0.0,0.0,0.0,0.0,1,0.0,0.0,0.0,0.0,1,0.0,0.0,8,0,5,0
9271,763,95,0.0,1,0.0,0.0,0.0,0.0,0.0,0.0,1,0.0,1,0.0,0.0,0.0,0.0,10,23,29,0
9272,13,73,0.0,0.0,1,0.0,0.0,0.0,0.0,0.0,1,1,0.0,0.0,0.0,0.0,0.0,15,20,10,0
9273,849,135,0.0,1,0.0,0.0,0.0,0.0,1,0.0,0.0,0.0,0.0,0.0,0.0,0.0,1,21,29,10,0
9274,875,60,1,0.0,0.0,0.0,0.0,0.0,0.0,1,0.0,0.0,0.0,0.0,0.0,1,0.0,7,6,5,0
9275,998,51,1,0.0,0.0,0.0,0.0,0.0,0.0,0.0,1,0.0,0.0,0.0,0.0,1,0.0,19,25,8,0
9276,106,66,0.0,0.0,1,0.0,0.0,0.0,0.0,1,0.0,0.0,0.0,0.0,0.0,0.0,1,16,12,15,0
9277,642,113,1,0.0,0.0,0.0,0.0,0.0,0.0,0.0,1,0.0,1,0.0,0.0,0.0,0.0,20,1,9,0
9278,495,124,0.0,0.0,1,0.0,0.0,1,0.0,0.0,0.0,0.0,0.0,0.0,0.0,1,0.0,8,27,19,0
9279,996,4,0.0,0.0,0.0,1,0.0,0.0,0.0,0.0,1,0.0,0.0,0.0,0.0,1,0.0,16,24,2,0
9280,384,2799,1,0.0,0.0,0.0,0.0,0.0,1,0.0,0.0,0.0,0.0,0.0,0.0,1,0.0,7,81,93,1
9281,555,172,0.0,0.0,0.0,1,0.0,1,0.0,0.0,0.0,1,0.0,0.0,0.0,0.0,0.0,14,18,25,0
9282,250,79,0.0,1,0.0,0.0,1,0.0,0.0,0.0,0.0,0.0,1,0.0,0.0,0.0,0.0,6,2,23,0
9283,394,183,0.0,0.0,1,0.0,0.0,0.0,0.0,0.0,1,0.0,0.0,0.0,0.0,0.0,1,22,2,21,0
9284,584,122,0.0,0.0,0.0,1,1,0.0,0.0,0.0,0.0,1,0.0,0.0,0.0,0.0,0.0,11,22,2,0
9285,836,132,0.0,0.0,0.0,1,0.0,0.0,1,0.0,0.0,0.0,0.0,0.0,1,0.0,0.0,6,28,12,0
9286,986,83,0.0,0.0,1,0.0,0.0,1,0.0,0.0,0.0,0.0,1,0.0,0.0,0.0,0.0,15,19,16,0
9287,551,64,0.0,0.0,1,0.0,0.0,0.0,1,0.0,0.0,0.0,0.0,0.0,0.0,1,0.0,20,7,16,0
9288,696,123,0.0,0.0,1,0.0,0.0,0.0,1,0.0,0.0,1,0.0,0.0,0.0,0.0,0.0,12,24,3,0
9289,654,82,0.0,0.0,1,0.0,1,0.0,0.0,0.0,0.0,0.0,0.0,0.0,0.0,0.0,1,7,2,5,0
9290,526,164,0.0,0.0,0.0,1,0.0,1,0.0,0.0,0.0,0.0,1,0.0,0.0,0.0,0.0,13,4,28,0
9291,557,146,0.0,0.0,0.0,1,1,0.0,0.0,0.0,0.0,0.0,0.0,0.0,0.0,0.0,1,7,20,21,0
9292,820,97,0.0,0.0,1,0.0,1,0.0,0.0,0.0,0.0,0.0,0.0,0.0,0.0,1,0.0,16,4,13,0
9293,967,115,0.0,1,0.0,0.0,0.0,0.0,0.0,1,0.0,1,0.0,0.0,0.0,0.0,0.0,22,11,16,0
9294,193,61,0.0,0.0,1,0.0,0.0,0.0,0.0,0.0,1,1,0.0,0.0,0.0,0.0,0.0,8,27,6,0
9295,156,49,0.0,0.0,0.0,1,1,0.0,0.0,0.0,0.0,0.0,1,0.0,0.0,0.0,0.0,11,24,9,0
9296,284,10,1,0.0,0.0,0.0,0.0,0.0,1,0.0,0.0,0.0,0.0,0.0,0.0,1,0.0,9,83,85,1
9297,547,93,1,0.0,0.0,0.0,0.0,0.0,1,0.0,0.0,0.0,1,0.0,0.0,0.0,0.0,13,16,4,0
9298,140,111,0.0,0.0,0.0,1,1,0.0,0.0,0.0,0.0,0.0,0.0,0.0,0.0,0.0,1,13,1,20,0
9299,386,112,0.0,0.0,0.0,1,0.0,0.0,1,0.0,0.0,0.0,0.0,0.0,0.0,0.0,1,19,27,1,0
9300,203,91,0.0,0.0,1,0.0,0.0,0.0,0.0,0.0,1,0.0,0.0,0.0,0.0,1,0.0,10,28,15,0
9301,570,113,0.0,1,0.0,0.0,0.0,1,0.0,0.0,0.0,0.0,0.0,0.0,0.0,0.0,1,16,25,18,0
9302,392,10,0.0,0.0,0.0,1,0.0,0.0,0.0,0.0,1,0.0,0.0,0.0,0.0,1,0.0,12,80,94,1
9303,988,165,1,0.0,0.0,0.0,1,0.0,0.0,0.0,0.0,0.0,1,0.0,0.0,0.0,0.0,15,11,21,0
9304,997,20,1,0.0,0.0,0.0,1,0.0,0.0,0.0,0.0,0.0,0.0,0.0,0.0,0.0,1,11,15,23,0
9305,514,26,0.0,1,0.0,0.0,0.0,1,0.0,0.0,0.0,0.0,0.0,0.0,0.0,1,0.0,22,8,25,0
9306,839,137,1,0.0,0.0,0.0,0.0,1,0.0,0.0,0.0,0.0,1,0.0,0.0,0.0,0.0,20,2,28,0
9307,892,150,1,0.0,0.0,0.0,0.0,0.0,1,0.0,0.0,0.0,0.0,0.0,0.0,1,0.0,19,0,4,0
9308,651,163,0.0,0.0,0.0,1,0.0,0.0,0.0,0.0,1,0.0,0.0,0.0,0.0,1,0.0,11,16,24,0
9309,938,10,1,0.0,0.0,0.0,0.0,1,0.0,0.0,0.0,0.0,0.0,1,0.0,0.0,0.0,5,96,80,1
9310,78,162,1,0.0,0.0,0.0,1,0.0,0.0,0.0,0.0,1,0.0,0.0,0.0,0.0,0.0,17,23,0,0
9311,799,20,0.0,0.0,1,0.0,1,0.0,0.0,0.0,0.0,0.0,1,0.0,0.0,0.0,0.0,16,0,13,0
9312,97,60,0.0,0.0,1,0.0,0.0,0.0,0.0,1,0.0,1,0.0,0.0,0.0,0.0,0.0,13,15,20,0
9313,49,153,0.0,0.0,1,0.0,0.0,1,0.0,0.0,0.0,0.0,1,0.0,0.0,0.0,0.0,21,15,2,0
9314,739,34,1,0.0,0.0,0.0,0.0,0.0,0.0,0.0,1,0.0,0.0,0.0,0.0,1,0.0,15,16,21,0
9315,291,101,1,0.0,0.0,0.0,0.0,0.0,0.0,1,0.0,0.0,0.0,0.0,0.0,0.0,1,8,4,3,0
9316,365,122,0.0,0.0,0.0,1,0.0,0.0,1,0.0,0.0,0.0,0.0,0.0,0.0,0.0,1,12,5,12,0
9317,498,77,0.0,0.0,0.0,1,0.0,0.0,0.0,0.0,1,0.0,0.0,0.0,1,0.0,0.0,22,25,22,0
9318,361,42,0.0,0.0,0.0,1,0.0,0.0,0.0,0.0,1,0.0,0.0,0.0,1,0.0,0.0,12,18,29,0
9319,78,51,0.0,1,0.0,0.0,0.0,0.0,0.0,0.0,1,0.0,1,0.0,0.0,0.0,0.0,16,7,20,0
9320,892,96,0.0,0.0,0.0,1,0.0,1,0.0,0.0,0.0,0.0,0.0,0.0,0.0,0.0,1,6,5,15,0
9321,180,191,0.0,1,0.0,0.0,0.0,0.0,0.0,0.0,1,0.0,0.0,0.0,0.0,1,0.0,9,29,10,0
9322,236,99,0.0,1,0.0,0.0,0.0,1,0.0,0.0,0.0,0.0,0.0,0.0,0.0,0.0,1,21,26,4,0
9323,910,95,1,0.0,0.0,0.0,1,0.0,0.0,0.0,0.0,0.0,0.0,0.0,0.0,1,0.0,10,15,21,0
9324,254,56,0.0,0.0,0.0,1,0.0,0.0,0.0,0.0,1,1,0.0,0.0,0.0,0.0,0.0,13,6,6,0
9325,672,146,0.0,0.0,0.0,1,0.0,0.0,0.0,1,0.0,0.0,1,0.0,0.0,0.0,0.0,10,8,24,0
9326,368,112,0.0,0.0,1,0.0,1,0.0,0.0,0.0,0.0,0.0,1,0.0,0.0,0.0,0.0,23,4,23,0
9327,928,32,0.0,0.0,1,0.0,0.0,0.0,1,0.0,0.0,1,0.0,0.0,0.0,0.0,0.0,10,10,9,0
9328,546,17,0.0,0.0,0.0,1,0.0,0.0,0.0,0.0,1,0.0,0.0,0.0,0.0,1,0.0,12,10,25,0
9329,791,82,0.0,0.0,1,0.0,0.0,1,0.0,0.0,0.0,0.0,0.0,0.0,0.0,1,0.0,14,0,9,0
9330,533,85,0.0,0.0,0.0,1,0.0,1,0.0,0.0,0.0,0.0,0.0,0.0,0.0,0.0,1,21,11,8,0
9331,990,98,0.0,0.0,1,0.0,0.0,1,0.0,0.0,0.0,0.0,1,0.0,0.0,0.0,0.0,20,3,13,0
9332,81,53,0.0,0.0,0.0,1,0.0,1,0.0,0.0,0.0,0.0,0.0,0.0,0.0,1,0.0,21,17,20,0
9333,699,127,0.0,1,0.0,0.0,1,0.0,0.0,0.0,0.0,0.0,0.0,0.0,0.0,0.0,1,21,9,29,0
9334,694,125,0.0,0.0,0.0,1,0.0,0.0,0.0,0.0,1,0.0,0.0,0.0,0.0,0.0,1,21,27,5,0
9335,451,13,0.0,0.0,1,0.0,0.0,0.0,1,0.0,0.0,0.0,0.0,0.0,0.0,0.0,1,14,0,17,0
9336,178,172,0.0,1,0.0,0.0,0.0,1,0.0,0.0,0.0,0.0,1,0.0,0.0,0.0,0.0,17,11,2,0
9337,286,65,0.0,0.0,1,0.0,1,0.0,0.0,0.0,0.0,0.0,0.0,0.0,0.0,1,0.0,13,27,13,0
9338,370,121,1,0.0,0.0,0.0,0.0,0.0,0.0,1,0.0,0.0,1,0.0,0.0,0.0,0.0,10,12,13,0
9339,662,85,0.0,1,0.0,0.0,0.0,0.0,0.0,0.0,1,0.0,0.0,0.0,1,0.0,0.0,21,29,13,0
9340,14,27,0.0,0.0,0.0,1,0.0,0.0,0.0,0.0,1,0.0,1,0.0,0.0,0.0,0.0,11,17,7,0
9341,797,139,0.0,1,0.0,0.0,0.0,0.0,0.0,1,0.0,0.0,1,0.0,0.0,0.0,0.0,18,29,19,0
9342,753,132,0.0,0.0,1,0.0,0.0,1,0.0,0.0,0.0,0.0,1,0.0,0.0,0.0,0.0,7,7,6,0
9343,181,11,0.0,1,0.0,0.0,0.0,0.0,0.0,0.0,1,1,0.0,0.0,0.0,0.0,0.0,14,0,27,0
9344,363,143,1,0.0,0.0,0.0,0.0,0.0,0.0,0.0,1,0.0,0.0,0.0,0.0,1,0.0,21,21,6,0
9345,947,156,0.0,0.0,0.0,1,0.0,1,0.0,0.0,0.0,0.0,0.0,0.0,0.0,0.0,1,11,6,22,0
9346,153,147,1,0.0,0.0,0.0,0.0,0.0,1,0.0,0.0,0.0,1,0.0,0.0,0.0,0.0,16,8,6,0
9347,396,125,1,0.0,0.0,0.0,0.0,0.0,1,0.0,0.0,0.0,0.0,0.0,1,0.0,0.0,14,26,27,0
9348,636,114,1,0.0,0.0,0.0,0.0,0.0,0.0,1,0.0,0.0,0.0,0.0,0.0,1,0.0,8,11,16,0
9349,145,169,1,0.0,0.0,0.0,0.0,0.0,0.0,1,0.0,0.0,1,0.0,0.0,0.0,0.0,15,16,7,0
9350,991,47,0.0,0.0,1,0.0,1,0.0,0.0,0.0,0.0,0.0,0.0,0.0,0.0,0.0,1,11,23,18,0
9351,261,6,0.0,0.0,0.0,1,0.0,0.0,0.0,1,0.0,0.0,0.0,0.0,0.0,0.0,1,20,17,0,0
9352,623,79,0.0,1,0.0,0.0,0.0,0.0,0.0,1,0.0,0.0,0.0,0.0,0.0,1,0.0,16,24,13,0
9353,81,72,0.0,0.0,1,0.0,0.0,0.0,1,0.0,0.0,0.0,0.0,0.0,0.0,1,0.0,15,10,21,0
9354,299,93,0.0,0.0,0.0,1,0.0,1,0.0,0.0,0.0,0.0,0.0,0.0,0.0,0.0,1,9,10,18,0
9355,897,78,0.0,1,0.0,0.0,1,0.0,0.0,0.0,0.0,0.0,0.0,0.0,1,0.0,0.0,11,22,14,0
9356,539,178,0.0,0.0,0.0,1,1,0.0,0.0,0.0,0.0,0.0,0.0,0.0,0.0,0.0,1,8,1,2,0
9357,657,79,0.0,0.0,1,0.0,0.0,0.0,0.0,0.0,1,0.0,0.0,0.0,0.0,1,0.0,12,6,16,0
9358,776,95,0.0,1,0.0,0.0,0.0,1,0.0,0.0,0.0,0.0,1,0.0,0.0,0.0,0.0,20,8,12,0
9359,432,38,1,0.0,0.0,0.0,0.0,0.0,0.0,1,0.0,0.0,0.0,0.0,1,0.0,0.0,16,2,5,0
9360,557,127,0.0,0.0,1,0.0,0.0,0.0,1,0.0,0.0,0.0,0.0,0.0,0.0,1,0.0,18,13,26,0
9361,421,143,0.0,0.0,0.0,1,0.0,0.0,0.0,0.0,1,1,0.0,0.0,0.0,0.0,0.0,13,24,25,0
9362,810,52,0.0,0.0,1,0.0,0.0,0.0,0.0,1,0.0,0.0,0.0,0.0,1,0.0,0.0,19,19,0,0
9363,205,83,0.0,0.0,1,0.0,1,0.0,0.0,0.0,0.0,0.0,1,0.0,0.0,0.0,0.0,7,21,12,0
9364,461,66,0.0,0.0,0.0,1,0.0,0.0,0.0,1,0.0,0.0,0.0,0.0,1,0.0,0.0,10,11,22,0
9365,624,102,0.0,1,0.0,0.0,0.0,0.0,0.0,0.0,1,0.0,1,0.0,0.0,0.0,0.0,20,26,9,0
9366,93,1045,0.0,1,0.0,0.0,1,0.0,0.0,0.0,0.0,0.0,1,0.0,0.0,0.0,0.0,18,95,91,1
9367,321,153,0.0,0.0,0.0,1,0.0,0.0,0.0,1,0.0,0.0,0.0,0.0,1,0.0,0.0,18,23,10,0
9368,411,122,0.0,1,0.0,0.0,0.0,0.0,0.0,0.0,1,1,0.0,0.0,0.0,0.0,0.0,12,29,4,0
9369,615,80,0.0,0.0,0.0,1,0.0,0.0,1,0.0,0.0,0.0,1,0.0,0.0,0.0,0.0,15,23,7,0
9370,160,122,0.0,0.0,1,0.0,0.0,0.0,0.0,1,0.0,1,0.0,0.0,0.0,0.0,0.0,9,15,29,0
9371,844,78,0.0,0.0,1,0.0,1,0.0,0.0,0.0,0.0,1,0.0,0.0,0.0,0.0,0.0,16,4,4,0
9372,873,124,1,0.0,0.0,0.0,0.0,1,0.0,0.0,0.0,0.0,0.0,0.0,0.0,1,0.0,23,25,9,0
9373,929,117,0.0,1,0.0,0.0,0.0,1,0.0,0.0,0.0,0.0,0.0,0.0,1,0.0,0.0,16,8,23,0
9374,4,112,0.0,1,0.0,0.0,1,0.0,0.0,0.0,0.0,0.0,0.0,0.0,1,0.0,0.0,23,9,14,0
9375,661,116,1,0.0,0.0,0.0,0.0,0.0,0.0,1,0.0,0.0,1,0.0,0.0,0.0,0.0,18,17,23,0
9376,473,80,0.0,0.0,0.0,1,0.0,0.0,1,0.0,0.0,0.0,0.0,0.0,0.0,0.0,1,20,16,11,0
9377,795,141,0.0,0.0,0.0,1,0.0,0.0,0.0,0.0,1,0.0,0.0,0.0,0.0,0.0,1,6,14,26,0
9378,653,118,0.0,1,0.0,0.0,1,0.0,0.0,0.0,0.0,0.0,0.0,0.0,1,0.0,0.0,14,14,21,0
9379,56,70,1,0.0,0.0,0.0,1,0.0,0.0,0.0,0.0,0.0,1,0.0,0.0,0.0,0.0,15,18,26,0
9380,497,116,1,0.0,0.0,0.0,0.0,0.0,0.0,1,0.0,0.0,1,0.0,0.0,0.0,0.0,8,1,14,0
9381,16,129,0.0,0.0,1,0.0,0.0,0.0,0.0,1,0.0,0.0,0.0,0.0,0.0,1,0.0,18,17,1,0
9382,457,53,0.0,0.0,1,0.0,0.0,0.0,1,0.0,0.0,0.0,1,0.0,0.0,0.0,0.0,18,18,15,0
9383,555,188,0.0,0.0,1,0.0,1,0.0,0.0,0.0,0.0,0.0,0.0,0.0,1,0.0,0.0,8,13,21,0
9384,494,1,1,0.0,0.0,0.0,0.0,0.0,0.0,1,0.0,0.0,0.0,0.0,1,0.0,0.0,11,4,16,0
9385,460,55,1,0.0,0.0,0.0,0.0,0.0,0.0,0.0,1,0.0,0.0,0.0,0.0,0.0,1,17,12,7,0
9386,431,145,0.0,0.0,0.0,1,0.0,0.0,0.0,0.0,1,1,0.0,0.0,0.0,0.0,0.0,19,8,17,0
9387,343,1,0.0,0.0,1,0.0,0.0,0.0,0.0,0.0,1,0.0,1,0.0,0.0,0.0,0.0,7,1,8,0
9388,848,101,0.0,0.0,0.0,1,1,0.0,0.0,0.0,0.0,0.0,0.0,0.0,0.0,0.0,1,17,26,15,0
9389,63,93,0.0,0.0,1,0.0,0.0,1,0.0,0.0,0.0,0.0,0.0,0.0,0.0,1,0.0,9,28,16,0
9390,342,160,0.0,0.0,1,0.0,0.0,0.0,0.0,1,0.0,0.0,0.0,0.0,0.0,0.0,1,10,25,25,0
9391,385,158,0.0,0.0,1,0.0,0.0,0.0,0.0,0.0,1,0.0,1,0.0,0.0,0.0,0.0,21,16,25,0
9392,276,97,1,0.0,0.0,0.0,0.0,0.0,0.0,0.0,1,0.0,0.0,0.0,1,0.0,0.0,21,11,26,0
9393,681,96,0.0,0.0,0.0,1,0.0,0.0,1,0.0,0.0,0.0,1,0.0,0.0,0.0,0.0,9,14,29,0
9394,925,113,0.0,0.0,0.0,1,0.0,0.0,1,0.0,0.0,1,0.0,0.0,0.0,0.0,0.0,18,3,10,0
9395,800,116,0.0,1,0.0,0.0,0.0,1,0.0,0.0,0.0,0.0,0.0,0.0,0.0,0.0,1,8,25,16,0
9396,148,159,0.0,0.0,0.0,1,0.0,0.0,0.0,1,0.0,1,0.0,0.0,0.0,0.0,0.0,18,25,25,0
9397,228,52,0.0,0.0,1,0.0,0.0,0.0,0.0,1,0.0,0.0,1,0.0,0.0,0.0,0.0,15,16,3,0
9398,877,5182,0.0,0.0,0.0,1,0.0,1,0.0,0.0,0.0,1,0.0,0.0,0.0,0.0,0.0,4,97,83,1
9399,553,148,0.0,1,0.0,0.0,0.0,0.0,1,0.0,0.0,0.0,0.0,0.0,1,0.0,0.0,12,19,0,0
9400,995,57,0.0,0.0,1,0.0,0.0,0.0,0.0,0.0,1,1,0.0,0.0,0.0,0.0,0.0,6,22,19,0
9401,443,191,0.0,0.0,0.0,1,0.0,1,0.0,0.0,0.0,0.0,0.0,0.0,1,0.0,0.0,8,29,8,0
9402,103,141,0.0,0.0,0.0,1,0.0,0.0,0.0,1,0.0,0.0,0.0,0.0,1,0.0,0.0,20,3,15,0
9403,313,110,0.0,0.0,1,0.0,0.0,0.0,0.0,1,0.0,0.0,1,0.0,0.0,0.0,0.0,14,27,2,0
9404,367,72,0.0,0.0,1,0.0,1,0.0,0.0,0.0,0.0,1,0.0,0.0,0.0,0.0,0.0,6,20,0,0
9405,329,104,1,0.0,0.0,0.0,0.0,0.0,0.0,0.0,1,0.0,0.0,0.0,1,0.0,0.0,23,12,10,0
9406,673,97,0.0,0.0,0.0,1,1,0.0,0.0,0.0,0.0,0.0,0.0,0.0,0.0,1,0.0,10,22,14,0
9407,558,69,1,0.0,0.0,0.0,0.0,0.0,0.0,0.0,1,0.0,0.0,0.0,0.0,0.0,1,18,1,21,0
9408,627,42,0.0,0.0,0.0,1,0.0,0.0,1,0.0,0.0,0.0,0.0,0.0,1,0.0,0.0,17,3,10,0
9409,275,67,1,0.0,0.0,0.0,1,0.0,0.0,0.0,0.0,1,0.0,0.0,0.0,0.0,0.0,6,2,19,0
9410,928,113,0.0,0.0,0.0,1,1,0.0,0.0,0.0,0.0,0.0,0.0,0.0,0.0,0.0,1,22,15,29,0
9411,705,172,0.0,0.0,0.0,1,1,0.0,0.0,0.0,0.0,0.0,0.0,0.0,0.0,0.0,1,16,28,26,0
9412,21,31,0.0,0.0,1,0.0,1,0.0,0.0,0.0,0.0,1,0.0,0.0,0.0,0.0,0.0,18,11,11,0
9413,103,151,0.0,0.0,0.0,1,1,0.0,0.0,0.0,0.0,0.0,0.0,0.0,1,0.0,0.0,15,24,11,0
9414,454,104,0.0,1,0.0,0.0,0.0,0.0,0.0,1,0.0,0.0,1,0.0,0.0,0.0,0.0,21,2,6,0
9415,638,81,1,0.0,0.0,0.0,0.0,0.0,0.0,0.0,1,1,0.0,0.0,0.0,0.0,0.0,23,0,20,0
9416,505,165,0.0,1,0.0,0.0,1,0.0,0.0,0.0,0.0,0.0,0.0,0.0,0.0,1,0.0,20,29,29,0
9417,165,122,0.0,0.0,0.0,1,0.0,0.0,0.0,0.0,1,0.0,1,0.0,0.0,0.0,0.0,20,21,12,0
9418,424,118,0.0,1,0.0,0.0,0.0,1,0.0,0.0,0.0,0.0,1,0.0,0.0,0.0,0.0,12,8,20,0
9419,78,142,1,0.0,0.0,0.0,0.0,0.0,1,0.0,0.0,0.0,0.0,0.0,1,0.0,0.0,12,8,28,0
9420,534,99,0.0,0.0,1,0.0,0.0,0.0,0.0,1,0.0,0.0,0.0,0.0,0.0,0.0,1,14,4,19,0
9421,117,132,0.0,1,0.0,0.0,0.0,0.0,1,0.0,0.0,0.0,0.0,0.0,0.0,1,0.0,13,8,7,0
9422,91,170,1,0.0,0.0,0.0,1,0.0,0.0,0.0,0.0,0.0,0.0,0.0,0.0,1,0.0,23,12,8,0
9423,843,28,0.0,0.0,0.0,1,0.0,0.0,0.0,0.0,1,0.0,0.0,0.0,0.0,0.0,1,23,16,8,0
9424,649,40,0.0,0.0,1,0.0,0.0,1,0.0,0.0,0.0,0.0,0.0,0.0,0.0,0.0,1,14,1,16,0
9425,835,204,0.0,1,0.0,0.0,0.0,0.0,0.0,0.0,1,0.0,0.0,0.0,1,0.0,0.0,12,26,27,0
9426,953,1,0.0,0.0,0.0,1,0.0,0.0,0.0,1,0.0,1,0.0,0.0,0.0,0.0,0.0,6,19,21,0
9427,481,65,0.0,0.0,1,0.0,0.0,1,0.0,0.0,0.0,1,0.0,0.0,0.0,0.0,0.0,8,14,11,0
9428,631,108,0.0,0.0,1,0.0,0.0,1,0.0,0.0,0.0,1,0.0,0.0,0.0,0.0,0.0,7,1,13,0
9429,699,185,0.0,0.0,0.0,1,0.0,1,0.0,0.0,0.0,0.0,0.0,0.0,1,0.0,0.0,10,22,24,0
9430,342,83,0.0,0.0,0.0,1,0.0,0.0,0.0,1,0.0,0.0,0.0,0.0,0.0,1,0.0,13,28,23,0
9431,259,157,0.0,0.0,1,0.0,0.0,0.0,1,0.0,0.0,0.0,1,0.0,0.0,0.0,0.0,9,20,3,0
9432,438,126,0.0,1,0.0,0.0,0.0,0.0,1,0.0,0.0,1,0.0,0.0,0.0,0.0,0.0,17,16,1,0
9433,484,5,0.0,0.0,1,0.0,0.0,0.0,0.0,1,0.0,0.0,0.0,0.0,0.0,1,0.0,12,27,9,0
9434,827,74,0.0,0.0,0.0,1,0.0,0.0,1,0.0,0.0,1,0.0,0.0,0.0,0.0,0.0,16,26,10,0
9435,637,40,0.0,0.0,1,0.0,0.0,0.0,0.0,1,0.0,0.0,1,0.0,0.0,0.0,0.0,11,10,20,0
9436,737,203,1,0.0,0.0,0.0,0.0,1,0.0,0.0,0.0,0.0,0.0,0.0,1,0.0,0.0,6,7,14,0
9437,539,171,0.0,1,0.0,0.0,0.0,1,0.0,0.0,0.0,1,0.0,0.0,0.0,0.0,0.0,22,28,5,0
9438,872,160,0.0,0.0,1,0.0,0.0,0.0,1,0.0,0.0,0.0,0.0,0.0,1,0.0,0.0,21,5,19,0
9439,504,10,1,0.0,0.0,0.0,0.0,1,0.0,0.0,0.0,0.0,0.0,1,0.0,0.0,0.0,10,71,98,1
9440,835,7,0.0,1,0.0,0.0,1,0.0,0.0,0.0,0.0,0.0,0.0,0.0,0.0,1,0.0,10,1,23,0
9441,411,3019,0.0,0.0,1,0.0,0.0,0.0,1,0.0,0.0,0.0,0.0,0.0,0.0,0.0,1,23,83,73,1
9442,811,82,0.0,1,0.0,0.0,1,0.0,0.0,0.0,0.0,0.0,0.0,0.0,0.0,1,0.0,13,9,16,0
9443,647,95,0.0,1,0.0,0.0,0.0,0.0,1,0.0,0.0,0.0,0.0,0.0,0.0,1,0.0,20,24,11,0
9444,552,58,0.0,1,0.0,0.0,0.0,1,0.0,0.0,0.0,1,0.0,0.0,0.0,0.0,0.0,11,6,7,0
9445,30,54,0.0,1,0.0,0.0,0.0,0.0,0.0,1,0.0,0.0,1,0.0,0.0,0.0,0.0,9,12,15,0
9446,518,106,0.0,0.0,0.0,1,1,0.0,0.0,0.0,0.0,0.0,1,0.0,0.0,0.0,0.0,10,15,0,0
9447,610,144,0.0,0.0,1,0.0,0.0,0.0,0.0,1,0.0,0.0,1,0.0,0.0,0.0,0.0,11,8,2,0
9448,228,50,1,0.0,0.0,0.0,0.0,0.0,0.0,0.0,1,0.0,0.0,0.0,0.0,1,0.0,21,9,1,0
9449,380,123,0.0,0.0,1,0.0,0.0,0.0,0.0,0.0,1,1,0.0,0.0,0.0,0.0,0.0,20,12,5,0
9450,30,72,0.0,0.0,1,0.0,0.0,0.0,0.0,0.0,1,1,0.0,0.0,0.0,0.0,0.0,21,8,7,0
9451,82,185,0.0,0.0,0.0,1,0.0,1,0.0,0.0,0.0,1,0.0,0.0,0.0,0.0,0.0,22,7,20,0
9452,762,37,0.0,0.0,0.0,1,1,0.0,0.0,0.0,0.0,0.0,1,0.0,0.0,0.0,0.0,7,27,27,0
9453,257,206,0.0,1,0.0,0.0,0.0,1,0.0,0.0,0.0,0.0,0.0,0.0,0.0,1,0.0,22,16,28,0
9454,253,129,0.0,0.0,0.0,1,0.0,0.0,0.0,0.0,1,0.0,1,0.0,0.0,0.0,0.0,17,14,3,0
9455,621,70,0.0,0.0,1,0.0,0.0,0.0,0.0,1,0.0,1,0.0,0.0,0.0,0.0,0.0,15,10,16,0
9456,69,126,1,0.0,0.0,0.0,0.0,0.0,0.0,1,0.0,0.0,0.0,0.0,0.0,0.0,1,10,10,13,0
9457,102,9,0.0,0.0,1,0.0,0.0,0.0,1,0.0,0.0,0.0,0.0,0.0,1,0.0,0.0,19,9,26,0
9458,585,171,0.0,0.0,0.0,1,1,0.0,0.0,0.0,0.0,0.0,0.0,0.0,0.0,0.0,1,19,17,16,0
9459,792,124,0.0,1,0.0,0.0,0.0,0.0,0.0,1,0.0,0.0,0.0,0.0,1,0.0,0.0,15,18,25,0
9460,214,104,0.0,1,0.0,0.0,0.0,0.0,0.0,0.0,1,0.0,0.0,0.0,0.0,1,0.0,9,4,26,0
9461,918,108,1,0.0,0.0,0.0,0.0,0.0,0.0,1,0.0,1,0.0,0.0,0.0,0.0,0.0,23,7,11,0
9462,124,132,0.0,0.0,0.0,1,0.0,0.0,0.0,0.0,1,0.0,0.0,0.0,0.0,1,0.0,6,7,14,0
9463,872,140,0.0,0.0,0.0,1,0.0,0.0,0.0,0.0,1,0.0,0.0,0.0,0.0,0.0,1,21,6,15,0
9464,849,36,0.0,1,0.0,0.0,0.0,1,0.0,0.0,0.0,0.0,0.0,0.0,1,0.0,0.0,11,4,16,0
9465,19,129,0.0,0.0,0.0,1,0.0,1,0.0,0.0,0.0,0.0,0.0,0.0,1,0.0,0.0,19,10,21,0
9466,229,170,0.0,1,0.0,0.0,1,0.0,0.0,0.0,0.0,0.0,0.0,0.0,0.0,1,0.0,14,10,26,0
9467,829,115,0.0,0.0,0.0,1,0.0,0.0,0.0,0.0,1,1,0.0,0.0,0.0,0.0,0.0,14,21,22,0
9468,849,122,0.0,1,0.0,0.0,0.0,1,0.0,0.0,0.0,0.0,1,0.0,0.0,0.0,0.0,6,10,27,0
9469,861,134,0.0,0.0,0.0,1,1,0.0,0.0,0.0,0.0,0.0,0.0,0.0,1,0.0,0.0,19,25,26,0
9470,170,1382,0.0,0.0,1,0.0,0.0,1,0.0,0.0,0.0,0.0,0.0,0.0,0.0,0.0,1,0,97,96,1
9471,152,826,0.0,0.0,0.0,1,0.0,0.0,1,0.0,0.0,0.0,0.0,0.0,1,0.0,0.0,0,80,92,1
9472,269,79,0.0,0.0,0.0,1,0.0,0.0,0.0,1,0.0,0.0,0.0,0.0,1,0.0,0.0,11,27,14,0
9473,411,186,0.0,0.0,0.0,1,1,0.0,0.0,0.0,0.0,0.0,0.0,0.0,0.0,1,0.0,9,3,4,0
9474,112,50,0.0,0.0,1,0.0,0.0,1,0.0,0.0,0.0,0.0,0.0,0.0,1,0.0,0.0,18,4,26,0
9475,567,64,0.0,0.0,1,0.0,0.0,1,0.0,0.0,0.0,1,0.0,0.0,0.0,0.0,0.0,23,2,16,0
9476,163,132,1,0.0,0.0,0.0,0.0,0.0,0.0,0.0,1,0.0,1,0.0,0.0,0.0,0.0,7,15,23,0
9477,789,1,0.0,0.0,0.0,1,0.0,0.0,1,0.0,0.0,0.0,1,0.0,0.0,0.0,0.0,8,18,5,0
9478,323,73,0.0,0.0,0.0,1,1,0.0,0.0,0.0,0.0,0.0,0.0,0.0,0.0,0.0,1,10,3,25,0
9479,334,239,0.0,1,0.0,0.0,0.0,0.0,0.0,1,0.0,0.0,0.0,0.0,1,0.0,0.0,3,97,84,1
9480,615,118,1,0.0,0.0,0.0,0.0,0.0,0.0,1,0.0,0.0,1,0.0,0.0,0.0,0.0,12,29,11,0
9481,312,35,0.0,0.0,1,0.0,0.0,0.0,0.0,1,0.0,0.0,0.0,0.0,0.0,1,0.0,11,26,29,0
9482,136,64,0.0,0.0,0.0,1,0.0,0.0,0.0,0.0,1,0.0,0.0,0.0,0.0,1,0.0,7,14,18,0
9483,415,186,0.0,0.0,0.0,1,0.0,0.0,0.0,0.0,1,0.0,0.0,0.0,0.0,1,0.0,18,29,12,0
9484,667,172,0.0,0.0,0.0,1,0.0,1,0.0,0.0,0.0,0.0,0.0,0.0,1,0.0,0.0,22,5,19,0
9485,186,192,0.0,0.0,0.0,1,0.0,1,0.0,0.0,0.0,0.0,0.0,0.0,1,0.0,0.0,11,28,21,0
9486,422,184,0.0,0.0,0.0,1,1,0.0,0.0,0.0,0.0,0.0,0.0,0.0,0.0,1,0.0,12,5,15,0
9487,705,85,0.0,0.0,1,0.0,1,0.0,0.0,0.0,0.0,1,0.0,0.0,0.0,0.0,0.0,15,8,13,0
9488,463,135,0.0,0.0,0.0,1,0.0,0.0,0.0,0.0,1,0.0,0.0,0.0,0.0,1,0.0,18,1,23,0
9489,442,79,0.0,0.0,1,0.0,0.0,0.0,1,0.0,0.0,0.0,0.0,0.0,0.0,1,0.0,17,10,2,0
9490,319,265,1,0.0,0.0,0.0,0.0,0.0,1,0.0,0.0,0.0,0.0,0.0,0.0,0.0,1,6,9,25,0
9491,307,181,0.0,0.0,1,0.0,1,0.0,0.0,0.0,0.0,0.0,0.0,0.0,1,0.0,0.0,7,3,12,0
9492,458,69,0.0,0.0,0.0,1,0.0,0.0,0.0,0.0,1,1,0.0,0.0,0.0,0.0,0.0,6,3,26,0
9493,159,1,0.0,1,0.0,0.0,0.0,1,0.0,0.0,0.0,0.0,1,0.0,0.0,0.0,0.0,8,0,11,0
9494,153,137,0.0,1,0.0,0.0,0.0,0.0,0.0,1,0.0,0.0,1,0.0,0.0,0.0,0.0,6,2,3,0
9495,783,53,0.0,0.0,0.0,1,0.0,0.0,0.0,0.0,1,0.0,0.0,0.0,0.0,1,0.0,14,4,27,0
9496,387,24,1,0.0,0.0,0.0,0.0,1,0.0,0.0,0.0,0.0,0.0,0.0,1,0.0,0.0,9,25,19,0
9497,680,67,0.0,1,0.0,0.0,0.0,0.0,0.0,1,0.0,0.0,0.0,0.0,0.0,0.0,1,12,19,9,0
9498,197,1,0.0,1,0.0,0.0,1,0.0,0.0,0.0,0.0,0.0,0.0,0.0,1,0.0,0.0,7,7,18,0
9499,863,53,1,0.0,0.0,0.0,1,0.0,0.0,0.0,0.0,0.0,0.0,0.0,1,0.0,0.0,12,21,23,0
9500,111,134,0.0,0.0,1,0.0,0.0,0.0,0.0,1,0.0,0.0,0.0,0.0,0.0,0.0,1,21,1,23,0
9501,752,92,1,0.0,0.0,0.0,0.0,1,0.0,0.0,0.0,0.0,0.0,0.0,1,0.0,0.0,21,25,25,0
9502,129,158,0.0,0.0,0.0,1,0.0,0.0,0.0,1,0.0,0.0,0.0,0.0,0.0,0.0,1,19,13,13,0
9503,154,71,1,0.0,0.0,0.0,1,0.0,0.0,0.0,0.0,0.0,1,0.0,0.0,0.0,0.0,14,25,20,0
9504,760,79,0.0,1,0.0,0.0,0.0,1,0.0,0.0,0.0,0.0,0.0,0.0,0.0,1,0.0,18,18,21,0
9505,760,102,1,0.0,0.0,0.0,0.0,0.0,0.0,1,0.0,1,0.0,0.0,0.0,0.0,0.0,19,7,29,0
9506,987,121,0.0,1,0.0,0.0,1,0.0,0.0,0.0,0.0,0.0,0.0,0.0,0.0,1,0.0,23,24,16,0
9507,773,160,1,0.0,0.0,0.0,1,0.0,0.0,0.0,0.0,1,0.0,0.0,0.0,0.0,0.0,6,20,24,0
9508,837,81,1,0.0,0.0,0.0,0.0,0.0,0.0,0.0,1,0.0,1,0.0,0.0,0.0,0.0,15,4,5,0
9509,939,90,1,0.0,0.0,0.0,0.0,1,0.0,0.0,0.0,0.0,0.0,0.0,1,0.0,0.0,13,19,29,0
9510,823,47,0.0,1,0.0,0.0,0.0,0.0,0.0,1,0.0,0.0,0.0,0.0,0.0,0.0,1,6,15,3,0
9511,669,133,1,0.0,0.0,0.0,0.0,0.0,1,0.0,0.0,0.0,0.0,0.0,0.0,1,0.0,9,19,16,0
9512,626,20,0.0,0.0,0.0,1,0.0,1,0.0,0.0,0.0,0.0,0.0,0.0,0.0,1,0.0,12,11,0,0
9513,270,119,0.0,0.0,1,0.0,0.0,1,0.0,0.0,0.0,1,0.0,0.0,0.0,0.0,0.0,13,21,17,0
9514,16,48,1,0.0,0.0,0.0,0.0,0.0,1,0.0,0.0,0.0,1,0.0,0.0,0.0,0.0,10,0,15,0
9515,560,85,0.0,0.0,0.0,1,0.0,0.0,1,0.0,0.0,0.0,0.0,0.0,0.0,0.0,1,23,2,19,0
9516,621,99,1,0.0,0.0,0.0,0.0,0.0,0.0,0.0,1,0.0,0.0,0.0,0.0,0.0,1,8,7,27,0
9517,41,71,1,0.0,0.0,0.0,0.0,0.0,0.0,1,0.0,0.0,1,0.0,0.0,0.0,0.0,19,20,17,0
9518,472,27,1,0.0,0.0,0.0,0.0,0.0,0.0,1,0.0,1,0.0,0.0,0.0,0.0,0.0,14,23,29,0
9519,514,2,0.0,0.0,1,0.0,0.0,0.0,1,0.0,0.0,0.0,0.0,0.0,0.0,0.0,1,8,1,27,0
9520,351,113,0.0,0.0,0.0,1,0.0,1,0.0,0.0,0.0,0.0,1,0.0,0.0,0.0,0.0,7,0,28,0
9521,604,75,0.0,0.0,0.0,1,0.0,0.0,1,0.0,0.0,1,0.0,0.0,0.0,0.0,0.0,18,27,20,0
9522,545,124,0.0,0.0,0.0,1,0.0,0.0,0.0,1,0.0,1,0.0,0.0,0.0,0.0,0.0,19,22,11,0
9523,816,73,1,0.0,0.0,0.0,0.0,0.0,1,0.0,0.0,0.0,0.0,0.0,0.0,1,0.0,15,20,26,0
9524,13,166,0.0,1,0.0,0.0,0.0,0.0,0.0,0.0,1,0.0,0.0,0.0,1,0.0,0.0,15,7,17,0
9525,332,79,0.0,0.0,0.0,1,0.0,0.0,1,0.0,0.0,0.0,0.0,0.0,0.0,0.0,1,19,11,12,0
9526,613,129,1,0.0,0.0,0.0,1,0.0,0.0,0.0,0.0,0.0,0.0,0.0,0.0,0.0,1,9,10,26,0
9527,263,102,1,0.0,0.0,0.0,0.0,0.0,1,0.0,0.0,0.0,0.0,0.0,1,0.0,0.0,16,22,23,0
9528,537,79,0.0,0.0,1,0.0,0.0,1,0.0,0.0,0.0,1,0.0,0.0,0.0,0.0,0.0,11,21,14,0
9529,743,110,0.0,0.0,1,0.0,0.0,0.0,0.0,1,0.0,0.0,1,0.0,0.0,0.0,0.0,20,9,25,0
9530,542,69,0.0,0.0,1,0.0,0.0,0.0,0.0,0.0,1,0.0,0.0,0.0,1,0.0,0.0,23,29,15,0
9531,84,46,0.0,0.0,1,0.0,1,0.0,0.0,0.0,0.0,0.0,0.0,0.0,0.0,1,0.0,16,16,7,0
9532,609,102,0.0,0.0,0.0,1,0.0,1,0.0,0.0,0.0,0.0,0.0,0.0,0.0,0.0,1,16,1,0,0
9533,702,143,1,0.0,0.0,0.0,0.0,0.0,0.0,0.0,1,0.0,0.0,0.0,0.0,1,0.0,13,1,21,0
9534,939,110,0.0,0.0,1,0.0,0.0,1,0.0,0.0,0.0,0.0,0.0,0.0,0.0,1,0.0,23,0,14,0
9535,64,120,0.0,1,0.0,0.0,0.0,0.0,0.0,1,0.0,0.0,0.0,0.0,0.0,0.0,1,13,24,10,0
9536,254,140,0.0,0.0,1,0.0,1,0.0,0.0,0.0,0.0,0.0,0.0,0.0,1,0.0,0.0,15,18,3,0
9537,945,65,0.0,0.0,0.0,1,0.0,0.0,0.0,0.0,1,0.0,0.0,0.0,0.0,1,0.0,16,2,15,0
9538,564,16,0.0,1,0.0,0.0,0.0,0.0,1,0.0,0.0,1,0.0,0.0,0.0,0.0,0.0,7,22,7,0
9539,312,58,0.0,1,0.0,0.0,0.0,0.0,1,0.0,0.0,0.0,0.0,0.0,1,0.0,0.0,8,20,26,0
9540,355,105,0.0,1,0.0,0.0,0.0,1,0.0,0.0,0.0,1,0.0,0.0,0.0,0.0,0.0,14,17,5,0
9541,892,34,0.0,0.0,1,0.0,0.0,0.0,0.0,0.0,1,0.0,0.0,0.0,0.0,1,0.0,10,11,28,0
9542,999,151,0.0,0.0,0.0,1,0.0,0.0,0.0,0.0,1,0.0,0.0,0.0,0.0,1,0.0,8,18,14,0
9543,595,40,0.0,1,0.0,0.0,1,0.0,0.0,0.0,0.0,0.0,1,0.0,0.0,0.0,0.0,15,7,3,0
9544,743,2473,0.0,0.0,1,0.0,0.0,1,0.0,0.0,0.0,0.0,0.0,0.0,0.0,0.0,1,18,71,96,1
9545,479,176,0.0,0.0,1,0.0,0.0,0.0,0.0,0.0,1,0.0,0.0,0.0,0.0,1,0.0,11,19,26,0
9546,802,53,0.0,1,0.0,0.0,0.0,0.0,0.0,0.0,1,0.0,0.0,0.0,0.0,1,0.0,10,13,14,0
9547,600,253,1,0.0,0.0,0.0,0.0,0.0,0.0,1,0.0,0.0,1,0.0,0.0,0.0,0.0,16,1,28,0
9548,784,101,1,0.0,0.0,0.0,0.0,0.0,0.0,1,0.0,0.0,0.0,0.0,0.0,1,0.0,8,9,13,0
9549,75,41,0.0,0.0,0.0,1,0.0,0.0,0.0,1,0.0,1,0.0,0.0,0.0,0.0,0.0,7,6,3,0
9550,541,124,0.0,0.0,0.0,1,0.0,0.0,0.0,1,0.0,0.0,0.0,0.0,0.0,0.0,1,15,3,21,0
9551,527,207,0.0,0.0,0.0,1,0.0,1,0.0,0.0,0.0,0.0,0.0,0.0,1,0.0,0.0,22,18,9,0
9552,268,74,0.0,0.0,1,0.0,0.0,0.0,0.0,1,0.0,0.0,0.0,0.0,1,0.0,0.0,12,7,15,0
9553,195,16,0.0,1,0.0,0.0,0.0,0.0,1,0.0,0.0,0.0,1,0.0,0.0,0.0,0.0,12,28,26,0
9554,55,51,0.0,0.0,1,0.0,1,0.0,0.0,0.0,0.0,1,0.0,0.0,0.0,0.0,0.0,11,11,25,0
9555,983,137,0.0,0.0,0.0,1,0.0,0.0,1,0.0,0.0,1,0.0,0.0,0.0,0.0,0.0,13,23,2,0
9556,992,111,0.0,1,0.0,0.0,0.0,0.0,1,0.0,0.0,1,0.0,0.0,0.0,0.0,0.0,9,4,20,0
9557,186,110,0.0,1,0.0,0.0,0.0,0.0,0.0,1,0.0,0.0,1,0.0,0.0,0.0,0.0,15,26,25,0
9558,153,162,0.0,0.0,0.0,1,1,0.0,0.0,0.0,0.0,0.0,0.0,0.0,1,0.0,0.0,18,14,26,0
9559,368,87,0.0,0.0,1,0.0,0.0,0.0,1,0.0,0.0,0.0,0.0,0.0,0.0,0.0,1,21,14,15,0
9560,605,71,1,0.0,0.0,0.0,1,0.0,0.0,0.0,0.0,0.0,0.0,0.0,0.0,0.0,1,21,26,10,0
9561,113,38,0.0,0.0,0.0,1,0.0,0.0,1,0.0,0.0,1,0.0,0.0,0.0,0.0,0.0,14,11,16,0
9562,843,77,0.0,1,0.0,0.0,0.0,0.0,1,0.0,0.0,0.0,0.0,0.0,1,0.0,0.0,9,0,24,0
9563,904,69,0.0,0.0,1,0.0,0.0,1,0.0,0.0,0.0,0.0,0.0,0.0,0.0,0.0,1,18,26,18,0
9564,753,162,0.0,1,0.0,0.0,0.0,1,0.0,0.0,0.0,1,0.0,0.0,0.0,0.0,0.0,7,16,7,0
9565,777,38,0.0,1,0.0,0.0,0.0,0.0,0.0,0.0,1,0.0,0.0,0.0,0.0,1,0.0,11,28,12,0
9566,721,69,0.0,0.0,1,0.0,0.0,0.0,0.0,0.0,1,0.0,1,0.0,0.0,0.0,0.0,13,24,25,0
9567,420,167,1,0.0,0.0,0.0,1,0.0,0.0,0.0,0.0,0.0,0.0,0.0,0.0,1,0.0,11,18,4,0
9568,608,95,0.0,0.0,1,0.0,0.0,0.0,0.0,0.0,1,0.0,0.0,0.0,1,0.0,0.0,21,1,13,0
9569,428,123,1,0.0,0.0,0.0,0.0,0.0,0.0,1,0.0,0.0,0.0,0.0,1,0.0,0.0,9,25,20,0
9570,111,156,0.0,0.0,0.0,1,0.0,0.0,0.0,1,0.0,0.0,0.0,0.0,0.0,1,0.0,16,17,22,0
9571,499,33,0.0,1,0.0,0.0,0.0,0.0,0.0,0.0,1,0.0,1,0.0,0.0,0.0,0.0,6,2,3,0
9572,706,106,1,0.0,0.0,0.0,0.0,0.0,0.0,0.0,1,1,0.0,0.0,0.0,0.0,0.0,21,13,10,0
9573,0,129,0.0,0.0,1,0.0,0.0,0.0,0.0,0.0,1,1,0.0,0.0,0.0,0.0,0.0,19,21,23,0
9574,515,20,0.0,1,0.0,0.0,1,0.0,0.0,0.0,0.0,1,0.0,0.0,0.0,0.0,0.0,17,23,3,0
9575,711,118,0.0,0.0,1,0.0,0.0,0.0,1,0.0,0.0,1,0.0,0.0,0.0,0.0,0.0,23,25,24,0
9576,918,182,1,0.0,0.0,0.0,0.0,0.0,0.0,0.0,1,0.0,0.0,0.0,1,0.0,0.0,18,1,27,0
9577,904,194,0.0,1,0.0,0.0,1,0.0,0.0,0.0,0.0,0.0,1,0.0,0.0,0.0,0.0,8,21,2,0
9578,561,124,0.0,0.0,1,0.0,0.0,0.0,0.0,1,0.0,0.0,0.0,0.0,0.0,0.0,1,22,16,25,0
9579,993,65,1,0.0,0.0,0.0,1,0.0,0.0,0.0,0.0,0.0,1,0.0,0.0,0.0,0.0,11,4,16,0
9580,583,157,0.0,0.0,1,0.0,0.0,1,0.0,0.0,0.0,0.0,0.0,0.0,0.0,0.0,1,7,13,15,0
9581,325,145,0.0,1,0.0,0.0,0.0,1,0.0,0.0,0.0,0.0,0.0,0.0,0.0,1,0.0,15,15,3,0
9582,795,1,1,0.0,0.0,0.0,0.0,0.0,1,0.0,0.0,0.0,0.0,0.0,0.0,0.0,1,8,13,24,0
9583,15,156,0.0,0.0,0.0,1,0.0,0.0,1,0.0,0.0,0.0,1,0.0,0.0,0.0,0.0,22,4,23,0
9584,675,71,0.0,0.0,1,0.0,0.0,0.0,1,0.0,0.0,1,0.0,0.0,0.0,0.0,0.0,18,19,16,0
9585,156,45,1,0.0,0.0,0.0,1,0.0,0.0,0.0,0.0,0.0,0.0,0.0,1,0.0,0.0,7,4,7,0
9586,777,79,0.0,0.0,0.0,1,0.0,0.0,0.0,1,0.0,0.0,0.0,0.0,0.0,0.0,1,11,10,1,0
9587,741,144,0.0,1,0.0,0.0,1,0.0,0.0,0.0,0.0,1,0.0,0.0,0.0,0.0,0.0,19,3,24,0
9588,284,71,0.0,1,0.0,0.0,0.0,0.0,1,0.0,0.0,0.0,0.0,0.0,1,0.0,0.0,7,9,23,0
9589,710,80,0.0,0.0,1,0.0,0.0,0.0,0.0,1,0.0,1,0.0,0.0,0.0,0.0,0.0,19,9,11,0
9590,64,102,1,0.0,0.0,0.0,0.0,0.0,1,0.0,0.0,0.0,0.0,0.0,1,0.0,0.0,22,17,14,0
9591,655,45,0.0,0.0,0.0,1,0.0,1,0.0,0.0,0.0,0.0,0.0,0.0,0.0,1,0.0,21,25,9,0
9592,436,422,0.0,1,0.0,0.0,0.0,1,0.0,0.0,0.0,0.0,0.0,0.0,0.0,1,0.0,4,74,82,1
9593,720,158,0.0,0.0,0.0,1,0.0,0.0,1,0.0,0.0,0.0,0.0,0.0,0.0,0.0,1,7,10,14,0
9594,468,117,1,0.0,0.0,0.0,0.0,0.0,0.0,0.0,1,0.0,0.0,0.0,1,0.0,0.0,13,16,8,0
9595,517,182,1,0.0,0.0,0.0,0.0,0.0,0.0,0.0,1,0.0,0.0,0.0,0.0,1,0.0,12,2,15,0
9596,296,142,0.0,1,0.0,0.0,0.0,1,0.0,0.0,0.0,0.0,0.0,0.0,1,0.0,0.0,15,6,5,0
9597,977,77,0.0,0.0,0.0,1,1,0.0,0.0,0.0,0.0,0.0,0.0,0.0,1,0.0,0.0,9,18,17,0
9598,602,120,0.0,0.0,0.0,1,0.0,0.0,0.0,0.0,1,0.0,0.0,0.0,0.0,0.0,1,21,2,9,0
9599,953,138,0.0,0.0,1,0.0,0.0,0.0,0.0,1,0.0,0.0,0.0,0.0,1,0.0,0.0,6,8,10,0
9600,967,82,1,0.0,0.0,0.0,0.0,0.0,1,0.0,0.0,1,0.0,0.0,0.0,0.0,0.0,10,22,26,0
9601,890,78,1,0.0,0.0,0.0,0.0,0.0,0.0,0.0,1,0.0,0.0,0.0,1,0.0,0.0,18,6,13,0
9602,382,34,0.0,0.0,1,0.0,0.0,1,0.0,0.0,0.0,1,0.0,0.0,0.0,0.0,0.0,10,17,26,0
9603,481,156,0.0,1,0.0,0.0,0.0,1,0.0,0.0,0.0,1,0.0,0.0,0.0,0.0,0.0,12,7,20,0
9604,458,93,0.0,0.0,0.0,1,0.0,1,0.0,0.0,0.0,0.0,0.0,0.0,0.0,1,0.0,18,1,9,0
9605,336,79,1,0.0,0.0,0.0,0.0,0.0,0.0,1,0.0,0.0,0.0,0.0,0.0,1,0.0,8,4,16,0
9606,270,83,0.0,0.0,1,0.0,1,0.0,0.0,0.0,0.0,0.0,1,0.0,0.0,0.0,0.0,13,20,13,0
9607,199,150,0.0,0.0,1,0.0,0.0,0.0,0.0,1,0.0,0.0,1,0.0,0.0,0.0,0.0,9,13,6,0
9608,700,18,0.0,0.0,0.0,1,1,0.0,0.0,0.0,0.0,1,0.0,0.0,0.0,0.0,0.0,14,6,28,0
9609,540,61,0.0,0.0,0.0,1,0.0,0.0,1,0.0,0.0,0.0,0.0,0.0,0.0,0.0,1,19,18,10,0
9610,889,63,0.0,0.0,0.0,1,1,0.0,0.0,0.0,0.0,0.0,0.0,0.0,0.0,1,0.0,21,2,26,0
9611,505,54,0.0,1,0.0,0.0,0.0,1,0.0,0.0,0.0,0.0,0.0,0.0,0.0,1,0.0,19,1,15,0
9612,835,65,0.0,1,0.0,0.0,0.0,1,0.0,0.0,0.0,0.0,0.0,0.0,0.0,0.0,1,10,19,2,0
9613,657,94,0.0,0.0,0.0,1,1,0.0,0.0,0.0,0.0,1,0.0,0.0,0.0,0.0,0.0,7,14,12,0
9614,838,34,0.0,0.0,1,0.0,0.0,0.0,1,0.0,0.0,0.0,0.0,0.0,0.0,1,0.0,15,11,15,0
9615,592,61,0.0,0.0,0.0,1,0.0,1,0.0,0.0,0.0,0.0,0.0,0.0,0.0,1,0.0,13,2,13,0
9616,207,144,0.0,1,0.0,0.0,0.0,0.0,1,0.0,0.0,1,0.0,0.0,0.0,0.0,0.0,17,19,8,0
9617,483,45,0.0,0.0,0.0,1,1,0.0,0.0,0.0,0.0,0.0,0.0,0.0,1,0.0,0.0,19,0,20,0
9618,509,1,1,0.0,0.0,0.0,0.0,0.0,0.0,0.0,1,0.0,0.0,0.0,0.0,1,0.0,23,7,22,0
9619,332,111,0.0,1,0.0,0.0,0.0,0.0,1,0.0,0.0,0.0,0.0,0.0,0.0,1,0.0,17,26,1,0
9620,878,102,1,0.0,0.0,0.0,1,0.0,0.0,0.0,0.0,0.0,0.0,0.0,0.0,0.0,1,7,27,16,0
9621,857,43,0.0,0.0,1,0.0,0.0,1,0.0,0.0,0.0,0.0,0.0,0.0,0.0,1,0.0,13,26,8,0
9622,293,125,0.0,1,0.0,0.0,0.0,0.0,1,0.0,0.0,0.0,1,0.0,0.0,0.0,0.0,10,7,29,0
9623,354,24,0.0,0.0,1,0.0,0.0,0.0,1,0.0,0.0,0.0,0.0,0.0,0.0,1,0.0,16,9,29,0
9624,478,2661,0.0,0.0,0.0,1,1,0.0,0.0,0.0,0.0,0.0,0.0,0.0,0.0,1,0.0,18,94,98,1
9625,590,39,1,0.0,0.0,0.0,0.0,0.0,1,0.0,0.0,0.0,0.0,0.0,1,0.0,0.0,23,22,11,0
9626,133,90,0.0,1,0.0,0.0,1,0.0,0.0,0.0,0.0,0.0,0.0,0.0,0.0,1,0.0,8,8,6,0
9627,466,51,0.0,0.0,1,0.0,0.0,1,0.0,0.0,0.0,1,0.0,0.0,0.0,0.0,0.0,14,15,1,0
9628,284,137,1,0.0,0.0,0.0,0.0,0.0,1,0.0,0.0,0.0,0.0,0.0,0.0,0.0,1,15,14,21,0
9629,533,76,1,0.0,0.0,0.0,0.0,1,0.0,0.0,0.0,0.0,0.0,0.0,1,0.0,0.0,21,4,27,0
9630,164,1725,0.0,0.0,1,0.0,0.0,0.0,0.0,0.0,1,0.0,1,0.0,0.0,0.0,0.0,13,85,91,1
9631,733,102,1,0.0,0.0,0.0,0.0,0.0,0.0,1,0.0,0.0,1,0.0,0.0,0.0,0.0,8,28,3,0
9632,317,84,1,0.0,0.0,0.0,1,0.0,0.0,0.0,0.0,0.0,0.0,0.0,0.0,1,0.0,17,26,4,0
9633,650,39,0.0,0.0,0.0,1,0.0,0.0,1,0.0,0.0,0.0,1,0.0,0.0,0.0,0.0,10,19,26,0
9634,479,44,1,0.0,0.0,0.0,0.0,0.0,0.0,1,0.0,1,0.0,0.0,0.0,0.0,0.0,14,8,22,0
9635,284,136,1,0.0,0.0,0.0,0.0,1,0.0,0.0,0.0,0.0,1,0.0,0.0,0.0,0.0,17,1,12,0
9636,348,67,0.0,0.0,0.0,1,0.0,0.0,0.0,1,0.0,0.0,1,0.0,0.0,0.0,0.0,15,8,22,0
9637,638,2990,0.0,1,0.0,0.0,0.0,0.0,0.0,1,0.0,0.0,0.0,0.0,0.0,0.0,1,18,98,75,1
9638,926,136,0.0,0.0,1,0.0,0.0,1,0.0,0.0,0.0,0.0,0.0,0.0,0.0,0.0,1,10,24,18,0
9639,551,1699,0.0,1,0.0,0.0,0.0,0.0,0.0,0.0,1,0.0,0.0,0.0,1,0.0,0.0,8,96,70,1
9640,91,52,0.0,1,0.0,0.0,1,0.0,0.0,0.0,0.0,1,0.0,0.0,0.0,0.0,0.0,18,27,14,0
9641,112,183,0.0,0.0,1,0.0,0.0,0.0,0.0,1,0.0,1,0.0,0.0,0.0,0.0,0.0,11,7,17,0
9642,973,108,0.0,1,0.0,0.0,0.0,0.0,0.0,1,0.0,0.0,0.0,0.0,0.0,1,0.0,8,27,13,0
9643,85,75,1,0.0,0.0,0.0,0.0,0.0,1,0.0,0.0,0.0,0.0,0.0,1,0.0,0.0,22,12,10,0
9644,167,28,0.0,1,0.0,0.0,0.0,0.0,0.0,1,0.0,0.0,0.0,0.0,0.0,0.0,1,21,6,15,0
9645,186,136,0.0,1,0.0,0.0,0.0,0.0,0.0,0.0,1,0.0,0.0,0.0,0.0,0.0,1,17,3,24,0
9646,725,144,0.0,0.0,1,0.0,1,0.0,0.0,0.0,0.0,0.0,1,0.0,0.0,0.0,0.0,15,22,0,0
9647,70,92,0.0,0.0,1,0.0,0.0,0.0,0.0,1,0.0,0.0,0.0,0.0,0.0,1,0.0,23,21,20,0
9648,816,113,0.0,0.0,0.0,1,1,0.0,0.0,0.0,0.0,0.0,0.0,0.0,0.0,0.0,1,22,14,11,0
9649,378,38,0.0,0.0,0.0,1,0.0,0.0,0.0,1,0.0,0.0,0.0,0.0,1,0.0,0.0,9,0,0,0
9650,563,10,1,0.0,0.0,0.0,0.0,1,0.0,0.0,0.0,0.0,0.0,1,0.0,0.0,0.0,0,71,83,1
9651,146,89,1,0.0,0.0,0.0,0.0,0.0,1,0.0,0.0,0.0,0.0,0.0,1,0.0,0.0,7,14,20,0
9652,2,107,0.0,0.0,1,0.0,0.0,0.0,0.0,0.0,1,0.0,1,0.0,0.0,0.0,0.0,11,1,15,0
9653,324,96,0.0,0.0,0.0,1,0.0,1,0.0,0.0,0.0,1,0.0,0.0,0.0,0.0,0.0,9,16,11,0
9654,388,142,0.0,0.0,1,0.0,0.0,0.0,0.0,0.0,1,0.0,1,0.0,0.0,0.0,0.0,10,18,3,0
9655,8,280,1,0.0,0.0,0.0,0.0,0.0,1,0.0,0.0,0.0,0.0,1,0.0,0.0,0.0,4,86,81,1
9656,4,106,0.0,0.0,0.0,1,0.0,0.0,1,0.0,0.0,0.0,0.0,0.0,1,0.0,0.0,15,27,4,0
9657,656,64,0.0,1,0.0,0.0,0.0,0.0,1,0.0,0.0,0.0,0.0,0.0,1,0.0,0.0,15,23,18,0
9658,609,96,0.0,0.0,1,0.0,1,0.0,0.0,0.0,0.0,0.0,0.0,0.0,0.0,1,0.0,18,0,2,0
9659,528,135,1,0.0,0.0,0.0,1,0.0,0.0,0.0,0.0,0.0,0.0,0.0,0.0,0.0,1,7,6,3,0
9660,943,53,0.0,1,0.0,0.0,0.0,1,0.0,0.0,0.0,0.0,0.0,0.0,0.0,0.0,1,18,4,0,0
9661,355,43,0.0,0.0,0.0,1,1,0.0,0.0,0.0,0.0,0.0,0.0,0.0,0.0,1,0.0,11,17,29,0
9662,640,163,0.0,1,0.0,0.0,0.0,0.0,0.0,0.0,1,1,0.0,0.0,0.0,0.0,0.0,21,16,22,0
9663,346,10,1,0.0,0.0,0.0,0.0,0.0,0.0,0.0,1,0.0,0.0,0.0,0.0,1,0.0,7,20,7,0
9664,316,115,0.0,0.0,1,0.0,0.0,0.0,0.0,1,0.0,0.0,0.0,0.0,0.0,0.0,1,9,18,27,0
9665,490,89,0.0,1,0.0,0.0,0.0,1,0.0,0.0,0.0,0.0,0.0,0.0,0.0,1,0.0,7,0,21,0
9666,51,80,1,0.0,0.0,0.0,0.0,0.0,0.0,0.0,1,0.0,0.0,0.0,0.0,1,0.0,6,10,6,0
9667,574,6427,0.0,1,0.0,0.0,1,0.0,0.0,0.0,0.0,0.0,0.0,1,0.0,0.0,0.0,15,76,97,1
9668,249,186,1,0.0,0.0,0.0,0.0,0.0,0.0,1,0.0,0.0,0.0,0.0,0.0,0.0,1,20,11,1,0
9669,447,121,1,0.0,0.0,0.0,0.0,0.0,0.0,1,0.0,1,0.0,0.0,0.0,0.0,0.0,19,28,29,0
9670,281,96,0.0,0.0,1,0.0,1,0.0,0.0,0.0,0.0,0.0,0.0,0.0,0.0,1,0.0,14,22,23,0
9671,521,67,0.0,1,0.0,0.0,1,0.0,0.0,0.0,0.0,0.0,0.0,0.0,1,0.0,0.0,18,14,14,0
9672,920,138,1,0.0,0.0,0.0,0.0,0.0,0.0,0.0,1,0.0,0.0,0.0,0.0,0.0,1,21,2,7,0
9673,652,24,0.0,1,0.0,0.0,0.0,0.0,0.0,0.0,1,0.0,1,0.0,0.0,0.0,0.0,19,12,27,0
9674,85,140,0.0,0.0,0.0,1,1,0.0,0.0,0.0,0.0,0.0,1,0.0,0.0,0.0,0.0,12,29,4,0
9675,524,128,0.0,1,0.0,0.0,0.0,0.0,0.0,0.0,1,0.0,1,0.0,0.0,0.0,0.0,17,1,26,0
9676,892,117,0.0,1,0.0,0.0,0.0,0.0,0.0,1,0.0,0.0,0.0,0.0,0.0,1,0.0,15,9,8,0
9677,457,1,0.0,1,0.0,0.0,0.0,1,0.0,0.0,0.0,0.0,1,0.0,0.0,0.0,0.0,12,3,7,0
9678,48,48,0.0,1,0.0,0.0,0.0,1,0.0,0.0,0.0,0.0,0.0,0.0,0.0,1,0.0,9,1,5,0
9679,874,150,1,0.0,0.0,0.0,0.0,1,0.0,0.0,0.0,0.0,0.0,0.0,0.0,0.0,1,18,8,4,0
9680,28,105,0.0,0.0,0.0,1,1,0.0,0.0,0.0,0.0,0.0,1,0.0,0.0,0.0,0.0,14,22,1,0
9681,869,149,0.0,1,0.0,0.0,1,0.0,0.0,0.0,0.0,0.0,1,0.0,0.0,0.0,0.0,7,6,20,0
9682,719,106,1,0.0,0.0,0.0,0.0,0.0,0.0,0.0,1,0.0,1,0.0,0.0,0.0,0.0,20,23,29,0
9683,483,19,1,0.0,0.0,0.0,0.0,0.0,0.0,0.0,1,0.0,1,0.0,0.0,0.0,0.0,10,14,10,0
9684,909,41,0.0,0.0,1,0.0,0.0,0.0,0.0,0.0,1,0.0,1,0.0,0.0,0.0,0.0,13,18,16,0
9685,639,74,0.0,0.0,0.0,1,0.0,0.0,0.0,0.0,1,0.0,1,0.0,0.0,0.0,0.0,8,19,13,0
9686,888,32,1,0.0,0.0,0.0,0.0,1,0.0,0.0,0.0,0.0,0.0,0.0,1,0.0,0.0,15,6,29,0
9687,143,1,0.0,0.0,0.0,1,0.0,0.0,1,0.0,0.0,0.0,0.0,0.0,1,0.0,0.0,7,11,8,0
9688,329,157,1,0.0,0.0,0.0,0.0,0.0,0.0,1,0.0,0.0,0.0,0.0,0.0,0.0,1,18,12,21,0
9689,571,161,0.0,0.0,0.0,1,0.0,1,0.0,0.0,0.0,0.0,1,0.0,0.0,0.0,0.0,7,8,20,0
9690,950,63,1,0.0,0.0,0.0,0.0,0.0,0.0,1,0.0,0.0,0.0,0.0,0.0,0.0,1,10,4,12,0
9691,745,81,0.0,1,0.0,0.0,0.0,0.0,0.0,0.0,1,0.0,0.0,0.0,0.0,0.0,1,16,20,6,0
9692,616,791,0.0,0.0,0.0,1,1,0.0,0.0,0.0,0.0,0.0,0.0,0.0,0.0,1,0.0,2,85,73,1
9693,942,2283,0.0,0.0,0.0,1,0.0,0.0,0.0,1,0.0,0.0,0.0,1,0.0,0.0,0.0,3,88,87,1
9694,970,171,1,0.0,0.0,0.0,0.0,0.0,0.0,0.0,1,0.0,0.0,0.0,1,0.0,0.0,7,25,21,0
9695,191,91,0.0,1,0.0,0.0,0.0,0.0,0.0,0.0,1,1,0.0,0.0,0.0,0.0,0.0,13,13,25,0
9696,314,68,0.0,1,0.0,0.0,0.0,0.0,1,0.0,0.0,0.0,1,0.0,0.0,0.0,0.0,21,12,18,0
9697,301,137,1,0.0,0.0,0.0,0.0,0.0,0.0,1,0.0,0.0,0.0,0.0,0.0,1,0.0,17,6,24,0
9698,637,123,0.0,0.0,0.0,1,0.0,0.0,0.0,0.0,1,0.0,0.0,0.0,0.0,1,0.0,21,0,18,0
9699,211,85,0.0,0.0,1,0.0,0.0,0.0,0.0,0.0,1,0.0,0.0,0.0,0.0,1,0.0,22,16,27,0
9700,324,1,0.0,0.0,0.0,1,0.0,0.0,0.0,1,0.0,0.0,1,0.0,0.0,0.0,0.0,11,21,24,0
9701,428,121,1,0.0,0.0,0.0,0.0,0.0,0.0,1,0.0,0.0,0.0,0.0,0.0,0.0,1,12,0,25,0
9702,21,1758,1,0.0,0.0,0.0,0.0,0.0,1,0.0,0.0,0.0,0.0,0.0,0.0,1,0.0,19,87,74,1
9703,195,39,0.0,0.0,1,0.0,0.0,0.0,0.0,1,0.0,1,0.0,0.0,0.0,0.0,0.0,9,15,1,0
9704,938,163,0.0,0.0,0.0,1,0.0,0.0,0.0,0.0,1,0.0,0.0,0.0,0.0,0.0,1,6,24,18,0
9705,224,14,0.0,0.0,0.0,1,1,0.0,0.0,0.0,0.0,1,0.0,0.0,0.0,0.0,0.0,16,20,19,0
9706,256,92,1,0.0,0.0,0.0,0.0,0.0,0.0,0.0,1,1,0.0,0.0,0.0,0.0,0.0,21,15,15,0
9707,254,62,0.0,0.0,1,0.0,0.0,0.0,1,0.0,0.0,0.0,0.0,0.0,0.0,0.0,1,19,0,13,0
9708,961,65,0.0,1,0.0,0.0,0.0,0.0,1,0.0,0.0,0.0,0.0,0.0,0.0,0.0,1,18,6,13,0
9709,9,74,0.0,1,0.0,0.0,0.0,0.0,0.0,1,0.0,0.0,1,0.0,0.0,0.0,0.0,22,22,6,0
9710,660,107,0.0,1,0.0,0.0,1,0.0,0.0,0.0,0.0,0.0,0.0,0.0,0.0,0.0,1,12,21,27,0
9711,795,461,0.0,0.0,0.0,1,0.0,0.0,1,0.0,0.0,0.0,0.0,1,0.0,0.0,0.0,23,81,78,1
9712,116,141,1,0.0,0.0,0.0,0.0,0.0,0.0,0.0,1,0.0,0.0,0.0,0.0,1,0.0,10,1,17,0
9713,231,161,0.0,0.0,1,0.0,0.0,0.0,1,0.0,0.0,1,0.0,0.0,0.0,0.0,0.0,6,25,9,0
9714,757,59,0.0,0.0,0.0,1,1,0.0,0.0,0.0,0.0,0.0,1,0.0,0.0,0.0,0.0,12,15,5,0
9715,539,60,0.0,1,0.0,0.0,1,0.0,0.0,0.0,0.0,1,0.0,0.0,0.0,0.0,0.0,8,19,22,0
9716,105,166,0.0,1,0.0,0.0,0.0,0.0,1,0.0,0.0,0.0,0.0,0.0,0.0,0.0,1,19,19,26,0
9717,180,125,0.0,0.0,0.0,1,1,0.0,0.0,0.0,0.0,0.0,0.0,0.0,0.0,1,0.0,16,13,17,0
9718,257,86,0.0,0.0,0.0,1,0.0,0.0,1,0.0,0.0,0.0,0.0,0.0,0.0,1,0.0,11,9,19,0
9719,725,72,0.0,0.0,1,0.0,1,0.0,0.0,0.0,0.0,0.0,0.0,0.0,0.0,0.0,1,10,13,2,0
9720,914,32,0.0,0.0,0.0,1,0.0,0.0,0.0,1,0.0,0.0,0.0,0.0,0.0,1,0.0,11,21,15,0
9721,915,100,0.0,1,0.0,0.0,0.0,0.0,0.0,0.0,1,0.0,0.0,0.0,0.0,0.0,1,21,29,27,0
9722,698,63,1,0.0,0.0,0.0,0.0,1,0.0,0.0,0.0,1,0.0,0.0,0.0,0.0,0.0,15,19,10,0
9723,622,60,0.0,0.0,1,0.0,0.0,1,0.0,0.0,0.0,0.0,0.0,0.0,1,0.0,0.0,22,9,29,0
9724,59,1,0.0,0.0,1,0.0,0.0,0.0,0.0,0.0,1,0.0,0.0,0.0,0.0,1,0.0,17,22,18,0
9725,114,85,0.0,0.0,1,0.0,0.0,1,0.0,0.0,0.0,0.0,0.0,0.0,1,0.0,0.0,11,18,8,0
9726,420,143,1,0.0,0.0,0.0,0.0,1,0.0,0.0,0.0,0.0,0.0,0.0,0.0,0.0,1,10,22,13,0
9727,947,147,0.0,1,0.0,0.0,0.0,0.0,1,0.0,0.0,1,0.0,0.0,0.0,0.0,0.0,14,25,24,0
9728,443,160,0.0,0.0,0.0,1,0.0,1,0.0,0.0,0.0,0.0,0.0,0.0,0.0,0.0,1,21,7,9,0
9729,883,88,0.0,1,0.0,0.0,0.0,0.0,0.0,1,0.0,0.0,0.0,0.0,0.0,0.0,1,14,20,3,0
9730,829,73,1,0.0,0.0,0.0,1,0.0,0.0,0.0,0.0,0.0,1,0.0,0.0,0.0,0.0,16,14,10,0
9731,590,131,0.0,0.0,0.0,1,1,0.0,0.0,0.0,0.0,0.0,0.0,0.0,1,0.0,0.0,10,29,14,0
9732,324,212,0.0,1,0.0,0.0,0.0,1,0.0,0.0,0.0,0.0,0.0,0.0,0.0,0.0,1,6,11,19,0
9733,969,1,0.0,1,0.0,0.0,0.0,0.0,0.0,1,0.0,0.0,1,0.0,0.0,0.0,0.0,10,19,1,0
9734,109,119,0.0,0.0,1,0.0,1,0.0,0.0,0.0,0.0,1,0.0,0.0,0.0,0.0,0.0,7,5,12,0
9735,507,42,1,0.0,0.0,0.0,0.0,0.0,1,0.0,0.0,0.0,0.0,0.0,0.0,0.0,1,19,3,0,0
9736,816,62,1,0.0,0.0,0.0,1,0.0,0.0,0.0,0.0,1,0.0,0.0,0.0,0.0,0.0,15,5,16,0
9737,498,107,0.0,0.0,0.0,1,0.0,0.0,0.0,1,0.0,0.0,0.0,0.0,0.0,0.0,1,21,17,19,0
9738,997,116,1,0.0,0.0,0.0,0.0,0.0,1,0.0,0.0,0.0,0.0,0.0,0.0,1,0.0,22,3,9,0
9739,225,46,0.0,1,0.0,0.0,1,0.0,0.0,0.0,0.0,1,0.0,0.0,0.0,0.0,0.0,13,22,2,0
9740,541,182,0.0,0.0,0.0,1,0.0,1,0.0,0.0,0.0,0.0,1,0.0,0.0,0.0,0.0,9,10,7,0
9741,20,200,0.0,0.0,0.0,1,0.0,0.0,1,0.0,0.0,0.0,0.0,0.0,0.0,1,0.0,20,14,15,0
9742,409,123,1,0.0,0.0,0.0,1,0.0,0.0,0.0,0.0,1,0.0,0.0,0.0,0.0,0.0,17,9,2,0
9743,638,32,0.0,0.0,0.0,1,0.0,0.0,0.0,0.0,1,0.0,1,0.0,0.0,0.0,0.0,11,0,1,0
9744,202,24,0.0,0.0,1,0.0,0.0,1,0.0,0.0,0.0,0.0,0.0,0.0,0.0,1,0.0,15,14,22,0
9745,672,103,0.0,0.0,1,0.0,0.0,0.0,0.0,1,0.0,0.0,1,0.0,0.0,0.0,0.0,15,17,2,0
9746,461,140,0.0,0.0,1,0.0,1,0.0,0.0,0.0,0.0,1,0.0,0.0,0.0,0.0,0.0,6,4,20,0
9747,752,175,0.0,1,0.0,0.0,0.0,1,0.0,0.0,0.0,1,0.0,0.0,0.0,0.0,0.0,19,1,19,0
9748,882,7,1,0.0,0.0,0.0,0.0,0.0,0.0,1,0.0,0.0,0.0,0.0,1,0.0,0.0,16,9,1,0
9749,217,114,1,0.0,0.0,0.0,0.0,1,0.0,0.0,0.0,0.0,0.0,0.0,0.0,0.0,1,23,8,5,0
9750,398,89,0.0,1,0.0,0.0,0.0,0.0,0.0,0.0,1,0.0,0.0,0.0,0.0,1,0.0,11,7,25,0
9751,451,80,0.0,0.0,0.0,1,1,0.0,0.0,0.0,0.0,0.0,1,0.0,0.0,0.0,0.0,18,3,0,0
9752,237,152,0.0,0.0,1,0.0,0.0,0.0,0.0,1,0.0,0.0,0.0,0.0,1,0.0,0.0,13,16,12,0
9753,221,117,0.0,0.0,1,0.0,1,0.0,0.0,0.0,0.0,0.0,1,0.0,0.0,0.0,0.0,10,19,13,0
9754,304,67,0.0,0.0,1,0.0,0.0,0.0,0.0,1,0.0,1,0.0,0.0,0.0,0.0,0.0,16,27,8,0
9755,56,133,0.0,0.0,0.0,1,0.0,1,0.0,0.0,0.0,1,0.0,0.0,0.0,0.0,0.0,13,15,18,0
9756,493,115,0.0,0.0,1,0.0,0.0,0.0,0.0,0.0,1,0.0,0.0,0.0,0.0,0.0,1,23,28,14,0
9757,867,13,0.0,0.0,0.0,1,0.0,0.0,0.0,0.0,1,0.0,0.0,0.0,0.0,0.0,1,11,6,22,0
9758,682,136,0.0,0.0,0.0,1,0.0,0.0,0.0,1,0.0,0.0,0.0,0.0,0.0,0.0,1,21,29,11,0
9759,673,71,1,0.0,0.0,0.0,1,0.0,0.0,0.0,0.0,0.0,0.0,0.0,0.0,1,0.0,12,13,15,0
9760,62,9,0.0,1,0.0,0.0,0.0,1,0.0,0.0,0.0,0.0,0.0,0.0,0.0,0.0,1,22,20,10,0
9761,881,73,0.0,0.0,0.0,1,0.0,0.0,1,0.0,0.0,0.0,0.0,0.0,0.0,0.0,1,18,17,28,0
9762,486,138,0.0,0.0,1,0.0,1,0.0,0.0,0.0,0.0,0.0,0.0,0.0,0.0,1,0.0,15,0,20,0
9763,181,106,0.0,1,0.0,0.0,0.0,0.0,0.0,0.0,1,0.0,0.0,0.0,1,0.0,0.0,7,13,25,0
9764,939,124,0.0,0.0,1,0.0,0.0,1,0.0,0.0,0.0,0.0,0.0,0.0,1,0.0,0.0,18,3,26,0
9765,902,110,1,0.0,0.0,0.0,0.0,0.0,0.0,0.0,1,0.0,0.0,0.0,1,0.0,0.0,14,12,24,0
9766,230,112,0.0,1,0.0,0.0,1,0.0,0.0,0.0,0.0,0.0,0.0,0.0,0.0,1,0.0,21,1,9,0
9767,701,156,0.0,1,0.0,0.0,0.0,0.0,0.0,0.0,1,0.0,0.0,0.0,1,0.0,0.0,12,10,24,0
9768,226,92,0.0,0.0,1,0.0,1,0.0,0.0,0.0,0.0,0.0,0.0,0.0,0.0,0.0,1,18,11,28,0
9769,354,186,0.0,0.0,1,0.0,0.0,0.0,1,0.0,0.0,0.0,0.0,0.0,0.0,0.0,1,10,23,14,0
9770,890,100,0.0,1,0.0,0.0,0.0,0.0,0.0,1,0.0,0.0,0.0,0.0,0.0,0.0,1,14,2,15,0
9771,943,196,0.0,0.0,1,0.0,0.0,0.0,0.0,1,0.0,0.0,0.0,0.0,0.0,0.0,1,9,28,4,0
9772,270,51,1,0.0,0.0,0.0,0.0,1,0.0,0.0,0.0,0.0,1,0.0,0.0,0.0,0.0,10,8,21,0
9773,492,92,0.0,0.0,0.0,1,1,0.0,0.0,0.0,0.0,0.0,1,0.0,0.0,0.0,0.0,11,17,16,0
9774,993,134,1,0.0,0.0,0.0,1,0.0,0.0,0.0,0.0,0.0,0.0,0.0,0.0,0.0,1,9,27,12,0
9775,452,210,0.0,1,0.0,0.0,1,0.0,0.0,0.0,0.0,1,0.0,0.0,0.0,0.0,0.0,12,20,29,0
9776,674,69,0.0,0.0,0.0,1,1,0.0,0.0,0.0,0.0,0.0,0.0,0.0,0.0,1,0.0,6,9,15,0
9777,174,82,1,0.0,0.0,0.0,1,0.0,0.0,0.0,0.0,0.0,0.0,0.0,0.0,0.0,1,20,28,19,0
9778,234,21,1,0.0,0.0,0.0,1,0.0,0.0,0.0,0.0,0.0,0.0,0.0,0.0,0.0,1,16,15,9,0
9779,132,70,1,0.0,0.0,0.0,0.0,0.0,0.0,0.0,1,0.0,0.0,0.0,0.0,0.0,1,22,20,5,0
9780,474,221,1,0.0,0.0,0.0,0.0,1,0.0,0.0,0.0,0.0,0.0,0.0,0.0,0.0,1,12,3,24,0
9781,879,158,0.0,1,0.0,0.0,0.0,0.0,0.0,1,0.0,0.0,0.0,0.0,0.0,0.0,1,16,26,20,0
9782,217,48,0.0,1,0.0,0.0,0.0,0.0,0.0,1,0.0,1,0.0,0.0,0.0,0.0,0.0,12,16,14,0
9783,422,171,0.0,1,0.0,0.0,0.0,0.0,1,0.0,0.0,0.0,1,0.0,0.0,0.0,0.0,22,10,19,0
9784,780,83,0.0,1,0.0,0.0,0.0,1,0.0,0.0,0.0,0.0,0.0,0.0,1,0.0,0.0,20,9,14,0
9785,860,42,0.0,0.0,1,0.0,0.0,1,0.0,0.0,0.0,0.0,0.0,0.0,0.0,1,0.0,21,0,12,0
9786,462,95,1,0.0,0.0,0.0,0.0,0.0,0.0,1,0.0,0.0,0.0,0.0,1,0.0,0.0,15,17,0,0
9787,217,1455,0.0,0.0,0.0,1,0.0,0.0,1,0.0,0.0,0.0,0.0,0.0,1,0.0,0.0,4,89,95,1
9788,72,134,0.0,1,0.0,0.0,0.0,0.0,0.0,1,0.0,0.0,1,0.0,0.0,0.0,0.0,12,3,3,0
9789,699,146,1,0.0,0.0,0.0,0.0,0.0,0.0,0.0,1,0.0,0.0,0.0,0.0,0.0,1,18,11,4,0
9790,56,113,0.0,1,0.0,0.0,0.0,1,0.0,0.0,0.0,0.0,0.0,0.0,1,0.0,0.0,6,7,13,0
9791,338,100,0.0,1,0.0,0.0,0.0,0.0,0.0,1,0.0,0.0,0.0,0.0,1,0.0,0.0,20,22,3,0
9792,763,81,0.0,0.0,0.0,1,1,0.0,0.0,0.0,0.0,0.0,0.0,0.0,0.0,0.0,1,17,1,8,0
9793,869,103,1,0.0,0.0,0.0,0.0,0.0,0.0,1,0.0,0.0,0.0,0.0,0.0,1,0.0,14,7,15,0
9794,185,2231,0.0,0.0,0.0,1,1,0.0,0.0,0.0,0.0,0.0,0.0,0.0,0.0,1,0.0,7,75,72,1
9795,501,85,0.0,1,0.0,0.0,1,0.0,0.0,0.0,0.0,1,0.0,0.0,0.0,0.0,0.0,9,22,27,0
9796,622,78,0.0,0.0,1,0.0,0.0,0.0,1,0.0,0.0,0.0,0.0,0.0,0.0,1,0.0,16,21,21,0
9797,834,43,0.0,0.0,0.0,1,0.0,0.0,0.0,1,0.0,0.0,0.0,0.0,0.0,1,0.0,7,8,3,0
9798,729,133,1,0.0,0.0,0.0,0.0,1,0.0,0.0,0.0,0.0,0.0,0.0,0.0,1,0.0,8,19,25,0
9799,830,101,0.0,1,0.0,0.0,0.0,0.0,0.0,0.0,1,0.0,0.0,0.0,0.0,0.0,1,23,21,12,0
9800,605,94,0.0,0.0,1,0.0,0.0,0.0,0.0,0.0,1,0.0,0.0,0.0,1,0.0,0.0,21,29,14,0
9801,926,52,0.0,1,0.0,0.0,0.0,0.0,0.0,0.0,1,0.0,0.0,0.0,1,0.0,0.0,12,17,1,0
9802,716,52,0.0,1,0.0,0.0,0.0,0.0,1,0.0,0.0,0.0,0.0,0.0,1,0.0,0.0,20,24,10,0
9803,611,47,0.0,0.0,0.0,1,1,0.0,0.0,0.0,0.0,0.0,1,0.0,0.0,0.0,0.0,21,9,14,0
9804,194,53,0.0,0.0,0.0,1,0.0,0.0,0.0,1,0.0,0.0,0.0,0.0,1,0.0,0.0,12,16,14,0
9805,655,143,0.0,0.0,0.0,1,0.0,0.0,0.0,0.0,1,0.0,0.0,0.0,1,0.0,0.0,19,3,6,0
9806,191,173,1,0.0,0.0,0.0,0.0,0.0,0.0,1,0.0,0.0,0.0,0.0,1,0.0,0.0,7,27,23,0
9807,153,109,1,0.0,0.0,0.0,0.0,0.0,0.0,0.0,1,0.0,1,0.0,0.0,0.0,0.0,21,24,22,0
9808,900,149,0.0,0.0,0.0,1,0.0,0.0,0.0,0.0,1,0.0,0.0,0.0,0.0,0.0,1,8,3,2,0
9809,71,114,0.0,0.0,1,0.0,1,0.0,0.0,0.0,0.0,1,0.0,0.0,0.0,0.0,0.0,17,22,3,0
9810,675,127,0.0,0.0,1,0.0,0.0,0.0,0.0,1,0.0,0.0,1,0.0,0.0,0.0,0.0,22,10,17,0
9811,155,82,1,0.0,0.0,0.0,0.0,0.0,0.0,0.0,1,1,0.0,0.0,0.0,0.0,0.0,21,22,1,0
9812,707,40,1,0.0,0.0,0.0,0.0,1,0.0,0.0,0.0,0.0,0.0,0.0,1,0.0,0.0,7,5,28,0
9813,689,101,0.0,1,0.0,0.0,0.0,0.0,1,0.0,0.0,0.0,0.0,0.0,0.0,1,0.0,18,19,22,0
9814,607,18,0.0,0.0,0.0,1,0.0,0.0,0.0,0.0,1,0.0,1,0.0,0.0,0.0,0.0,12,77,74,1
9815,145,1,1,0.0,0.0,0.0,0.0,0.0,1,0.0,0.0,0.0,0.0,0.0,0.0,1,0.0,19,7,20,0
9816,85,89,1,0.0,0.0,0.0,1,0.0,0.0,0.0,0.0,0.0,1,0.0,0.0,0.0,0.0,21,19,10,0
9817,151,160,0.0,1,0.0,0.0,0.0,0.0,0.0,1,0.0,0.0,1,0.0,0.0,0.0,0.0,12,0,10,0
9818,337,56,0.0,1,0.0,0.0,0.0,0.0,0.0,1,0.0,0.0,0.0,0.0,1,0.0,0.0,17,23,7,0
9819,127,102,1,0.0,0.0,0.0,0.0,0.0,1,0.0,0.0,0.0,0.0,0.0,1,0.0,0.0,21,1,13,0
9820,976,37,0.0,0.0,0.0,1,0.0,1,0.0,0.0,0.0,1,0.0,0.0,0.0,0.0,0.0,13,23,5,0
9821,381,56,0.0,0.0,0.0,1,0.0,0.0,1,0.0,0.0,0.0,1,0.0,0.0,0.0,0.0,20,28,15,0
9822,825,22,0.0,0.0,1,0.0,1,0.0,0.0,0.0,0.0,0.0,0.0,0.0,0.0,0.0,1,23,29,10,0
9823,881,135,1,0.0,0.0,0.0,0.0,1,0.0,0.0,0.0,0.0,0.0,0.0,1,0.0,0.0,9,28,16,0
9824,361,201,0.0,1,0.0,0.0,0.0,0.0,0.0,0.0,1,0.0,1,0.0,0.0,0.0,0.0,19,4,0,0
9825,852,92,0.0,0.0,1,0.0,0.0,1,0.0,0.0,0.0,0.0,0.0,0.0,1,0.0,0.0,6,9,1,0
9826,435,19,0.0,0.0,1,0.0,0.0,1,0.0,0.0,0.0,1,0.0,0.0,0.0,0.0,0.0,21,25,1,0
9827,885,119,0.0,0.0,0.0,1,0.0,0.0,1,0.0,0.0,1,0.0,0.0,0.0,0.0,0.0,8,2,17,0
9828,925,13,0.0,1,0.0,0.0,0.0,0.0,0.0,0.0,1,0.0,0.0,0.0,0.0,0.0,1,7,26,27,0
9829,160,108,1,0.0,0.0,0.0,0.0,0.0,1,0.0,0.0,0.0,0.0,0.0,0.0,0.0,1,11,15,5,0
9830,807,162,0.0,1,0.0,0.0,0.0,0.0,1,0.0,0.0,0.0,1,0.0,0.0,0.0,0.0,23,16,2,0
9831,93,96,0.0,0.0,1,0.0,1,0.0,0.0,0.0,0.0,0.0,0.0,0.0,1,0.0,0.0,22,9,21,0
9832,748,87,0.0,0.0,0.0,1,0.0,0.0,0.0,0.0,1,0.0,1,0.0,0.0,0.0,0.0,21,23,19,0
9833,296,49,1,0.0,0.0,0.0,0.0,0.0,0.0,0.0,1,0.0,0.0,0.0,1,0.0,0.0,11,28,15,0
9834,896,47,1,0.0,0.0,0.0,0.0,1,0.0,0.0,0.0,0.0,1,0.0,0.0,0.0,0.0,14,2,8,0
9835,618,46,0.0,0.0,0.0,1,0.0,1,0.0,0.0,0.0,0.0,0.0,0.0,1,0.0,0.0,20,26,24,0
9836,239,94,0.0,0.0,1,0.0,0.0,0.0,0.0,0.0,1,0.0,0.0,0.0,1,0.0,0.0,11,19,18,0
9837,96,126,1,0.0,0.0,0.0,0.0,0.0,0.0,0.0,1,1,0.0,0.0,0.0,0.0,0.0,11,0,19,0
9838,792,99,0.0,1,0.0,0.0,0.0,0.0,1,0.0,0.0,0.0,0.0,0.0,0.0,1,0.0,16,14,5,0
9839,58,104,0.0,1,0.0,0.0,0.0,0.0,0.0,0.0,1,1,0.0,0.0,0.0,0.0,0.0,6,3,3,0
9840,776,67,1,0.0,0.0,0.0,0.0,0.0,1,0.0,0.0,0.0,0.0,0.0,0.0,0.0,1,22,27,25,0
9841,628,140,0.0,1,0.0,0.0,1,0.0,0.0,0.0,0.0,0.0,0.0,0.0,0.0,1,0.0,9,13,2,0
9842,237,86,1,0.0,0.0,0.0,1,0.0,0.0,0.0,0.0,0.0,0.0,0.0,0.0,0.0,1,10,8,18,0
9843,539,77,0.0,1,0.0,0.0,0.0,1,0.0,0.0,0.0,0.0,1,0.0,0.0,0.0,0.0,10,12,8,0
9844,245,111,0.0,1,0.0,0.0,1,0.0,0.0,0.0,0.0,1,0.0,0.0,0.0,0.0,0.0,16,5,27,0
9845,117,1,1,0.0,0.0,0.0,0.0,0.0,1,0.0,0.0,0.0,0.0,0.0,0.0,0.0,1,12,16,15,0
9846,320,163,0.0,0.0,0.0,1,0.0,0.0,0.0,0.0,1,0.0,1,0.0,0.0,0.0,0.0,11,12,19,0
9847,50,242,0.0,0.0,1,0.0,0.0,1,0.0,0.0,0.0,0.0,0.0,0.0,0.0,1,0.0,20,3,25,0
9848,520,77,0.0,1,0.0,0.0,0.0,0.0,1,0.0,0.0,0.0,0.0,0.0,0.0,1,0.0,11,0,18,0
9849,123,91,0.0,0.0,0.0,1,0.0,0.0,0.0,0.0,1,0.0,0.0,0.0,1,0.0,0.0,16,15,29,0
9850,240,46,0.0,0.0,1,0.0,0.0,0.0,0.0,0.0,1,0.0,0.0,0.0,0.0,1,0.0,10,7,21,0
9851,787,119,0.0,1,0.0,0.0,0.0,0.0,1,0.0,0.0,1,0.0,0.0,0.0,0.0,0.0,17,2,2,0
9852,336,89,1,0.0,0.0,0.0,0.0,1,0.0,0.0,0.0,0.0,0.0,0.0,1,0.0,0.0,22,26,19,0
9853,898,122,0.0,1,0.0,0.0,0.0,0.0,0.0,0.0,1,0.0,0.0,0.0,0.0,1,0.0,9,6,12,0
9854,607,9,0.0,0.0,1,0.0,1,0.0,0.0,0.0,0.0,0.0,0.0,0.0,0.0,1,0.0,22,7,24,0
9855,68,136,1,0.0,0.0,0.0,0.0,0.0,1,0.0,0.0,0.0,0.0,0.0,0.0,0.0,1,7,11,0,0
9856,123,1381,0.0,0.0,1,0.0,0.0,0.0,1,0.0,0.0,0.0,0.0,0.0,0.0,0.0,1,19,94,81,1
9857,413,56,1,0.0,0.0,0.0,0.0,0.0,1,0.0,0.0,0.0,0.0,0.0,0.0,1,0.0,12,5,18,0
9858,449,119,1,0.0,0.0,0.0,0.0,0.0,0.0,1,0.0,0.0,0.0,0.0,0.0,0.0,1,23,23,24,0
9859,920,41,0.0,1,0.0,0.0,0.0,1,0.0,0.0,0.0,1,0.0,0.0,0.0,0.0,0.0,18,17,8,0
9860,633,131,0.0,0.0,0.0,1,1,0.0,0.0,0.0,0.0,1,0.0,0.0,0.0,0.0,0.0,14,1,20,0
9861,261,157,0.0,1,0.0,0.0,0.0,1,0.0,0.0,0.0,0.0,0.0,0.0,1,0.0,0.0,12,21,10,0
9862,972,140,0.0,0.0,0.0,1,0.0,0.0,1,0.0,0.0,0.0,0.0,0.0,1,0.0,0.0,15,3,21,0
9863,997,142,0.0,1,0.0,0.0,0.0,0.0,0.0,0.0,1,0.0,0.0,0.0,0.0,1,0.0,8,9,2,0
9864,862,108,1,0.0,0.0,0.0,1,0.0,0.0,0.0,0.0,0.0,1,0.0,0.0,0.0,0.0,9,11,13,0
9865,396,68,1,0.0,0.0,0.0,1,0.0,0.0,0.0,0.0,0.0,1,0.0,0.0,0.0,0.0,6,2,19,0
9866,582,106,0.0,0.0,0.0,1,0.0,0.0,0.0,0.0,1,0.0,0.0,0.0,0.0,0.0,1,7,16,25,0
9867,691,61,0.0,1,0.0,0.0,1,0.0,0.0,0.0,0.0,0.0,1,0.0,0.0,0.0,0.0,19,26,4,0
9868,214,51,0.0,0.0,0.0,1,0.0,0.0,0.0,0.0,1,0.0,1,0.0,0.0,0.0,0.0,10,12,2,0
9869,522,144,0.0,0.0,0.0,1,0.0,0.0,0.0,1,0.0,0.0,1,0.0,0.0,0.0,0.0,13,0,22,0
9870,260,91,0.0,1,0.0,0.0,1,0.0,0.0,0.0,0.0,0.0,0.0,0.0,0.0,1,0.0,16,19,23,0
9871,706,93,1,0.0,0.0,0.0,0.0,1,0.0,0.0,0.0,0.0,1,0.0,0.0,0.0,0.0,9,5,4,0
9872,407,9,1,0.0,0.0,0.0,0.0,0.0,0.0,1,0.0,1,0.0,0.0,0.0,0.0,0.0,23,14,13,0
9873,89,74,0.0,0.0,0.0,1,1,0.0,0.0,0.0,0.0,0.0,0.0,0.0,1,0.0,0.0,20,6,0,0
9874,57,19,0.0,1,0.0,0.0,0.0,1,0.0,0.0,0.0,1,0.0,0.0,0.0,0.0,0.0,11,25,7,0
9875,267,30,0.0,1,0.0,0.0,0.0,0.0,0.0,0.0,1,0.0,0.0,0.0,0.0,1,0.0,15,20,1,0
9876,691,111,0.0,0.0,0.0,1,1,0.0,0.0,0.0,0.0,0.0,1,0.0,0.0,0.0,0.0,10,15,27,0
9877,496,66,0.0,1,0.0,0.0,0.0,1,0.0,0.0,0.0,1,0.0,0.0,0.0,0.0,0.0,7,22,13,0
9878,545,72,0.0,1,0.0,0.0,0.0,0.0,1,0.0,0.0,0.0,0.0,0.0,0.0,0.0,1,14,26,26,0
9879,350,102,0.0,0.0,1,0.0,0.0,0.0,1,0.0,0.0,0.0,0.0,0.0,0.0,1,0.0,13,28,19,0
9880,712,176,0.0,0.0,1,0.0,0.0,1,0.0,0.0,0.0,0.0,1,0.0,0.0,0.0,0.0,8,20,28,0
9881,379,123,1,0.0,0.0,0.0,0.0,0.0,0.0,0.0,1,0.0,0.0,0.0,1,0.0,0.0,20,27,20,0
9882,355,114,0.0,0.0,0.0,1,0.0,0.0,0.0,1,0.0,0.0,0.0,0.0,1,0.0,0.0,19,1,5,0
9883,116,72,1,0.0,0.0,0.0,0.0,1,0.0,0.0,0.0,0.0,0.0,0.0,1,0.0,0.0,8,12,25,0
9884,789,117,0.0,0.0,1,0.0,0.0,1,0.0,0.0,0.0,0.0,0.0,0.0,0.0,0.0,1,17,2,20,0
9885,111,159,1,0.0,0.0,0.0,0.0,0.0,1,0.0,0.0,0.0,1,0.0,0.0,0.0,0.0,10,12,11,0
9886,942,93,1,0.0,0.0,0.0,1,0.0,0.0,0.0,0.0,0.0,1,0.0,0.0,0.0,0.0,9,27,23,0
9887,458,42,0.0,0.0,0.0,1,1,0.0,0.0,0.0,0.0,0.0,0.0,0.0,1,0.0,0.0,20,18,13,0
9888,897,80,0.0,0.0,0.0,1,1,0.0,0.0,0.0,0.0,0.0,0.0,0.0,0.0,1,0.0,12,1,10,0
9889,890,95,0.0,0.0,0.0,1,0.0,1,0.0,0.0,0.0,0.0,0.0,0.0,0.0,1,0.0,11,10,24,0
9890,614,89,0.0,0.0,1,0.0,0.0,0.0,0.0,0.0,1,0.0,0.0,0.0,0.0,0.0,1,7,9,14,0
9891,447,101,0.0,1,0.0,0.0,0.0,0.0,0.0,0.0,1,0.0,1,0.0,0.0,0.0,0.0,13,28,10,0
9892,2,35,0.0,1,0.0,0.0,0.0,1,0.0,0.0,0.0,0.0,0.0,0.0,0.0,1,0.0,17,0,26,0
9893,572,76,0.0,0.0,0.0,1,1,0.0,0.0,0.0,0.0,1,0.0,0.0,0.0,0.0,0.0,12,16,3,0
9894,998,106,0.0,0.0,0.0,1,1,0.0,0.0,0.0,0.0,0.0,0.0,0.0,1,0.0,0.0,23,6,11,0
9895,475,108,0.0,0.0,1,0.0,0.0,1,0.0,0.0,0.0,0.0,1,0.0,0.0,0.0,0.0,9,4,10,0
9896,839,145,0.0,0.0,0.0,1,0.0,0.0,0.0,1,0.0,1,0.0,0.0,0.0,0.0,0.0,15,16,4,0
9897,891,43,1,0.0,0.0,0.0,0.0,0.0,1,0.0,0.0,0.0,0.0,0.0,0.0,1,0.0,11,5,11,0
9898,972,81,0.0,1,0.0,0.0,0.0,0.0,0.0,1,0.0,0.0,0.0,0.0,1,0.0,0.0,17,7,10,0
9899,778,125,0.0,1,0.0,0.0,1,0.0,0.0,0.0,0.0,0.0,0.0,0.0,0.0,0.0,1,9,16,21,0
9900,170,29,0.0,0.0,0.0,1,0.0,1,0.0,0.0,0.0,0.0,0.0,0.0,0.0,1,0.0,22,18,19,0
9901,367,92,1,0.0,0.0,0.0,0.0,1,0.0,0.0,0.0,0.0,1,0.0,0.0,0.0,0.0,18,13,2,0
9902,529,7,0.0,0.0,1,0.0,1,0.0,0.0,0.0,0.0,1,0.0,0.0,0.0,0.0,0.0,15,19,2,0
9903,105,140,0.0,0.0,1,0.0,0.0,0.0,0.0,0.0,1,1,0.0,0.0,0.0,0.0,0.0,19,2,2,0
9904,157,113,0.0,0.0,0.0,1,0.0,0.0,0.0,1,0.0,1,0.0,0.0,0.0,0.0,0.0,9,25,22,0
9905,892,1,0.0,1,0.0,0.0,1,0.0,0.0,0.0,0.0,0.0,0.0,0.0,1,0.0,0.0,21,7,21,0
9906,782,134,0.0,0.0,1,0.0,1,0.0,0.0,0.0,0.0,0.0,0.0,0.0,0.0,0.0,1,6,11,9,0
9907,849,58,1,0.0,0.0,0.0,1,0.0,0.0,0.0,0.0,0.0,0.0,0.0,1,0.0,0.0,20,12,5,0
9908,164,88,0.0,0.0,1,0.0,0.0,0.0,1,0.0,0.0,0.0,0.0,0.0,0.0,1,0.0,23,1,3,0
9909,328,127,0.0,1,0.0,0.0,0.0,0.0,0.0,0.0,1,0.0,1,0.0,0.0,0.0,0.0,7,20,19,0
9910,225,63,0.0,0.0,0.0,1,0.0,0.0,0.0,0.0,1,0.0,1,0.0,0.0,0.0,0.0,20,25,9,0
9911,418,42,0.0,1,0.0,0.0,0.0,0.0,0.0,0.0,1,0.0,0.0,0.0,0.0,0.0,1,10,21,14,0
9912,170,84,1,0.0,0.0,0.0,1,0.0,0.0,0.0,0.0,0.0,0.0,0.0,0.0,1,0.0,17,21,21,0
9913,894,95,0.0,1,0.0,0.0,0.0,0.0,0.0,0.0,1,0.0,0.0,0.0,0.0,0.0,1,9,22,19,0
9914,585,127,1,0.0,0.0,0.0,0.0,0.0,1,0.0,0.0,0.0,1,0.0,0.0,0.0,0.0,6,6,6,0
9915,636,190,0.0,0.0,0.0,1,0.0,0.0,1,0.0,0.0,0.0,0.0,0.0,1,0.0,0.0,11,6,15,0
9916,503,106,0.0,0.0,1,0.0,0.0,0.0,1,0.0,0.0,0.0,0.0,0.0,0.0,0.0,1,6,7,23,0
9917,731,84,1,0.0,0.0,0.0,0.0,0.0,0.0,0.0,1,0.0,0.0,0.0,1,0.0,0.0,8,20,22,0
9918,975,70,0.0,0.0,0.0,1,0.0,0.0,0.0,0.0,1,0.0,0.0,0.0,0.0,0.0,1,14,9,24,0
9919,223,100,0.0,0.0,0.0,1,1,0.0,0.0,0.0,0.0,0.0,0.0,0.0,0.0,1,0.0,8,9,10,0
9920,753,66,1,0.0,0.0,0.0,0.0,1,0.0,0.0,0.0,0.0,1,0.0,0.0,0.0,0.0,19,19,14,0
9921,474,97,0.0,0.0,1,0.0,0.0,0.0,0.0,0.0,1,0.0,1,0.0,0.0,0.0,0.0,9,18,21,0
9922,935,135,0.0,0.0,1,0.0,0.0,1,0.0,0.0,0.0,0.0,0.0,0.0,0.0,1,0.0,15,6,22,0
9923,551,183,0.0,1,0.0,0.0,1,0.0,0.0,0.0,0.0,1,0.0,0.0,0.0,0.0,0.0,21,18,15,0
9924,196,109,0.0,0.0,0.0,1,0.0,0.0,1,0.0,0.0,1,0.0,0.0,0.0,0.0,0.0,9,0,18,0
9925,940,158,0.0,1,0.0,0.0,0.0,0.0,0.0,1,0.0,1,0.0,0.0,0.0,0.0,0.0,22,24,14,0
9926,269,76,0.0,0.0,0.0,1,0.0,0.0,0.0,0.0,1,0.0,0.0,0.0,1,0.0,0.0,19,3,6,0
9927,50,152,0.0,1,0.0,0.0,0.0,1,0.0,0.0,0.0,0.0,0.0,0.0,0.0,1,0.0,13,6,29,0
9928,270,60,0.0,1,0.0,0.0,0.0,0.0,0.0,0.0,1,0.0,0.0,0.0,0.0,0.0,1,15,24,4,0
9929,441,41,0.0,0.0,0.0,1,0.0,0.0,0.0,1,0.0,0.0,0.0,0.0,0.0,1,0.0,10,11,4,0
9930,6,123,0.0,0.0,0.0,1,0.0,1,0.0,0.0,0.0,1,0.0,0.0,0.0,0.0,0.0,10,20,5,0
9931,725,115,1,0.0,0.0,0.0,0.0,0.0,0.0,1,0.0,1,0.0,0.0,0.0,0.0,0.0,22,19,17,0
9932,794,143,0.0,0.0,0.0,1,0.0,0.0,1,0.0,0.0,0.0,1,0.0,0.0,0.0,0.0,7,19,7,0
9933,134,150,0.0,0.0,0.0,1,1,0.0,0.0,0.0,0.0,0.0,1,0.0,0.0,0.0,0.0,21,24,10,0
9934,534,20,0.0,0.0,0.0,1,0.0,1,0.0,0.0,0.0,0.0,1,0.0,0.0,0.0,0.0,16,17,3,0
9935,705,146,0.0,0.0,1,0.0,0.0,1,0.0,0.0,0.0,0.0,0.0,0.0,0.0,0.0,1,17,15,11,0
9936,722,99,0.0,0.0,1,0.0,0.0,0.0,1,0.0,0.0,0.0,1,0.0,0.0,0.0,0.0,10,6,12,0
9937,165,148,0.0,0.0,0.0,1,0.0,0.0,0.0,0.0,1,0.0,1,0.0,0.0,0.0,0.0,18,2,27,0
9938,698,63,1,0.0,0.0,0.0,0.0,0.0,1,0.0,0.0,0.0,1,0.0,0.0,0.0,0.0,15,11,12,0
9939,553,106,0.0,0.0,1,0.0,0.0,0.0,0.0,1,0.0,0.0,1,0.0,0.0,0.0,0.0,12,0,24,0
9940,982,76,0.0,1,0.0,0.0,0.0,1,0.0,0.0,0.0,0.0,0.0,0.0,1,0.0,0.0,9,8,19,0
9941,431,102,0.0,1,0.0,0.0,0.0,0.0,1,0.0,0.0,1,0.0,0.0,0.0,0.0,0.0,21,20,18,0
9942,977,145,0.0,1,0.0,0.0,0.0,0.0,1,0.0,0.0,0.0,0.0,0.0,1,0.0,0.0,23,11,13,0
9943,431,68,0.0,0.0,1,0.0,0.0,0.0,0.0,0.0,1,0.0,0.0,0.0,1,0.0,0.0,22,22,3,0
9944,509,120,0.0,1,0.0,0.0,0.0,1,0.0,0.0,0.0,0.0,1,0.0,0.0,0.0,0.0,13,23,7,0
9945,330,148,0.0,0.0,0.0,1,0.0,1,0.0,0.0,0.0,0.0,0.0,0.0,1,0.0,0.0,7,7,16,0
9946,661,120,1,0.0,0.0,0.0,0.0,0.0,1,0.0,0.0,0.0,0.0,0.0,0.0,1,0.0,9,26,25,0
9947,321,61,1,0.0,0.0,0.0,0.0,0.0,1,0.0,0.0,1,0.0,0.0,0.0,0.0,0.0,17,13,12,0
9948,530,55,0.0,0.0,1,0.0,0.0,0.0,0.0,1,0.0,0.0,0.0,0.0,0.0,1,0.0,13,13,4,0
9949,357,81,0.0,0.0,1,0.0,0.0,0.0,1,0.0,0.0,1,0.0,0.0,0.0,0.0,0.0,16,9,14,0
9950,507,64,0.0,0.0,0.0,1,0.0,0.0,0.0,1,0.0,1,0.0,0.0,0.0,0.0,0.0,10,10,14,0
9951,367,199,0.0,1,0.0,0.0,0.0,1,0.0,0.0,0.0,0.0,1,0.0,0.0,0.0,0.0,14,24,9,0
9952,780,72,0.0,0.0,1,0.0,0.0,0.0,0.0,0.0,1,1,0.0,0.0,0.0,0.0,0.0,6,19,12,0
9953,584,145,0.0,0.0,1,0.0,0.0,1,0.0,0.0,0.0,0.0,0.0,0.0,0.0,1,0.0,6,16,29,0
9954,51,158,0.0,1,0.0,0.0,1,0.0,0.0,0.0,0.0,0.0,0.0,0.0,0.0,0.0,1,13,13,6,0
9955,25,135,0.0,0.0,1,0.0,0.0,1,0.0,0.0,0.0,0.0,0.0,0.0,1,0.0,0.0,12,8,11,0
9956,943,25,1,0.0,0.0,0.0,0.0,1,0.0,0.0,0.0,0.0,0.0,0.0,0.0,0.0,1,23,28,16,0
9957,181,25,0.0,0.0,0.0,1,0.0,0.0,0.0,0.0,1,0.0,1,0.0,0.0,0.0,0.0,23,11,5,0
9958,273,153,0.0,0.0,1,0.0,0.0,0.0,0.0,0.0,1,0.0,0.0,0.0,0.0,0.0,1,11,27,19,0
9959,213,123,1,0.0,0.0,0.0,0.0,0.0,0.0,0.0,1,0.0,1,0.0,0.0,0.0,0.0,17,27,17,0
9960,835,44,0.0,1,0.0,0.0,0.0,1,0.0,0.0,0.0,0.0,0.0,0.0,0.0,0.0,1,6,21,10,0
9961,886,145,0.0,1,0.0,0.0,0.0,0.0,1,0.0,0.0,0.0,0.0,0.0,0.0,1,0.0,21,24,19,0
9962,18,35,0.0,0.0,1,0.0,0.0,0.0,0.0,1,0.0,0.0,0.0,0.0,0.0,0.0,1,11,29,15,0
9963,647,151,0.0,0.0,1,0.0,0.0,1,0.0,0.0,0.0,0.0,0.0,0.0,0.0,1,0.0,13,9,21,0
9964,533,60,0.0,0.0,1,0.0,1,0.0,0.0,0.0,0.0,1,0.0,0.0,0.0,0.0,0.0,23,21,14,0
9965,264,82,1,0.0,0.0,0.0,0.0,0.0,0.0,1,0.0,1,0.0,0.0,0.0,0.0,0.0,23,23,2,0
9966,838,156,0.0,1,0.0,0.0,0.0,1,0.0,0.0,0.0,0.0,0.0,0.0,1,0.0,0.0,10,8,17,0
9967,931,103,0.0,1,0.0,0.0,0.0,1,0.0,0.0,0.0,0.0,0.0,0.0,0.0,0.0,1,13,19,5,0
9968,938,29,0.0,1,0.0,0.0,1,0.0,0.0,0.0,0.0,0.0,0.0,0.0,1,0.0,0.0,15,0,3,0
9969,833,150,0.0,0.0,0.0,1,0.0,0.0,1,0.0,0.0,0.0,1,0.0,0.0,0.0,0.0,18,12,16,0
9970,981,141,0.0,0.0,1,0.0,1,0.0,0.0,0.0,0.0,1,0.0,0.0,0.0,0.0,0.0,23,17,11,0
9971,255,137,0.0,0.0,1,0.0,0.0,0.0,1,0.0,0.0,0.0,0.0,0.0,0.0,1,0.0,14,6,24,0
9972,401,56,0.0,0.0,0.0,1,1,0.0,0.0,0.0,0.0,0.0,0.0,0.0,1,0.0,0.0,18,10,8,0
9973,570,95,0.0,0.0,0.0,1,0.0,0.0,0.0,1,0.0,0.0,0.0,0.0,0.0,0.0,1,7,14,3,0
9974,308,96,0.0,1,0.0,0.0,1,0.0,0.0,0.0,0.0,0.0,0.0,0.0,1,0.0,0.0,13,29,28,0
9975,454,175,0.0,0.0,0.0,1,0.0,1,0.0,0.0,0.0,0.0,0.0,0.0,0.0,1,0.0,19,11,4,0
9976,198,74,0.0,0.0,1,0.0,0.0,0.0,0.0,1,0.0,0.0,1,0.0,0.0,0.0,0.0,11,15,7,0
9977,925,143,1,0.0,0.0,0.0,0.0,0.0,0.0,0.0,1,0.0,0.0,0.0,1,0.0,0.0,7,16,23,0
9978,193,101,0.0,0.0,0.0,1,0.0,0.0,0.0,0.0,1,0.0,1,0.0,0.0,0.0,0.0,13,0,14,0
9979,366,149,0.0,0.0,1,0.0,0.0,0.0,1,0.0,0.0,0.0,0.0,0.0,0.0,1,0.0,8,28,28,0
9980,165,61,0.0,0.0,0.0,1,0.0,0.0,1,0.0,0.0,1,0.0,0.0,0.0,0.0,0.0,13,1,24,0
9981,716,133,0.0,0.0,0.0,1,0.0,1,0.0,0.0,0.0,0.0,0.0,0.0,1,0.0,0.0,10,4,10,0
9982,625,72,0.0,0.0,0.0,1,0.0,0.0,1,0.0,0.0,0.0,0.0,0.0,0.0,0.0,1,11,9,4,0
9983,214,1,0.0,0.0,1,0.0,0.0,0.0,0.0,0.0,1,0.0,0.0,0.0,1,0.0,0.0,9,3,3,0
9984,606,75,0.0,0.0,1,0.0,0.0,0.0,0.0,1,0.0,1,0.0,0.0,0.0,0.0,0.0,15,1,12,0
9985,207,148,0.0,0.0,1,0.0,0.0,0.0,0.0,1,0.0,0.0,0.0,0.0,1,0.0,0.0,11,13,23,0
9986,64,100,0.0,1,0.0,0.0,0.0,1,0.0,0.0,0.0,0.0,0.0,0.0,1,0.0,0.0,21,17,10,0
9987,184,204,0.0,1,0.0,0.0,0.0,0.0,0.0,1,0.0,1,0.0,0.0,0.0,0.0,0.0,6,1,12,0
9988,127,12,1,0.0,0.0,0.0,0.0,0.0,0.0,1,0.0,0.0,0.0,0.0,0.0,0.0,1,7,3,25,0
9989,482,48,0.0,0.0,0.0,1,1,0.0,0.0,0.0,0.0,0.0,0.0,0.0,1,0.0,0.0,22,21,11,0
9990,186,120,0.0,0.0,0.0,1,0.0,0.0,0.0,1,0.0,0.0,1,0.0,0.0,0.0,0.0,16,29,20,0
9991,953,1546,0.0,0.0,1,0.0,1,0.0,0.0,0.0,0.0,0.0,1,0.0,0.0,0.0,0.0,4,84,92,1
9992,152,126,0.0,0.0,0.0,1,1,0.0,0.0,0.0,0.0,1,0.0,0.0,0.0,0.0,0.0,19,7,27,0
9993,259,5,0.0,0.0,0.0,1,0.0,0.0,0.0,1,0.0,0.0,1,0.0,0.0,0.0,0.0,18,4,10,0
9994,408,40,1,0.0,0.0,0.0,0.0,1,0.0,0.0,0.0,0.0,0.0,0.0,0.0,1,0.0,7,4,28,0
9995,482,58,0.0,0.0,1,0.0,1,0.0,0.0,0.0,0.0,1,0.0,0.0,0.0,0.0,0.0,12,6,8,0
9996,904,139,0.0,0.0,1,0.0,0.0,0.0,0.0,0.0,1,1,0.0,0.0,0.0,0.0,0.0,13,11,28,0
9997,527,71,0.0,1,0.0,0.0,0.0,0.0,0.0,0.0,1,0.0,0.0,0.0,1,0.0,0.0,8,11,26,0
9998,771,21,0.0,0.0,0.0,1,0.0,0.0,0.0,1,0.0,0.0,0.0,0.0,0.0,1,0.0,12,2,29,0
9999,429,54,1,0.0,0.0,0.0,0.0,1,0.0,0.0,0.0,1,0.0,0.0,0.0,0.0,0.0,11,9,4,0
